game_date,pitcher,pitcher,batter,home_team,away_team,inning,outs_when_up,balls,strikes,pitch_type,pitch_type,p_throws,p_throws,type,des,release_speed,release_speed,pfx_x,pfx_x,pfx_z,pfx_z,release_spin_rate,release_spin_rate,spin_axis,spin_axis,spin_axis_clock,release_extension,release_extension,release_pos_x,release_pos_x,release_pos_z,release_pos_z,cluster_id,cluster_size,distance_to_cluster,dominant_pitch_type_in_cluster,cluster_release_speed,cluster_HB,cluster_IVB
2025-09-15,680730,680730,686948,WSH,ATL,6,0,1,2,CU,CU,L,L,X,Drake Baldwin singles on a ground ball to right fielder Dylan Crews. Ha-Seong Kim scores.,79.8,79.8,-0.08,0.08,-0.63,-0.63,2254.0,2254.0,331.0,29.0,2,6.8,6.8,1.47,-1.47,6.38,6.38,cube8_cluster1,5,1.097239719612361,CU,76.99877318439641,-5.367173817726275,-11.507933500365382
2025-09-15,680730,680730,686948,WSH,ATL,6,0,1,2,FF,FF,L,L,S,Foul,92.5,92.5,0.33,-0.33,1.58,1.58,2097.0,2097.0,169.0,191.0,7,6.8,6.8,0.9,-0.9,6.45,6.45,cube50_cluster0,37,1.936216763184762,SL,89.4318003898919,-0.37548710296403526,10.18704890209373
2025-09-15,683004,683004,665161,HOU,TEX,7,2,1,1,SL,SL,R,R,X,Jeremy Peña doubles (29) on a line drive to center fielder Michael Helman. Jesús Sánchez scores.,85.9,85.9,0.59,0.59,0.13,0.13,2367.0,2367.0,154.0,154.0,6,6.6,6.6,-1.19,-1.19,5.87,5.87,cube32_cluster0,191,0.8960702602809291,SL,86.80283260847423,-3.994445228339661,3.088972714840957
2025-09-15,683004,683004,665161,HOU,TEX,7,2,0,1,CH,CH,R,R,B,Ball,90.4,90.4,-1.05,-1.05,0.67,0.67,1338.0,1338.0,218.0,218.0,8,6.9,6.9,-1.02,-1.02,5.76,5.76,cube59_cluster1,5,1.226542625618888,SL,84.79163597246126,7.451913253012047,2.269996213425129
2025-09-15,680730,680730,686948,WSH,ATL,6,0,0,2,FF,FF,L,L,B,Ball,92.8,92.8,0.23,-0.23,1.57,1.57,2084.0,2084.0,172.0,188.0,7,6.7,6.7,0.84,-0.84,6.54,6.54,cube50_cluster0,37,1.8697956113524832,SL,89.4318003898919,-0.37548710296403526,10.18704890209373
2025-09-15,680730,680730,686948,WSH,ATL,6,0,0,1,FF,FF,L,L,S,Foul,91.9,91.9,0.85,-0.85,1.51,1.51,2084.0,2084.0,171.0,189.0,7,6.6,6.6,0.55,-0.55,6.58,6.58,cube59_cluster0,234,2.019360804239492,FF,89.27696125383754,10.588468754256617,10.304337269887236
2025-09-15,683004,683004,665161,HOU,TEX,7,2,0,0,SL,SL,R,R,S,Foul,86.3,86.3,0.49,0.49,-0.1,-0.1,2517.0,2517.0,129.0,129.0,5,6.6,6.6,-1.23,-1.23,5.89,5.89,cube32_cluster0,191,0.9484557595344,SL,86.80283260847423,-3.994445228339661,3.088972714840957
2025-09-15,683004,683004,660821,HOU,TEX,7,2,3,0,FF,FF,R,R,X,Jesús Sánchez doubles (21) on a fly ball to left fielder Wyatt Langford.,96.1,96.1,-0.83,-0.83,1.23,1.23,2430.0,2430.0,219.0,219.0,8,6.8,6.8,-1.33,-1.33,5.58,5.58,cube61_cluster0,650,1.3271255580725774,FF,93.56609940362357,10.767633610073183,11.615865923476361
2025-09-15,680730,680730,686948,WSH,ATL,6,0,0,0,CU,CU,L,L,S,Foul,79.9,79.9,0.07,-0.07,-0.63,-0.63,2365.0,2365.0,334.0,26.0,2,6.9,6.9,1.72,-1.72,6.28,6.28,cube8_cluster1,5,1.2764431810374635,CU,76.99877318439641,-5.367173817726275,-11.507933500365382
2025-09-15,680730,680730,673490,WSH,ATL,6,0,2,2,CU,CU,L,L,X,Ha-Seong Kim doubles (4) on a sharp line drive to left fielder James Wood.,79.0,79.0,0.04,-0.04,-0.65,-0.65,2311.0,2311.0,341.0,19.0,2,6.7,6.7,1.22,-1.22,6.38,6.38,cube8_cluster1,5,1.2433090564382225,CU,76.99877318439641,-5.367173817726275,-11.507933500365382
2025-09-15,683004,683004,660821,HOU,TEX,7,2,2,0,FF,FF,R,R,B,Ball,96.4,96.4,-0.87,-0.87,1.24,1.24,2450.0,2450.0,219.0,219.0,8,6.8,6.8,-1.34,-1.34,5.62,5.62,cube61_cluster0,650,1.3381032540330529,FF,93.56609940362357,10.767633610073183,11.615865923476361
2025-09-15,680730,680730,673490,WSH,ATL,6,0,2,2,FF,FF,L,L,S,Foul,92.5,92.5,0.65,-0.65,1.55,1.55,2066.0,2066.0,166.0,194.0,7,6.8,6.8,0.85,-0.85,6.49,6.49,cube59_cluster0,234,1.9915226753162596,FF,89.27696125383754,10.588468754256617,10.304337269887236
2025-09-15,683004,683004,660821,HOU,TEX,7,2,1,0,CH,CH,R,R,B,Ball,88.2,88.2,-0.76,-0.76,0.47,0.47,1295.0,1295.0,226.0,226.0,9,6.4,6.4,-1.27,-1.27,5.77,5.77,cube59_cluster1,5,0.9330885904922311,SL,84.79163597246126,7.451913253012047,2.269996213425129
2025-09-15,668678,668678,646240,AZ,SF,6,2,1,0,FF,FF,R,R,X,"Rafael Devers grounds out sharply, shortstop Geraldo Perdomo to first baseman Ildemaro Vargas.",94.4,94.4,-0.24,-0.24,1.22,1.22,2199.0,2199.0,208.0,208.0,8,6.6,6.6,-3.01,-3.01,5.84,5.84,cube62_cluster1,11,1.3836671400452687,FF,95.54242544913883,5.728019039608564,15.221051570629365
2025-09-15,675911,675911,686611,WSH,ATL,7,2,1,0,FF,FF,R,R,X,Dylan Crews flies out to right fielder Ronald Acuña Jr.,95.3,95.3,-0.95,-0.95,1.22,1.22,2384.0,2384.0,214.0,214.0,8,7.0,7.0,-1.58,-1.58,5.9,5.9,cube61_cluster0,650,1.3041127577558775,FF,93.56609940362357,10.767633610073183,11.615865923476361
2025-09-15,683004,683004,660821,HOU,TEX,7,2,0,0,CH,CH,R,R,B,Ball,89.7,89.7,-1.35,-1.35,0.08,0.08,1406.0,1406.0,233.0,233.0,9,6.4,6.4,-1.24,-1.24,5.74,5.74,cube66_cluster0,197,1.1567561016181451,CH,86.84077917182076,12.525512574763452,6.567520411131463
2025-09-15,680730,680730,673490,WSH,ATL,6,0,2,2,FF,FF,L,L,S,Foul,93.5,93.5,0.51,-0.51,1.83,1.83,2240.0,2240.0,169.0,191.0,7,6.9,6.9,0.75,-0.75,6.47,6.47,cube50_cluster0,37,2.367404133841313,SL,89.4318003898919,-0.37548710296403526,10.18704890209373
2025-09-15,683004,683004,673237,HOU,TEX,7,1,1,0,FF,FF,R,R,X,Yainer Diaz flies out sharply to center fielder Michael Helman.,96.0,96.0,-0.57,-0.57,1.43,1.43,2419.0,2419.0,207.0,207.0,8,6.7,6.7,-1.08,-1.08,5.68,5.68,cube60_cluster0,1088,1.630120044775093,FF,92.17053866131751,10.618556738155133,11.426031596706425
2025-09-15,675911,675911,686611,WSH,ATL,7,2,0,0,FF,FF,R,R,B,Ball,96.2,96.2,-0.59,-0.59,1.36,1.36,2335.0,2335.0,206.0,206.0,8,7.1,7.1,-1.65,-1.65,5.88,5.88,cube61_cluster0,650,1.4774024142759483,FF,93.56609940362357,10.767633610073183,11.615865923476361
2025-09-15,668678,668678,646240,AZ,SF,6,2,0,0,FF,FF,R,R,B,Ball,93.8,93.8,-0.33,-0.33,1.16,1.16,2240.0,2240.0,202.0,202.0,8,6.6,6.6,-3.13,-3.13,5.93,5.93,cube62_cluster1,11,1.4945781830059128,FF,95.54242544913883,5.728019039608564,15.221051570629365
2025-09-15,607074,607074,670242,MIN,NYY,6,1,1,2,FF,FF,L,L,S,"Yankees challenged (tag play), call on the field was overturned: Matt Wallner strikes out swinging and Luke Keaschall caught stealing 2nd, catcher Austin Wells to shortstop José Caballero to catcher Austin Wells.",96.2,96.2,0.72,-0.72,1.53,1.53,2368.0,2368.0,142.0,218.0,8,6.1,6.1,1.98,-1.98,6.43,6.43,cube66_cluster1,5,1.380786956741552,FF,93.24252622389831,13.00015635891318,12.382567932373675
2025-09-15,680730,680730,673490,WSH,ATL,6,0,2,2,FF,FF,L,L,S,Foul,92.4,92.4,0.62,-0.62,1.66,1.66,2116.0,2116.0,170.0,190.0,7,6.7,6.7,1.01,-1.01,6.48,6.48,cube59_cluster0,234,1.9307852888247423,FF,89.27696125383754,10.588468754256617,10.304337269887236
2025-09-15,668678,668678,642715,AZ,SF,6,1,3,1,CH,CH,R,R,X,"Willy Adames grounds out, third baseman Blaze Alexander to first baseman Ildemaro Vargas.",85.2,85.2,-0.93,-0.93,0.34,0.34,1485.0,1485.0,222.0,222.0,8,6.6,6.6,-3.27,-3.27,5.71,5.71,cube61_cluster1,4,2.163324065198026,FF,90.06345506345505,6.430047483380817,11.373038073038074
2025-09-15,680730,680730,673490,WSH,ATL,6,0,1,2,FF,FF,L,L,B,Ball,93.4,93.4,0.54,-0.54,1.57,1.57,2146.0,2146.0,172.0,188.0,7,6.9,6.9,0.81,-0.81,6.46,6.46,cube50_cluster0,37,2.1619582393103336,SL,89.4318003898919,-0.37548710296403526,10.18704890209373
2025-09-15,683004,683004,673237,HOU,TEX,7,1,0,0,SL,SL,R,R,B,Ball,86.5,86.5,0.5,0.5,0.09,0.09,2570.0,2570.0,169.0,169.0,7,6.7,6.7,-1.15,-1.15,5.79,5.79,cube32_cluster0,191,1.1482790455934382,SL,86.80283260847423,-3.994445228339661,3.088972714840957
2025-09-15,686218,686218,805249,LAD,PHI,7,0,3,1,FF,FF,R,R,X,Otto Kemp hits a ground-rule double (11) on a fly ball down the left-field line.,94.0,94.0,-0.85,-0.85,1.41,1.41,2380.0,2380.0,208.0,208.0,8,6.6,6.6,-1.02,-1.02,5.47,5.47,cube60_cluster0,1088,1.6405438433895694,FF,92.17053866131751,10.618556738155133,11.426031596706425
2025-09-15,675911,675911,657557,WSH,ATL,7,1,1,2,FF,FF,R,R,S,Paul DeJong strikes out swinging.,96.2,96.2,-0.85,-0.85,1.35,1.35,2228.0,2228.0,209.0,209.0,8,6.9,6.9,-1.76,-1.76,5.94,5.94,cube61_cluster0,650,1.184844991533232,FF,93.56609940362357,10.767633610073183,11.615865923476361
2025-09-15,607074,607074,670242,MIN,NYY,6,1,1,2,SL,SL,L,L,S,Foul,88.2,88.2,-0.44,0.44,0.0,0.0,2735.0,2735.0,303.0,57.0,3,5.9,5.9,2.43,-2.43,6.11,6.11,cube16_cluster0,307,1.466276827554345,ST,82.89780592219195,-9.539303936916792,-1.0521378651219842
2025-09-15,607074,607074,670242,MIN,NYY,6,1,1,2,FF,FF,L,L,S,Foul,95.8,95.8,0.98,-0.98,1.3,1.3,2406.0,2406.0,141.0,219.0,8,6.2,6.2,1.93,-1.93,6.37,6.37,cube66_cluster1,5,1.316565708616326,FF,93.24252622389831,13.00015635891318,12.382567932373675
2025-09-15,675911,675911,657557,WSH,ATL,7,1,1,1,CU,CU,R,R,S,Swinging Strike,74.2,74.2,0.79,0.79,-0.77,-0.77,2570.0,2570.0,59.0,59.0,3,6.6,6.6,-1.98,-1.98,5.96,5.96,cube9_cluster0,353,1.0586293855375732,CU,81.04977735376619,-10.683603137730767,-7.201930121038002
2025-09-15,668678,668678,642715,AZ,SF,6,1,2,1,KC,KC,R,R,B,Ball,80.9,80.9,0.38,0.38,-1.13,-1.13,2382.0,2382.0,35.0,35.0,2,6.6,6.6,-2.97,-2.97,5.94,5.94,cube10_cluster0,173,1.8989534730147315,ST,82.08401130843858,-12.249969959417843,-5.792755621368389
2025-09-15,680730,680730,673490,WSH,ATL,6,0,1,2,SL,SL,L,L,S,Foul,85.2,85.2,-0.29,0.29,0.51,0.51,2385.0,2385.0,308.0,52.0,3,6.9,6.9,1.76,-1.76,5.98,5.98,cube24_cluster0,201,1.3154071108098302,SL,85.05707893868184,-5.4676349917482,1.0599892053755027
2025-09-15,686218,686218,805249,LAD,PHI,7,0,3,0,FF,FF,R,R,S,Called Strike,93.1,93.1,-1.02,-1.02,1.29,1.29,2406.0,2406.0,206.0,206.0,8,6.7,6.7,-1.11,-1.11,5.46,5.46,cube61_cluster0,650,1.5836207582982584,FF,93.56609940362357,10.767633610073183,11.615865923476361
2025-09-15,683004,683004,605170,HOU,TEX,7,0,1,1,CH,CH,R,R,X,"Victor Caratini grounds out, second baseman Cody Freeman to first baseman Jake Burger.",89.6,89.6,-1.33,-1.33,0.21,0.21,1562.0,1562.0,236.0,236.0,9,6.5,6.5,-1.33,-1.33,5.72,5.72,cube66_cluster0,197,1.0022536451729418,CH,86.84077917182076,12.525512574763452,6.567520411131463
2025-09-15,680573,680573,519317,MIN,NYY,6,2,3,2,FF,FF,R,R,S,Giancarlo Stanton strikes out swinging.,95.3,95.3,-0.34,-0.34,1.5,1.5,2159.0,2159.0,190.0,190.0,7,7.0,7.0,-1.07,-1.07,6.42,6.42,cube50_cluster0,37,2.146889745934144,SL,89.4318003898919,-0.37548710296403526,10.18704890209373
2025-09-15,686218,686218,805249,LAD,PHI,7,0,2,0,FF,FF,R,R,B,Ball,93.2,93.2,-0.93,-0.93,1.36,1.36,2408.0,2408.0,210.0,210.0,8,6.8,6.8,-1.09,-1.09,5.44,5.44,cube61_cluster0,650,1.6724022254609816,FF,93.56609940362357,10.767633610073183,11.615865923476361
2025-09-15,680730,680730,673490,WSH,ATL,6,0,1,2,SL,SL,L,L,S,Foul,83.9,83.9,-0.4,0.4,0.33,0.33,2150.0,2150.0,300.0,60.0,3,6.7,6.7,1.92,-1.92,6.04,6.04,cube24_cluster0,201,1.1729223690232224,SL,85.05707893868184,-5.4676349917482,1.0599892053755027
2025-09-15,607074,607074,670242,MIN,NYY,6,1,1,1,SI,SI,L,L,S,Foul,93.1,93.1,1.26,-1.26,0.52,0.52,2317.0,2317.0,131.0,229.0,9,6.3,6.3,2.26,-2.26,6.17,6.17,cube60_cluster0,1088,1.2563527907093488,FF,92.17053866131751,10.618556738155133,11.426031596706425
2025-09-15,668678,668678,642715,AZ,SF,6,1,2,0,KC,KC,R,R,S,Foul,78.9,78.9,0.62,0.62,-1.2,-1.2,2421.0,2421.0,40.0,40.0,2,6.5,6.5,-3.13,-3.13,5.89,5.89,cube17_cluster1,4,1.8492993088718457,CU,78.95917169292895,-10.024787945860975,-3.9433667010451945
2025-09-15,683004,683004,605170,HOU,TEX,7,0,0,1,CU,CU,R,R,B,Ball,81.9,81.9,0.56,0.56,-0.92,-0.92,2756.0,2756.0,33.0,33.0,2,6.6,6.6,-1.12,-1.12,5.96,5.96,cube2_cluster0,105,1.0260263481197722,CU,79.2443297084492,-9.955174138547218,-13.302302310391848
2025-09-15,675911,675911,657557,WSH,ATL,7,1,0,1,SL,SL,R,R,B,Ball,82.6,82.6,0.52,0.52,0.37,0.37,2263.0,2263.0,170.0,170.0,7,6.9,6.9,-1.91,-1.91,5.81,5.81,cube33_cluster0,94,1.1205614880819268,SL,87.30386197983206,-4.155245122339746,2.874909281221629
2025-09-15,668678,668678,642715,AZ,SF,6,1,1,0,FF,FF,R,R,B,Ball,92.8,92.8,-0.5,-0.5,1.43,1.43,2176.0,2176.0,206.0,206.0,8,6.6,6.6,-3.07,-3.07,5.99,5.99,cube62_cluster1,11,1.5716392048446657,FF,95.54242544913883,5.728019039608564,15.221051570629365
2025-09-15,680573,680573,519317,MIN,NYY,6,2,3,2,SL,SL,R,R,S,Foul,84.8,84.8,0.36,0.36,0.15,0.15,2308.0,2308.0,115.0,115.0,5,7.0,7.0,-1.5,-1.5,6.15,6.15,cube32_cluster0,191,1.2828735905215154,SL,86.80283260847423,-3.994445228339661,3.088972714840957
2025-09-15,675911,675911,657557,WSH,ATL,7,1,0,0,FF,FF,R,R,S,Foul,95.7,95.7,-0.78,-0.78,1.5,1.5,2277.0,2277.0,215.0,215.0,8,7.0,7.0,-1.78,-1.78,5.89,5.89,cube61_cluster0,650,1.3268419023280587,FF,93.56609940362357,10.767633610073183,11.615865923476361
2025-09-15,680730,680730,673490,WSH,ATL,6,0,0,2,FF,FF,L,L,B,Ball,92.3,92.3,0.43,-0.43,1.55,1.55,2056.0,2056.0,167.0,193.0,7,6.8,6.8,0.88,-0.88,6.46,6.46,cube50_cluster0,37,1.9720855712136585,SL,89.4318003898919,-0.37548710296403526,10.18704890209373
2025-09-15,607074,607074,670242,MIN,NYY,6,1,0,1,SI,SI,L,L,B,Ball,91.5,91.5,1.34,-1.34,0.57,0.57,2237.0,2237.0,137.0,223.0,8,6.1,6.1,2.32,-2.32,6.2,6.2,cube59_cluster2,6,1.0847894334547685,FF,93.07150817165655,13.135553184666456,11.807015565535274
2025-09-15,686218,686218,805249,LAD,PHI,7,0,1,0,SL,SL,R,R,B,Ball,86.4,86.4,0.43,0.43,0.62,0.62,2466.0,2466.0,215.0,215.0,8,6.7,6.7,-1.14,-1.14,5.35,5.35,cube43_cluster0,136,1.6902546727416035,FC,88.90138768099045,-2.867416747399959,6.084565347981601
2025-09-15,683004,683004,605170,HOU,TEX,7,0,0,0,CU,CU,R,R,S,Called Strike,80.6,80.6,0.23,0.23,-0.39,-0.39,2654.0,2654.0,29.0,29.0,2,6.6,6.6,-1.09,-1.09,5.98,5.98,cube15_cluster0,23,1.3248452557698167,CU,82.92103283413093,-3.9398978499082826,-3.816941770346403
2025-09-15,686218,686218,805249,LAD,PHI,7,0,0,0,FF,FF,R,R,B,Ball,93.4,93.4,-0.85,-0.85,1.48,1.48,2478.0,2478.0,209.0,209.0,8,6.8,6.8,-0.83,-0.83,5.53,5.53,cube60_cluster0,1088,1.9977913690473281,FF,92.17053866131751,10.618556738155133,11.426031596706425
2025-09-15,668678,668678,642715,AZ,SF,6,1,0,0,FF,FF,R,R,B,Ball,93.1,93.1,-0.52,-0.52,1.44,1.44,2334.0,2334.0,210.0,210.0,8,6.6,6.6,-3.14,-3.14,6.01,6.01,cube62_cluster1,11,1.5812327291001032,FF,95.54242544913883,5.728019039608564,15.221051570629365
2025-09-15,607074,607074,670242,MIN,NYY,6,1,0,0,SI,SI,L,L,S,Foul,93.6,93.6,1.27,-1.27,0.36,0.36,2269.0,2269.0,128.0,232.0,9,6.3,6.3,2.18,-2.18,6.2,6.2,cube60_cluster0,1088,1.3479396708339777,FF,92.17053866131751,10.618556738155133,11.426031596706425
2025-09-15,680730,680730,673490,WSH,ATL,6,0,0,1,FF,FF,L,L,S,Foul,91.1,91.1,0.71,-0.71,1.56,1.56,2159.0,2159.0,165.0,195.0,8,6.8,6.8,1.18,-1.18,6.46,6.46,cube60_cluster0,1088,1.8673854516924435,FF,92.17053866131751,10.618556738155133,11.426031596706425
2025-09-15,675911,675911,671277,WSH,ATL,7,0,2,1,FF,FF,R,R,X,Luis García Jr. flies out sharply to center fielder Michael Harris II.,94.6,94.6,-1.0,-1.0,1.31,1.31,2392.0,2392.0,211.0,211.0,8,7.0,7.0,-1.75,-1.75,5.83,5.83,cube61_cluster0,650,1.1784142192343858,FF,93.56609940362357,10.767633610073183,11.615865923476361
2025-09-15,680573,680573,519317,MIN,NYY,6,2,3,2,SL,SL,R,R,S,Foul,86.8,86.8,0.26,0.26,0.34,0.34,2274.0,2274.0,160.0,160.0,6,7.0,7.0,-1.39,-1.39,6.25,6.25,cube32_cluster0,191,1.3976937509423542,SL,86.80283260847423,-3.994445228339661,3.088972714840957
2025-09-15,683004,683004,676694,HOU,TEX,6,2,1,2,CU,CU,R,R,X,"Jake Meyers grounds out, third baseman Josh Jung to first baseman Jake Burger.",84.9,84.9,0.3,0.3,-0.73,-0.73,2803.0,2803.0,33.0,33.0,2,6.7,6.7,-0.9,-0.9,5.96,5.96,cube2_cluster0,105,1.625031716120758,CU,79.2443297084492,-9.955174138547218,-13.302302310391848
2025-09-15,686218,686218,669016,LAD,PHI,6,2,1,1,CH,CH,R,R,X,Brandon Marsh flies out to right fielder Teoscar Hernández.,83.4,83.4,-1.14,-1.14,0.77,0.77,1061.0,1061.0,252.0,252.0,9,6.5,6.5,-1.11,-1.11,5.45,5.45,cube59_cluster1,5,1.5205208294401455,SL,84.79163597246126,7.451913253012047,2.269996213425129
2025-09-15,675911,675911,671277,WSH,ATL,7,0,1,1,CU,CU,R,R,B,Ball,76.5,76.5,0.93,0.93,-0.78,-0.78,2737.0,2737.0,65.0,65.0,3,6.7,6.7,-1.96,-1.96,5.9,5.9,cube9_cluster0,353,1.052028420208595,CU,81.04977735376619,-10.683603137730767,-7.201930121038002
2025-09-15,607074,607074,668904,MIN,NYY,6,0,1,2,CH,CH,L,L,S,Royce Lewis strikes out swinging.,85.8,85.8,1.06,-1.06,0.14,0.14,1645.0,1645.0,134.0,226.0,9,6.7,6.7,2.26,-2.26,6.04,6.04,cube66_cluster0,197,1.4023363637929018,CH,86.84077917182076,12.525512574763452,6.567520411131463
2025-09-15,680732,680732,641933,CWS,BAL,5,2,2,2,FF,FF,R,R,X,"Tyler O'Neill grounds into a force out, shortstop Colson Montgomery to second baseman Chase Meidroth. Gunnar Henderson out at 2nd.",94.8,94.8,-0.18,-0.18,1.54,1.54,2567.0,2567.0,193.0,193.0,7,7.2,7.2,-1.99,-1.99,6.33,6.33,cube62_cluster1,11,2.0594869524401846,FF,95.54242544913883,5.728019039608564,15.221051570629365
2025-09-15,680730,680730,673490,WSH,ATL,6,0,0,0,FF,FF,L,L,S,Called Strike,90.9,90.9,0.69,-0.69,1.63,1.63,2166.0,2166.0,168.0,192.0,7,6.8,6.8,0.87,-0.87,6.55,6.55,cube59_cluster0,234,2.105931592248075,FF,89.27696125383754,10.588468754256617,10.304337269887236
2025-09-15,683004,683004,676694,HOU,TEX,6,2,1,1,FF,FF,R,R,S,Called Strike,97.2,97.2,-0.56,-0.56,1.57,1.57,2516.0,2516.0,209.0,209.0,8,6.8,6.8,-1.14,-1.14,5.66,5.66,cube61_cluster0,650,1.8689183798793036,FF,93.56609940362357,10.767633610073183,11.615865923476361
2025-09-15,680573,680573,519317,MIN,NYY,6,2,2,2,FS,FS,R,R,B,Ball,89.7,89.7,-0.67,-0.67,0.61,0.61,1510.0,1510.0,210.0,210.0,8,7.2,7.2,-1.17,-1.17,6.25,6.25,cube59_cluster1,5,1.5604144430866405,SL,84.79163597246126,7.451913253012047,2.269996213425129
2025-09-15,668678,668678,808982,AZ,SF,6,0,0,1,CH,CH,R,R,X,Jung Hoo Lee pops out to third baseman Blaze Alexander.,83.4,83.4,-0.92,-0.92,0.52,0.52,1454.0,1454.0,226.0,226.0,9,6.4,6.4,-3.26,-3.26,5.81,5.81,cube61_cluster1,4,2.3668904888181985,FF,90.06345506345505,6.430047483380817,11.373038073038074
2025-09-15,683004,683004,676694,HOU,TEX,6,2,1,0,SL,SL,R,R,S,Foul,84.9,84.9,0.29,0.29,0.26,0.26,2502.0,2502.0,116.0,116.0,5,6.8,6.8,-1.29,-1.29,5.82,5.82,cube32_cluster0,191,1.0106127443447412,SL,86.80283260847423,-3.994445228339661,3.088972714840957
2025-09-15,680730,680730,645277,WSH,ATL,5,2,1,2,FF,FF,L,L,X,Ozzie Albies pops out to first baseman Josh Bell in foul territory.,94.4,94.4,0.63,-0.63,1.54,1.54,2128.0,2128.0,164.0,196.0,8,6.9,6.9,0.8,-0.8,6.45,6.45,cube59_cluster0,234,2.1800533377090447,FF,89.27696125383754,10.588468754256617,10.304337269887236
2025-09-15,686218,686218,669016,LAD,PHI,6,2,0,1,CH,CH,R,R,B,Ball,84.6,84.6,-1.31,-1.31,0.56,0.56,1089.0,1089.0,256.0,256.0,10,6.5,6.5,-1.4,-1.4,5.49,5.49,cube59_cluster1,5,1.431318163007531,SL,84.79163597246126,7.451913253012047,2.269996213425129
2025-09-15,675911,675911,671277,WSH,ATL,7,0,0,1,CU,CU,R,R,B,Ball,77.0,77.0,1.09,1.09,-0.66,-0.66,2711.0,2711.0,67.0,67.0,3,6.6,6.6,-1.89,-1.89,5.91,5.91,cube9_cluster0,353,0.8705979473539021,CU,81.04977735376619,-10.683603137730767,-7.201930121038002
2025-09-15,624133,624133,681624,LAD,PHI,6,2,1,1,FF,FF,L,L,X,Andy Pages lines out to center fielder Harrison Bader.,90.8,90.8,0.35,-0.35,0.74,0.74,1923.0,1923.0,127.0,233.0,9,6.1,6.1,2.24,-2.24,5.65,5.65,cube67_cluster0,835,1.167071620083118,CH,90.86602419473125,13.606542467363951,8.526706287157376
2025-09-15,607074,607074,668904,MIN,NYY,6,0,1,1,FF,FF,L,L,S,Swinging Strike,95.7,95.7,0.8,-0.8,1.43,1.43,2341.0,2341.0,139.0,221.0,8,6.2,6.2,2.14,-2.14,6.28,6.28,cube66_cluster1,5,1.2761193612383839,FF,93.24252622389831,13.00015635891318,12.382567932373675
2025-09-15,668678,668678,808982,AZ,SF,6,0,0,0,KC,KC,R,R,S,Called Strike,79.2,79.2,0.22,0.22,-1.08,-1.08,2356.0,2356.0,37.0,37.0,2,6.4,6.4,-3.24,-3.24,5.96,5.96,cube17_cluster1,4,1.9521756688754448,CU,78.95917169292895,-10.024787945860975,-3.9433667010451945
2025-09-15,680694,680694,672820,CWS,BAL,5,2,2,2,SI,SI,R,R,S,Lenyn Sosa strikes out swinging.,94.3,94.3,-0.9,-0.9,1.21,1.21,2194.0,2194.0,185.0,185.0,7,6.5,6.5,-0.51,-0.51,6.6,6.6,cube59_cluster0,234,1.9726717594401864,FF,89.27696125383754,10.588468754256617,10.304337269887236
2025-09-15,680573,680573,519317,MIN,NYY,6,2,2,1,FF,FF,R,R,S,Called Strike,93.8,93.8,-0.5,-0.5,1.45,1.45,2299.0,2299.0,197.0,197.0,8,6.9,6.9,-1.11,-1.11,6.38,6.38,cube60_cluster0,1088,1.9162560569786569,FF,92.17053866131751,10.618556738155133,11.426031596706425
2025-09-15,592791,592791,502054,PIT,CHC,6,2,1,0,SI,SI,R,R,X,"Tommy Pham grounds into a force out, fielded by third baseman Matt Shaw. Spencer Horwitz out at 3rd.",92.3,92.3,-0.86,-0.86,1.02,1.02,2143.0,2143.0,203.0,203.0,8,6.8,6.8,-1.04,-1.04,6.05,6.05,cube60_cluster0,1088,1.3372269190333637,FF,92.17053866131751,10.618556738155133,11.426031596706425
2025-09-15,680732,680732,641933,CWS,BAL,5,2,2,1,KC,KC,R,R,S,Called Strike,81.1,81.1,-0.02,-0.02,-1.32,-1.32,2518.0,2518.0,20.0,20.0,2,7.3,7.3,-2.27,-2.27,6.21,6.21,cube8_cluster1,5,2.043141434721965,CU,76.99877318439641,-5.367173817726275,-11.507933500365382
2025-09-15,592791,592791,502054,PIT,CHC,6,2,0,0,FC,FC,R,R,B,Ball,86.9,86.9,0.66,0.66,0.7,0.7,2537.0,2537.0,182.0,182.0,7,7.0,7.0,-1.25,-1.25,6.09,6.09,cube42_cluster0,221,1.5962976716067552,FC,88.14517513894621,-2.9372479967817404,6.184306080936519
2025-09-15,680732,680732,641933,CWS,BAL,5,2,2,0,SL,SL,R,R,S,Foul,86.7,86.7,0.54,0.54,0.48,0.48,2481.0,2481.0,179.0,179.0,7,7.1,7.1,-2.52,-2.52,6.12,6.12,cube43_cluster0,136,1.5011017649123484,FC,88.90138768099045,-2.867416747399959,6.084565347981601
2025-09-15,680573,680573,519317,MIN,NYY,6,2,1,1,FS,FS,R,R,B,Ball,89.0,89.0,-0.55,-0.55,0.8,0.8,1362.0,1362.0,206.0,206.0,8,7.1,7.1,-1.1,-1.1,6.27,6.27,cube59_cluster1,5,1.4970413565736866,SL,84.79163597246126,7.451913253012047,2.269996213425129
2025-09-15,680694,680694,672820,CWS,BAL,5,2,1,2,CU,CU,R,R,B,Ball In Dirt,85.6,85.6,0.16,0.16,-0.61,-0.61,2615.0,2615.0,30.0,30.0,2,6.5,6.5,-0.77,-0.77,6.52,6.52,cube15_cluster0,23,1.399117443410743,CU,82.92103283413093,-3.9398978499082826,-3.816941770346403
2025-09-15,624133,624133,681624,LAD,PHI,6,2,1,0,FF,FF,L,L,S,Called Strike,91.5,91.5,0.42,-0.42,0.89,0.89,1953.0,1953.0,136.0,224.0,8,6.3,6.3,2.25,-2.25,5.65,5.65,cube67_cluster0,835,1.0221274007249224,CH,90.86602419473125,13.606542467363951,8.526706287157376
2025-09-15,668678,668678,687551,AZ,SF,5,2,1,2,CH,CH,R,R,X,Drew Gilbert flies out to right fielder Corbin Carroll.,84.2,84.2,-0.99,-0.99,0.33,0.33,1493.0,1493.0,227.0,227.0,9,6.5,6.5,-3.28,-3.28,5.64,5.64,cube61_cluster1,4,2.2196793102117662,FF,90.06345506345505,6.430047483380817,11.373038073038074
2025-09-15,607074,607074,668904,MIN,NYY,6,0,1,0,SL,SL,L,L,S,Called Strike,86.4,86.4,-0.27,0.27,-0.18,-0.18,2525.0,2525.0,299.0,61.0,3,5.9,5.9,2.44,-2.44,6.03,6.03,cube16_cluster0,307,1.310349372920726,ST,82.89780592219195,-9.539303936916792,-1.0521378651219842
2025-09-15,686218,686218,669016,LAD,PHI,6,2,0,0,FF,FF,R,R,S,Called Strike,94.0,94.0,-0.49,-0.49,1.45,1.45,2371.0,2371.0,211.0,211.0,8,6.8,6.8,-1.3,-1.3,5.47,5.47,cube61_cluster0,650,1.531731025749483,FF,93.56609940362357,10.767633610073183,11.615865923476361
2025-09-15,680730,680730,645277,WSH,ATL,5,2,1,2,FF,FF,L,L,S,Foul,94.5,94.5,0.53,-0.53,1.67,1.67,2203.0,2203.0,166.0,194.0,7,6.8,6.8,0.82,-0.82,6.39,6.39,cube50_cluster0,37,2.104308880973299,SL,89.4318003898919,-0.37548710296403526,10.18704890209373
2025-09-15,675911,675911,671277,WSH,ATL,7,0,0,0,FF,FF,R,R,S,Called Strike,93.2,93.2,-0.56,-0.56,1.55,1.55,2359.0,2359.0,206.0,206.0,8,6.9,6.9,-1.64,-1.64,5.88,5.88,cube61_cluster0,650,1.4105359681241652,FF,93.56609940362357,10.767633610073183,11.615865923476361
2025-09-15,683004,683004,676694,HOU,TEX,6,2,0,0,SL,SL,R,R,B,Ball,85.0,85.0,0.49,0.49,0.2,0.2,2452.0,2452.0,131.0,131.0,5,6.6,6.6,-1.2,-1.2,5.74,5.74,cube32_cluster0,191,0.8959670934034879,SL,86.80283260847423,-3.994445228339661,3.088972714840957
2025-09-15,641793,641793,575929,STL,CIN,6,2,2,2,FF,FF,R,R,X,Willson Contreras singles on a ground ball to left fielder Austin Hays. Alec Burleson scores.,91.2,91.2,-0.74,-0.74,1.41,1.41,1808.0,1808.0,207.0,207.0,8,6.4,6.4,-0.43,-0.43,6.26,6.26,cube59_cluster0,234,1.6957544838299263,FF,89.27696125383754,10.588468754256617,10.304337269887236
2025-09-15,624133,624133,681624,LAD,PHI,6,2,0,0,FF,FF,L,L,B,Ball,91.5,91.5,0.48,-0.48,0.89,0.89,1913.0,1913.0,133.0,227.0,9,6.1,6.1,2.37,-2.37,5.53,5.53,cube67_cluster0,835,1.2325325810961574,CH,90.86602419473125,13.606542467363951,8.526706287157376
2025-09-15,675911,675911,671277,WSH,ATL,6,2,0,0,FF,FF,R,R,S,Foul,94.9,94.9,-0.64,-0.64,1.32,1.32,2169.0,2169.0,209.0,209.0,8,6.9,6.9,-1.82,-1.82,5.88,5.88,cube61_cluster0,650,1.1016185051152751,FF,93.56609940362357,10.767633610073183,11.615865923476361
2025-09-15,686218,686218,592663,LAD,PHI,6,1,1,2,FF,FF,R,R,X,J.T. Realmuto flies out to right fielder Teoscar Hernández.,95.7,95.7,-0.52,-0.52,1.59,1.59,2378.0,2378.0,206.0,206.0,8,6.7,6.7,-1.02,-1.02,5.54,5.54,cube60_cluster0,1088,1.8436315730421928,FF,92.17053866131751,10.618556738155133,11.426031596706425
2025-09-15,680732,680732,641933,CWS,BAL,5,2,1,0,FF,FF,R,R,B,Ball,93.5,93.5,-0.19,-0.19,1.44,1.44,2519.0,2519.0,199.0,199.0,8,7.3,7.3,-2.03,-2.03,6.33,6.33,cube62_cluster1,11,1.97870338661443,FF,95.54242544913883,5.728019039608564,15.221051570629365
2025-09-15,668678,668678,687551,AZ,SF,5,2,0,2,CH,CH,R,R,B,Ball In Dirt,83.6,83.6,-1.12,-1.12,0.25,0.25,1479.0,1479.0,234.0,234.0,9,6.4,6.4,-3.33,-3.33,5.73,5.73,cube61_cluster1,4,2.4435250320927384,FF,90.06345506345505,6.430047483380817,11.373038073038074
2025-09-15,680573,680573,519317,MIN,NYY,6,2,1,0,SL,SL,R,R,S,Swinging Strike,85.6,85.6,0.05,0.05,0.23,0.23,2405.0,2405.0,154.0,154.0,6,6.9,6.9,-1.68,-1.68,6.19,6.19,cube32_cluster0,191,1.1167455073388564,SL,86.80283260847423,-3.994445228339661,3.088972714840957
2025-09-15,680730,680730,645277,WSH,ATL,5,2,1,2,CU,CU,L,L,S,Foul,80.0,80.0,-0.01,0.01,-0.53,-0.53,2311.0,2311.0,331.0,29.0,2,6.9,6.9,1.51,-1.51,6.24,6.24,cube8_cluster1,5,1.3852361332527037,CU,76.99877318439641,-5.367173817726275,-11.507933500365382
2025-09-15,683004,683004,572233,HOU,TEX,6,1,0,2,CU,CU,R,R,S,Christian Walker strikes out swinging.,83.5,83.5,0.21,0.21,-1.25,-1.25,2744.0,2744.0,28.0,28.0,2,6.6,6.6,-0.87,-0.87,5.94,5.94,cube1_cluster0,11,1.3726817945550647,CU,80.41940225841523,-7.8151704354474925,-14.345667881001397
2025-09-15,607074,607074,668904,MIN,NYY,6,0,0,0,CH,CH,L,L,B,Ball In Dirt,85.3,85.3,1.01,-1.01,0.64,0.64,1834.0,1834.0,128.0,232.0,9,6.5,6.5,2.26,-2.26,6.04,6.04,cube67_cluster0,835,1.0298239822413315,CH,90.86602419473125,13.606542467363951,8.526706287157376
2025-09-15,592791,592791,668804,PIT,CHC,6,2,3,2,FF,FF,R,R,B,Bryan Reynolds walks.,92.1,92.1,-0.33,-0.33,1.34,1.34,2152.0,2152.0,211.0,211.0,8,6.9,6.9,-1.17,-1.17,6.04,6.04,cube60_cluster0,1088,1.5676416834015685,FF,92.17053866131751,10.618556738155133,11.426031596706425
2025-09-15,680694,680694,672820,CWS,BAL,5,2,1,2,SL,SL,R,R,S,Foul,88.0,88.0,0.99,0.99,0.11,0.11,2509.0,2509.0,49.0,49.0,3,6.6,6.6,-0.9,-0.9,6.41,6.41,cube23_cluster0,18,1.5245316973356289,SL,84.2588963468347,-3.122612334195792,-0.3482418990887928
2025-09-15,683004,683004,572233,HOU,TEX,6,1,0,1,FF,FF,R,R,S,Called Strike,96.6,96.6,-0.58,-0.58,1.51,1.51,2388.0,2388.0,211.0,211.0,8,6.8,6.8,-1.05,-1.05,5.67,5.67,cube60_cluster0,1088,1.7711202264403054,FF,92.17053866131751,10.618556738155133,11.426031596706425
2025-09-15,607074,607074,807712,MIN,NYY,6,0,3,2,SL,SL,L,L,S,Luke Keaschall strikes out swinging. Luke Keaschall to 1st. Passed ball by catcher Austin Wells.,89.4,89.4,-0.1,0.1,0.67,0.67,2461.0,2461.0,160.0,200.0,8,6.0,6.0,2.56,-2.56,6.08,6.08,cube51_cluster0,242,1.317996742116249,FC,90.51269321530226,-0.30860007748352697,10.065859987082858
2025-09-15,680730,680730,645277,WSH,ATL,5,2,1,1,FF,FF,L,L,S,Foul,93.2,93.2,0.69,-0.69,1.54,1.54,2183.0,2183.0,171.0,189.0,7,6.8,6.8,0.63,-0.63,6.48,6.48,cube50_cluster0,37,2.16737839037389,SL,89.4318003898919,-0.37548710296403526,10.18704890209373
2025-09-15,680694,680694,672820,CWS,BAL,5,2,1,1,SI,SI,R,R,S,Swinging Strike,94.5,94.5,-0.5,-0.5,1.33,1.33,2077.0,2077.0,187.0,187.0,7,6.5,6.5,-0.74,-0.74,6.49,6.49,cube50_cluster0,37,1.678100982470701,SL,89.4318003898919,-0.37548710296403526,10.18704890209373
2025-09-15,641793,641793,575929,STL,CIN,6,2,2,1,SL,SL,R,R,S,Foul,88.1,88.1,-0.06,-0.06,0.66,0.66,2184.0,2184.0,203.0,203.0,8,6.3,6.3,-0.61,-0.61,6.14,6.14,cube50_cluster0,37,1.1449731454235184,SL,89.4318003898919,-0.37548710296403526,10.18704890209373
2025-09-15,592791,592791,668804,PIT,CHC,6,2,2,2,CH,CH,R,R,B,Ball In Dirt,84.9,84.9,-1.53,-1.53,0.26,0.26,1853.0,1853.0,231.0,231.0,9,6.9,6.9,-1.2,-1.2,6.17,6.17,cube66_cluster0,197,1.6630569177494319,CH,86.84077917182076,12.525512574763452,6.567520411131463
2025-09-15,680573,680573,519317,MIN,NYY,6,2,0,0,SL,SL,R,R,B,Ball,84.6,84.6,0.12,0.12,0.15,0.15,2366.0,2366.0,126.0,126.0,5,7.0,7.0,-1.39,-1.39,6.16,6.16,cube32_cluster0,191,1.3119893195621244,SL,86.80283260847423,-3.994445228339661,3.088972714840957
2025-09-15,686218,686218,592663,LAD,PHI,6,1,1,1,FF,FF,R,R,S,Called Strike,93.4,93.4,-0.37,-0.37,1.58,1.58,2314.0,2314.0,203.0,203.0,8,6.7,6.7,-1.05,-1.05,5.59,5.59,cube60_cluster0,1088,1.754255332610202,FF,92.17053866131751,10.618556738155133,11.426031596706425
2025-09-15,675911,675911,695734,WSH,ATL,6,2,1,2,CH,CH,R,R,X,Daylen Lile singles on a fly ball to center fielder Michael Harris II.,86.8,86.8,-1.22,-1.22,0.52,0.52,2016.0,2016.0,231.0,231.0,9,7.0,7.0,-2.14,-2.14,5.72,5.72,cube68_cluster0,637,1.254153271215289,FF,92.88295797031044,13.980317543503329,9.180920892722085
2025-09-15,624133,624133,571970,LAD,PHI,6,1,0,2,SL,SL,L,L,S,Max Muncy strikes out swinging.,80.0,80.0,-0.91,0.91,0.33,0.33,2135.0,2135.0,281.0,79.0,4,6.5,6.5,2.17,-2.17,5.62,5.62,cube25_cluster0,134,1.1894604282702141,SL,84.71727501905048,-6.356816171388189,1.485555081783951
2025-09-15,680732,680732,641933,CWS,BAL,5,2,0,0,KC,KC,R,R,B,Ball,81.8,81.8,0.27,0.27,-1.15,-1.15,2495.0,2495.0,17.0,17.0,2,7.1,7.1,-2.24,-2.24,6.23,6.23,cube8_cluster1,5,1.6440437481164818,CU,76.99877318439641,-5.367173817726275,-11.507933500365382
2025-09-15,668678,668678,687551,AZ,SF,5,2,0,2,CH,CH,R,R,S,Foul,84.2,84.2,-1.07,-1.07,-0.1,-0.1,1468.0,1468.0,232.0,232.0,9,6.5,6.5,-3.23,-3.23,5.67,5.67,cube62_cluster3,8,2.4227082366210535,CH,91.8214393403368,16.622861920271486,3.070316846938506
2025-09-15,592791,592791,668804,PIT,CHC,6,2,2,1,FF,FF,R,R,S,Called Strike,92.3,92.3,-0.47,-0.47,1.65,1.65,2280.0,2280.0,210.0,210.0,8,6.8,6.8,-1.21,-1.21,6.02,6.02,cube60_cluster0,1088,1.6264090626200824,FF,92.17053866131751,10.618556738155133,11.426031596706425
2025-09-15,686218,686218,592663,LAD,PHI,6,1,1,0,FF,FF,R,R,S,Called Strike,94.4,94.4,-0.61,-0.61,1.6,1.6,2349.0,2349.0,210.0,210.0,8,6.7,6.7,-1.12,-1.12,5.54,5.54,cube60_cluster0,1088,1.700639759011952,FF,92.17053866131751,10.618556738155133,11.426031596706425
2025-09-15,668678,668678,687551,AZ,SF,5,2,0,1,CH,CH,R,R,S,Swinging Strike,83.0,83.0,-1.07,-1.07,0.11,0.11,1430.0,1430.0,234.0,234.0,9,6.4,6.4,-3.28,-3.28,5.79,5.79,cube66_cluster0,197,2.5567915846256026,CH,86.84077917182076,12.525512574763452,6.567520411131463
2025-09-15,607074,607074,807712,MIN,NYY,6,0,2,2,FF,FF,L,L,B,Ball,94.1,94.1,0.92,-0.92,1.25,1.25,2376.0,2376.0,138.0,222.0,8,6.3,6.3,1.83,-1.83,6.35,6.35,cube60_cluster0,1088,1.1770563776674305,FF,92.17053866131751,10.618556738155133,11.426031596706425
2025-09-15,680732,680732,683002,CWS,BAL,5,2,3,2,KC,KC,R,R,B,Gunnar Henderson walks. Jeremiah Jackson to 2nd.,82.2,82.2,0.18,0.18,-1.05,-1.05,2544.0,2544.0,24.0,24.0,2,7.3,7.3,-2.3,-2.3,6.15,6.15,cube8_cluster1,5,2.03799347395346,CU,76.99877318439641,-5.367173817726275,-11.507933500365382
2025-09-15,680730,680730,645277,WSH,ATL,5,2,0,1,FS,FS,L,L,B,Ball,84.7,84.7,0.46,-0.46,0.68,0.68,654.0,654.0,133.0,227.0,9,6.9,6.9,1.75,-1.75,6.15,6.15,cube59_cluster1,5,1.7875258621699077,SL,84.79163597246126,7.451913253012047,2.269996213425129
2025-09-15,680694,680694,672820,CWS,BAL,5,2,1,0,SL,SL,R,R,S,Called Strike,86.7,86.7,1.13,1.13,0.35,0.35,2408.0,2408.0,55.0,55.0,3,6.6,6.6,-1.21,-1.21,6.35,6.35,cube23_cluster0,18,1.5045503138930767,SL,84.2588963468347,-3.122612334195792,-0.3482418990887928
2025-09-15,624133,624133,571970,LAD,PHI,6,1,0,1,SI,SI,L,L,S,Called Strike,90.8,90.8,1.0,-1.0,0.37,0.37,2033.0,2033.0,148.0,212.0,8,5.9,5.9,2.25,-2.25,5.52,5.52,cube67_cluster0,835,1.2642640194591568,CH,90.86602419473125,13.606542467363951,8.526706287157376
2025-09-15,675911,675911,695734,WSH,ATL,6,2,0,2,CH,CH,R,R,B,Ball,86.7,86.7,-1.39,-1.39,0.36,0.36,2093.0,2093.0,232.0,232.0,9,6.9,6.9,-1.91,-1.91,5.71,5.71,cube67_cluster0,835,1.2524518446085255,CH,90.86602419473125,13.606542467363951,8.526706287157376
2025-09-15,641793,641793,575929,STL,CIN,6,2,1,1,FS,FS,R,R,B,Ball,83.5,83.5,-1.19,-1.19,0.18,0.18,1309.0,1309.0,239.0,239.0,9,6.3,6.3,-0.56,-0.56,6.08,6.08,cube59_cluster1,5,1.4736500914772317,SL,84.79163597246126,7.451913253012047,2.269996213425129
2025-09-15,683004,683004,572233,HOU,TEX,6,1,0,0,FF,FF,R,R,S,Foul,96.3,96.3,-0.66,-0.66,1.47,1.47,2416.0,2416.0,213.0,213.0,8,6.8,6.8,-1.14,-1.14,5.65,5.65,cube60_cluster0,1088,1.6812803423663145,FF,92.17053866131751,10.618556738155133,11.426031596706425
2025-09-15,680573,680573,641355,MIN,NYY,6,1,1,2,FS,FS,R,R,S,Cody Bellinger strikes out swinging.,88.4,88.4,-0.82,-0.82,0.55,0.55,1189.0,1189.0,208.0,208.0,8,7.0,7.0,-1.11,-1.11,6.34,6.34,cube59_cluster1,5,1.260976339532478,SL,84.79163597246126,7.451913253012047,2.269996213425129
2025-09-15,683004,683004,514888,HOU,TEX,6,0,0,2,SL,SL,R,R,S,Jose Altuve strikes out swinging.,86.3,86.3,0.13,0.13,0.08,0.08,2637.0,2637.0,91.0,91.0,4,6.6,6.6,-1.13,-1.13,5.74,5.74,cube24_cluster0,201,1.187285515829531,SL,85.05707893868184,-5.4676349917482,1.0599892053755027
2025-09-15,675911,675911,695734,WSH,ATL,6,2,0,1,CU,CU,R,R,S,Called Strike,77.9,77.9,1.11,1.11,-0.86,-0.86,2793.0,2793.0,58.0,58.0,3,6.9,6.9,-1.82,-1.82,5.89,5.89,cube10_cluster0,173,1.336915663479223,ST,82.08401130843858,-12.249969959417843,-5.792755621368389
2025-09-15,641793,641793,575929,STL,CIN,6,2,0,1,SI,SI,R,R,B,Ball,90.8,90.8,-1.32,-1.32,1.04,1.04,2008.0,2008.0,214.0,214.0,8,6.4,6.4,-0.8,-0.8,5.98,5.98,cube59_cluster0,234,1.1814302912514398,FF,89.27696125383754,10.588468754256617,10.304337269887236
2025-09-15,680732,680732,683002,CWS,BAL,5,2,3,1,SL,SL,R,R,S,Called Strike,88.7,88.7,0.2,0.2,0.54,0.54,2451.0,2451.0,188.0,188.0,7,7.1,7.1,-2.59,-2.59,6.04,6.04,cube53_cluster0,8,1.3701105544123693,SI,91.16707579412035,-0.6192274009804568,10.282725378849129
2025-09-15,680694,680694,672820,CWS,BAL,5,2,0,0,SL,SL,R,R,B,Ball,87.1,87.1,1.27,1.27,0.12,0.12,2527.0,2527.0,60.0,60.0,3,6.5,6.5,-1.09,-1.09,6.32,6.32,cube23_cluster0,18,1.5066805520883844,SL,84.2588963468347,-3.122612334195792,-0.3482418990887928
2025-09-15,668678,668678,687551,AZ,SF,5,2,0,0,CH,CH,R,R,S,Swinging Strike,83.3,83.3,-1.27,-1.27,-0.15,-0.15,1456.0,1456.0,230.0,230.0,9,6.6,6.6,-3.26,-3.26,5.78,5.78,cube62_cluster3,8,2.5649406882346235,CH,91.8214393403368,16.622861920271486,3.070316846938506
2025-09-15,607074,607074,807712,MIN,NYY,6,0,1,2,FF,FF,L,L,B,Ball,95.9,95.9,0.79,-0.79,1.32,1.32,2474.0,2474.0,139.0,221.0,8,6.3,6.3,2.14,-2.14,6.35,6.35,cube66_cluster1,5,1.4559097125632718,FF,93.24252622389831,13.00015635891318,12.382567932373675
2025-09-15,686218,686218,592663,LAD,PHI,6,1,0,0,FF,FF,R,R,B,Ball,93.2,93.2,-0.46,-0.46,1.45,1.45,2269.0,2269.0,207.0,207.0,8,6.8,6.8,-1.26,-1.26,5.53,5.53,cube61_cluster0,650,1.5517050208974346,FF,93.56609940362357,10.767633610073183,11.615865923476361
2025-09-15,624133,624133,571970,LAD,PHI,6,1,0,0,FF,FF,L,L,S,Called Strike,92.3,92.3,0.56,-0.56,0.77,0.77,1895.0,1895.0,125.0,235.0,9,6.3,6.3,2.39,-2.39,5.49,5.49,cube68_cluster0,637,1.0762388875723787,FF,92.88295797031044,13.980317543503329,9.180920892722085
2025-09-15,680573,680573,641355,MIN,NYY,6,1,1,1,FF,FF,R,R,S,Foul,93.3,93.3,-0.58,-0.58,1.32,1.32,2160.0,2160.0,200.0,200.0,8,6.9,6.9,-1.32,-1.32,6.38,6.38,cube60_cluster0,1088,1.6586458263155615,FF,92.17053866131751,10.618556738155133,11.426031596706425
2025-09-15,680730,680730,645277,WSH,ATL,5,2,0,0,CU,CU,L,L,S,Swinging Strike (Blocked),80.3,80.3,-0.01,0.01,-0.49,-0.49,2306.0,2306.0,343.0,17.0,2,6.8,6.8,1.19,-1.19,6.35,6.35,cube8_cluster1,5,1.45922236800142,CU,76.99877318439641,-5.367173817726275,-11.507933500365382
2025-09-15,669920,669920,694671,HOU,TEX,5,2,3,1,SI,SI,R,R,B,Wyatt Langford walks. Josh Smith to 2nd.,90.0,90.0,-1.64,-1.64,0.17,0.17,2171.0,2171.0,248.0,248.0,9,6.5,6.5,-1.45,-1.45,5.6,5.6,cube67_cluster0,835,1.3824239670953389,CH,90.86602419473125,13.606542467363951,8.526706287157376
2025-09-15,592791,592791,668804,PIT,CHC,6,2,2,0,FF,FF,R,R,S,Foul,91.8,91.8,-0.54,-0.54,1.41,1.41,2231.0,2231.0,209.0,209.0,8,6.7,6.7,-1.18,-1.18,6.09,6.09,cube60_cluster0,1088,1.3574596119043252,FF,92.17053866131751,10.618556738155133,11.426031596706425
2025-09-15,680732,680732,683002,CWS,BAL,5,2,2,1,FF,FF,R,R,B,Ball,94.6,94.6,-0.55,-0.55,1.46,1.46,2517.0,2517.0,199.0,199.0,8,7.2,7.2,-2.26,-2.26,6.33,6.33,cube62_cluster1,11,1.784950592049512,FF,95.54242544913883,5.728019039608564,15.221051570629365
2025-09-15,686218,686218,547180,LAD,PHI,6,0,2,2,SL,SL,R,R,S,Bryce Harper strikes out swinging.,87.8,87.8,0.48,0.48,0.52,0.52,2178.0,2178.0,186.0,186.0,7,6.6,6.6,-1.31,-1.31,5.41,5.41,cube42_cluster0,221,1.375801148744839,FC,88.14517513894621,-2.9372479967817404,6.184306080936519
2025-09-15,641793,641793,575929,STL,CIN,6,2,0,0,SI,SI,R,R,S,Foul,90.4,90.4,-0.88,-0.88,1.13,1.13,1953.0,1953.0,213.0,213.0,8,6.4,6.4,-0.82,-0.82,5.97,5.97,cube59_cluster0,234,1.0726910945743053,FF,89.27696125383754,10.588468754256617,10.304337269887236
2025-09-15,683004,683004,514888,HOU,TEX,6,0,0,1,SL,SL,R,R,S,Called Strike,85.9,85.9,0.45,0.45,0.11,0.11,2584.0,2584.0,110.0,110.0,5,6.8,6.8,-1.14,-1.14,5.75,5.75,cube32_cluster0,191,1.2505218075713276,SL,86.80283260847423,-3.994445228339661,3.088972714840957
2025-09-15,669920,669920,694671,HOU,TEX,5,2,2,1,CH,CH,R,R,B,Ball,79.9,79.9,-1.38,-1.38,0.6,0.6,1906.0,1906.0,262.0,262.0,10,6.4,6.4,-1.24,-1.24,5.71,5.71,cube66_cluster0,197,1.4622096402079636,CH,86.84077917182076,12.525512574763452,6.567520411131463
2025-09-15,675911,675911,695734,WSH,ATL,6,2,0,0,SL,SL,R,R,S,Called Strike,82.3,82.3,0.63,0.63,0.09,0.09,2248.0,2248.0,121.0,121.0,5,6.9,6.9,-1.75,-1.75,5.86,5.86,cube24_cluster0,201,1.2030873525759405,SL,85.05707893868184,-5.4676349917482,1.0599892053755027
2025-09-15,680694,680694,691019,CWS,BAL,5,1,3,2,SI,SI,R,R,X,Kyle Teel flies out to left fielder Dylan Beavers.,95.4,95.4,-0.99,-0.99,1.33,1.33,2299.0,2299.0,187.0,187.0,7,6.5,6.5,-0.79,-0.79,6.45,6.45,cube59_cluster0,234,1.844868183847326,FF,89.27696125383754,10.588468754256617,10.304337269887236
2025-09-15,680730,680730,660670,WSH,ATL,5,2,3,2,FF,FF,L,L,B,Ronald Acuña Jr. walks.,94.0,94.0,0.35,-0.35,1.55,1.55,2257.0,2257.0,171.0,189.0,7,6.9,6.9,0.92,-0.92,6.42,6.42,cube50_cluster0,37,2.0248158322301606,SL,89.4318003898919,-0.37548710296403526,10.18704890209373
2025-09-15,624133,624133,500743,LAD,PHI,6,1,3,1,CU,CU,L,L,B,Miguel Rojas walks. Alex Call to 2nd.,74.6,74.6,-0.76,0.76,-0.59,-0.59,2050.0,2050.0,301.0,59.0,3,6.3,6.3,2.07,-2.07,5.73,5.73,cube9_cluster0,353,1.5831378526825337,CU,81.04977735376619,-10.683603137730767,-7.201930121038002
2025-09-15,668678,668678,669477,AZ,SF,5,2,2,2,FF,FF,R,R,X,Casey Schmitt singles on a line drive to right fielder Corbin Carroll.,93.5,93.5,-0.37,-0.37,1.36,1.36,2304.0,2304.0,207.0,207.0,8,6.6,6.6,-3.12,-3.12,5.88,5.88,cube62_cluster1,11,1.4283790962851506,FF,95.54242544913883,5.728019039608564,15.221051570629365
2025-09-15,592791,592791,668804,PIT,CHC,6,2,1,0,FF,FF,R,R,B,Ball,91.6,91.6,-0.61,-0.61,1.38,1.38,2138.0,2138.0,210.0,210.0,8,6.9,6.9,-1.31,-1.31,6.04,6.04,cube60_cluster0,1088,1.389379448483037,FF,92.17053866131751,10.618556738155133,11.426031596706425
2025-09-15,607074,607074,807712,MIN,NYY,6,0,0,2,SL,SL,L,L,B,Ball,86.1,86.1,-0.49,0.49,0.3,0.3,2600.0,2600.0,76.0,284.0,10,6.3,6.3,2.49,-2.49,6.11,6.11,cube42_cluster0,221,1.9344083310756228,FC,88.14517513894621,-2.9372479967817404,6.184306080936519
2025-09-15,680573,680573,641355,MIN,NYY,6,1,0,1,FS,FS,R,R,B,Ball,87.1,87.1,-1.03,-1.03,0.81,0.81,1467.0,1467.0,212.0,212.0,8,7.0,7.0,-1.43,-1.43,6.1,6.1,cube59_cluster1,5,1.4137913656771153,SL,84.79163597246126,7.451913253012047,2.269996213425129
2025-09-15,675911,675911,605137,WSH,ATL,6,1,1,2,FF,FF,R,R,X,Josh Bell lines out to left fielder Jurickson Profar.,94.8,94.8,-0.59,-0.59,1.26,1.26,2156.0,2156.0,217.0,217.0,8,7.0,7.0,-1.69,-1.69,5.87,5.87,cube61_cluster0,650,1.254550509300509,FF,93.56609940362357,10.767633610073183,11.615865923476361
2025-09-15,680573,680573,641355,MIN,NYY,6,1,0,0,SL,SL,R,R,S,Called Strike,84.4,84.4,0.5,0.5,0.39,0.39,2407.0,2407.0,157.0,157.0,6,6.6,6.6,-1.67,-1.67,6.27,6.27,cube32_cluster0,191,0.8917949124741861,SL,86.80283260847423,-3.994445228339661,3.088972714840957
2025-09-15,683004,683004,514888,HOU,TEX,6,0,0,0,CU,CU,R,R,S,Foul,81.8,81.8,0.28,0.28,-0.64,-0.64,2748.0,2748.0,42.0,42.0,2,6.5,6.5,-1.29,-1.29,6.03,6.03,cube2_cluster0,105,1.1547834453200791,CU,79.2443297084492,-9.955174138547218,-13.302302310391848
2025-09-15,592791,592791,668804,PIT,CHC,6,2,0,0,CH,CH,R,R,B,Ball,85.2,85.2,-1.29,-1.29,0.66,0.66,1774.0,1774.0,228.0,228.0,9,6.8,6.8,-1.14,-1.14,6.16,6.16,cube66_cluster0,197,1.3552510616917295,CH,86.84077917182076,12.525512574763452,6.567520411131463
2025-09-15,669920,669920,694671,HOU,TEX,5,2,1,1,FF,FF,R,R,B,Ball,89.5,89.5,-0.76,-0.76,1.28,1.28,2348.0,2348.0,237.0,237.0,9,6.4,6.4,-1.43,-1.43,5.82,5.82,cube60_cluster0,1088,0.9223231562284192,FF,92.17053866131751,10.618556738155133,11.426031596706425
2025-09-15,641793,641793,676475,STL,CIN,6,2,0,1,FS,FS,R,R,X,Alec Burleson doubles (23) on a line drive to center fielder TJ Friedl. Brendan Donovan scores. Iván Herrera scores.,82.6,82.6,-1.12,-1.12,-0.15,-0.15,1157.0,1157.0,245.0,245.0,9,6.2,6.2,-0.74,-0.74,6.07,6.07,cube59_cluster1,5,1.507689192322836,SL,84.79163597246126,7.451913253012047,2.269996213425129
2025-09-15,607074,607074,807712,MIN,NYY,6,0,0,2,SL,SL,L,L,S,Foul,86.4,86.4,-0.36,0.36,-0.13,-0.13,2676.0,2676.0,297.0,63.0,3,6.1,6.1,2.49,-2.49,6.17,6.17,cube16_cluster0,307,1.3331079788491438,ST,82.89780592219195,-9.539303936916792,-1.0521378651219842
2025-09-15,624133,624133,500743,LAD,PHI,6,1,2,1,SI,SI,L,L,B,Ball,90.1,90.1,1.36,-1.36,0.07,0.07,1873.0,1873.0,161.0,199.0,8,6.4,6.4,2.22,-2.22,5.63,5.63,cube67_cluster0,835,1.1728051717693309,CH,90.86602419473125,13.606542467363951,8.526706287157376
2025-09-15,680732,680732,683002,CWS,BAL,5,2,1,1,KC,KC,R,R,B,Ball,83.2,83.2,0.14,0.14,-1.14,-1.14,2537.0,2537.0,18.0,18.0,2,7.2,7.2,-2.26,-2.26,6.18,6.18,cube8_cluster1,5,1.9254145533556923,CU,76.99877318439641,-5.367173817726275,-11.507933500365382
2025-09-15,680694,680694,691019,CWS,BAL,5,1,3,2,SL,SL,R,R,S,Foul,89.0,89.0,0.69,0.69,-0.08,-0.08,2619.0,2619.0,58.0,58.0,3,6.4,6.4,-1.28,-1.28,6.28,6.28,cube23_cluster0,18,1.1237319005031121,SL,84.2588963468347,-3.122612334195792,-0.3482418990887928
2025-09-15,686218,686218,547180,LAD,PHI,6,0,1,2,FF,FF,R,R,B,Ball,95.3,95.3,-0.82,-0.82,1.53,1.53,2345.0,2345.0,210.0,210.0,8,6.8,6.8,-1.4,-1.4,5.3,5.3,cube61_cluster0,650,1.52609236555948,FF,93.56609940362357,10.767633610073183,11.615865923476361
2025-09-15,680730,680730,660670,WSH,ATL,5,2,3,2,FF,FF,L,L,S,Foul,93.3,93.3,0.51,-0.51,1.68,1.68,2264.0,2264.0,170.0,190.0,7,6.8,6.8,0.83,-0.83,6.48,6.48,cube50_cluster0,37,2.0858531102753033,SL,89.4318003898919,-0.37548710296403526,10.18704890209373
2025-09-15,668678,668678,669477,AZ,SF,5,2,2,2,FF,FF,R,R,S,Foul,93.2,93.2,-0.18,-0.18,1.18,1.18,2240.0,2240.0,214.0,214.0,8,6.5,6.5,-3.18,-3.18,5.9,5.9,cube61_cluster1,4,1.6250461018428137,FF,90.06345506345505,6.430047483380817,11.373038073038074
2025-09-15,680694,680694,691019,CWS,BAL,5,1,2,2,FF,FF,R,R,B,Ball,92.9,92.9,0.17,0.17,1.18,1.18,2503.0,2503.0,175.0,175.0,7,6.4,6.4,-0.72,-0.72,6.57,6.57,cube50_cluster0,37,1.444636309008277,SL,89.4318003898919,-0.37548710296403526,10.18704890209373
2025-09-15,641793,641793,676475,STL,CIN,6,2,0,0,SI,SI,R,R,S,Called Strike,90.7,90.7,-1.1,-1.1,1.03,1.03,1909.0,1909.0,215.0,215.0,8,6.4,6.4,-0.75,-0.75,5.99,5.99,cube59_cluster0,234,1.12547374410852,FF,89.27696125383754,10.588468754256617,10.304337269887236
2025-09-15,680732,680732,683002,CWS,BAL,5,2,1,0,FF,FF,R,R,S,Called Strike,93.9,93.9,-0.33,-0.33,1.48,1.48,2484.0,2484.0,193.0,193.0,7,7.3,7.3,-2.24,-2.24,6.27,6.27,cube62_cluster1,11,1.7115660518151417,FF,95.54242544913883,5.728019039608564,15.221051570629365
2025-09-15,668678,668678,669477,AZ,SF,5,2,2,2,CH,CH,R,R,S,Foul,86.1,86.1,-1.01,-1.01,0.27,0.27,1516.0,1516.0,227.0,227.0,9,6.7,6.7,-3.21,-3.21,5.71,5.71,cube61_cluster1,4,2.1501886226109943,FF,90.06345506345505,6.430047483380817,11.373038073038074
2025-09-15,624133,624133,500743,LAD,PHI,6,1,1,1,FF,FF,L,L,B,Ball,91.4,91.4,0.38,-0.38,0.81,0.81,1861.0,1861.0,126.0,234.0,9,6.1,6.1,2.29,-2.29,5.66,5.66,cube67_cluster0,835,1.19001823018247,CH,90.86602419473125,13.606542467363951,8.526706287157376
2025-09-15,680730,680730,660670,WSH,ATL,5,2,2,2,CU,CU,L,L,B,Ball,80.5,80.5,-0.17,0.17,-0.52,-0.52,2269.0,2269.0,330.0,30.0,2,6.8,6.8,1.63,-1.63,6.29,6.29,cube8_cluster1,5,1.1652884314833776,CU,76.99877318439641,-5.367173817726275,-11.507933500365382
2025-09-15,686218,686218,547180,LAD,PHI,6,0,1,1,FF,FF,R,R,S,Foul,94.4,94.4,-0.76,-0.76,1.53,1.53,2337.0,2337.0,210.0,210.0,8,6.7,6.7,-1.21,-1.21,5.39,5.39,cube61_cluster0,650,1.6137869883737854,FF,93.56609940362357,10.767633610073183,11.615865923476361
2025-09-15,669920,669920,694671,HOU,TEX,5,2,0,1,CH,CH,R,R,B,Ball,79.5,79.5,-1.58,-1.58,-0.04,-0.04,1942.0,1942.0,262.0,262.0,10,6.6,6.6,-1.37,-1.37,5.62,5.62,cube66_cluster0,197,1.9272580384075997,CH,86.84077917182076,12.525512574763452,6.567520411131463
2025-09-15,592791,592791,687462,PIT,CHC,6,2,1,1,FC,FC,R,R,X,Spencer Horwitz doubles (22) on a sharp line drive to right fielder Willi Castro.,86.3,86.3,0.66,0.66,0.56,0.56,2509.0,2509.0,188.0,188.0,7,6.7,6.7,-1.34,-1.34,6.05,6.05,cube42_cluster0,221,1.1358728730704992,FC,88.14517513894621,-2.9372479967817404,6.184306080936519
2025-09-15,607074,607074,807712,MIN,NYY,6,0,0,1,FF,FF,L,L,S,Foul,94.2,94.2,0.78,-0.78,1.71,1.71,2432.0,2432.0,140.0,220.0,8,6.4,6.4,1.97,-1.97,6.38,6.38,cube60_cluster0,1088,1.659371702944701,FF,92.17053866131751,10.618556738155133,11.426031596706425
2025-09-15,683004,683004,621043,HOU,TEX,5,2,3,2,FF,FF,R,R,S,Carlos Correa called out on strikes.,96.5,96.5,-0.73,-0.73,1.68,1.68,2382.0,2382.0,218.0,218.0,8,6.9,6.9,-1.14,-1.14,5.59,5.59,cube61_cluster0,650,1.8710562256557062,FF,93.56609940362357,10.767633610073183,11.615865923476361
2025-09-15,680573,680573,592450,MIN,NYY,6,1,3,1,SL,SL,R,R,B,Aaron Judge walks.,84.9,84.9,0.41,0.41,0.32,0.32,2413.0,2413.0,132.0,132.0,5,6.9,6.9,-1.52,-1.52,6.2,6.2,cube32_cluster0,191,1.098023165049911,SL,86.80283260847423,-3.994445228339661,3.088972714840957
2025-09-15,675911,675911,605137,WSH,ATL,6,1,1,1,FF,FF,R,R,S,Foul,95.7,95.7,-0.46,-0.46,1.37,1.37,2202.0,2202.0,209.0,209.0,8,6.9,6.9,-1.65,-1.65,5.83,5.83,cube61_cluster0,650,1.2796982688494754,FF,93.56609940362357,10.767633610073183,11.615865923476361
2025-09-15,680732,680732,683002,CWS,BAL,5,2,0,0,FF,FF,R,R,B,Ball,95.2,95.2,-0.4,-0.4,1.59,1.59,2630.0,2630.0,200.0,200.0,8,7.2,7.2,-2.19,-2.19,6.31,6.31,cube62_cluster1,11,1.9197028125070055,FF,95.54242544913883,5.728019039608564,15.221051570629365
2025-09-15,624133,624133,500743,LAD,PHI,6,1,1,0,FF,FF,L,L,S,Swinging Strike,91.3,91.3,0.37,-0.37,0.86,0.86,1926.0,1926.0,132.0,228.0,9,6.0,6.0,2.31,-2.31,5.64,5.64,cube67_cluster0,835,1.302978091474315,CH,90.86602419473125,13.606542467363951,8.526706287157376
2025-09-15,668678,668678,669477,AZ,SF,5,2,1,2,KC,KC,R,R,B,Ball,80.4,80.4,0.38,0.38,-0.95,-0.95,2496.0,2496.0,29.0,29.0,2,6.7,6.7,-2.91,-2.91,5.91,5.91,cube10_cluster0,173,1.6768635536209446,ST,82.08401130843858,-12.249969959417843,-5.792755621368389
2025-09-15,675911,675911,605137,WSH,ATL,6,1,1,0,FF,FF,R,R,S,Foul,95.4,95.4,-0.53,-0.53,1.29,1.29,2409.0,2409.0,212.0,212.0,8,6.9,6.9,-1.72,-1.72,5.84,5.84,cube61_cluster0,650,1.1833844935557736,FF,93.56609940362357,10.767633610073183,11.615865923476361
2025-09-15,641793,641793,671056,STL,CIN,6,2,2,1,SI,SI,R,R,B,Iván Herrera hit by pitch. Brendan Donovan to 2nd.,90.5,90.5,-1.36,-1.36,0.89,0.89,1998.0,1998.0,215.0,215.0,8,6.3,6.3,-0.72,-0.72,6.01,6.01,cube59_cluster0,234,1.1655007723213007,FF,89.27696125383754,10.588468754256617,10.304337269887236
2025-09-15,592791,592791,687462,PIT,CHC,6,2,0,1,CU,CU,R,R,B,Ball,79.9,79.9,0.74,0.74,-0.62,-0.62,2499.0,2499.0,31.0,31.0,2,6.9,6.9,-1.09,-1.09,6.19,6.19,cube8_cluster0,47,1.4901322422274648,CU,78.44568855893485,-8.550382045687398,-9.675482721274784
2025-09-15,669920,669920,694671,HOU,TEX,5,2,0,0,SI,SI,R,R,S,Swinging Strike,89.8,89.8,-1.41,-1.41,-0.02,-0.02,2127.0,2127.0,247.0,247.0,9,6.5,6.5,-1.69,-1.69,5.47,5.47,cube67_cluster0,835,1.3965701814832077,CH,90.86602419473125,13.606542467363951,8.526706287157376
2025-09-15,680730,680730,660670,WSH,ATL,5,2,2,1,FF,FF,L,L,S,Foul,92.3,92.3,0.17,-0.17,1.68,1.68,2162.0,2162.0,175.0,185.0,7,6.9,6.9,1.04,-1.04,6.45,6.45,cube50_cluster0,37,2.0460581581511463,SL,89.4318003898919,-0.37548710296403526,10.18704890209373
2025-09-15,680694,680694,691019,CWS,BAL,5,1,2,1,SI,SI,R,R,S,Called Strike,95.1,95.1,-0.89,-0.89,1.11,1.11,2250.0,2250.0,199.0,199.0,8,6.5,6.5,-0.76,-0.76,6.39,6.39,cube59_cluster0,234,1.626865044744701,FF,89.27696125383754,10.588468754256617,10.304337269887236
2025-09-15,686218,686218,547180,LAD,PHI,6,0,0,1,FF,FF,R,R,B,Ball,95.6,95.6,-0.78,-0.78,1.39,1.39,2294.0,2294.0,210.0,210.0,8,6.8,6.8,-1.24,-1.24,5.3,5.3,cube61_cluster0,650,1.5902092574000672,FF,93.56609940362357,10.767633610073183,11.615865923476361
2025-09-15,683004,683004,621043,HOU,TEX,5,2,2,2,FF,FF,R,R,B,Ball,98.5,98.5,-0.5,-0.5,1.64,1.64,2540.0,2540.0,210.0,210.0,8,6.9,6.9,-1.06,-1.06,5.59,5.59,cube61_cluster0,650,2.110322757643527,FF,93.56609940362357,10.767633610073183,11.615865923476361
2025-09-15,607074,607074,807712,MIN,NYY,6,0,0,0,SL,SL,L,L,S,Called Strike,85.7,85.7,-0.48,0.48,-0.06,-0.06,2467.0,2467.0,235.0,125.0,5,6.0,6.0,2.56,-2.56,6.04,6.04,cube24_cluster0,201,1.4197380804313335,SL,85.05707893868184,-5.4676349917482,1.0599892053755027
2025-09-15,680573,680573,592450,MIN,NYY,6,1,3,0,FF,FF,R,R,S,Swinging Strike,93.3,93.3,-0.47,-0.47,1.64,1.64,2302.0,2302.0,192.0,192.0,7,6.9,6.9,-1.09,-1.09,6.42,6.42,cube50_cluster0,37,2.0610677286787964,SL,89.4318003898919,-0.37548710296403526,10.18704890209373
2025-09-15,680730,680730,660670,WSH,ATL,5,2,1,1,FF,FF,L,L,B,Ball,93.6,93.6,0.4,-0.4,1.49,1.49,2093.0,2093.0,167.0,193.0,7,6.8,6.8,0.91,-0.91,6.5,6.5,cube50_cluster0,37,1.9319471091671176,SL,89.4318003898919,-0.37548710296403526,10.18704890209373
2025-09-15,669920,669920,669701,HOU,TEX,5,2,0,1,SI,SI,R,R,X,Josh Smith singles on a ground ball to right fielder Zach Cole. Dylan Moore scores.,91.0,91.0,-1.48,-1.48,0.25,0.25,2154.0,2154.0,249.0,249.0,9,6.5,6.5,-1.66,-1.66,5.59,5.59,cube67_cluster0,835,1.0992936491694714,CH,90.86602419473125,13.606542467363951,8.526706287157376
2025-09-15,671212,671212,665489,TB,TOR,6,2,2,2,FF,FF,R,R,X,"Vladimir Guerrero Jr. grounds out softly, pitcher Joe Boyle to first baseman Yandy Díaz.",98.1,98.1,-0.62,-0.62,0.87,0.87,2476.0,2476.0,208.0,208.0,8,6.4,6.4,-0.93,-0.93,5.86,5.86,cube60_cluster0,1088,1.5962811459574746,FF,92.17053866131751,10.618556738155133,11.426031596706425
2025-09-15,683004,683004,621043,HOU,TEX,5,2,1,2,CU,CU,R,R,B,Ball,82.0,82.0,0.61,0.61,-0.47,-0.47,2510.0,2510.0,37.0,37.0,2,6.3,6.3,-0.98,-0.98,6.01,6.01,cube8_cluster0,47,0.9001641778903706,CU,78.44568855893485,-8.550382045687398,-9.675482721274784
2025-09-15,686218,686218,547180,LAD,PHI,6,0,0,0,CH,CH,R,R,S,Foul,84.8,84.8,-0.71,-0.71,0.47,0.47,996.0,996.0,256.0,256.0,10,6.5,6.5,-1.26,-1.26,5.45,5.45,cube59_cluster1,5,1.2371278165275075,SL,84.79163597246126,7.451913253012047,2.269996213425129
2025-09-15,607074,607074,668885,MIN,NYY,5,1,1,2,SL,SL,L,L,X,"Austin Martin grounds into a double play, shortstop José Caballero to second baseman Jazz Chisholm Jr. to first baseman Paul Goldschmidt. Byron Buxton out at 2nd. Austin Martin out at 1st.",86.8,86.8,-0.67,0.67,-0.31,-0.31,2743.0,2743.0,321.0,39.0,2,6.0,6.0,2.4,-2.4,6.21,6.21,cube16_cluster0,307,1.4236505341934607,ST,82.89780592219195,-9.539303936916792,-1.0521378651219842
2025-09-15,641793,641793,671056,STL,CIN,6,2,1,1,SL,SL,R,R,B,Ball In Dirt,87.1,87.1,-0.13,-0.13,0.5,0.5,2211.0,2211.0,204.0,204.0,8,6.3,6.3,-0.67,-0.67,6.14,6.14,cube41_cluster0,33,1.172157384952839,FC,87.52410341975036,-2.728102441946197,5.90336268676447
2025-09-15,624133,624133,500743,LAD,PHI,6,1,0,0,FC,FC,L,L,B,Ball,87.2,87.2,-0.31,0.31,0.6,0.6,2071.0,2071.0,187.0,173.0,7,6.2,6.2,2.23,-2.23,5.7,5.7,cube42_cluster0,221,1.06452934587154,FC,88.14517513894621,-2.9372479967817404,6.184306080936519
2025-09-15,680573,680573,592450,MIN,NYY,6,1,2,0,FS,FS,R,R,B,Ball,87.7,87.7,-0.76,-0.76,0.88,0.88,1259.0,1259.0,211.0,211.0,8,6.9,6.9,-1.21,-1.21,6.27,6.27,cube59_cluster1,5,1.3578414317620442,SL,84.79163597246126,7.451913253012047,2.269996213425129
2025-09-15,668678,668678,669477,AZ,SF,5,2,1,2,KC,KC,R,R,S,Foul,79.0,79.0,0.48,0.48,-1.06,-1.06,2382.0,2382.0,35.0,35.0,2,6.6,6.6,-3.12,-3.12,5.87,5.87,cube17_cluster1,4,1.7401780726576423,CU,78.95917169292895,-10.024787945860975,-3.9433667010451945
2025-09-15,680732,680732,669236,CWS,BAL,5,2,3,0,FF,FF,R,R,B,Jeremiah Jackson walks.,94.0,94.0,-0.53,-0.53,1.61,1.61,2641.0,2641.0,194.0,194.0,7,7.3,7.3,-1.91,-1.91,6.32,6.32,cube62_cluster1,11,2.16544563418616,FF,95.54242544913883,5.728019039608564,15.221051570629365
2025-09-15,680694,680694,691019,CWS,BAL,5,1,2,0,SL,SL,R,R,S,Called Strike,87.8,87.8,0.92,0.92,0.01,0.01,2605.0,2605.0,76.0,76.0,4,6.4,6.4,-0.99,-0.99,6.47,6.47,cube23_cluster0,18,1.295386766577427,SL,84.2588963468347,-3.122612334195792,-0.3482418990887928
2025-09-15,675911,675911,605137,WSH,ATL,6,1,0,0,CU,CU,R,R,B,Ball,77.2,77.2,0.7,0.7,-0.97,-0.97,2631.0,2631.0,68.0,68.0,3,6.9,6.9,-1.89,-1.89,5.84,5.84,cube9_cluster0,353,1.361925913346597,CU,81.04977735376619,-10.683603137730767,-7.201930121038002
2025-09-15,592791,592791,687462,PIT,CHC,6,2,0,0,ST,ST,R,R,S,Called Strike,79.1,79.1,1.36,1.36,-0.15,-0.15,2700.0,2700.0,66.0,66.0,3,6.8,6.8,-1.3,-1.3,6.1,6.1,cube9_cluster0,353,1.5684085729923534,CU,81.04977735376619,-10.683603137730767,-7.201930121038002
2025-09-15,683004,683004,621043,HOU,TEX,5,2,0,2,CU,CU,R,R,B,Ball,84.5,84.5,0.08,0.08,-0.58,-0.58,2676.0,2676.0,34.0,34.0,2,6.6,6.6,-0.95,-0.95,5.95,5.95,cube16_cluster1,3,1.4680712290211586,SL,84.62908556149733,-4.066402139037433,-1.9111454545454545
2025-09-15,669920,669920,669701,HOU,TEX,5,2,0,0,ST,ST,R,R,S,Called Strike,78.4,78.4,1.47,1.47,0.11,0.11,2647.0,2647.0,68.0,68.0,3,6.2,6.2,-1.89,-1.89,5.51,5.51,cube16_cluster0,307,1.1878768694414268,ST,82.89780592219195,-9.539303936916792,-1.0521378651219842
2025-09-15,668678,668678,669477,AZ,SF,5,2,1,1,KC,KC,R,R,S,Foul,80.2,80.2,0.36,0.36,-0.94,-0.94,2377.0,2377.0,26.0,26.0,2,6.5,6.5,-3.01,-3.01,5.92,5.92,cube17_cluster1,4,1.7851895417004298,CU,78.95917169292895,-10.024787945860975,-3.9433667010451945
2025-09-15,671212,671212,665489,TB,TOR,6,2,2,2,FS,FS,R,R,S,Foul,94.0,94.0,-1.36,-1.36,0.36,0.36,1951.0,1951.0,234.0,234.0,9,6.4,6.4,-0.95,-0.95,5.84,5.84,cube59_cluster0,234,1.4633325278842961,FF,89.27696125383754,10.588468754256617,10.304337269887236
2025-09-15,624133,624133,669743,LAD,PHI,6,1,2,2,FF,FF,L,L,X,Alex Call singles on a ground ball to right fielder Max Kepler.,91.8,91.8,0.38,-0.38,0.77,0.77,1883.0,1883.0,130.0,230.0,9,6.0,6.0,2.22,-2.22,5.72,5.72,cube67_cluster0,835,1.2268566572612154,CH,90.86602419473125,13.606542467363951,8.526706287157376
2025-09-15,686218,686218,656941,LAD,PHI,6,0,3,2,FF,FF,R,R,B,Kyle Schwarber walks.,95.5,95.5,-0.75,-0.75,1.51,1.51,2439.0,2439.0,206.0,206.0,8,6.6,6.6,-1.01,-1.01,5.53,5.53,cube60_cluster0,1088,1.751301820838084,FF,92.17053866131751,10.618556738155133,11.426031596706425
2025-09-15,592791,592791,669707,PIT,CHC,6,1,1,1,SI,SI,R,R,X,"Jared Triolo grounds out, third baseman Matt Shaw to first baseman Michael Busch.",91.3,91.3,-1.12,-1.12,1.02,1.02,2092.0,2092.0,198.0,198.0,8,6.8,6.8,-1.01,-1.01,6.1,6.1,cube60_cluster0,1088,1.444773913611423,FF,92.17053866131751,10.618556738155133,11.426031596706425
2025-09-15,680730,680730,660670,WSH,ATL,5,2,0,1,CU,CU,L,L,B,Ball,80.1,80.1,-0.16,0.16,-0.6,-0.6,2285.0,2285.0,345.0,15.0,2,6.8,6.8,1.38,-1.38,6.26,6.26,cube8_cluster1,5,1.2520311422130386,CU,76.99877318439641,-5.367173817726275,-11.507933500365382
2025-09-15,680694,680694,691019,CWS,BAL,5,1,1,0,FF,FF,R,R,B,Ball In Dirt,93.4,93.4,0.07,0.07,1.54,1.54,2483.0,2483.0,186.0,186.0,7,6.4,6.4,-0.88,-0.88,6.57,6.57,cube50_cluster0,37,1.568665918353423,SL,89.4318003898919,-0.37548710296403526,10.18704890209373
2025-09-15,641793,641793,671056,STL,CIN,6,2,1,0,FF,FF,R,R,S,Called Strike,90.3,90.3,-0.5,-0.5,1.46,1.46,1967.0,1967.0,210.0,210.0,8,6.5,6.5,-0.57,-0.57,6.07,6.07,cube59_cluster0,234,1.6581955531192518,FF,89.27696125383754,10.588468754256617,10.304337269887236
2025-09-15,680732,680732,669236,CWS,BAL,5,2,2,0,SL,SL,R,R,B,Ball,87.4,87.4,0.52,0.52,0.43,0.43,2429.0,2429.0,160.0,160.0,6,7.3,7.3,-2.33,-2.33,6.12,6.12,cube33_cluster1,4,1.6471640817885809,CU,87.03806300600712,-4.169347463186675,3.7905776736134102
2025-09-15,680573,680573,592450,MIN,NYY,6,1,1,0,FS,FS,R,R,B,Ball,88.2,88.2,-0.85,-0.85,0.64,0.64,1343.0,1343.0,214.0,214.0,8,6.9,6.9,-1.32,-1.32,6.29,6.29,cube59_cluster1,5,1.2221599297909318,SL,84.79163597246126,7.451913253012047,2.269996213425129
2025-09-15,675911,675911,695578,WSH,ATL,6,0,1,1,CH,CH,R,R,X,"James Wood grounds out softly, pitcher Spencer Strider to first baseman Matt Olson.",85.0,85.0,-1.25,-1.25,0.49,0.49,2147.0,2147.0,225.0,225.0,9,6.8,6.8,-2.08,-2.08,5.78,5.78,cube67_cluster0,835,1.1854506867892627,CH,90.86602419473125,13.606542467363951,8.526706287157376
2025-09-15,607074,607074,668885,MIN,NYY,5,1,1,1,CH,CH,L,L,S,Foul,82.3,82.3,0.84,-0.84,0.38,0.38,1637.0,1637.0,131.0,229.0,9,6.1,6.1,2.14,-2.14,6.23,6.23,cube66_cluster0,197,1.1770781941115565,CH,86.84077917182076,12.525512574763452,6.567520411131463
2025-09-15,669461,669461,701398,STL,CIN,6,2,1,1,CH,CH,L,L,X,Sal Stewart flies out to center fielder Victor Scott II.,87.7,87.7,1.33,-1.33,0.85,0.85,1843.0,1843.0,133.0,227.0,9,6.2,6.2,0.78,-0.78,6.39,6.39,cube59_cluster0,234,1.1398250226358846,FF,89.27696125383754,10.588468754256617,10.304337269887236
2025-09-15,669920,669920,664238,HOU,TEX,5,2,2,1,SI,SI,R,R,X,Dylan Moore singles on a ground ball to second baseman Jose Altuve.,90.6,90.6,-1.47,-1.47,0.28,0.28,2134.0,2134.0,241.0,241.0,9,6.4,6.4,-1.34,-1.34,5.58,5.58,cube67_cluster0,835,1.2572199921221927,CH,90.86602419473125,13.606542467363951,8.526706287157376
2025-09-15,641793,641793,671056,STL,CIN,6,2,0,0,SI,SI,R,R,B,Ball,91.0,91.0,-1.2,-1.2,1.04,1.04,1855.0,1855.0,212.0,212.0,8,6.4,6.4,-0.65,-0.65,6.01,6.01,cube59_cluster0,234,1.2807206362598336,FF,89.27696125383754,10.588468754256617,10.304337269887236
2025-09-15,669461,669461,701398,STL,CIN,6,2,0,1,SI,SI,L,L,B,Ball,94.9,94.9,1.22,-1.22,0.99,0.99,1996.0,1996.0,145.0,215.0,8,6.6,6.6,0.44,-0.44,6.42,6.42,cube59_cluster0,234,1.839047394791138,FF,89.27696125383754,10.588468754256617,10.304337269887236
2025-09-15,680573,680573,592450,MIN,NYY,6,1,0,0,FF,FF,R,R,B,Ball,92.2,92.2,-0.63,-0.63,1.5,1.5,2335.0,2335.0,195.0,195.0,8,6.7,6.7,-1.0,-1.0,6.59,6.59,cube50_cluster0,37,1.8453618160594947,SL,89.4318003898919,-0.37548710296403526,10.18704890209373
2025-09-15,675911,675911,695578,WSH,ATL,6,0,0,1,CU,CU,R,R,B,Ball,75.8,75.8,1.01,1.01,-0.74,-0.74,2574.0,2574.0,65.0,65.0,3,6.7,6.7,-1.96,-1.96,5.9,5.9,cube9_cluster0,353,1.03882906577717,CU,81.04977735376619,-10.683603137730767,-7.201930121038002
2025-09-15,680730,680730,660670,WSH,ATL,5,2,0,0,FS,FS,L,L,S,Swinging Strike,84.9,84.9,0.25,-0.25,0.87,0.87,1060.0,1060.0,140.0,220.0,8,7.3,7.3,1.45,-1.45,6.26,6.26,cube59_cluster1,5,1.7173944142354651,SL,84.79163597246126,7.451913253012047,2.269996213425129
2025-09-15,592791,592791,669707,PIT,CHC,6,1,1,0,FF,FF,R,R,S,Called Strike,91.0,91.0,-0.68,-0.68,1.42,1.42,2263.0,2263.0,208.0,208.0,8,7.0,7.0,-1.0,-1.0,6.16,6.16,cube60_cluster0,1088,1.834333942428417,FF,92.17053866131751,10.618556738155133,11.426031596706425
2025-09-15,683004,683004,621043,HOU,TEX,5,2,0,1,SI,SI,R,R,S,Called Strike,96.5,96.5,-1.0,-1.0,1.16,1.16,2325.0,2325.0,212.0,212.0,8,6.9,6.9,-0.88,-0.88,5.7,5.7,cube60_cluster0,1088,1.7611210748185864,FF,92.17053866131751,10.618556738155133,11.426031596706425
2025-09-15,671212,671212,665489,TB,TOR,6,2,1,2,FS,FS,R,R,B,Ball,93.8,93.8,-1.5,-1.5,0.26,0.26,2036.0,2036.0,230.0,230.0,9,6.5,6.5,-1.02,-1.02,5.73,5.73,cube67_cluster0,835,1.5662072776501432,CH,90.86602419473125,13.606542467363951,8.526706287157376
2025-09-15,624133,624133,669743,LAD,PHI,6,1,1,2,SI,SI,L,L,B,Ball,90.7,90.7,0.89,-0.89,0.65,0.65,1972.0,1972.0,142.0,218.0,8,6.2,6.2,2.08,-2.08,5.76,5.76,cube67_cluster0,835,0.5374988833527221,CH,90.86602419473125,13.606542467363951,8.526706287157376
2025-09-15,680732,680732,669236,CWS,BAL,5,2,1,0,KC,KC,R,R,B,Ball,81.3,81.3,-0.09,-0.09,-0.84,-0.84,2384.0,2384.0,17.0,17.0,2,7.3,7.3,-2.25,-2.25,6.24,6.24,cube8_cluster1,5,1.9218001960424949,CU,76.99877318439641,-5.367173817726275,-11.507933500365382
2025-09-15,680694,680694,691019,CWS,BAL,5,1,0,0,SI,SI,R,R,B,Ball,94.7,94.7,-1.0,-1.0,1.37,1.37,2186.0,2186.0,191.0,191.0,7,6.4,6.4,-0.91,-0.91,6.57,6.57,cube59_cluster0,234,1.6798363421957385,FF,89.27696125383754,10.588468754256617,10.304337269887236
2025-09-15,607074,607074,668885,MIN,NYY,5,1,0,1,FF,FF,L,L,B,Ball,95.5,95.5,1.0,-1.0,1.32,1.32,2422.0,2422.0,136.0,224.0,8,6.2,6.2,1.93,-1.93,6.38,6.38,cube66_cluster1,5,1.327784303532994,FF,93.24252622389831,13.00015635891318,12.382567932373675
2025-09-15,686218,686218,656941,LAD,PHI,6,0,3,2,FF,FF,R,R,S,Foul,94.9,94.9,-0.71,-0.71,1.52,1.52,2326.0,2326.0,209.0,209.0,8,6.7,6.7,-1.15,-1.15,5.49,5.49,cube60_cluster0,1088,1.6372491384509475,FF,92.17053866131751,10.618556738155133,11.426031596706425
2025-09-15,668678,668678,669477,AZ,SF,5,2,1,0,KC,KC,R,R,S,Called Strike,79.8,79.8,0.4,0.4,-1.06,-1.06,2406.0,2406.0,30.0,30.0,2,6.5,6.5,-3.02,-3.02,5.96,5.96,cube10_cluster0,173,1.8856914793230628,ST,82.08401130843858,-12.249969959417843,-5.792755621368389
2025-09-15,607074,607074,668885,MIN,NYY,5,1,0,0,SI,SI,L,L,S,Called Strike,92.8,92.8,1.1,-1.1,0.4,0.4,2309.0,2309.0,126.0,234.0,9,6.2,6.2,2.33,-2.33,6.2,6.2,cube59_cluster2,6,1.3451535834540749,FF,93.07150817165655,13.135553184666456,11.807015565535274
2025-09-15,675911,675911,695578,WSH,ATL,6,0,0,0,FF,FF,R,R,S,Foul,94.4,94.4,-0.54,-0.54,1.45,1.45,2335.0,2335.0,209.0,209.0,8,7.0,7.0,-1.55,-1.55,5.83,5.83,cube61_cluster0,650,1.4481795242208915,FF,93.56609940362357,10.767633610073183,11.615865923476361
2025-09-15,641793,641793,680977,STL,CIN,6,2,3,2,SL,SL,R,R,X,Brendan Donovan singles on a sharp line drive to right fielder Noelvi Marte.,86.5,86.5,0.5,0.5,0.8,0.8,2164.0,2164.0,203.0,203.0,8,6.2,6.2,-0.74,-0.74,6.2,6.2,cube50_cluster0,37,1.0831562808657946,SL,89.4318003898919,-0.37548710296403526,10.18704890209373
2025-09-15,669920,669920,664238,HOU,TEX,5,2,2,0,SI,SI,R,R,S,Called Strike,90.9,90.9,-1.63,-1.63,0.01,0.01,2206.0,2206.0,245.0,245.0,9,6.4,6.4,-1.39,-1.39,5.45,5.45,cube67_cluster0,835,1.6541416727754348,CH,90.86602419473125,13.606542467363951,8.526706287157376
2025-09-15,624133,624133,669743,LAD,PHI,6,1,1,1,FC,FC,L,L,S,Foul,87.1,87.1,-0.08,0.08,0.57,0.57,2041.0,2041.0,155.0,205.0,8,6.5,6.5,2.1,-2.1,5.69,5.69,cube52_cluster0,159,1.0228778080320717,FC,90.76795186341266,-0.1350320156357884,9.625773571373404
2025-09-15,680573,680573,663757,MIN,NYY,6,0,0,0,CU,CU,R,R,X,Trent Grisham lines out sharply to center fielder Byron Buxton.,79.2,79.2,0.39,0.39,-0.63,-0.63,2671.0,2671.0,40.0,40.0,2,6.7,6.7,-1.25,-1.25,6.46,6.46,cube8_cluster0,47,1.3937838372957883,CU,78.44568855893485,-8.550382045687398,-9.675482721274784
2025-09-15,680730,680730,621566,WSH,ATL,5,2,1,0,CU,CU,L,L,X,Matt Olson homers (26) on a fly ball to right field. Marcell Ozuna scores. Michael Harris II scores.,80.5,80.5,0.2,-0.2,-0.58,-0.58,2381.0,2381.0,340.0,20.0,2,6.6,6.6,1.42,-1.42,6.36,6.36,cube8_cluster1,5,1.2648393955143884,CU,76.99877318439641,-5.367173817726275,-11.507933500365382
2025-09-15,680732,680732,669236,CWS,BAL,5,2,0,0,FF,FF,R,R,B,Ball,94.5,94.5,-0.58,-0.58,1.22,1.22,2652.0,2652.0,193.0,193.0,7,7.2,7.2,-1.94,-1.94,6.34,6.34,cube62_cluster1,11,2.120367183609231,FF,95.54242544913883,5.728019039608564,15.221051570629365
2025-09-15,592791,592791,669707,PIT,CHC,6,1,0,0,FC,FC,R,R,B,Ball,85.4,85.4,0.85,0.85,0.46,0.46,2577.0,2577.0,166.0,166.0,7,6.9,6.9,-1.1,-1.1,6.12,6.12,cube32_cluster0,191,1.5431345626366553,SL,86.80283260847423,-3.994445228339661,3.088972714840957
2025-09-15,680694,680694,643565,CWS,BAL,5,0,0,2,SI,SI,R,R,S,Mike Tauchman strikes out swinging.,94.3,94.3,-1.15,-1.15,1.34,1.34,2256.0,2256.0,183.0,183.0,7,6.4,6.4,-0.99,-0.99,6.55,6.55,cube59_cluster0,234,1.704192039210027,FF,89.27696125383754,10.588468754256617,10.304337269887236
2025-09-15,683004,683004,621043,HOU,TEX,5,2,0,0,SL,SL,R,R,S,Called Strike,86.9,86.9,0.4,0.4,0.31,0.31,2608.0,2608.0,120.0,120.0,5,6.7,6.7,-1.07,-1.07,5.84,5.84,cube32_cluster0,191,1.1445402140354064,SL,86.80283260847423,-3.994445228339661,3.088972714840957
2025-09-15,686218,686218,656941,LAD,PHI,6,0,3,2,FF,FF,R,R,S,Foul,94.5,94.5,-0.57,-0.57,1.44,1.44,2369.0,2369.0,203.0,203.0,8,6.7,6.7,-0.99,-0.99,5.58,5.58,cube60_cluster0,1088,1.6982111663487722,FF,92.17053866131751,10.618556738155133,11.426031596706425
2025-09-15,671212,671212,665489,TB,TOR,6,2,0,2,FF,FF,R,R,B,Ball,97.2,97.2,-0.17,-0.17,0.99,0.99,2641.0,2641.0,209.0,209.0,8,6.5,6.5,-0.81,-0.81,5.8,5.8,cube51_cluster0,242,1.8274314920323043,FC,90.51269321530226,-0.30860007748352697,10.065859987082858
2025-09-15,668678,668678,669477,AZ,SF,5,2,0,0,FF,FF,R,R,B,Ball,93.2,93.2,-0.19,-0.19,1.42,1.42,2463.0,2463.0,209.0,209.0,8,6.6,6.6,-3.0,-3.0,5.93,5.93,cube62_cluster1,11,1.5233950809154502,FF,95.54242544913883,5.728019039608564,15.221051570629365
2025-09-15,669461,669461,701398,STL,CIN,6,2,0,0,FF,FF,L,L,S,Foul,94.7,94.7,0.39,-0.39,1.33,1.33,2054.0,2054.0,153.0,207.0,8,6.6,6.6,0.38,-0.38,6.56,6.56,cube50_cluster0,37,2.0504806574466126,SL,89.4318003898919,-0.37548710296403526,10.18704890209373
2025-09-15,641793,641793,680977,STL,CIN,6,2,3,1,FF,FF,R,R,S,Foul,90.6,90.6,-0.74,-0.74,1.31,1.31,1937.0,1937.0,213.0,213.0,8,6.3,6.3,-0.79,-0.79,6.12,6.12,cube59_cluster0,234,1.120324936289235,FF,89.27696125383754,10.588468754256617,10.304337269887236
2025-09-15,683004,683004,805904,HOU,TEX,5,2,1,2,FF,FF,R,R,X,Zach Cole homers (2) on a fly ball to right field. Jeremy Peña scores.,95.9,95.9,-0.73,-0.73,1.56,1.56,2381.0,2381.0,211.0,211.0,8,6.7,6.7,-1.22,-1.22,5.61,5.61,cube60_cluster0,1088,1.5857643071582723,FF,92.17053866131751,10.618556738155133,11.426031596706425
2025-09-15,680730,680730,621566,WSH,ATL,5,2,0,0,FF,FF,L,L,B,Ball,93.4,93.4,0.3,-0.3,1.55,1.55,2229.0,2229.0,173.0,187.0,7,6.9,6.9,0.7,-0.7,6.52,6.52,cube50_cluster0,37,2.1347742956758964,SL,89.4318003898919,-0.37548710296403526,10.18704890209373
2025-09-15,592791,592791,694377,PIT,CHC,6,0,1,1,FF,FF,R,R,X,Nick Yorke flies out to center fielder Pete Crow-Armstrong.,91.4,91.4,-0.61,-0.61,1.34,1.34,2277.0,2277.0,206.0,206.0,8,6.8,6.8,-1.04,-1.04,6.1,6.1,cube60_cluster0,1088,1.5332493856957514,FF,92.17053866131751,10.618556738155133,11.426031596706425
2025-09-15,675911,675911,682928,WSH,ATL,5,2,0,1,SL,SL,R,R,X,CJ Abrams flies out to right fielder Ronald Acuña Jr.,82.2,82.2,0.46,0.46,0.14,0.14,2328.0,2328.0,127.0,127.0,5,7.0,7.0,-1.88,-1.88,5.86,5.86,cube33_cluster0,94,1.1266076563063752,SL,87.30386197983206,-4.155245122339746,2.874909281221629
2025-09-15,680694,680694,643565,CWS,BAL,5,0,0,1,SL,SL,R,R,S,Called Strike,86.5,86.5,0.81,0.81,-0.01,-0.01,2501.0,2501.0,59.0,59.0,3,6.3,6.3,-1.29,-1.29,6.39,6.39,cube15_cluster0,23,0.9500188451073784,CU,82.92103283413093,-3.9398978499082826,-3.816941770346403
2025-09-15,671212,671212,665489,TB,TOR,6,2,0,2,FS,FS,R,R,S,Foul,94.0,94.0,-1.17,-1.17,0.38,0.38,2067.0,2067.0,225.0,225.0,9,6.5,6.5,-1.05,-1.05,5.83,5.83,cube60_cluster0,1088,1.3965726841685095,FF,92.17053866131751,10.618556738155133,11.426031596706425
2025-09-15,680573,680573,669224,MIN,NYY,5,2,1,2,FF,FF,R,R,X,Austin Wells flies out to center fielder Byron Buxton.,94.4,94.4,-0.55,-0.55,1.61,1.61,2440.0,2440.0,197.0,197.0,8,6.9,6.9,-1.35,-1.35,6.33,6.33,cube60_cluster0,1088,1.9260749794381673,FF,92.17053866131751,10.618556738155133,11.426031596706425
2025-09-15,624133,624133,669743,LAD,PHI,6,1,0,1,FC,FC,L,L,B,Ball,87.1,87.1,-0.12,0.12,0.57,0.57,2045.0,2045.0,156.0,204.0,8,6.0,6.0,2.24,-2.24,5.7,5.7,cube51_cluster0,242,1.2922005816222313,FC,90.51269321530226,-0.30860007748352697,10.065859987082858
2025-09-15,686218,686218,656941,LAD,PHI,6,0,3,2,FF,FF,R,R,S,Foul,95.2,95.2,-0.88,-0.88,1.55,1.55,2356.0,2356.0,208.0,208.0,8,6.7,6.7,-1.11,-1.11,5.49,5.49,cube60_cluster0,1088,1.7033090239815911,FF,92.17053866131751,10.618556738155133,11.426031596706425
2025-09-15,668678,668678,672275,AZ,SF,5,1,1,1,CH,CH,R,R,X,Patrick Bailey lines out to center fielder Alek Thomas.,84.1,84.1,-0.88,-0.88,0.34,0.34,1541.0,1541.0,229.0,229.0,9,6.5,6.5,-3.38,-3.38,5.76,5.76,cube61_cluster1,4,2.144161535385716,FF,90.06345506345505,6.430047483380817,11.373038073038074
2025-09-15,680732,680732,702616,CWS,BAL,5,1,0,2,KC,KC,R,R,X,"Jackson Holliday grounds out, pitcher Sean Burke to first baseman Lenyn Sosa.",83.7,83.7,0.33,0.33,-0.95,-0.95,2633.0,2633.0,29.0,29.0,2,7.1,7.1,-2.32,-2.32,6.15,6.15,cube10_cluster0,173,1.9112742081714615,ST,82.08401130843858,-12.249969959417843,-5.792755621368389
2025-09-15,669920,669920,664238,HOU,TEX,5,2,1,0,SI,SI,R,R,B,Ball,90.3,90.3,-1.41,-1.41,0.34,0.34,2183.0,2183.0,243.0,243.0,9,6.4,6.4,-1.53,-1.53,5.52,5.52,cube67_cluster0,835,1.1313548273449479,CH,90.86602419473125,13.606542467363951,8.526706287157376
2025-09-15,607074,607074,621439,MIN,NYY,5,1,0,0,CH,CH,L,L,X,Byron Buxton singles on a line drive to left fielder Cody Bellinger. Edouard Julien to 2nd.,84.1,84.1,1.16,-1.16,0.13,0.13,1621.0,1621.0,130.0,230.0,9,6.3,6.3,2.2,-2.2,6.13,6.13,cube66_cluster0,197,1.1660724983713944,CH,86.84077917182076,12.525512574763452,6.567520411131463
2025-09-15,669461,669461,669720,STL,CIN,6,2,3,0,FF,FF,L,L,X,Austin Hays singles on a line drive to right fielder Lars Nootbaar.,94.7,94.7,0.6,-0.6,1.35,1.35,2102.0,2102.0,154.0,206.0,8,6.5,6.5,0.46,-0.46,6.57,6.57,cube50_cluster0,37,1.969292279912379,SL,89.4318003898919,-0.37548710296403526,10.18704890209373
2025-09-15,683004,683004,805904,HOU,TEX,5,2,1,2,SL,SL,R,R,S,Foul,88.0,88.0,0.24,0.24,0.48,0.48,2417.0,2417.0,156.0,156.0,6,6.5,6.5,-1.35,-1.35,5.83,5.83,cube32_cluster0,191,0.690907652937456,SL,86.80283260847423,-3.994445228339661,3.088972714840957
2025-09-15,592791,592791,694377,PIT,CHC,6,0,0,1,ST,ST,R,R,B,Ball,80.2,80.2,0.86,0.86,0.16,0.16,2662.0,2662.0,55.0,55.0,3,6.9,6.9,-1.2,-1.2,6.03,6.03,cube24_cluster0,201,1.6668770249880347,SL,85.05707893868184,-5.4676349917482,1.0599892053755027
2025-09-15,675911,675911,682928,WSH,ATL,5,2,0,0,FF,FF,R,R,S,Called Strike,95.5,95.5,-0.78,-0.78,1.52,1.52,2376.0,2376.0,207.0,207.0,8,7.1,7.1,-1.73,-1.73,5.94,5.94,cube61_cluster0,650,1.543338742668374,FF,93.56609940362357,10.767633610073183,11.615865923476361
2025-09-15,680730,680730,595777,WSH,ATL,5,1,1,1,FF,FF,L,L,X,"Jurickson Profar grounds out, third baseman Paul DeJong to first baseman Josh Bell.",92.6,92.6,0.33,-0.33,1.55,1.55,2272.0,2272.0,167.0,193.0,7,6.7,6.7,0.8,-0.8,6.51,6.51,cube50_cluster0,37,1.8138900372431745,SL,89.4318003898919,-0.37548710296403526,10.18704890209373
2025-09-15,680732,680732,702616,CWS,BAL,5,1,0,1,FF,FF,R,R,S,Called Strike,96.9,96.9,-0.41,-0.41,1.52,1.52,2654.0,2654.0,200.0,200.0,8,7.1,7.1,-2.27,-2.27,6.24,6.24,cube62_cluster1,11,1.7921150052728856,FF,95.54242544913883,5.728019039608564,15.221051570629365
2025-09-15,680573,680573,669224,MIN,NYY,5,2,1,2,FF,FF,R,R,S,Foul,94.8,94.8,-0.57,-0.57,1.42,1.42,2098.0,2098.0,197.0,197.0,8,6.9,6.9,-1.17,-1.17,6.33,6.33,cube60_cluster0,1088,1.781268039940509,FF,92.17053866131751,10.618556738155133,11.426031596706425
2025-09-15,686218,686218,656941,LAD,PHI,6,0,3,2,CH,CH,R,R,S,Foul,86.3,86.3,-1.3,-1.3,0.32,0.32,1200.0,1200.0,257.0,257.0,10,6.5,6.5,-1.12,-1.12,5.43,5.43,cube59_cluster1,5,1.3706860136491328,SL,84.79163597246126,7.451913253012047,2.269996213425129
2025-09-15,671212,671212,665489,TB,TOR,6,2,0,1,FF,FF,R,R,S,Called Strike,98.4,98.4,-0.74,-0.74,1.33,1.33,2613.0,2613.0,220.0,220.0,8,6.4,6.4,-0.96,-0.96,5.75,5.75,cube60_cluster0,1088,1.8354121790589488,FF,92.17053866131751,10.618556738155133,11.426031596706425
2025-09-15,607074,607074,666397,MIN,NYY,5,1,1,2,CH,CH,L,L,X,Edouard Julien singles on a sharp line drive to right fielder Aaron Judge.,85.4,85.4,1.19,-1.19,0.08,0.08,1724.0,1724.0,125.0,235.0,9,6.5,6.5,2.36,-2.36,6.14,6.14,cube66_cluster0,197,1.461639286850696,CH,86.84077917182076,12.525512574763452,6.567520411131463
2025-09-15,668678,668678,672275,AZ,SF,5,1,0,1,CH,CH,R,R,B,Ball,84.7,84.7,-1.02,-1.02,0.28,0.28,1603.0,1603.0,227.0,227.0,9,6.6,6.6,-3.24,-3.24,5.77,5.77,cube61_cluster1,4,2.1191746816200343,FF,90.06345506345505,6.430047483380817,11.373038073038074
2025-09-15,669461,669461,669720,STL,CIN,6,2,2,0,FF,FF,L,L,B,Ball,94.3,94.3,0.69,-0.69,1.36,1.36,2099.0,2099.0,153.0,207.0,8,6.5,6.5,0.59,-0.59,6.5,6.5,cube59_cluster0,234,1.8001752515105982,FF,89.27696125383754,10.588468754256617,10.304337269887236
2025-09-15,669920,669920,664238,HOU,TEX,5,2,0,0,SI,SI,R,R,B,Ball,90.9,90.9,-1.44,-1.44,0.32,0.32,2221.0,2221.0,244.0,244.0,9,6.3,6.3,-1.37,-1.37,5.6,5.6,cube67_cluster0,835,1.287641211365457,CH,90.86602419473125,13.606542467363951,8.526706287157376
2025-09-15,641793,641793,680977,STL,CIN,6,2,2,1,FF,FF,R,R,B,Ball,90.4,90.4,-0.73,-0.73,1.29,1.29,1932.0,1932.0,216.0,216.0,8,6.2,6.2,-0.84,-0.84,6.14,6.14,cube59_cluster0,234,1.006068104849555,FF,89.27696125383754,10.588468754256617,10.304337269887236
2025-09-15,624133,624133,669743,LAD,PHI,6,1,0,0,FF,FF,L,L,S,Called Strike,91.0,91.0,0.31,-0.31,0.73,0.73,1789.0,1789.0,125.0,235.0,9,6.1,6.1,2.29,-2.29,5.53,5.53,cube67_cluster0,835,1.3444783945495513,CH,90.86602419473125,13.606542467363951,8.526706287157376
2025-09-15,680694,680694,643565,CWS,BAL,5,0,0,0,SI,SI,R,R,S,Called Strike,92.5,92.5,-0.85,-0.85,1.28,1.28,2179.0,2179.0,199.0,199.0,8,6.3,6.3,-0.96,-0.96,6.53,6.53,cube59_cluster0,234,1.384587871570164,FF,89.27696125383754,10.588468754256617,10.304337269887236
2025-09-15,678906,678906,677950,AZ,SF,4,2,0,1,CU,CU,R,R,X,"Alek Thomas grounds out, first baseman Rafael Devers to pitcher Kai-Wei Teng.",82.2,82.2,1.11,1.11,-0.69,-0.69,2637.0,2637.0,34.0,34.0,2,6.4,6.4,-2.17,-2.17,5.57,5.57,cube10_cluster0,173,0.4306800388420602,ST,82.08401130843858,-12.249969959417843,-5.792755621368389
2025-09-15,669461,669461,669720,STL,CIN,6,2,1,0,CU,CU,L,L,B,Ball,75.5,75.5,-0.98,0.98,-1.45,-1.45,2889.0,2889.0,337.0,23.0,2,6.3,6.3,0.49,-0.49,6.65,6.65,cube1_cluster0,11,1.3466313216457284,CU,80.41940225841523,-7.8151704354474925,-14.345667881001397
2025-09-15,607074,607074,666397,MIN,NYY,5,1,1,2,SL,SL,L,L,S,Foul,88.3,88.3,-0.15,0.15,0.43,0.43,2562.0,2562.0,118.0,242.0,9,5.9,5.9,2.5,-2.5,6.12,6.12,cube51_cluster0,242,1.666082530583971,FC,90.51269321530226,-0.30860007748352697,10.065859987082858
2025-09-15,669920,669920,641680,HOU,TEX,5,1,1,2,CH,CH,R,R,X,Jonah Heim lines out sharply to center fielder Jake Meyers.,80.1,80.1,-1.67,-1.67,0.36,0.36,1842.0,1842.0,264.0,264.0,10,6.4,6.4,-1.32,-1.32,5.74,5.74,cube66_cluster0,197,1.4851461630124898,CH,86.84077917182076,12.525512574763452,6.567520411131463
2025-09-15,680732,680732,702616,CWS,BAL,5,1,0,0,FF,FF,R,R,S,Foul,95.9,95.9,-0.3,-0.3,1.49,1.49,2626.0,2626.0,199.0,199.0,8,7.3,7.3,-1.98,-1.98,6.3,6.3,cube62_cluster1,11,2.0314803968621833,FF,95.54242544913883,5.728019039608564,15.221051570629365
2025-09-15,675911,675911,690987,WSH,ATL,5,1,0,0,FF,FF,R,R,X,Robert Hassell III flies out to left fielder Jurickson Profar.,95.1,95.1,-0.78,-0.78,1.34,1.34,2305.0,2305.0,211.0,211.0,8,6.9,6.9,-1.81,-1.81,5.83,5.83,cube61_cluster0,650,1.024920123652261,FF,93.56609940362357,10.767633610073183,11.615865923476361
2025-09-15,680573,680573,669224,MIN,NYY,5,2,0,2,FF,FF,R,R,B,Ball,94.9,94.9,-0.4,-0.4,1.38,1.38,2141.0,2141.0,201.0,201.0,8,6.8,6.8,-1.38,-1.38,6.37,6.37,cube60_cluster0,1088,1.6349511943500168,FF,92.17053866131751,10.618556738155133,11.426031596706425
2025-09-15,668678,668678,672275,AZ,SF,5,1,0,0,CH,CH,R,R,S,Called Strike,83.5,83.5,-0.97,-0.97,0.17,0.17,1561.0,1561.0,235.0,235.0,9,6.4,6.4,-3.37,-3.37,5.77,5.77,cube61_cluster1,4,2.351402797744499,FF,90.06345506345505,6.430047483380817,11.373038073038074
2025-09-15,683004,683004,805904,HOU,TEX,5,2,1,2,CH,CH,R,R,S,Foul,89.4,89.4,-1.12,-1.12,0.41,0.41,1286.0,1286.0,228.0,228.0,9,6.6,6.6,-1.2,-1.2,5.76,5.76,cube59_cluster1,5,0.954483499151816,SL,84.79163597246126,7.451913253012047,2.269996213425129
2025-09-15,671212,671212,665489,TB,TOR,6,2,0,0,SL,SL,R,R,S,Foul,89.7,89.7,0.42,0.42,-0.08,-0.08,2715.0,2715.0,93.0,93.0,4,6.4,6.4,-0.98,-0.98,5.82,5.82,cube16_cluster1,3,1.101634453935156,SL,84.62908556149733,-4.066402139037433,-1.9111454545454545
2025-09-15,624133,624133,518692,LAD,PHI,6,0,0,0,SL,SL,L,L,X,Freddie Freeman flies out to left fielder Brandon Marsh.,82.2,82.2,-0.4,0.4,0.48,0.48,2174.0,2174.0,247.0,113.0,5,6.0,6.0,2.33,-2.33,5.6,5.6,cube25_cluster0,134,1.4372331685872155,SL,84.71727501905048,-6.356816171388189,1.485555081783951
2025-09-15,678906,678906,677950,AZ,SF,4,2,0,0,CU,CU,R,R,S,Swinging Strike,81.7,81.7,1.17,1.17,-0.66,-0.66,2738.0,2738.0,44.0,44.0,2,6.4,6.4,-2.22,-2.22,5.58,5.58,cube10_cluster0,173,0.3971197151705756,ST,82.08401130843858,-12.249969959417843,-5.792755621368389
2025-09-15,592791,592791,694377,PIT,CHC,6,0,0,0,FF,FF,R,R,S,Called Strike,91.5,91.5,-0.56,-0.56,1.39,1.39,2278.0,2278.0,205.0,205.0,8,6.8,6.8,-1.08,-1.08,6.1,6.1,cube60_cluster0,1088,1.540942880047657,FF,92.17053866131751,10.618556738155133,11.426031596706425
2025-09-15,641793,641793,680977,STL,CIN,6,2,2,0,SL,SL,R,R,S,Called Strike,86.7,86.7,-0.15,-0.15,0.78,0.78,2159.0,2159.0,206.0,206.0,8,6.1,6.1,-0.87,-0.87,6.19,6.19,cube50_cluster0,37,0.7970675418518944,SL,89.4318003898919,-0.37548710296403526,10.18704890209373
2025-09-15,680730,680730,595777,WSH,ATL,5,1,0,1,FS,FS,L,L,B,Ball,84.9,84.9,0.47,-0.47,0.94,0.94,1141.0,1141.0,139.0,221.0,8,6.9,6.9,1.51,-1.51,6.27,6.27,cube59_cluster1,5,1.431221978874561,SL,84.79163597246126,7.451913253012047,2.269996213425129
2025-09-15,680694,680694,666150,CWS,BAL,5,0,1,2,CU,CU,R,R,X,Dominic Fletcher doubles (3) on a sharp line drive to right fielder Tyler O'Neill.,82.9,82.9,0.43,0.43,-0.67,-0.67,2523.0,2523.0,32.0,32.0,2,6.5,6.5,-0.8,-0.8,6.56,6.56,cube15_cluster0,23,1.3235126863384494,CU,82.92103283413093,-3.9398978499082826,-3.816941770346403
2025-09-15,686218,686218,656941,LAD,PHI,6,0,2,2,SL,SL,R,R,B,Ball,88.8,88.8,0.38,0.38,0.68,0.68,2358.0,2358.0,192.0,192.0,7,6.7,6.7,-0.99,-0.99,5.44,5.44,cube42_cluster0,221,1.6198029015683075,FC,88.14517513894621,-2.9372479967817404,6.184306080936519
2025-09-15,668678,668678,671218,AZ,SF,5,0,0,1,SL,SL,R,R,X,Heliot Ramos flies out to right fielder Corbin Carroll.,87.9,87.9,0.45,0.45,0.51,0.51,2201.0,2201.0,152.0,152.0,6,6.5,6.5,-2.94,-2.94,5.95,5.95,cube43_cluster0,136,1.41414505773085,FC,88.90138768099045,-2.867416747399959,6.084565347981601
2025-09-15,624133,624133,606192,LAD,PHI,5,2,0,1,CU,CU,L,L,X,"Teoscar Hernández grounds out, second baseman Weston Wilson to first baseman Bryce Harper.",75.4,75.4,-0.59,0.59,-0.85,-0.85,2114.0,2114.0,310.0,50.0,3,6.3,6.3,2.06,-2.06,5.66,5.66,cube9_cluster0,353,1.5149612261092253,CU,81.04977735376619,-10.683603137730767,-7.201930121038002
2025-09-15,607074,607074,666397,MIN,NYY,5,1,0,2,SL,SL,L,L,B,Ball,88.0,88.0,0.21,-0.21,0.53,0.53,2540.0,2540.0,215.0,145.0,6,6.0,6.0,2.31,-2.31,6.17,6.17,cube42_cluster0,221,1.3573162422680634,FC,88.14517513894621,-2.9372479967817404,6.184306080936519
2025-09-15,641793,641793,680977,STL,CIN,6,2,1,0,SI,SI,R,R,B,Ball,90.1,90.1,-1.12,-1.12,1.11,1.11,1984.0,1984.0,217.0,217.0,8,6.1,6.1,-0.95,-0.95,6.09,6.09,cube59_cluster0,234,0.7665924682742942,FF,89.27696125383754,10.588468754256617,10.304337269887236
2025-09-15,680732,680732,681297,CWS,BAL,5,0,3,2,KC,KC,R,R,S,Colton Cowser called out on strikes.,81.7,81.7,0.11,0.11,-0.82,-0.82,2390.0,2390.0,22.0,22.0,2,7.1,7.1,-2.21,-2.21,6.3,6.3,cube8_cluster1,5,1.5375078217487328,CU,76.99877318439641,-5.367173817726275,-11.507933500365382
2025-09-15,683004,683004,805904,HOU,TEX,5,2,0,2,FF,FF,R,R,B,Ball,96.9,96.9,-1.05,-1.05,1.39,1.39,2403.0,2403.0,224.0,224.0,8,6.7,6.7,-1.23,-1.23,5.58,5.58,cube61_cluster0,650,1.500774387701669,FF,93.56609940362357,10.767633610073183,11.615865923476361
2025-09-15,678906,678906,545121,AZ,SF,4,1,3,2,ST,ST,R,R,X,Ildemaro Vargas flies out to right fielder Drew Gilbert.,86.2,86.2,0.66,0.66,0.62,0.62,2784.0,2784.0,63.0,63.0,3,6.3,6.3,-2.35,-2.35,5.31,5.31,cube17_cluster0,230,1.1941213033876006,ST,83.28054719292679,-11.37879274055619,0.1522002590525712
2025-09-15,686218,686218,656941,LAD,PHI,6,0,1,2,SL,SL,R,R,B,Ball,88.4,88.4,0.36,0.36,0.45,0.45,2358.0,2358.0,167.0,167.0,7,6.7,6.7,-0.86,-0.86,5.55,5.55,cube32_cluster0,191,1.5570311948537916,SL,86.80283260847423,-3.994445228339661,3.088972714840957
2025-09-15,680573,680573,669224,MIN,NYY,5,2,0,1,FS,FS,R,R,S,Swinging Strike,86.9,86.9,-0.86,-0.86,0.32,0.32,1056.0,1056.0,220.0,220.0,8,7.0,7.0,-1.4,-1.4,6.2,6.2,cube59_cluster1,5,0.9832110323726655,SL,84.79163597246126,7.451913253012047,2.269996213425129
2025-09-15,592791,592791,663698,PIT,CHC,5,2,0,0,ST,ST,R,R,X,Joey Bart pops out to second baseman Nico Hoerner.,80.4,80.4,1.12,1.12,0.07,0.07,2693.0,2693.0,52.0,52.0,3,6.8,6.8,-1.28,-1.28,6.14,6.14,cube9_cluster0,353,1.6551636692558804,CU,81.04977735376619,-10.683603137730767,-7.201930121038002
2025-09-15,680730,680730,595777,WSH,ATL,5,1,0,0,FF,FF,L,L,S,Foul,92.5,92.5,0.76,-0.76,1.25,1.25,2069.0,2069.0,165.0,195.0,8,6.8,6.8,0.85,-0.85,6.47,6.47,cube59_cluster0,234,1.7805264665245064,FF,89.27696125383754,10.588468754256617,10.304337269887236
2025-09-15,680694,680694,666150,CWS,BAL,5,0,1,1,SI,SI,R,R,S,Foul,91.5,91.5,-0.91,-0.91,1.25,1.25,2110.0,2110.0,189.0,189.0,7,6.4,6.4,-0.98,-0.98,6.55,6.55,cube59_cluster0,234,1.3818505010682547,FF,89.27696125383754,10.588468754256617,10.304337269887236
2025-09-15,675911,675911,656180,WSH,ATL,5,0,1,2,SL,SL,R,R,S,Riley Adams strikes out swinging.,81.6,81.6,0.68,0.68,-0.16,-0.16,2320.0,2320.0,110.0,110.0,5,7.0,7.0,-1.77,-1.77,5.87,5.87,cube24_cluster0,201,1.3510403042147325,SL,85.05707893868184,-5.4676349917482,1.0599892053755027
2025-09-15,671212,671212,664770,TB,TOR,6,1,2,2,SL,SL,R,R,S,Nathan Lukes strikes out swinging.,89.3,89.3,0.53,0.53,-0.01,-0.01,2698.0,2698.0,91.0,91.0,4,6.3,6.3,-1.06,-1.06,5.77,5.77,cube16_cluster1,3,1.0394176207155634,SL,84.62908556149733,-4.066402139037433,-1.9111454545454545
2025-09-15,669461,669461,669720,STL,CIN,6,2,0,0,SL,SL,L,L,B,Ball,85.8,85.8,-0.47,0.47,-0.12,-0.12,2678.0,2678.0,275.0,85.0,4,6.3,6.3,0.55,-0.55,6.55,6.55,cube15_cluster1,4,1.3143262347727476,SL,83.959314171123,-4.504801604278075,-1.7933590909090908
2025-09-15,669920,669920,641680,HOU,TEX,5,1,0,2,CH,CH,R,R,B,Ball,81.8,81.8,-1.7,-1.7,0.35,0.35,1947.0,1947.0,266.0,266.0,10,6.2,6.2,-1.43,-1.43,5.64,5.64,cube66_cluster0,197,1.5793669281643647,CH,86.84077917182076,12.525512574763452,6.567520411131463
2025-09-15,683004,683004,805904,HOU,TEX,5,2,0,2,CH,CH,R,R,S,Foul,90.6,90.6,-1.01,-1.01,0.24,0.24,1306.0,1306.0,233.0,233.0,9,6.4,6.4,-1.19,-1.19,5.76,5.76,cube59_cluster1,5,1.0959542688186907,SL,84.79163597246126,7.451913253012047,2.269996213425129
2025-09-15,669461,669461,609280,STL,CIN,6,1,2,1,CH,CH,L,L,X,"Miguel Andujar grounds out, third baseman Nolan Arenado to first baseman Willson Contreras.",87.8,87.8,1.34,-1.34,0.78,0.78,1802.0,1802.0,132.0,228.0,9,6.2,6.2,0.73,-0.73,6.43,6.43,cube59_cluster0,234,1.2561313215659922,FF,89.27696125383754,10.588468754256617,10.304337269887236
2025-09-15,678906,678906,545121,AZ,SF,4,1,2,2,CH,CH,R,R,B,Ball In Dirt,86.7,86.7,-1.24,-1.24,0.36,0.36,1797.0,1797.0,239.0,239.0,9,6.7,6.7,-2.2,-2.2,5.34,5.34,cube68_cluster0,637,1.2912851777232992,FF,92.88295797031044,13.980317543503329,9.180920892722085
2025-09-15,641793,641793,680977,STL,CIN,6,2,0,0,SL,SL,R,R,B,Ball,85.4,85.4,0.04,0.04,0.64,0.64,2062.0,2062.0,195.0,195.0,8,6.1,6.1,-0.73,-0.73,6.32,6.32,cube50_cluster0,37,1.1004743059813902,SL,89.4318003898919,-0.37548710296403526,10.18704890209373
2025-09-15,671212,671212,664770,TB,TOR,6,1,2,1,SL,SL,R,R,S,Foul,89.2,89.2,0.3,0.3,0.11,0.11,2719.0,2719.0,105.0,105.0,5,6.1,6.1,-1.14,-1.14,5.79,5.79,cube16_cluster1,3,1.0245913407878386,SL,84.62908556149733,-4.066402139037433,-1.9111454545454545
2025-09-15,668678,668678,671218,AZ,SF,5,0,0,0,FF,FF,R,R,S,Called Strike,92.0,92.0,-0.32,-0.32,1.47,1.47,2259.0,2259.0,211.0,211.0,8,6.5,6.5,-2.99,-2.99,5.99,5.99,cube62_cluster1,11,1.7008544783833242,FF,95.54242544913883,5.728019039608564,15.221051570629365
2025-09-15,680730,680730,805373,WSH,ATL,5,0,1,2,FF,FF,L,L,X,"Nacho Alvarez Jr. grounds out, pitcher Mitchell Parker to first baseman Josh Bell. Marcell Ozuna to 3rd. Michael Harris II to 2nd.",93.3,93.3,0.52,-0.52,1.5,1.5,2194.0,2194.0,170.0,190.0,7,6.7,6.7,0.88,-0.88,6.5,6.5,cube50_cluster0,37,1.8287839148259566,SL,89.4318003898919,-0.37548710296403526,10.18704890209373
2025-09-15,669920,669920,641680,HOU,TEX,5,1,0,2,FF,FF,R,R,S,Foul,91.7,91.7,-1.0,-1.0,0.98,0.98,2266.0,2266.0,241.0,241.0,9,6.3,6.3,-1.63,-1.63,5.73,5.73,cube60_cluster0,1088,0.5687454496050369,FF,92.17053866131751,10.618556738155133,11.426031596706425
2025-09-15,680732,680732,681297,CWS,BAL,5,0,2,2,FF,FF,R,R,B,Ball,94.8,94.8,-0.48,-0.48,1.46,1.46,2518.0,2518.0,203.0,203.0,8,7.3,7.3,-2.15,-2.15,6.28,6.28,cube62_cluster1,11,1.7711245270623988,FF,95.54242544913883,5.728019039608564,15.221051570629365
2025-09-15,686218,686218,656941,LAD,PHI,6,0,0,2,FF,FF,R,R,B,Ball,95.3,95.3,-0.81,-0.81,1.6,1.6,2399.0,2399.0,207.0,207.0,8,6.8,6.8,-0.76,-0.76,5.61,5.61,cube60_cluster0,1088,2.0575546405212117,FF,92.17053866131751,10.618556738155133,11.426031596706425
2025-09-15,592791,592791,669261,PIT,CHC,5,1,2,2,FC,FC,R,R,S,Jack Suwinski called out on strikes.,86.5,86.5,0.58,0.58,0.79,0.79,2574.0,2574.0,171.0,171.0,7,6.6,6.6,-1.39,-1.39,6.04,6.04,cube42_cluster0,221,1.084563309439419,FC,88.14517513894621,-2.9372479967817404,6.184306080936519
2025-09-15,680694,680694,666150,CWS,BAL,5,0,0,1,CU,CU,R,R,B,Ball,82.6,82.6,0.16,0.16,-0.79,-0.79,2339.0,2339.0,41.0,41.0,2,6.3,6.3,-0.88,-0.88,6.65,6.65,cube15_cluster0,23,1.2591070209232746,CU,82.92103283413093,-3.9398978499082826,-3.816941770346403
2025-09-15,680573,680573,669224,MIN,NYY,5,1,0,0,FS,FS,R,R,S,Foul,86.9,86.9,-0.95,-0.95,0.61,0.61,962.0,962.0,217.0,217.0,8,6.8,6.8,-1.33,-1.33,6.32,6.32,cube59_cluster1,5,1.30417486155161,SL,84.79163597246126,7.451913253012047,2.269996213425129
2025-09-15,607074,607074,666397,MIN,NYY,5,1,0,1,SI,SI,L,L,S,Called Strike,88.4,88.4,1.25,-1.25,0.65,0.65,2206.0,2206.0,136.0,224.0,8,6.2,6.2,2.27,-2.27,6.26,6.26,cube59_cluster2,6,1.2551505497351314,FF,93.07150817165655,13.135553184666456,11.807015565535274
2025-09-15,675911,675911,656180,WSH,ATL,5,0,0,2,SL,SL,R,R,B,Ball,84.4,84.4,0.71,0.71,0.22,0.22,2290.0,2290.0,156.0,156.0,6,7.2,7.2,-1.81,-1.81,5.82,5.82,cube33_cluster0,94,1.4169407138711656,SL,87.30386197983206,-4.155245122339746,2.874909281221629
2025-09-15,677952,677952,683737,PIT,CHC,4,2,0,2,CU,CU,R,R,X,"Michael Busch grounds out, second baseman Nick Yorke to first baseman Spencer Horwitz.",85.9,85.9,0.36,0.36,-1.09,-1.09,2684.0,2684.0,33.0,33.0,2,6.2,6.2,-1.03,-1.03,6.33,6.33,cube1_cluster0,11,0.9014931249308745,CU,80.41940225841523,-7.8151704354474925,-14.345667881001397
2025-09-15,624133,624133,606192,LAD,PHI,5,2,0,0,FC,FC,L,L,S,Foul,88.8,88.8,-0.02,0.02,0.46,0.46,1934.0,1934.0,142.0,218.0,8,6.1,6.1,2.31,-2.31,5.62,5.62,cube52_cluster0,159,1.4923526066091068,FC,90.76795186341266,-0.1350320156357884,9.625773571373404
2025-09-15,677952,677952,683737,PIT,CHC,4,2,0,1,CU,CU,R,R,S,Swinging Strike,85.6,85.6,0.28,0.28,-0.88,-0.88,2769.0,2769.0,33.0,33.0,2,6.3,6.3,-0.94,-0.94,6.49,6.49,cube1_cluster0,11,1.1230074629460751,CU,80.41940225841523,-7.8151704354474925,-14.345667881001397
2025-09-15,669461,669461,609280,STL,CIN,6,1,2,0,FC,FC,L,L,S,Called Strike,90.6,90.6,-0.31,0.31,0.89,0.89,2403.0,2403.0,164.0,196.0,8,6.5,6.5,0.62,-0.62,6.46,6.46,cube50_cluster0,37,1.3379284859410125,SL,89.4318003898919,-0.37548710296403526,10.18704890209373
2025-09-15,671212,671212,664770,TB,TOR,6,1,2,0,SL,SL,R,R,S,Called Strike,90.7,90.7,0.24,0.24,0.23,0.23,2631.0,2631.0,125.0,125.0,5,6.4,6.4,-1.15,-1.15,5.81,5.81,cube32_cluster0,191,1.054218846497003,SL,86.80283260847423,-3.994445228339661,3.088972714840957
2025-09-15,680573,680573,676609,MIN,NYY,5,1,1,1,FS,FS,R,R,X,José Caballero doubles (17) on a sharp line drive to left fielder Austin Martin.,86.5,86.5,-0.3,-0.3,1.05,1.05,1076.0,1076.0,214.0,214.0,8,7.1,7.1,-1.38,-1.38,6.19,6.19,cube59_cluster1,5,1.6433726499463355,SL,84.79163597246126,7.451913253012047,2.269996213425129
2025-09-15,680730,680730,805373,WSH,ATL,5,0,1,1,FF,FF,L,L,S,Called Strike,91.8,91.8,0.69,-0.69,1.56,1.56,2208.0,2208.0,170.0,190.0,7,6.8,6.8,0.6,-0.6,6.56,6.56,cube50_cluster0,37,2.199118697372273,SL,89.4318003898919,-0.37548710296403526,10.18704890209373
2025-09-15,641793,641793,687363,STL,CIN,6,1,0,1,FS,FS,R,R,X,Victor Scott II pops out to shortstop Elly De La Cruz.,81.7,81.7,-1.07,-1.07,0.45,0.45,993.0,993.0,249.0,249.0,9,6.1,6.1,-0.85,-0.85,6.1,6.1,cube59_cluster1,5,1.6493937678561872,SL,84.79163597246126,7.451913253012047,2.269996213425129
2025-09-15,607074,607074,666397,MIN,NYY,5,1,0,0,SI,SI,L,L,S,Foul,90.1,90.1,1.55,-1.55,1.05,1.05,2269.0,2269.0,132.0,228.0,9,6.3,6.3,2.29,-2.29,6.24,6.24,cube60_cluster0,1088,1.3486952644059231,FF,92.17053866131751,10.618556738155133,11.426031596706425
2025-09-15,680732,680732,681297,CWS,BAL,5,0,1,2,KC,KC,R,R,B,Ball,83.0,83.0,-0.1,-0.1,-1.17,-1.17,2500.0,2500.0,17.0,17.0,2,7.1,7.1,-2.22,-2.22,6.26,6.26,cube8_cluster1,5,1.780318070691681,CU,76.99877318439641,-5.367173817726275,-11.507933500365382
2025-09-15,675911,675911,656180,WSH,ATL,5,0,0,2,SL,SL,R,R,S,Foul,83.2,83.2,0.45,0.45,0.22,0.22,2339.0,2339.0,148.0,148.0,6,7.0,7.0,-1.66,-1.66,5.88,5.88,cube32_cluster0,191,1.1911462918731648,SL,86.80283260847423,-3.994445228339661,3.088972714840957
2025-09-15,669920,669920,641680,HOU,TEX,5,1,0,1,FF,FF,R,R,S,Swinging Strike,90.7,90.7,-1.13,-1.13,1.09,1.09,2307.0,2307.0,241.0,241.0,9,6.2,6.2,-1.68,-1.68,5.81,5.81,cube60_cluster0,1088,0.7132833001191539,FF,92.17053866131751,10.618556738155133,11.426031596706425
2025-09-15,678906,678906,545121,AZ,SF,4,1,2,2,ST,ST,R,R,S,Foul,86.7,86.7,1.06,1.06,0.17,0.17,2920.0,2920.0,55.0,55.0,3,6.4,6.4,-2.29,-2.29,5.33,5.33,cube17_cluster0,230,0.9833780998557514,ST,83.28054719292679,-11.37879274055619,0.1522002590525712
2025-09-15,683004,683004,805904,HOU,TEX,5,2,0,1,FF,FF,R,R,S,Foul,96.8,96.8,-0.94,-0.94,1.62,1.62,2577.0,2577.0,213.0,213.0,8,6.6,6.6,-1.1,-1.1,5.72,5.72,cube60_cluster0,1088,1.8382560500341136,FF,92.17053866131751,10.618556738155133,11.426031596706425
2025-09-15,680694,680694,666150,CWS,BAL,5,0,0,0,FF,FF,R,R,S,Foul,90.6,90.6,0.04,0.04,1.33,1.33,2398.0,2398.0,192.0,192.0,7,6.2,6.2,-0.94,-0.94,6.6,6.6,cube50_cluster0,37,1.1237310519437773,SL,89.4318003898919,-0.37548710296403526,10.18704890209373
2025-09-15,624133,624133,605141,LAD,PHI,5,1,3,2,FC,FC,L,L,X,Mookie Betts out on a sacrifice fly to center fielder Harrison Bader. Chuckie Robinson scores. Shohei Ohtani to 3rd.,89.6,89.6,0.02,-0.02,0.86,0.86,2083.0,2083.0,153.0,207.0,8,6.3,6.3,2.34,-2.34,5.65,5.65,cube52_cluster0,159,0.9067730507590038,FC,90.76795186341266,-0.1350320156357884,9.625773571373404
2025-09-15,668678,668678,805811,AZ,SF,4,2,2,2,KC,KC,R,R,S,Bryce Eldridge strikes out swinging.,80.6,80.6,0.64,0.64,-1.14,-1.14,2461.0,2461.0,40.0,40.0,2,6.5,6.5,-3.19,-3.19,5.78,5.78,cube17_cluster1,4,1.6518609983191288,CU,78.95917169292895,-10.024787945860975,-3.9433667010451945
2025-09-15,702056,702056,650490,TB,TOR,6,0,0,0,FF,FF,R,R,X,Yandy Díaz singles on a ground ball to center fielder Daulton Varsho.,92.0,92.0,-0.21,-0.21,1.7,1.7,2237.0,2237.0,196.0,196.0,8,6.1,6.1,-0.54,-0.54,7.1,7.1,cube50_cluster0,37,2.314512689127959,SL,89.4318003898919,-0.37548710296403526,10.18704890209373
2025-09-15,686218,686218,656941,LAD,PHI,6,0,0,1,FF,FF,R,R,S,Called Strike,95.9,95.9,-1.04,-1.04,1.32,1.32,2362.0,2362.0,211.0,211.0,8,6.7,6.7,-1.06,-1.06,5.47,5.47,cube60_cluster0,1088,1.6509347767625735,FF,92.17053866131751,10.618556738155133,11.426031596706425
2025-09-15,592791,592791,669261,PIT,CHC,5,1,1,2,FF,FF,R,R,B,Ball,92.2,92.2,-0.46,-0.46,1.44,1.44,2264.0,2264.0,202.0,202.0,8,6.9,6.9,-0.96,-0.96,6.14,6.14,cube60_cluster0,1088,1.8178665753255134,FF,92.17053866131751,10.618556738155133,11.426031596706425
2025-09-15,624133,624133,605141,LAD,PHI,5,1,2,2,CH,CH,L,L,B,Ball In Dirt,80.4,80.4,0.79,-0.79,0.38,0.38,1172.0,1172.0,125.0,235.0,9,6.4,6.4,2.24,-2.24,5.56,5.56,cube66_cluster0,197,1.782057581817196,CH,86.84077917182076,12.525512574763452,6.567520411131463
2025-09-15,683004,683004,805904,HOU,TEX,5,2,0,0,CU,CU,R,R,S,Called Strike,80.5,80.5,0.46,0.46,-0.86,-0.86,2600.0,2600.0,31.0,31.0,2,6.4,6.4,-1.18,-1.18,5.95,5.95,cube8_cluster0,47,0.8631226568972111,CU,78.44568855893485,-8.550382045687398,-9.675482721274784
2025-09-15,669920,669920,641680,HOU,TEX,5,1,0,0,SI,SI,R,R,S,Called Strike,90.9,90.9,-1.32,-1.32,0.19,0.19,2117.0,2117.0,241.0,241.0,9,6.4,6.4,-1.65,-1.65,5.59,5.59,cube67_cluster0,835,1.0348676091492504,CH,90.86602419473125,13.606542467363951,8.526706287157376
2025-09-15,607074,607074,640902,MIN,NYY,5,0,3,2,FF,FF,L,L,X,Jhonny Pereda flies out to right fielder Aaron Judge.,94.6,94.6,0.97,-0.97,1.58,1.58,2422.0,2422.0,147.0,213.0,8,6.2,6.2,2.07,-2.07,6.39,6.39,cube66_cluster1,5,1.422279355784772,FF,93.24252622389831,13.00015635891318,12.382567932373675
2025-09-15,680732,680732,681297,CWS,BAL,5,0,0,2,KC,KC,R,R,B,Ball,82.8,82.8,0.07,0.07,-1.35,-1.35,2570.0,2570.0,25.0,25.0,2,7.3,7.3,-2.18,-2.18,6.19,6.19,cube8_cluster1,5,2.098720119774136,CU,76.99877318439641,-5.367173817726275,-11.507933500365382
2025-09-15,668678,668678,805811,AZ,SF,4,2,1,2,KC,KC,R,R,B,Ball,81.8,81.8,0.52,0.52,-1.06,-1.06,2426.0,2426.0,42.0,42.0,2,6.3,6.3,-3.18,-3.18,5.83,5.83,cube17_cluster1,4,1.7014540880831577,CU,78.95917169292895,-10.024787945860975,-3.9433667010451945
2025-09-15,592791,592791,669261,PIT,CHC,5,1,1,1,CU,CU,R,R,S,Foul,79.3,79.3,0.73,0.73,-0.92,-0.92,2596.0,2596.0,39.0,39.0,2,6.9,6.9,-1.11,-1.11,6.26,6.26,cube8_cluster0,47,1.5075387070095438,CU,78.44568855893485,-8.550382045687398,-9.675482721274784
2025-09-15,686218,686218,656941,LAD,PHI,6,0,0,0,FF,FF,R,R,S,Swinging Strike,94.9,94.9,-0.74,-0.74,1.48,1.48,2367.0,2367.0,214.0,214.0,8,6.7,6.7,-0.96,-0.96,5.56,5.56,cube60_cluster0,1088,1.726953333149589,FF,92.17053866131751,10.618556738155133,11.426031596706425
2025-09-15,671212,671212,664770,TB,TOR,6,1,1,0,FF,FF,R,R,B,Ball,98.4,98.4,-0.53,-0.53,1.48,1.48,2685.0,2685.0,219.0,219.0,8,6.4,6.4,-1.07,-1.07,5.79,5.79,cube60_cluster0,1088,1.9619497979378064,FF,92.17053866131751,10.618556738155133,11.426031596706425
2025-09-15,702056,702056,802415,TB,TOR,5,2,0,2,SL,SL,R,R,S,"Chandler Simpson strikes out swinging, catcher Tyler Heineman to first baseman Vladimir Guerrero Jr.",88.5,88.5,-0.39,-0.39,0.55,0.55,2171.0,2171.0,208.0,208.0,8,6.1,6.1,-0.54,-0.54,7.05,7.05,cube50_cluster0,37,1.9671914909398074,SL,89.4318003898919,-0.37548710296403526,10.18704890209373
2025-09-15,680573,680573,676609,MIN,NYY,5,1,0,1,FS,FS,R,R,B,Ball,87.3,87.3,-1.0,-1.0,1.0,1.0,1202.0,1202.0,212.0,212.0,8,7.0,7.0,-1.26,-1.26,6.25,6.25,cube59_cluster1,5,1.5590825452889177,SL,84.79163597246126,7.451913253012047,2.269996213425129
2025-09-15,677952,677952,683737,PIT,CHC,4,2,0,0,CU,CU,R,R,S,Called Strike,83.5,83.5,0.38,0.38,-0.89,-0.89,2650.0,2650.0,39.0,39.0,2,6.1,6.1,-1.03,-1.03,6.52,6.52,cube1_cluster0,11,0.9649171570685411,CU,80.41940225841523,-7.8151704354474925,-14.345667881001397
2025-09-15,641793,641793,687363,STL,CIN,6,1,0,0,SI,SI,R,R,S,Called Strike,89.2,89.2,-1.17,-1.17,1.03,1.03,1909.0,1909.0,215.0,215.0,8,6.2,6.2,-0.8,-0.8,6.09,6.09,cube59_cluster0,234,0.9217383547687733,FF,89.27696125383754,10.588468754256617,10.304337269887236
2025-09-15,675911,675911,656180,WSH,ATL,5,0,0,1,SL,SL,R,R,S,Swinging Strike,83.8,83.8,0.38,0.38,0.52,0.52,2307.0,2307.0,183.0,183.0,7,7.0,7.0,-1.9,-1.9,5.86,5.86,cube43_cluster0,136,1.1697674824132638,FC,88.90138768099045,-2.867416747399959,6.084565347981601
2025-09-15,669461,669461,609280,STL,CIN,6,1,1,0,FF,FF,L,L,B,Ball,95.2,95.2,0.39,-0.39,1.45,1.45,2159.0,2159.0,155.0,205.0,8,6.6,6.6,0.44,-0.44,6.55,6.55,cube50_cluster0,37,2.0287531247741755,SL,89.4318003898919,-0.37548710296403526,10.18704890209373
2025-09-15,680730,680730,805373,WSH,ATL,5,0,1,0,FF,FF,L,L,S,Foul,91.8,91.8,0.68,-0.68,1.54,1.54,2167.0,2167.0,171.0,189.0,7,6.8,6.8,0.72,-0.72,6.54,6.54,cube50_cluster0,37,2.1136242492942134,SL,89.4318003898919,-0.37548710296403526,10.18704890209373
2025-09-15,680694,680694,805367,CWS,BAL,4,2,1,2,SL,SL,R,R,X,Chase Meidroth flies out to center fielder Colton Cowser.,85.3,85.3,0.73,0.73,0.17,0.17,2521.0,2521.0,48.0,48.0,3,6.4,6.4,-1.2,-1.2,6.36,6.36,cube23_cluster0,18,1.0462922521254079,SL,84.2588963468347,-3.122612334195792,-0.3482418990887928
2025-09-15,678906,678906,545121,AZ,SF,4,1,2,1,ST,ST,R,R,S,Foul,83.9,83.9,1.52,1.52,0.1,0.1,2764.0,2764.0,60.0,60.0,3,6.4,6.4,-2.42,-2.42,5.35,5.35,cube17_cluster0,230,0.8499992032235629,ST,83.28054719292679,-11.37879274055619,0.1522002590525712
2025-09-15,680732,680732,681297,CWS,BAL,5,0,0,2,FF,FF,R,R,S,Foul,95.5,95.5,-0.25,-0.25,1.75,1.75,2702.0,2702.0,199.0,199.0,8,7.1,7.1,-2.08,-2.08,6.42,6.42,cube62_cluster1,11,2.307527429230077,FF,95.54242544913883,5.728019039608564,15.221051570629365
2025-09-15,680730,680730,805373,WSH,ATL,5,0,0,0,FF,FF,L,L,B,Ball,91.3,91.3,0.91,-0.91,1.37,1.37,2118.0,2118.0,161.0,199.0,8,6.8,6.8,1.24,-1.24,6.51,6.51,cube59_cluster0,234,1.7205885436132284,FF,89.27696125383754,10.588468754256617,10.304337269887236
2025-09-15,678906,678906,545121,AZ,SF,4,1,1,1,CH,CH,R,R,B,Ball,87.5,87.5,-1.38,-1.38,0.36,0.36,1747.0,1747.0,236.0,236.0,9,6.4,6.4,-2.3,-2.3,5.41,5.41,cube67_cluster0,835,1.20030288332777,CH,90.86602419473125,13.606542467363951,8.526706287157376
2025-09-15,702056,702056,802415,TB,TOR,5,2,0,1,FF,FF,R,R,S,Called Strike,93.9,93.9,-0.22,-0.22,1.72,1.72,2340.0,2340.0,203.0,203.0,8,6.1,6.1,-0.54,-0.54,7.01,7.01,cube50_cluster0,37,2.2578724151302514,SL,89.4318003898919,-0.37548710296403526,10.18704890209373
2025-09-15,686218,686218,664056,LAD,PHI,5,2,2,2,FF,FF,R,R,S,Harrison Bader strikes out swinging.,96.2,96.2,-0.96,-0.96,1.55,1.55,2555.0,2555.0,213.0,213.0,8,6.6,6.6,-1.03,-1.03,5.32,5.32,cube61_cluster0,650,1.9858044636472991,FF,93.56609940362357,10.767633610073183,11.615865923476361
2025-09-15,680694,680694,805367,CWS,BAL,4,2,1,1,SL,SL,R,R,S,Foul,83.4,83.4,1.05,1.05,-0.73,-0.73,2564.0,2564.0,50.0,50.0,3,6.6,6.6,-1.3,-1.3,6.28,6.28,cube8_cluster0,47,1.1916436894364133,CU,78.44568855893485,-8.550382045687398,-9.675482721274784
2025-09-15,668678,668678,805811,AZ,SF,4,2,0,2,CH,CH,R,R,B,Ball,84.7,84.7,-0.95,-0.95,0.13,0.13,1463.0,1463.0,226.0,226.0,9,6.4,6.4,-3.3,-3.3,5.75,5.75,cube61_cluster1,4,2.4760038107915423,FF,90.06345506345505,6.430047483380817,11.373038073038074
2025-09-15,680573,680573,676609,MIN,NYY,5,1,0,0,FF,FF,R,R,S,Called Strike,93.7,93.7,-0.66,-0.66,1.43,1.43,2322.0,2322.0,198.0,198.0,8,6.8,6.8,-1.28,-1.28,6.32,6.32,cube60_cluster0,1088,1.617783308827466,FF,92.17053866131751,10.618556738155133,11.426031596706425
2025-09-15,683004,683004,665161,HOU,TEX,5,1,1,0,SL,SL,R,R,X,"Jeremy Peña grounds into a force out, third baseman Josh Jung to second baseman Dylan Moore. Jesús Sánchez out at 2nd. Jeremy Peña to 1st.",86.9,86.9,0.24,0.24,0.37,0.37,2339.0,2339.0,178.0,178.0,7,6.5,6.5,-1.31,-1.31,5.8,5.8,cube42_cluster0,221,0.8047471929108826,FC,88.14517513894621,-2.9372479967817404,6.184306080936519
2025-09-15,671212,671212,664770,TB,TOR,6,1,0,0,FF,FF,R,R,B,Ball,97.6,97.6,-0.65,-0.65,1.11,1.11,2509.0,2509.0,222.0,222.0,8,6.3,6.3,-1.2,-1.2,5.73,5.73,cube60_cluster0,1088,1.4022674895307394,FF,92.17053866131751,10.618556738155133,11.426031596706425
2025-09-15,592791,592791,669261,PIT,CHC,5,1,1,0,FC,FC,R,R,S,Called Strike,87.4,87.4,0.38,0.38,0.68,0.68,2536.0,2536.0,194.0,194.0,7,6.8,6.8,-1.28,-1.28,6.05,6.05,cube42_cluster0,221,1.2416920178943898,FC,88.14517513894621,-2.9372479967817404,6.184306080936519
2025-09-15,624133,624133,605141,LAD,PHI,5,1,2,1,FF,FF,L,L,S,Foul,91.4,91.4,0.37,-0.37,0.87,0.87,1972.0,1972.0,138.0,222.0,8,6.5,6.5,2.22,-2.22,5.64,5.64,cube61_cluster0,650,1.0006306397500258,FF,93.56609940362357,10.767633610073183,11.615865923476361
2025-09-15,669461,669461,609280,STL,CIN,6,1,0,0,FF,FF,L,L,B,Ball,94.8,94.8,0.4,-0.4,1.35,1.35,2200.0,2200.0,154.0,206.0,8,6.5,6.5,0.48,-0.48,6.53,6.53,cube50_cluster0,37,1.8197940042882406,SL,89.4318003898919,-0.37548710296403526,10.18704890209373
2025-09-15,607074,607074,640902,MIN,NYY,5,0,3,1,FF,FF,L,L,S,Foul,94.0,94.0,0.98,-0.98,1.52,1.52,2440.0,2440.0,141.0,219.0,8,6.3,6.3,2.07,-2.07,6.34,6.34,cube60_cluster0,1088,1.4841918861511878,FF,92.17053866131751,10.618556738155133,11.426031596706425
2025-09-15,669920,669920,673962,HOU,TEX,5,1,2,2,CH,CH,R,R,X,Josh Jung homers (14) on a fly ball to left field. Alejandro Osuna scores.,79.8,79.8,-1.57,-1.57,0.08,0.08,1834.0,1834.0,270.0,270.0,10,6.3,6.3,-1.44,-1.44,5.58,5.58,cube66_cluster0,197,1.6664743800835384,CH,86.84077917182076,12.525512574763452,6.567520411131463
2025-09-15,641793,641793,699625,STL,CIN,6,0,0,0,FS,FS,R,R,X,"Jimmy Crooks grounds out, shortstop Elly De La Cruz to first baseman Sal Stewart.",81.1,81.1,-1.1,-1.1,-0.16,-0.16,1144.0,1144.0,240.0,240.0,9,6.1,6.1,-0.75,-0.75,6.23,6.23,cube59_cluster1,5,1.750426162063616,SL,84.79163597246126,7.451913253012047,2.269996213425129
2025-09-15,675911,675911,656180,WSH,ATL,5,0,0,0,FF,FF,R,R,S,Called Strike,93.9,93.9,-0.67,-0.67,1.66,1.66,2358.0,2358.0,206.0,206.0,8,7.1,7.1,-1.64,-1.64,5.95,5.95,cube61_cluster0,650,1.7069150999967369,FF,93.56609940362357,10.767633610073183,11.615865923476361
2025-09-15,677952,677952,807713,PIT,CHC,4,1,1,0,FF,FF,R,R,X,Matt Shaw flies out to center fielder Jack Suwinski.,97.1,97.1,-0.48,-0.48,1.6,1.6,2408.0,2408.0,211.0,211.0,8,6.3,6.3,-0.71,-0.71,6.36,6.36,cube50_cluster0,37,1.8172054421934771,SL,89.4318003898919,-0.37548710296403526,10.18704890209373
2025-09-15,669920,669920,673962,HOU,TEX,5,1,1,2,SI,SI,R,R,B,Ball,91.0,91.0,-1.48,-1.48,0.12,0.12,2131.0,2131.0,251.0,251.0,9,6.2,6.2,-1.67,-1.67,5.47,5.47,cube67_cluster0,835,1.3224717025716086,CH,90.86602419473125,13.606542467363951,8.526706287157376
2025-09-15,641793,641793,695336,STL,CIN,5,2,2,2,SI,SI,R,R,S,Thomas Saggese strikes out swinging.,91.8,91.8,-1.18,-1.18,0.97,0.97,1964.0,1964.0,213.0,213.0,8,6.3,6.3,-0.74,-0.74,6.01,6.01,cube59_cluster0,234,1.0931141713715884,FF,89.27696125383754,10.588468754256617,10.304337269887236
2025-09-15,592791,592791,669261,PIT,CHC,5,1,0,0,CU,CU,R,R,B,Ball,79.2,79.2,0.62,0.62,-0.7,-0.7,2564.0,2564.0,41.0,41.0,2,7.0,7.0,-1.13,-1.13,6.22,6.22,cube8_cluster0,47,1.6597845909034763,CU,78.44568855893485,-8.550382045687398,-9.675482721274784
2025-09-15,671212,671212,543807,TB,TOR,6,0,1,0,FF,FF,R,R,X,George Springer lines out sharply to left fielder Chandler Simpson.,98.2,98.2,-0.76,-0.76,1.21,1.21,2485.0,2485.0,226.0,226.0,9,6.4,6.4,-0.96,-0.96,5.83,5.83,cube60_cluster0,1088,1.5964522993374406,FF,92.17053866131751,10.618556738155133,11.426031596706425
2025-09-15,678906,678906,545121,AZ,SF,4,1,1,0,ST,ST,R,R,S,Swinging Strike,84.2,84.2,1.49,1.49,0.17,0.17,2763.0,2763.0,55.0,55.0,3,6.2,6.2,-2.41,-2.41,5.35,5.35,cube17_cluster0,230,0.9768383454822492,ST,83.28054719292679,-11.37879274055619,0.1522002590525712
2025-09-15,686218,686218,664056,LAD,PHI,5,2,1,2,FF,FF,R,R,B,Ball,95.1,95.1,-0.88,-0.88,1.51,1.51,2410.0,2410.0,208.0,208.0,8,6.7,6.7,-0.96,-0.96,5.41,5.41,cube61_cluster0,650,1.9018293201592482,FF,93.56609940362357,10.767633610073183,11.615865923476361
2025-09-15,680694,680694,805367,CWS,BAL,4,2,1,0,SL,SL,R,R,S,Called Strike,85.3,85.3,1.3,1.3,-0.03,-0.03,2511.0,2511.0,66.0,66.0,3,6.2,6.2,-1.13,-1.13,6.43,6.43,cube15_cluster0,23,1.3449491811997283,CU,82.92103283413093,-3.9398978499082826,-3.816941770346403
2025-09-15,607074,607074,640902,MIN,NYY,5,0,2,1,FF,FF,L,L,B,Ball,92.9,92.9,0.92,-0.92,1.45,1.45,2369.0,2369.0,141.0,219.0,8,6.2,6.2,2.14,-2.14,6.36,6.36,cube66_cluster1,5,1.252790258248718,FF,93.24252622389831,13.00015635891318,12.382567932373675
2025-09-15,683004,683004,665161,HOU,TEX,5,1,0,0,SL,SL,R,R,B,Ball,86.9,86.9,0.28,0.28,0.18,0.18,2381.0,2381.0,140.0,140.0,6,6.4,6.4,-1.21,-1.21,5.8,5.8,cube32_cluster0,191,0.721093378568311,SL,86.80283260847423,-3.994445228339661,3.088972714840957
2025-09-15,675911,675911,686611,WSH,ATL,4,1,1,2,FF,FF,R,R,X,"Dylan Crews grounds into a double play, catcher Drake Baldwin to first baseman Matt Olson. Josh Bell out at home. Dylan Crews out at 1st.",95.9,95.9,-0.72,-0.72,1.37,1.37,2317.0,2317.0,206.0,206.0,8,7.0,7.0,-1.53,-1.53,5.93,5.93,cube61_cluster0,650,1.4563662013229182,FF,93.56609940362357,10.767633610073183,11.615865923476361
2025-09-15,668678,668678,805811,AZ,SF,4,2,0,1,FF,FF,R,R,S,Foul,94.1,94.1,-0.34,-0.34,1.42,1.42,2292.0,2292.0,212.0,212.0,8,6.5,6.5,-2.93,-2.93,5.9,5.9,cube62_cluster1,11,1.546097011640126,FF,95.54242544913883,5.728019039608564,15.221051570629365
2025-09-15,680573,680573,641857,MIN,NYY,5,0,1,2,FS,FS,R,R,S,Ryan McMahon strikes out swinging.,87.1,87.1,-0.91,-0.91,0.54,0.54,973.0,973.0,216.0,216.0,8,6.8,6.8,-1.4,-1.4,6.25,6.25,cube59_cluster1,5,1.1712234084884932,SL,84.79163597246126,7.451913253012047,2.269996213425129
2025-09-15,624133,624133,605141,LAD,PHI,5,1,1,1,CH,CH,L,L,B,Ball,79.3,79.3,0.79,-0.79,0.17,0.17,1109.0,1109.0,126.0,234.0,9,6.0,6.0,2.35,-2.35,5.67,5.67,cube66_cluster0,197,2.0276807012368003,CH,86.84077917182076,12.525512574763452,6.567520411131463
2025-09-15,702056,702056,802415,TB,TOR,5,2,0,0,FF,FF,R,R,S,Foul,94.0,94.0,-0.23,-0.23,1.59,1.59,2231.0,2231.0,201.0,201.0,8,6.1,6.1,-0.67,-0.67,7.05,7.05,cube50_cluster0,37,2.132050255843319,SL,89.4318003898919,-0.37548710296403526,10.18704890209373
2025-09-15,677952,677952,807713,PIT,CHC,4,1,0,0,SI,SI,R,R,B,Ball,97.4,97.4,-1.5,-1.5,0.67,0.67,2346.0,2346.0,221.0,221.0,8,6.3,6.3,-0.96,-0.96,6.13,6.13,cube60_cluster0,1088,1.6669352557646664,FF,92.17053866131751,10.618556738155133,11.426031596706425
2025-09-15,669461,669461,682622,STL,CIN,6,0,2,2,FF,FF,L,L,S,Noelvi Marte called out on strikes.,94.5,94.5,0.29,-0.29,1.44,1.44,2132.0,2132.0,153.0,207.0,8,6.5,6.5,0.45,-0.45,6.54,6.54,cube50_cluster0,37,1.8892049464721279,SL,89.4318003898919,-0.37548710296403526,10.18704890209373
2025-09-15,680730,680730,671739,WSH,ATL,5,0,1,0,SL,SL,L,L,X,Michael Harris II singles on a line drive to center fielder Robert Hassell III. Marcell Ozuna to 2nd.,84.6,84.6,-0.36,0.36,0.33,0.33,2300.0,2300.0,280.0,80.0,4,6.8,6.8,1.58,-1.58,6.2,6.2,cube24_cluster0,201,1.2058357179071906,SL,85.05707893868184,-5.4676349917482,1.0599892053755027
2025-09-15,680732,680732,681297,CWS,BAL,5,0,0,1,FF,FF,R,R,S,Foul,94.3,94.3,-0.61,-0.61,1.43,1.43,2615.0,2615.0,201.0,201.0,8,7.2,7.2,-2.09,-2.09,6.34,6.34,cube62_cluster1,11,1.982181843666473,FF,95.54242544913883,5.728019039608564,15.221051570629365
2025-09-15,680732,680732,681297,CWS,BAL,5,0,0,0,FF,FF,R,R,S,Swinging Strike,94.4,94.4,-0.39,-0.39,1.59,1.59,2636.0,2636.0,202.0,202.0,8,7.2,7.2,-2.12,-2.12,6.34,6.34,cube62_cluster1,11,2.016303869864593,FF,95.54242544913883,5.728019039608564,15.221051570629365
2025-09-15,624133,624133,605141,LAD,PHI,5,1,1,0,FC,FC,L,L,S,Foul,86.6,86.6,-0.09,0.09,0.47,0.47,1985.0,1985.0,159.0,201.0,8,6.1,6.1,2.19,-2.19,5.72,5.72,cube42_cluster0,221,1.2925533383098013,FC,88.14517513894621,-2.9372479967817404,6.184306080936519
2025-09-15,671212,671212,543807,TB,TOR,6,0,0,0,FS,FS,R,R,B,Ball,93.0,93.0,-1.14,-1.14,0.29,0.29,1955.0,1955.0,234.0,234.0,9,6.3,6.3,-1.17,-1.17,5.84,5.84,cube59_cluster0,234,1.2423433895256852,FF,89.27696125383754,10.588468754256617,10.304337269887236
2025-09-15,680573,680573,641857,MIN,NYY,5,0,0,2,FF,FF,R,R,B,Ball,93.9,93.9,-0.51,-0.51,1.43,1.43,2413.0,2413.0,199.0,199.0,8,6.6,6.6,-1.32,-1.32,6.46,6.46,cube50_cluster0,37,1.5762656820562633,SL,89.4318003898919,-0.37548710296403526,10.18704890209373
2025-09-15,702056,702056,700246,TB,TOR,5,1,1,1,FF,FF,R,R,X,Carson Williams flies out to center fielder Daulton Varsho.,93.7,93.7,-0.24,-0.24,1.61,1.61,2191.0,2191.0,196.0,196.0,8,6.2,6.2,-0.54,-0.54,7.02,7.02,cube50_cluster0,37,2.198074020741382,SL,89.4318003898919,-0.37548710296403526,10.18704890209373
2025-09-15,680694,680694,805367,CWS,BAL,4,2,0,0,FF,FF,R,R,B,Ball,92.2,92.2,0.24,0.24,0.98,0.98,2296.0,2296.0,178.0,178.0,7,6.4,6.4,-0.9,-0.9,6.55,6.55,cube50_cluster0,37,1.0874041782877513,SL,89.4318003898919,-0.37548710296403526,10.18704890209373
2025-09-15,669920,669920,673962,HOU,TEX,5,1,0,2,FF,FF,R,R,B,Ball,92.3,92.3,-1.27,-1.27,1.18,1.18,2371.0,2371.0,245.0,245.0,9,6.4,6.4,-1.23,-1.23,5.74,5.74,cube60_cluster0,1088,1.15581720972148,FF,92.17053866131751,10.618556738155133,11.426031596706425
2025-09-15,686218,686218,664056,LAD,PHI,5,2,1,1,FF,FF,R,R,S,Called Strike,95.2,95.2,-0.79,-0.79,1.46,1.46,2446.0,2446.0,208.0,208.0,8,6.7,6.7,-0.98,-0.98,5.31,5.31,cube61_cluster0,650,1.924937109087382,FF,93.56609940362357,10.767633610073183,11.615865923476361
2025-09-15,669461,669461,682622,STL,CIN,6,0,1,2,SL,SL,L,L,B,Ball,87.9,87.9,-0.27,0.27,0.12,0.12,2735.0,2735.0,191.0,169.0,7,6.3,6.3,0.65,-0.65,6.47,6.47,cube31_cluster0,31,1.4625145982407421,SL,85.53907999105853,-4.021504116996385,3.5159534946310442
2025-09-15,678906,678906,545121,AZ,SF,4,1,0,0,ST,ST,R,R,B,Ball,84.3,84.3,1.27,1.27,0.12,0.12,2774.0,2774.0,62.0,62.0,3,6.5,6.5,-2.43,-2.43,5.32,5.32,cube17_cluster0,230,0.6871021763786844,ST,83.28054719292679,-11.37879274055619,0.1522002590525712
2025-09-15,668678,668678,805811,AZ,SF,4,2,0,0,CH,CH,R,R,S,Called Strike,85.4,85.4,-1.0,-1.0,0.24,0.24,1468.0,1468.0,224.0,224.0,8,6.4,6.4,-3.22,-3.22,5.73,5.73,cube67_cluster0,835,2.317953717654172,CH,90.86602419473125,13.606542467363951,8.526706287157376
2025-09-15,607074,607074,640902,MIN,NYY,5,0,1,1,FF,FF,L,L,B,Ball,93.2,93.2,0.86,-0.86,1.42,1.42,2421.0,2421.0,142.0,218.0,8,6.5,6.5,2.11,-2.11,6.3,6.3,cube60_cluster0,1088,1.353286355263265,FF,92.17053866131751,10.618556738155133,11.426031596706425
2025-09-15,683004,683004,660821,HOU,TEX,5,0,2,2,CH,CH,R,R,X,"Jesús Sánchez grounds into a force out, first baseman Jake Burger to shortstop Josh Smith. Yainer Diaz out at 2nd. Jesús Sánchez to 1st.",89.2,89.2,-1.32,-1.32,0.16,0.16,1365.0,1365.0,228.0,228.0,9,6.5,6.5,-1.22,-1.22,5.71,5.71,cube59_cluster1,5,1.1874025710956835,SL,84.79163597246126,7.451913253012047,2.269996213425129
2025-09-15,677952,677952,650489,PIT,CHC,4,0,1,2,SI,SI,R,R,X,"Willi Castro grounds out, third baseman Jared Triolo to first baseman Spencer Horwitz.",98.3,98.3,-1.36,-1.36,0.61,0.61,2391.0,2391.0,227.0,227.0,9,6.4,6.4,-0.91,-0.91,6.12,6.12,cube60_cluster0,1088,1.7407987240350276,FF,92.17053866131751,10.618556738155133,11.426031596706425
2025-09-15,592791,592791,693304,PIT,CHC,5,0,3,2,FF,FF,R,R,X,"Nick Gonzales grounds out, shortstop Dansby Swanson to first baseman Michael Busch.",93.2,93.2,-0.45,-0.45,1.46,1.46,2279.0,2279.0,206.0,206.0,8,6.9,6.9,-1.04,-1.04,6.1,6.1,cube60_cluster0,1088,1.7496896504503614,FF,92.17053866131751,10.618556738155133,11.426031596706425
2025-09-15,675911,675911,686611,WSH,ATL,4,1,0,2,CU,CU,R,R,B,Ball In Dirt,79.2,79.2,0.92,0.92,-0.57,-0.57,2766.0,2766.0,62.0,62.0,3,6.9,6.9,-1.84,-1.84,5.93,5.93,cube10_cluster0,173,1.1935410711038428,ST,82.08401130843858,-12.249969959417843,-5.792755621368389
2025-09-15,680730,680730,671739,WSH,ATL,5,0,0,0,FF,FF,L,L,B,Ball,92.2,92.2,0.49,-0.49,1.72,1.72,2139.0,2139.0,162.0,198.0,8,6.8,6.8,1.1,-1.1,6.56,6.56,cube50_cluster0,37,2.0639751943286204,SL,89.4318003898919,-0.37548710296403526,10.18704890209373
2025-09-15,641793,641793,695336,STL,CIN,5,2,2,1,FF,FF,R,R,S,Foul,90.7,90.7,-0.83,-0.83,1.22,1.22,1797.0,1797.0,211.0,211.0,8,6.2,6.2,-0.75,-0.75,6.11,6.11,cube59_cluster0,234,1.0995220166482602,FF,89.27696125383754,10.588468754256617,10.304337269887236
2025-09-15,669920,669920,673962,HOU,TEX,5,1,0,1,SI,SI,R,R,S,Called Strike,90.6,90.6,-1.55,-1.55,0.4,0.4,2181.0,2181.0,249.0,249.0,9,6.5,6.5,-1.44,-1.44,5.5,5.5,cube67_cluster0,835,1.2586223339841365,CH,90.86602419473125,13.606542467363951,8.526706287157376
2025-09-15,678906,678906,677942,AZ,SF,4,1,1,2,ST,ST,R,R,X,Blaze Alexander singles on a sharp line drive to center fielder Jung Hoo Lee.,84.4,84.4,1.48,1.48,-0.08,-0.08,2765.0,2765.0,51.0,51.0,3,6.6,6.6,-2.27,-2.27,5.38,5.38,cube17_cluster0,230,0.8655451248213547,ST,83.28054719292679,-11.37879274055619,0.1522002590525712
2025-09-15,680573,680573,641857,MIN,NYY,5,0,0,1,FF,FF,R,R,S,Foul,92.4,92.4,-0.58,-0.58,1.43,1.43,2295.0,2295.0,203.0,203.0,8,6.6,6.6,-1.25,-1.25,6.42,6.42,cube50_cluster0,37,1.5184851048802421,SL,89.4318003898919,-0.37548710296403526,10.18704890209373
2025-09-15,686218,686218,664056,LAD,PHI,5,2,0,1,CH,CH,R,R,B,Ball,85.6,85.6,-0.98,-0.98,0.55,0.55,916.0,916.0,259.0,259.0,10,6.6,6.6,-1.14,-1.14,5.27,5.27,cube59_cluster1,5,1.6389081627571283,SL,84.79163597246126,7.451913253012047,2.269996213425129
2025-09-15,680730,680730,542303,WSH,ATL,5,0,3,0,FF,FF,L,L,X,Marcell Ozuna singles on a sharp line drive to left fielder James Wood.,91.7,91.7,0.62,-0.62,1.5,1.5,2170.0,2170.0,168.0,192.0,7,7.0,7.0,1.25,-1.25,6.47,6.47,cube60_cluster0,1088,2.0024476707507763,FF,92.17053866131751,10.618556738155133,11.426031596706425
2025-09-15,592791,592791,693304,PIT,CHC,5,0,2,2,CH,CH,R,R,B,Ball,81.3,81.3,-0.82,-0.82,0.86,0.86,1675.0,1675.0,221.0,221.0,8,6.4,6.4,-0.99,-0.99,6.22,6.22,cube66_cluster0,197,1.315248261281146,CH,86.84077917182076,12.525512574763452,6.567520411131463
2025-09-15,624133,624133,605141,LAD,PHI,5,1,0,0,FC,FC,L,L,B,Ball,87.5,87.5,-0.09,0.09,0.51,0.51,2054.0,2054.0,158.0,202.0,8,6.2,6.2,2.42,-2.42,5.66,5.66,cube52_cluster0,159,1.2219690590028658,FC,90.76795186341266,-0.1350320156357884,9.625773571373404
2025-09-15,683004,683004,660821,HOU,TEX,5,0,1,2,FF,FF,R,R,B,Ball,96.7,96.7,-0.71,-0.71,1.44,1.44,2390.0,2390.0,216.0,216.0,8,6.7,6.7,-1.17,-1.17,5.7,5.7,cube60_cluster0,1088,1.5177337945675422,FF,92.17053866131751,10.618556738155133,11.426031596706425
2025-09-15,668678,668678,656305,AZ,SF,4,1,3,2,KC,KC,R,R,S,Matt Chapman called out on strikes.,79.8,79.8,0.67,0.67,-1.18,-1.18,2393.0,2393.0,36.0,36.0,2,6.5,6.5,-3.1,-3.1,5.89,5.89,cube17_cluster1,4,1.8308732343471166,CU,78.95917169292895,-10.024787945860975,-3.9433667010451945
2025-09-15,671212,671212,665926,TB,TOR,5,2,0,2,SL,SL,R,R,X,"Andrés Giménez grounds out, second baseman Brandon Lowe to first baseman Yandy Díaz.",91.2,91.2,0.36,0.36,0.06,0.06,2681.0,2681.0,127.0,127.0,5,6.4,6.4,-1.06,-1.06,5.77,5.77,cube32_cluster0,191,1.268288955907108,SL,86.80283260847423,-3.994445228339661,3.088972714840957
2025-09-15,680694,680694,700337,CWS,BAL,4,0,1,2,FF,FF,R,R,X,"Edgar Quero grounds into a double play, second baseman Jackson Holliday to shortstop Gunnar Henderson to first baseman Ryan Mountcastle. Andrew Benintendi out at 2nd. Edgar Quero out at 1st.",92.9,92.9,0.41,0.41,1.11,1.11,2508.0,2508.0,172.0,172.0,7,6.5,6.5,-0.88,-0.88,6.55,6.55,cube50_cluster0,37,1.4506328262816108,SL,89.4318003898919,-0.37548710296403526,10.18704890209373
2025-09-15,677952,677952,650489,PIT,CHC,4,0,1,2,CU,CU,R,R,S,Foul,84.9,84.9,0.26,0.26,-1.03,-1.03,2774.0,2774.0,35.0,35.0,2,6.2,6.2,-0.79,-0.79,6.52,6.52,cube1_cluster0,11,0.9718589186073512,CU,80.41940225841523,-7.8151704354474925,-14.345667881001397
2025-09-15,680732,680732,694212,CWS,BAL,4,2,1,2,KC,KC,R,R,X,"Samuel Basallo grounds out, second baseman Chase Meidroth to first baseman Lenyn Sosa.",82.1,82.1,0.37,0.37,-1.16,-1.16,2539.0,2539.0,28.0,28.0,2,7.1,7.1,-2.33,-2.33,6.17,6.17,cube8_cluster1,5,1.7767022977075364,CU,76.99877318439641,-5.367173817726275,-11.507933500365382
2025-09-15,641793,641793,695336,STL,CIN,5,2,2,0,SL,SL,R,R,S,Foul,86.3,86.3,0.01,0.01,0.62,0.62,2108.0,2108.0,200.0,200.0,8,6.2,6.2,-0.7,-0.7,6.19,6.19,cube50_cluster0,37,1.0854101865613093,SL,89.4318003898919,-0.37548710296403526,10.18704890209373
2025-09-15,607074,607074,640902,MIN,NYY,5,0,1,0,FF,FF,L,L,S,Called Strike,94.0,94.0,0.87,-0.87,1.52,1.52,2410.0,2410.0,146.0,214.0,8,6.2,6.2,2.03,-2.03,6.4,6.4,cube66_cluster1,5,1.3973165302258583,FF,93.24252622389831,13.00015635891318,12.382567932373675
2025-09-15,669461,669461,682622,STL,CIN,6,0,0,2,FF,FF,L,L,B,Ball,94.3,94.3,0.51,-0.51,1.45,1.45,2106.0,2106.0,148.0,212.0,8,6.3,6.3,0.61,-0.61,6.59,6.59,cube50_cluster0,37,1.7628899602746668,SL,89.4318003898919,-0.37548710296403526,10.18704890209373
2025-09-15,675911,675911,686611,WSH,ATL,4,1,0,1,CU,CU,R,R,S,Swinging Strike (Blocked),77.3,77.3,1.03,1.03,-0.63,-0.63,2781.0,2781.0,59.0,59.0,3,6.9,6.9,-1.79,-1.79,5.93,5.93,cube9_cluster0,353,1.287391834170935,CU,81.04977735376619,-10.683603137730767,-7.201930121038002
2025-09-15,702056,702056,700246,TB,TOR,5,1,0,1,SL,SL,R,R,B,Ball,87.7,87.7,-0.32,-0.32,0.62,0.62,2225.0,2225.0,202.0,202.0,8,6.0,6.0,-0.62,-0.62,7.13,7.13,cube50_cluster0,37,1.9944928852434098,SL,89.4318003898919,-0.37548710296403526,10.18704890209373
2025-09-15,592791,592791,693304,PIT,CHC,5,0,1,2,FC,FC,R,R,B,Ball,87.7,87.7,0.63,0.63,0.65,0.65,2664.0,2664.0,161.0,161.0,6,7.0,7.0,-1.08,-1.08,6.05,6.05,cube32_cluster0,191,1.6833972526244776,SL,86.80283260847423,-3.994445228339661,3.088972714840957
2025-09-15,669920,669920,673962,HOU,TEX,5,1,0,0,SI,SI,R,R,S,Called Strike,90.2,90.2,-1.62,-1.62,0.21,0.21,2040.0,2040.0,252.0,252.0,9,6.5,6.5,-1.39,-1.39,5.49,5.49,cube67_cluster0,835,1.3731802143834326,CH,90.86602419473125,13.606542467363951,8.526706287157376
2025-09-15,683004,683004,660821,HOU,TEX,5,0,1,1,CH,CH,R,R,S,Foul,87.5,87.5,-0.6,-0.6,0.84,0.84,1296.0,1296.0,220.0,220.0,8,6.7,6.7,-1.28,-1.28,5.69,5.69,cube59_cluster1,5,1.111027843211484,SL,84.79163597246126,7.451913253012047,2.269996213425129
2025-09-15,668678,668678,656305,AZ,SF,4,1,3,2,CH,CH,R,R,S,Foul,85.9,85.9,-1.01,-1.01,0.32,0.32,1567.0,1567.0,231.0,231.0,9,6.6,6.6,-3.28,-3.28,5.75,5.75,cube61_cluster1,4,2.0766131174793663,FF,90.06345506345505,6.430047483380817,11.373038073038074
2025-09-15,669461,669461,682622,STL,CIN,6,0,0,2,CU,CU,L,L,S,Foul,77.2,77.2,-1.1,1.1,-1.54,-1.54,2995.0,2995.0,333.0,27.0,2,6.2,6.2,0.56,-0.56,6.58,6.58,cube1_cluster0,11,1.257696786846868,CU,80.41940225841523,-7.8151704354474925,-14.345667881001397
2025-09-15,680573,680573,641857,MIN,NYY,5,0,0,0,FS,FS,R,R,S,Called Strike,87.1,87.1,-0.75,-0.75,1.02,1.02,1379.0,1379.0,213.0,213.0,8,6.8,6.8,-1.38,-1.38,6.3,6.3,cube66_cluster0,197,1.5168939440076918,CH,86.84077917182076,12.525512574763452,6.567520411131463
2025-09-15,680732,680732,694212,CWS,BAL,4,2,1,1,FF,FF,R,R,S,Foul,95.6,95.6,-0.41,-0.41,1.42,1.42,2403.0,2403.0,199.0,199.0,8,7.1,7.1,-2.18,-2.18,6.33,6.33,cube62_cluster1,11,1.7858133742829658,FF,95.54242544913883,5.728019039608564,15.221051570629365
2025-09-15,671212,671212,665926,TB,TOR,5,2,0,1,SL,SL,R,R,S,Swinging Strike,92.2,92.2,0.45,0.45,0.06,0.06,2735.0,2735.0,135.0,135.0,6,6.5,6.5,-1.03,-1.03,5.7,5.7,cube32_cluster0,191,1.4566818017700973,SL,86.80283260847423,-3.994445228339661,3.088972714840957
2025-09-15,641793,641793,695336,STL,CIN,5,2,1,0,SI,SI,R,R,B,Ball,90.2,90.2,-0.9,-0.9,1.16,1.16,1924.0,1924.0,214.0,214.0,8,6.2,6.2,-0.66,-0.66,6.09,6.09,cube59_cluster0,234,1.1055039775353188,FF,89.27696125383754,10.588468754256617,10.304337269887236
2025-09-15,680730,680730,542303,WSH,ATL,5,0,2,0,FF,FF,L,L,B,Ball,91.4,91.4,0.69,-0.69,1.42,1.42,2099.0,2099.0,170.0,190.0,7,6.7,6.7,0.91,-0.91,6.58,6.58,cube59_cluster0,234,1.8284167903883317,FF,89.27696125383754,10.588468754256617,10.304337269887236
2025-09-15,624133,624133,660271,LAD,PHI,5,1,0,1,CU,CU,L,L,X,Shohei Ohtani doubles (22) on a ground ball to right fielder Max Kepler. Chuckie Robinson to 3rd.,76.1,76.1,-0.71,0.71,-0.68,-0.68,2008.0,2008.0,313.0,47.0,3,6.4,6.4,2.14,-2.14,5.71,5.71,cube9_cluster0,353,1.636485683933361,CU,81.04977735376619,-10.683603137730767,-7.201930121038002
2025-09-15,678906,678906,677942,AZ,SF,4,1,0,2,FF,FF,R,R,B,Ball,94.6,94.6,-0.6,-0.6,0.79,0.79,2653.0,2653.0,237.0,237.0,9,6.4,6.4,-2.28,-2.28,5.29,5.29,cube61_cluster0,650,1.2982120963402355,FF,93.56609940362357,10.767633610073183,11.615865923476361
2025-09-15,607074,607074,640902,MIN,NYY,5,0,0,0,FF,FF,L,L,B,Ball,92.9,92.9,0.93,-0.93,1.58,1.58,2379.0,2379.0,147.0,213.0,8,6.3,6.3,2.07,-2.07,6.42,6.42,cube66_cluster1,5,1.5417778590212552,FF,93.24252622389831,13.00015635891318,12.382567932373675
2025-09-15,686218,686218,664056,LAD,PHI,5,2,0,0,SL,SL,R,R,S,Swinging Strike,86.1,86.1,0.41,0.41,0.17,0.17,2535.0,2535.0,128.0,128.0,5,6.5,6.5,-1.22,-1.22,5.25,5.25,cube32_cluster0,191,1.521777512930907,SL,86.80283260847423,-3.994445228339661,3.088972714840957
2025-09-15,677952,677952,650489,PIT,CHC,4,0,0,2,FF,FF,R,R,B,Ball,97.7,97.7,-0.51,-0.51,1.42,1.42,2423.0,2423.0,219.0,219.0,8,6.4,6.4,-0.86,-0.86,6.25,6.25,cube50_cluster0,37,1.7036795462902534,SL,89.4318003898919,-0.37548710296403526,10.18704890209373
2025-09-15,675911,675911,686611,WSH,ATL,4,1,0,0,CU,CU,R,R,S,Swinging Strike (Blocked),76.9,76.9,0.69,0.69,-0.75,-0.75,2688.0,2688.0,56.0,56.0,3,6.9,6.9,-1.85,-1.85,5.93,5.93,cube9_cluster0,353,1.2708119845517034,CU,81.04977735376619,-10.683603137730767,-7.201930121038002
2025-09-15,680694,680694,700337,CWS,BAL,4,0,1,1,SI,SI,R,R,S,Foul,93.2,93.2,-1.02,-1.02,1.13,1.13,2282.0,2282.0,201.0,201.0,8,6.5,6.5,-0.97,-0.97,6.42,6.42,cube59_cluster0,234,1.4822264225113422,FF,89.27696125383754,10.588468754256617,10.304337269887236
2025-09-15,702056,702056,700246,TB,TOR,5,1,0,0,FF,FF,R,R,S,Called Strike,93.5,93.5,-0.34,-0.34,1.76,1.76,2418.0,2418.0,200.0,200.0,8,6.2,6.2,-0.36,-0.36,7.05,7.05,cube50_cluster0,37,2.499842997655982,SL,89.4318003898919,-0.37548710296403526,10.18704890209373
2025-09-15,675911,675911,657557,WSH,ATL,4,1,1,1,SL,SL,R,R,X,Paul DeJong singles on a line drive to left fielder Jurickson Profar. Josh Bell to 3rd. Luis García Jr. to 2nd.,83.5,83.5,0.53,0.53,0.06,0.06,2304.0,2304.0,139.0,139.0,6,6.9,6.9,-1.85,-1.85,5.82,5.82,cube33_cluster0,94,0.9790751480832237,SL,87.30386197983206,-4.155245122339746,2.874909281221629
2025-09-15,668678,668678,656305,AZ,SF,4,1,2,2,KC,KC,R,R,B,Ball,80.5,80.5,0.58,0.58,-1.15,-1.15,2452.0,2452.0,38.0,38.0,2,6.5,6.5,-3.18,-3.18,5.84,5.84,cube17_cluster1,4,1.7507309767374404,CU,78.95917169292895,-10.024787945860975,-3.9433667010451945
2025-09-15,669461,669461,682622,STL,CIN,6,0,0,1,SI,SI,L,L,S,Swinging Strike,93.3,93.3,1.1,-1.1,1.17,1.17,2010.0,2010.0,147.0,213.0,8,6.4,6.4,0.69,-0.69,6.49,6.49,cube59_cluster0,234,1.462761831865746,FF,89.27696125383754,10.588468754256617,10.304337269887236
2025-09-15,677952,677952,650489,PIT,CHC,4,0,0,1,CU,CU,R,R,S,Swinging Strike,85.4,85.4,0.42,0.42,-0.95,-0.95,2533.0,2533.0,33.0,33.0,2,6.2,6.2,-0.82,-0.82,6.48,6.48,cube1_cluster0,11,1.1268892315570422,CU,80.41940225841523,-7.8151704354474925,-14.345667881001397
2025-09-15,669920,669920,696030,HOU,TEX,5,0,0,1,CH,CH,R,R,X,"Alejandro Osuna grounds into a force out, third baseman Carlos Correa to shortstop Jeremy Peña. Adolis García out at 2nd. Alejandro Osuna to 1st.",80.8,80.8,-1.72,-1.72,0.12,0.12,1864.0,1864.0,262.0,262.0,10,6.3,6.3,-1.58,-1.58,5.6,5.6,cube66_cluster0,197,1.6381860770643617,CH,86.84077917182076,12.525512574763452,6.567520411131463
2025-09-15,702056,702056,656484,TB,TOR,5,0,0,0,SL,SL,R,R,X,Tristan Gray flies out sharply to center fielder Daulton Varsho.,86.9,86.9,-0.28,-0.28,0.34,0.34,2135.0,2135.0,199.0,199.0,8,5.9,5.9,-0.63,-0.63,7.11,7.11,cube50_cluster0,37,2.112566311028894,SL,89.4318003898919,-0.37548710296403526,10.18704890209373
2025-09-15,624133,624133,660271,LAD,PHI,5,1,0,0,FF,FF,L,L,S,Foul,91.4,91.4,0.43,-0.43,0.74,0.74,1821.0,1821.0,126.0,234.0,9,6.0,6.0,2.39,-2.39,5.45,5.45,cube67_cluster0,835,1.4339789953900304,CH,90.86602419473125,13.606542467363951,8.526706287157376
2025-09-15,680573,680573,502671,MIN,NYY,4,2,0,2,FS,FS,R,R,S,Paul Goldschmidt strikes out swinging.,87.5,87.5,-0.18,-0.18,0.81,0.81,867.0,867.0,224.0,224.0,8,7.0,7.0,-1.26,-1.26,6.28,6.28,cube59_cluster1,5,1.627334652703726,SL,84.79163597246126,7.451913253012047,2.269996213425129
2025-09-15,678906,678906,677942,AZ,SF,4,1,0,1,SI,SI,R,R,S,Foul,93.7,93.7,-1.36,-1.36,0.33,0.33,2346.0,2346.0,237.0,237.0,9,6.3,6.3,-2.28,-2.28,5.41,5.41,cube68_cluster0,637,1.0023202119459307,FF,92.88295797031044,13.980317543503329,9.180920892722085
2025-09-15,607074,607074,686797,MIN,NYY,5,0,0,0,FF,FF,L,L,X,Brooks Lee homers (15) on a fly ball to left field.,92.4,92.4,0.58,-0.58,1.74,1.74,2357.0,2357.0,143.0,217.0,8,6.4,6.4,2.02,-2.02,6.43,6.43,cube60_cluster0,1088,1.7176821843212098,FF,92.17053866131751,10.618556738155133,11.426031596706425
2025-09-15,680730,680730,542303,WSH,ATL,5,0,1,0,FF,FF,L,L,B,Ball,92.6,92.6,0.8,-0.8,1.31,1.31,2141.0,2141.0,162.0,198.0,8,6.8,6.8,1.35,-1.35,6.34,6.34,cube60_cluster0,1088,1.4504729708562596,FF,92.17053866131751,10.618556738155133,11.426031596706425
2025-09-15,680694,680694,700337,CWS,BAL,4,0,0,1,CU,CU,R,R,B,Ball,82.8,82.8,0.26,0.26,-0.64,-0.64,2529.0,2529.0,35.0,35.0,2,6.3,6.3,-1.03,-1.03,6.59,6.59,cube15_cluster0,23,1.0158811600803135,CU,82.92103283413093,-3.9398978499082826,-3.816941770346403
2025-09-15,592791,592791,693304,PIT,CHC,5,0,1,2,FF,FF,R,R,S,Foul,92.3,92.3,-0.35,-0.35,1.43,1.43,2349.0,2349.0,203.0,203.0,8,6.8,6.8,-0.94,-0.94,6.14,6.14,cube50_cluster0,37,1.7558605192434626,SL,89.4318003898919,-0.37548710296403526,10.18704890209373
2025-09-15,680732,680732,694212,CWS,BAL,4,2,1,0,FF,FF,R,R,S,Foul,94.8,94.8,-0.84,-0.84,1.38,1.38,2663.0,2663.0,201.0,201.0,8,7.2,7.2,-2.22,-2.22,6.26,6.26,cube62_cluster1,11,1.856637962597232,FF,95.54242544913883,5.728019039608564,15.221051570629365
2025-09-15,641793,641793,695336,STL,CIN,5,2,0,0,SI,SI,R,R,B,Ball,91.1,91.1,-0.99,-0.99,1.21,1.21,1948.0,1948.0,213.0,213.0,8,6.2,6.2,-0.78,-0.78,6.01,6.01,cube59_cluster0,234,1.0473749697317722,FF,89.27696125383754,10.588468754256617,10.304337269887236
2025-09-15,671212,671212,665926,TB,TOR,5,2,0,0,FF,FF,R,R,S,Called Strike,98.5,98.5,-0.65,-0.65,0.97,0.97,2463.0,2463.0,227.0,227.0,9,6.4,6.4,-1.18,-1.18,5.69,5.69,cube60_cluster0,1088,1.4051129144666459,FF,92.17053866131751,10.618556738155133,11.426031596706425
2025-09-15,686218,686218,642215,LAD,PHI,5,1,3,2,SL,SL,R,R,X,"Weston Wilson grounds out softly, pitcher Emmet Sheehan to first baseman Freddie Freeman.",88.1,88.1,0.41,0.41,0.54,0.54,2407.0,2407.0,187.0,187.0,7,6.5,6.5,-1.12,-1.12,5.32,5.32,cube42_cluster0,221,1.5363264267888446,FC,88.14517513894621,-2.9372479967817404,6.184306080936519
2025-09-15,683004,683004,660821,HOU,TEX,5,0,0,1,FF,FF,R,R,B,Ball,95.4,95.4,-0.44,-0.44,1.47,1.47,2346.0,2346.0,213.0,213.0,8,6.6,6.6,-1.13,-1.13,5.67,5.67,cube60_cluster0,1088,1.5219908999522451,FF,92.17053866131751,10.618556738155133,11.426031596706425
2025-09-15,686218,686218,642215,LAD,PHI,5,1,3,1,FF,FF,R,R,S,Foul,93.3,93.3,-0.75,-0.75,1.25,1.25,2312.0,2312.0,211.0,211.0,8,6.6,6.6,-1.12,-1.12,5.38,5.38,cube60_cluster0,1088,1.5225197226402363,FF,92.17053866131751,10.618556738155133,11.426031596706425
2025-09-15,671212,671212,623168,TB,TOR,5,1,0,0,FS,FS,R,R,X,Tyler Heineman flies out to center fielder Jake Mangum.,93.5,93.5,-1.33,-1.33,0.34,0.34,2067.0,2067.0,237.0,237.0,9,6.4,6.4,-0.99,-0.99,5.79,5.79,cube59_cluster0,234,1.5021891813557502,FF,89.27696125383754,10.588468754256617,10.304337269887236
2025-09-15,683004,683004,660821,HOU,TEX,5,0,0,0,CH,CH,R,R,S,Swinging Strike,87.8,87.8,-0.97,-0.97,0.7,0.7,1384.0,1384.0,218.0,218.0,8,6.5,6.5,-1.36,-1.36,5.74,5.74,cube66_cluster0,197,0.890123524951101,CH,86.84077917182076,12.525512574763452,6.567520411131463
2025-09-15,678906,678906,677942,AZ,SF,4,1,0,0,ST,ST,R,R,S,Foul,85.2,85.2,1.39,1.39,0.19,0.19,2794.0,2794.0,64.0,64.0,3,6.4,6.4,-2.34,-2.34,5.38,5.38,cube17_cluster0,230,0.8196105729271085,ST,83.28054719292679,-11.37879274055619,0.1522002590525712
2025-09-15,624133,624133,642020,LAD,PHI,5,0,0,1,CU,CU,L,L,X,"Chuckie Robinson reaches on a fielder's choice out, pitcher Ranger Suarez to third baseman Otto Kemp. Andy Pages out at 3rd.",76.3,76.3,-0.61,0.61,-0.68,-0.68,2010.0,2010.0,306.0,54.0,3,6.0,6.0,2.07,-2.07,5.69,5.69,cube9_cluster0,353,1.7144477948317949,CU,81.04977735376619,-10.683603137730767,-7.201930121038002
2025-09-15,680730,680730,542303,WSH,ATL,5,0,0,0,CU,CU,L,L,B,Ball,78.0,78.0,-0.17,0.17,-0.73,-0.73,2277.0,2277.0,333.0,27.0,2,6.8,6.8,1.36,-1.36,6.4,6.4,cube8_cluster1,5,1.023372563295942,CU,76.99877318439641,-5.367173817726275,-11.507933500365382
2025-09-15,680694,680694,700337,CWS,BAL,4,0,0,0,SL,SL,R,R,S,Foul,84.8,84.8,0.78,0.78,0.3,0.3,2542.0,2542.0,45.0,45.0,3,6.3,6.3,-1.43,-1.43,6.48,6.48,cube23_cluster0,18,1.2413668330718965,SL,84.2588963468347,-3.122612334195792,-0.3482418990887928
2025-09-15,702056,702056,663743,TB,TOR,4,2,1,2,FS,FS,R,R,S,Nick Fortes strikes out swinging.,84.3,84.3,-0.79,-0.79,0.47,0.47,1483.0,1483.0,222.0,222.0,8,5.9,5.9,-0.52,-0.52,7.1,7.1,cube59_cluster0,234,2.624599676531428,FF,89.27696125383754,10.588468754256617,10.304337269887236
2025-09-15,677952,677952,650489,PIT,CHC,4,0,0,0,FF,FF,R,R,S,Foul,98.0,98.0,-0.81,-0.81,1.41,1.41,2609.0,2609.0,219.0,219.0,8,6.5,6.5,-0.84,-0.84,6.31,6.31,cube50_cluster0,37,2.070785432725152,SL,89.4318003898919,-0.37548710296403526,10.18704890209373
2025-09-15,668678,668678,656305,AZ,SF,4,1,1,2,FF,FF,R,R,B,Ball,93.1,93.1,-0.08,-0.08,1.23,1.23,2271.0,2271.0,208.0,208.0,8,6.4,6.4,-3.11,-3.11,5.91,5.91,cube52_cluster0,159,1.6233404238646785,FC,90.76795186341266,-0.1350320156357884,9.625773571373404
2025-09-15,669461,669461,682622,STL,CIN,6,0,0,0,FF,FF,L,L,S,Called Strike,93.1,93.1,0.68,-0.68,1.46,1.46,2126.0,2126.0,151.0,209.0,8,6.5,6.5,0.73,-0.73,6.52,6.52,cube59_cluster0,234,1.7465976961716094,FF,89.27696125383754,10.588468754256617,10.304337269887236
2025-09-15,607074,607074,676812,MIN,NYY,4,2,0,0,FF,FF,L,L,X,"Carson McCusker grounds out, third baseman Ryan McMahon to first baseman Paul Goldschmidt.",92.3,92.3,0.72,-0.72,1.56,1.56,2317.0,2317.0,148.0,212.0,8,6.3,6.3,2.13,-2.13,6.4,6.4,cube60_cluster0,1088,1.5100661466984497,FF,92.17053866131751,10.618556738155133,11.426031596706425
2025-09-15,675911,675911,657557,WSH,ATL,4,1,1,0,SL,SL,R,R,S,Swinging Strike,83.2,83.2,0.47,0.47,0.36,0.36,2228.0,2228.0,157.0,157.0,6,6.9,6.9,-1.78,-1.78,5.9,5.9,cube32_cluster0,191,1.1446921898712208,SL,86.80283260847423,-3.994445228339661,3.088972714840957
2025-09-15,592791,592791,693304,PIT,CHC,5,0,1,2,ST,ST,R,R,S,Foul,80.8,80.8,1.29,1.29,-0.28,-0.28,2838.0,2838.0,46.0,46.0,3,6.9,6.9,-1.15,-1.15,6.14,6.14,cube9_cluster0,353,1.75767466015168,CU,81.04977735376619,-10.683603137730767,-7.201930121038002
2025-09-15,669920,669920,696030,HOU,TEX,5,0,0,0,SI,SI,R,R,S,Called Strike,90.2,90.2,-1.51,-1.51,0.22,0.22,2138.0,2138.0,248.0,248.0,9,6.4,6.4,-1.73,-1.73,5.61,5.61,cube67_cluster0,835,1.0652252434651266,CH,90.86602419473125,13.606542467363951,8.526706287157376
2025-09-15,641793,641793,571448,STL,CIN,5,1,0,2,FS,FS,R,R,X,Nolan Arenado flies out to right fielder Noelvi Marte.,82.0,82.0,-1.04,-1.04,-0.32,-0.32,1026.0,1026.0,240.0,240.0,9,6.0,6.0,-0.66,-0.66,6.17,6.17,cube59_cluster1,5,1.9703963660091615,SL,84.79163597246126,7.451913253012047,2.269996213425129
2025-09-15,680573,680573,502671,MIN,NYY,4,2,0,1,FF,FF,R,R,S,Foul,93.4,93.4,-0.48,-0.48,1.55,1.55,2274.0,2274.0,199.0,199.0,8,6.9,6.9,-1.18,-1.18,6.45,6.45,cube50_cluster0,37,1.9887337142794477,SL,89.4318003898919,-0.37548710296403526,10.18704890209373
2025-09-15,680732,680732,694212,CWS,BAL,4,2,0,0,CH,CH,R,R,B,Ball In Dirt,86.3,86.3,-1.39,-1.39,0.53,0.53,1814.0,1814.0,236.0,236.0,9,7.5,7.5,-2.31,-2.31,5.95,5.95,cube62_cluster0,6,1.8610708636468614,SI,91.86488600736307,15.76720396342299,6.059817485939492
2025-09-15,669461,669461,670770,STL,CIN,5,2,2,1,SL,SL,L,L,X,TJ Friedl flies out to center fielder Victor Scott II.,85.1,85.1,-0.45,0.45,-0.08,-0.08,2608.0,2608.0,249.0,111.0,5,6.2,6.2,0.55,-0.55,6.45,6.45,cube15_cluster1,4,1.1369517262081474,SL,83.959314171123,-4.504801604278075,-1.7933590909090908
2025-09-15,677952,677952,621020,PIT,CHC,4,0,1,2,SL,SL,R,R,X,Dansby Swanson doubles (23) on a fly ball to left fielder Tommy Pham. Pete Crow-Armstrong scores.,92.4,92.4,0.28,0.28,0.57,0.57,2630.0,2630.0,183.0,183.0,7,6.2,6.2,-0.87,-0.87,6.32,6.32,cube41_cluster0,33,1.1680596804474346,FC,87.52410341975036,-2.728102441946197,5.90336268676447
2025-09-15,683004,683004,673237,HOU,TEX,5,0,2,2,SL,SL,R,R,X,Yainer Diaz reaches on a throwing error by shortstop Josh Smith.,87.3,87.3,0.4,0.4,0.21,0.21,2423.0,2423.0,142.0,142.0,6,6.6,6.6,-1.07,-1.07,5.76,5.76,cube32_cluster0,191,0.9857096980436411,SL,86.80283260847423,-3.994445228339661,3.088972714840957
2025-09-15,624133,624133,642020,LAD,PHI,5,0,0,0,CU,CU,L,L,S,Called Strike,75.4,75.4,-0.51,0.51,-0.68,-0.68,2065.0,2065.0,304.0,56.0,3,6.2,6.2,2.18,-2.18,5.7,5.7,cube9_cluster0,353,1.6320641149651713,CU,81.04977735376619,-10.683603137730767,-7.201930121038002
2025-09-15,607074,607074,670242,MIN,NYY,4,1,0,2,SL,SL,L,L,X,"Matt Wallner grounds out, pitcher Carlos Rodón to first baseman Paul Goldschmidt.",88.3,88.3,-0.22,0.22,0.48,0.48,2619.0,2619.0,353.0,7.0,1,6.0,6.0,2.24,-2.24,6.27,6.27,cube16_cluster0,307,1.8509322333498073,ST,82.89780592219195,-9.539303936916792,-1.0521378651219842
2025-09-15,686218,686218,642215,LAD,PHI,5,1,2,1,FF,FF,R,R,B,Ball,94.9,94.9,-0.61,-0.61,1.32,1.32,2315.0,2315.0,209.0,209.0,8,6.6,6.6,-0.97,-0.97,5.5,5.5,cube60_cluster0,1088,1.6138151976437047,FF,92.17053866131751,10.618556738155133,11.426031596706425
2025-09-15,675911,675911,657557,WSH,ATL,4,1,0,0,SL,SL,R,R,B,Ball In Dirt,83.8,83.8,0.64,0.64,0.26,0.26,2245.0,2245.0,167.0,167.0,7,7.0,7.0,-1.77,-1.77,5.8,5.8,cube33_cluster0,94,1.2437198745195903,SL,87.30386197983206,-4.155245122339746,2.874909281221629
2025-09-15,680573,680573,502671,MIN,NYY,4,2,0,0,SL,SL,R,R,S,Called Strike,86.1,86.1,0.34,0.34,0.37,0.37,2382.0,2382.0,152.0,152.0,6,6.9,6.9,-1.38,-1.38,6.28,6.28,cube32_cluster0,191,1.238439069812833,SL,86.80283260847423,-3.994445228339661,3.088972714840957
2025-09-15,680730,680730,686948,WSH,ATL,4,2,0,1,CU,CU,L,L,X,"Drake Baldwin grounds out, second baseman Luis García Jr. to first baseman Josh Bell.",78.7,78.7,-0.24,0.24,-0.56,-0.56,2285.0,2285.0,336.0,24.0,2,6.8,6.8,1.37,-1.37,6.33,6.33,cube8_cluster1,5,1.1581919767089885,CU,76.99877318439641,-5.367173817726275,-11.507933500365382
2025-09-15,671212,671212,676391,TB,TOR,5,0,1,1,FS,FS,R,R,X,Ernie Clement flies out to right fielder Josh Lowe.,93.2,93.2,-1.32,-1.32,0.31,0.31,2128.0,2128.0,229.0,229.0,9,6.5,6.5,-1.04,-1.04,5.84,5.84,cube60_cluster0,1088,1.4984074474685751,FF,92.17053866131751,10.618556738155133,11.426031596706425
2025-09-15,592791,592791,693304,PIT,CHC,5,0,1,1,FC,FC,R,R,S,Foul,85.5,85.5,0.46,0.46,0.45,0.45,2552.0,2552.0,155.0,155.0,6,6.8,6.8,-1.11,-1.11,6.18,6.18,cube32_cluster0,191,1.2940608157020779,SL,86.80283260847423,-3.994445228339661,3.088972714840957
2025-09-15,669920,669920,666969,HOU,TEX,5,0,2,2,CH,CH,R,R,X,Adolis García reaches on a fielding error by shortstop Jeremy Peña.,81.6,81.6,-1.49,-1.49,0.5,0.5,1914.0,1914.0,266.0,266.0,10,6.5,6.5,-1.35,-1.35,5.64,5.64,cube66_cluster0,197,1.4883169675551104,CH,86.84077917182076,12.525512574763452,6.567520411131463
2025-09-15,702056,702056,663743,TB,TOR,4,2,1,1,FS,FS,R,R,S,Swinging Strike,83.9,83.9,-0.65,-0.65,0.54,0.54,1570.0,1570.0,213.0,213.0,8,6.3,6.3,-0.36,-0.36,7.13,7.13,cube59_cluster0,234,2.6928723769463776,FF,89.27696125383754,10.588468754256617,10.304337269887236
2025-09-15,678906,678906,672515,AZ,SF,4,0,3,2,ST,ST,R,R,X,Gabriel Moreno lines out to third baseman Matt Chapman.,85.8,85.8,1.04,1.04,0.03,0.03,2756.0,2756.0,64.0,64.0,3,6.5,6.5,-2.3,-2.3,5.34,5.34,cube17_cluster0,230,0.586892946912248,ST,83.28054719292679,-11.37879274055619,0.1522002590525712
2025-09-15,641793,641793,571448,STL,CIN,5,1,0,1,FS,FS,R,R,S,Called Strike,82.5,82.5,-1.23,-1.23,-0.22,-0.22,1279.0,1279.0,245.0,245.0,9,6.0,6.0,-0.65,-0.65,6.19,6.19,cube59_cluster1,5,1.957050225480897,SL,84.79163597246126,7.451913253012047,2.269996213425129
2025-09-15,680732,680732,691723,CWS,BAL,4,2,1,2,SI,SI,R,R,B,Coby Mayo hit by pitch. Ryan Mountcastle to 2nd.,95.4,95.4,-1.14,-1.14,1.26,1.26,2458.0,2458.0,205.0,205.0,8,7.1,7.1,-2.3,-2.3,6.24,6.24,cube61_cluster0,650,1.7205976535069059,FF,93.56609940362357,10.767633610073183,11.615865923476361
2025-09-15,680694,680694,643217,CWS,BAL,4,0,3,0,FF,FF,R,R,B,Andrew Benintendi walks.,90.8,90.8,-0.21,-0.21,1.24,1.24,2183.0,2183.0,198.0,198.0,8,6.3,6.3,-1.35,-1.35,6.41,6.41,cube50_cluster0,37,0.8361570538912185,SL,89.4318003898919,-0.37548710296403526,10.18704890209373
2025-09-15,668678,668678,656305,AZ,SF,4,1,1,1,FF,FF,R,R,S,Called Strike,93.7,93.7,-0.19,-0.19,1.22,1.22,2325.0,2325.0,211.0,211.0,8,6.4,6.4,-3.08,-3.08,5.99,5.99,cube52_cluster0,159,1.670370551924451,FC,90.76795186341266,-0.1350320156357884,9.625773571373404
2025-09-15,671212,671212,676391,TB,TOR,5,0,0,1,SL,SL,R,R,B,Ball,90.8,90.8,0.52,0.52,-0.07,-0.07,2674.0,2674.0,138.0,138.0,6,6.5,6.5,-0.98,-0.98,5.71,5.71,cube32_cluster0,191,1.4255690695849321,SL,86.80283260847423,-3.994445228339661,3.088972714840957
2025-09-15,680694,680694,643217,CWS,BAL,4,0,2,0,SI,SI,R,R,B,Ball,90.0,90.0,-0.62,-0.62,1.09,1.09,2060.0,2060.0,203.0,203.0,8,6.2,6.2,-1.2,-1.2,6.5,6.5,cube59_cluster0,234,0.9514478486371335,FF,89.27696125383754,10.588468754256617,10.304337269887236
2025-09-15,686218,686218,642215,LAD,PHI,5,1,2,0,SL,SL,R,R,S,Called Strike,87.1,87.1,0.35,0.35,0.23,0.23,2354.0,2354.0,175.0,175.0,7,6.5,6.5,-1.25,-1.25,5.28,5.28,cube32_cluster0,191,1.5059832094882848,SL,86.80283260847423,-3.994445228339661,3.088972714840957
2025-09-15,669920,669920,666969,HOU,TEX,5,0,2,1,CH,CH,R,R,S,Swinging Strike,80.4,80.4,-1.43,-1.43,0.0,0.0,1832.0,1832.0,271.0,271.0,10,6.2,6.2,-1.39,-1.39,5.63,5.63,cube66_cluster0,197,1.6033299013995073,CH,86.84077917182076,12.525512574763452,6.567520411131463
2025-09-15,678906,678906,672515,AZ,SF,4,0,2,2,FF,FF,R,R,B,Ball,93.1,93.1,-0.39,-0.39,0.72,0.72,2669.0,2669.0,239.0,239.0,9,6.4,6.4,-2.25,-2.25,5.25,5.25,cube52_cluster0,159,1.236771287804723,FC,90.76795186341266,-0.1350320156357884,9.625773571373404
2025-09-15,680732,680732,691723,CWS,BAL,4,2,1,2,FF,FF,R,R,S,Foul,97.2,97.2,-0.52,-0.52,1.55,1.55,2640.0,2640.0,201.0,201.0,8,7.1,7.1,-2.11,-2.11,6.34,6.34,cube62_cluster1,11,2.0318500352931648,FF,95.54242544913883,5.728019039608564,15.221051570629365
2025-09-15,607074,607074,670242,MIN,NYY,4,1,0,1,SI,SI,L,L,S,Foul,90.0,90.0,1.15,-1.15,0.62,0.62,2197.0,2197.0,130.0,230.0,9,6.3,6.3,2.27,-2.27,6.2,6.2,cube60_cluster0,1088,1.1508326687898158,FF,92.17053866131751,10.618556738155133,11.426031596706425
2025-09-15,624133,624133,681624,LAD,PHI,5,0,0,1,CU,CU,L,L,X,Andy Pages doubles (25) on a sharp line drive to center fielder Harrison Bader.,75.4,75.4,-0.86,0.86,-0.81,-0.81,2173.0,2173.0,304.0,56.0,3,6.2,6.2,2.05,-2.05,5.71,5.71,cube9_cluster0,353,1.342260908109749,CU,81.04977735376619,-10.683603137730767,-7.201930121038002
2025-09-15,680730,680730,686948,WSH,ATL,4,2,0,0,FF,FF,L,L,S,Foul,92.3,92.3,0.48,-0.48,1.77,1.77,2167.0,2167.0,171.0,189.0,7,6.8,6.8,0.95,-0.95,6.47,6.47,cube50_cluster0,37,2.1025281801028046,SL,89.4318003898919,-0.37548710296403526,10.18704890209373
2025-09-15,641793,641793,571448,STL,CIN,5,1,0,0,FS,FS,R,R,S,Called Strike,81.5,81.5,-1.14,-1.14,-0.28,-0.28,1054.0,1054.0,242.0,242.0,9,6.0,6.0,-0.65,-0.65,6.22,6.22,cube59_cluster1,5,2.014307572302127,SL,84.79163597246126,7.451913253012047,2.269996213425129
2025-09-15,675911,675911,671277,WSH,ATL,4,1,1,1,FF,FF,R,R,X,Luis García Jr. singles on a sharp line drive to left fielder Jurickson Profar. Josh Bell to 2nd.,95.1,95.1,-0.52,-0.52,1.47,1.47,2317.0,2317.0,213.0,213.0,8,6.8,6.8,-1.76,-1.76,5.94,5.94,cube61_cluster0,650,1.2543487350537592,FF,93.56609940362357,10.767633610073183,11.615865923476361
2025-09-15,669461,669461,670770,STL,CIN,5,2,2,0,SI,SI,L,L,S,Called Strike,94.2,94.2,1.09,-1.09,1.15,1.15,2079.0,2079.0,152.0,208.0,8,6.5,6.5,0.5,-0.5,6.44,6.44,cube59_cluster0,234,1.7276182369855182,FF,89.27696125383754,10.588468754256617,10.304337269887236
2025-09-15,668678,668678,656305,AZ,SF,4,1,0,1,FF,FF,R,R,B,Ball,93.4,93.4,-0.38,-0.38,1.18,1.18,2148.0,2148.0,216.0,216.0,8,6.3,6.3,-3.2,-3.2,5.99,5.99,cube61_cluster1,4,1.8478836676679244,FF,90.06345506345505,6.430047483380817,11.373038073038074
2025-09-15,680573,680573,665862,MIN,NYY,4,1,1,2,SL,SL,R,R,S,Jazz Chisholm Jr. called out on strikes.,85.8,85.8,0.31,0.31,0.64,0.64,2306.0,2306.0,178.0,178.0,7,6.8,6.8,-1.48,-1.48,6.24,6.24,cube42_cluster0,221,1.1714846940209298,FC,88.14517513894621,-2.9372479967817404,6.184306080936519
2025-09-15,683004,683004,673237,HOU,TEX,5,0,1,2,CH,CH,R,R,B,Ball,91.2,91.2,-1.08,-1.08,0.45,0.45,1318.0,1318.0,224.0,224.0,8,6.5,6.5,-1.0,-1.0,5.72,5.72,cube59_cluster1,5,1.2157410209636708,SL,84.79163597246126,7.451913253012047,2.269996213425129
2025-09-15,702056,702056,663743,TB,TOR,4,2,0,1,FF,FF,R,R,B,Ball,94.7,94.7,-0.35,-0.35,1.76,1.76,2363.0,2363.0,195.0,195.0,8,6.5,6.5,-0.38,-0.38,6.94,6.94,cube50_cluster0,37,2.491106384109907,SL,89.4318003898919,-0.37548710296403526,10.18704890209373
2025-09-15,677952,677952,621020,PIT,CHC,4,0,1,2,CU,CU,R,R,S,Foul,84.8,84.8,0.6,0.6,-1.3,-1.3,2883.0,2883.0,33.0,33.0,2,6.1,6.1,-0.64,-0.64,6.52,6.52,cube1_cluster0,11,0.8487266805909536,CU,80.41940225841523,-7.8151704354474925,-14.345667881001397
2025-09-15,592791,592791,693304,PIT,CHC,5,0,1,0,SI,SI,R,R,S,Swinging Strike,92.0,92.0,-1.07,-1.07,1.0,1.0,2245.0,2245.0,205.0,205.0,8,6.8,6.8,-1.05,-1.05,6.05,6.05,cube60_cluster0,1088,1.3556033863565204,FF,92.17053866131751,10.618556738155133,11.426031596706425
2025-09-15,702056,702056,663743,TB,TOR,4,2,0,0,FF,FF,R,R,S,Called Strike,93.8,93.8,-0.27,-0.27,1.81,1.81,2406.0,2406.0,194.0,194.0,7,6.3,6.3,-0.39,-0.39,7.05,7.05,cube50_cluster0,37,2.530856850697972,SL,89.4318003898919,-0.37548710296403526,10.18704890209373
2025-09-15,678906,678906,672515,AZ,SF,4,0,1,2,ST,ST,R,R,B,Ball,85.9,85.9,1.26,1.26,-0.15,-0.15,2721.0,2721.0,58.0,58.0,3,6.4,6.4,-2.12,-2.12,5.35,5.35,cube17_cluster0,230,0.7805367925122983,ST,83.28054719292679,-11.37879274055619,0.1522002590525712
2025-09-15,680573,680573,665862,MIN,NYY,4,1,0,2,FF,FF,R,R,B,Ball,93.6,93.6,-0.37,-0.37,1.53,1.53,2312.0,2312.0,195.0,195.0,8,6.5,6.5,-1.25,-1.25,6.48,6.48,cube50_cluster0,37,1.4715525036061095,SL,89.4318003898919,-0.37548710296403526,10.18704890209373
2025-09-15,671212,671212,676391,TB,TOR,5,0,0,0,SL,SL,R,R,S,Foul,90.4,90.4,0.43,0.43,0.21,0.21,2696.0,2696.0,138.0,138.0,6,6.3,6.3,-1.12,-1.12,5.82,5.82,cube32_cluster0,191,1.1569934684166203,SL,86.80283260847423,-3.994445228339661,3.088972714840957
2025-09-15,686218,686218,642215,LAD,PHI,5,1,1,0,SL,SL,R,R,B,Ball,87.9,87.9,0.13,0.13,0.33,0.33,2299.0,2299.0,202.0,202.0,8,6.6,6.6,-1.17,-1.17,5.33,5.33,cube42_cluster0,221,1.5736177445503745,FC,88.14517513894621,-2.9372479967817404,6.184306080936519
2025-09-15,669920,669920,666969,HOU,TEX,5,0,1,1,ST,ST,R,R,B,Ball,80.7,80.7,1.25,1.25,0.0,0.0,2578.0,2578.0,64.0,64.0,3,6.5,6.5,-1.78,-1.78,5.42,5.42,cube17_cluster0,230,0.9825969136843355,ST,83.28054719292679,-11.37879274055619,0.1522002590525712
2025-09-15,669461,669461,670770,STL,CIN,5,2,1,0,SL,SL,L,L,B,Ball,85.1,85.1,-0.56,0.56,-0.25,-0.25,2775.0,2775.0,274.0,86.0,4,6.3,6.3,0.59,-0.59,6.49,6.49,cube15_cluster1,4,1.3051132582210434,SL,83.959314171123,-4.504801604278075,-1.7933590909090908
2025-09-15,683004,683004,673237,HOU,TEX,5,0,1,2,FF,FF,R,R,S,Foul,97.1,97.1,-0.95,-0.95,1.55,1.55,2417.0,2417.0,215.0,215.0,8,6.9,6.9,-1.02,-1.02,5.65,5.65,cube60_cluster0,1088,1.919589774711922,FF,92.17053866131751,10.618556738155133,11.426031596706425
2025-09-15,680732,680732,691723,CWS,BAL,4,2,1,1,FF,FF,R,R,S,Foul,95.3,95.3,-0.44,-0.44,1.47,1.47,2636.0,2636.0,198.0,198.0,8,7.2,7.2,-2.19,-2.19,6.38,6.38,cube62_cluster1,11,1.9990437159295322,FF,95.54242544913883,5.728019039608564,15.221051570629365
2025-09-15,675911,675911,671277,WSH,ATL,4,1,0,1,CH,CH,R,R,B,Ball,86.5,86.5,-1.29,-1.29,0.48,0.48,1984.0,1984.0,236.0,236.0,9,6.9,6.9,-2.02,-2.02,5.87,5.87,cube67_cluster0,835,1.1530258520738408,CH,90.86602419473125,13.606542467363951,8.526706287157376
2025-09-15,677952,677952,621020,PIT,CHC,4,0,1,2,SI,SI,R,R,S,Foul,98.1,98.1,-1.19,-1.19,0.91,0.91,2559.0,2559.0,209.0,209.0,8,6.5,6.5,-0.72,-0.72,6.19,6.19,cube60_cluster0,1088,2.020439018418082,FF,92.17053866131751,10.618556738155133,11.426031596706425
2025-09-15,607074,607074,670242,MIN,NYY,4,1,0,0,SL,SL,L,L,S,Swinging Strike,88.0,88.0,-0.13,0.13,0.52,0.52,2453.0,2453.0,171.0,189.0,7,6.0,6.0,2.57,-2.57,6.15,6.15,cube42_cluster0,221,1.3821911028197464,FC,88.14517513894621,-2.9372479967817404,6.184306080936519
2025-09-15,624133,624133,681624,LAD,PHI,5,0,0,0,FF,FF,L,L,S,Called Strike,91.6,91.6,0.22,-0.22,0.76,0.76,1795.0,1795.0,131.0,229.0,9,6.1,6.1,2.31,-2.31,5.63,5.63,cube67_cluster0,835,1.3833534601972224,CH,90.86602419473125,13.606542467363951,8.526706287157376
2025-09-15,668678,668678,656305,AZ,SF,4,1,0,0,FF,FF,R,R,S,Called Strike,93.7,93.7,-0.34,-0.34,1.19,1.19,2331.0,2331.0,214.0,214.0,8,6.4,6.4,-3.08,-3.08,5.96,5.96,cube52_cluster0,159,1.6643664428453815,FC,90.76795186341266,-0.1350320156357884,9.625773571373404
2025-09-15,680730,680730,673490,WSH,ATL,4,0,1,2,FS,FS,L,L,X,"Ha-Seong Kim grounds into a double play, shortstop CJ Abrams to second baseman Luis García Jr. to first baseman Josh Bell. Ronald Acuña Jr. scores. Ozzie Albies out at 2nd. Ha-Seong Kim out at 1st.",84.4,84.4,0.42,-0.42,0.6,0.6,715.0,715.0,134.0,226.0,9,7.0,7.0,1.38,-1.38,6.26,6.26,cube59_cluster1,5,1.6108477547526567,SL,84.79163597246126,7.451913253012047,2.269996213425129
2025-09-15,592791,592791,693304,PIT,CHC,5,0,0,0,FC,FC,R,R,B,Ball,85.4,85.4,0.42,0.42,0.66,0.66,2560.0,2560.0,170.0,170.0,7,6.7,6.7,-1.23,-1.23,6.19,6.19,cube31_cluster0,31,1.278073863511957,SL,85.53907999105853,-4.021504116996385,3.5159534946310442
2025-09-15,641793,641793,663457,STL,CIN,5,0,2,1,SI,SI,R,R,X,"Lars Nootbaar grounds out, second baseman Matt McLain to first baseman Sal Stewart.",90.1,90.1,-1.34,-1.34,0.87,0.87,1932.0,1932.0,215.0,215.0,8,6.2,6.2,-0.82,-0.82,6.07,6.07,cube59_cluster0,234,0.9658499800568457,FF,89.27696125383754,10.588468754256617,10.304337269887236
2025-09-15,680694,680694,643217,CWS,BAL,4,0,1,0,CU,CU,R,R,B,Ball,81.1,81.1,0.71,0.71,-0.48,-0.48,2461.0,2461.0,41.0,41.0,2,6.3,6.3,-1.15,-1.15,6.57,6.57,cube15_cluster0,23,0.9224903705558335,CU,82.92103283413093,-3.9398978499082826,-3.816941770346403
2025-09-15,702056,702056,663968,TB,TOR,4,1,0,2,FS,FS,R,R,S,Jake Mangum strikes out swinging.,83.7,83.7,-1.17,-1.17,0.3,0.3,1648.0,1648.0,225.0,225.0,9,6.1,6.1,-0.89,-0.89,7.13,7.13,cube59_cluster0,234,2.415099187008217,FF,89.27696125383754,10.588468754256617,10.304337269887236
2025-09-15,686218,686218,642215,LAD,PHI,5,1,0,0,FF,FF,R,R,B,Ball,95.1,95.1,-0.17,-0.17,1.41,1.41,2406.0,2406.0,207.0,207.0,8,6.6,6.6,-0.86,-0.86,5.53,5.53,cube51_cluster0,242,1.8934895821362172,FC,90.51269321530226,-0.30860007748352697,10.065859987082858
2025-09-15,669920,669920,666969,HOU,TEX,5,0,0,1,SI,SI,R,R,B,Ball,91.0,91.0,-1.43,-1.43,0.18,0.18,1994.0,1994.0,253.0,253.0,9,6.5,6.5,-1.46,-1.46,5.48,5.48,cube67_cluster0,835,1.2623413529990222,CH,90.86602419473125,13.606542467363951,8.526706287157376
2025-09-15,607074,607074,668904,MIN,NYY,4,0,0,0,FF,FF,L,L,X,Royce Lewis flies out to right fielder Aaron Judge.,93.7,93.7,0.75,-0.75,1.59,1.59,2418.0,2418.0,149.0,211.0,8,6.1,6.1,2.07,-2.07,6.42,6.42,cube66_cluster1,5,1.3648385697787977,FF,93.24252622389831,13.00015635891318,12.382567932373675
2025-09-15,678906,678906,672515,AZ,SF,4,0,1,2,CU,CU,R,R,S,Foul,85.0,85.0,0.96,0.96,-0.46,-0.46,2827.0,2827.0,61.0,61.0,3,6.4,6.4,-2.27,-2.27,5.26,5.26,cube10_cluster0,173,0.8939788738507216,ST,82.08401130843858,-12.249969959417843,-5.792755621368389
2025-09-15,669461,669461,670770,STL,CIN,5,2,0,0,FF,FF,L,L,B,Ball,94.6,94.6,0.43,-0.43,1.43,1.43,2104.0,2104.0,153.0,207.0,8,6.6,6.6,0.34,-0.34,6.55,6.55,cube50_cluster0,37,2.1152278023026034,SL,89.4318003898919,-0.37548710296403526,10.18704890209373
2025-09-15,680732,680732,691723,CWS,BAL,4,2,0,1,FF,FF,R,R,B,Ball,94.7,94.7,-0.31,-0.31,1.67,1.67,2583.0,2583.0,195.0,195.0,8,7.1,7.1,-2.03,-2.03,6.42,6.42,cube62_cluster1,11,2.2077877624013116,FF,95.54242544913883,5.728019039608564,15.221051570629365
2025-09-15,683004,683004,673237,HOU,TEX,5,0,0,2,CU,CU,R,R,B,Ball,82.8,82.8,0.44,0.44,-0.49,-0.49,2489.0,2489.0,43.0,43.0,2,6.6,6.6,-1.07,-1.07,5.94,5.94,cube15_cluster0,23,1.2013076503516174,CU,82.92103283413093,-3.9398978499082826,-3.816941770346403
2025-09-15,680730,680730,673490,WSH,ATL,4,0,1,2,FF,FF,L,L,S,Foul,92.5,92.5,0.43,-0.43,1.51,1.51,2186.0,2186.0,173.0,187.0,7,6.8,6.8,0.74,-0.74,6.51,6.51,cube50_cluster0,37,1.9789084743750605,SL,89.4318003898919,-0.37548710296403526,10.18704890209373
2025-09-15,668678,668678,646240,AZ,SF,4,0,2,2,FF,FF,R,R,X,Rafael Devers lines out to left fielder Jake McCarthy.,94.1,94.1,-0.3,-0.3,1.17,1.17,2104.0,2104.0,208.0,208.0,8,6.6,6.6,-2.98,-2.98,5.9,5.9,cube62_cluster1,11,1.4820929182752178,FF,95.54242544913883,5.728019039608564,15.221051570629365
2025-09-15,671212,671212,662139,TB,TOR,4,2,1,2,FS,FS,R,R,X,"Daulton Varsho grounds out, second baseman Brandon Lowe to first baseman Yandy Díaz.",94.1,94.1,-1.27,-1.27,0.25,0.25,2070.0,2070.0,233.0,233.0,9,6.6,6.6,-1.09,-1.09,5.76,5.76,cube67_cluster0,835,1.496662567131271,CH,90.86602419473125,13.606542467363951,8.526706287157376
2025-09-15,680573,680573,665862,MIN,NYY,4,1,0,1,FS,FS,R,R,S,Swinging Strike,86.3,86.3,-0.18,-0.18,1.04,1.04,1033.0,1033.0,215.0,215.0,8,7.0,7.0,-1.41,-1.41,6.28,6.28,cube59_cluster1,5,1.7049240860575055,SL,84.79163597246126,7.451913253012047,2.269996213425129
2025-09-15,624133,624133,571970,LAD,PHI,5,0,2,0,SI,SI,L,L,X,Max Muncy homers (18) on a fly ball to right field.,89.6,89.6,0.99,-0.99,0.56,0.56,1863.0,1863.0,145.0,215.0,8,6.3,6.3,2.01,-2.01,5.72,5.72,cube67_cluster0,835,0.4796423857151837,CH,90.86602419473125,13.606542467363951,8.526706287157376
2025-09-15,641793,641793,663457,STL,CIN,5,0,1,1,FS,FS,R,R,B,Ball,82.0,82.0,-0.85,-0.85,0.03,0.03,1398.0,1398.0,236.0,236.0,9,6.0,6.0,-0.7,-0.7,6.17,6.17,cube66_cluster0,197,1.719144574238323,CH,86.84077917182076,12.525512574763452,6.567520411131463
2025-09-15,592791,592791,457705,PIT,CHC,4,2,0,2,FF,FF,R,R,X,"Andrew McCutchen grounds out sharply, shortstop Dansby Swanson to first baseman Michael Busch.",92.0,92.0,-0.46,-0.46,1.52,1.52,2336.0,2336.0,201.0,201.0,8,6.8,6.8,-0.83,-0.83,6.15,6.15,cube50_cluster0,37,1.8933794860531492,SL,89.4318003898919,-0.37548710296403526,10.18704890209373
2025-09-15,680694,680694,643217,CWS,BAL,4,0,0,0,FF,FF,R,R,B,Ball,91.5,91.5,-0.06,-0.06,1.25,1.25,2206.0,2206.0,198.0,198.0,8,6.5,6.5,-1.22,-1.22,6.46,6.46,cube50_cluster0,37,1.0676273733338926,SL,89.4318003898919,-0.37548710296403526,10.18704890209373
2025-09-15,677952,677952,621020,PIT,CHC,4,0,0,2,CU,CU,R,R,B,Ball,84.6,84.6,0.66,0.66,-0.81,-0.81,2702.0,2702.0,35.0,35.0,2,6.1,6.1,-0.63,-0.63,6.51,6.51,cube1_cluster0,11,0.9999759660098291,CU,80.41940225841523,-7.8151704354474925,-14.345667881001397
2025-09-15,675911,675911,671277,WSH,ATL,4,1,0,0,FF,FF,R,R,S,Foul,95.0,95.0,-0.54,-0.54,1.58,1.58,2302.0,2302.0,211.0,211.0,8,6.8,6.8,-1.7,-1.7,5.88,5.88,cube61_cluster0,650,1.328820214793301,FF,93.56609940362357,10.767633610073183,11.615865923476361
2025-09-15,675911,675911,695734,WSH,ATL,4,0,2,1,FF,FF,R,R,X,Daylen Lile flies out to left fielder Jurickson Profar.,94.5,94.5,-0.77,-0.77,1.29,1.29,2313.0,2313.0,216.0,216.0,8,6.8,6.8,-1.7,-1.7,5.89,5.89,cube61_cluster0,650,1.0187257159242105,FF,93.56609940362357,10.767633610073183,11.615865923476361
2025-09-15,671212,671212,662139,TB,TOR,4,2,1,1,SL,SL,R,R,S,Called Strike,91.8,91.8,0.04,0.04,0.21,0.21,2669.0,2669.0,139.0,139.0,6,6.4,6.4,-1.06,-1.06,5.79,5.79,cube32_cluster0,191,1.2842062513938262,SL,86.80283260847423,-3.994445228339661,3.088972714840957
2025-09-15,686218,686218,681082,LAD,PHI,5,0,0,2,FF,FF,R,R,X,Bryson Stott lines out softly to shortstop Mookie Betts.,94.6,94.6,-0.33,-0.33,1.49,1.49,2472.0,2472.0,210.0,210.0,8,6.6,6.6,-1.04,-1.04,5.43,5.43,cube51_cluster0,242,1.9100110433010904,FC,90.51269321530226,-0.30860007748352697,10.065859987082858
2025-09-15,669920,669920,666969,HOU,TEX,5,0,0,0,ST,ST,R,R,S,Foul,78.6,78.6,1.15,1.15,-0.02,-0.02,2634.0,2634.0,67.0,67.0,3,6.3,6.3,-1.8,-1.8,5.6,5.6,cube16_cluster0,307,0.8384289625655514,ST,82.89780592219195,-9.539303936916792,-1.0521378651219842
2025-09-15,683004,683004,673237,HOU,TEX,5,0,0,2,FF,FF,R,R,S,Foul,98.2,98.2,-0.84,-0.84,1.36,1.36,2412.0,2412.0,216.0,216.0,8,6.8,6.8,-0.92,-0.92,5.71,5.71,cube60_cluster0,1088,1.8227186669662792,FF,92.17053866131751,10.618556738155133,11.426031596706425
2025-09-15,641793,641793,663457,STL,CIN,5,0,0,1,SI,SI,R,R,B,Ball,90.2,90.2,-1.19,-1.19,0.93,0.93,1994.0,1994.0,218.0,218.0,8,6.3,6.3,-0.88,-0.88,6.05,6.05,cube59_cluster0,234,0.883195650615077,FF,89.27696125383754,10.588468754256617,10.304337269887236
2025-09-15,677952,677952,621020,PIT,CHC,4,0,0,1,SI,SI,R,R,S,Called Strike,97.3,97.3,-1.43,-1.43,0.61,0.61,2409.0,2409.0,222.0,222.0,8,6.3,6.3,-0.89,-0.89,6.15,6.15,cube60_cluster0,1088,1.77740670860907,FF,92.17053866131751,10.618556738155133,11.426031596706425
2025-09-15,669461,669461,680574,STL,CIN,5,1,0,1,CH,CH,L,L,X,Matt McLain flies out to right fielder Lars Nootbaar.,87.5,87.5,0.94,-0.94,1.02,1.02,1593.0,1593.0,132.0,228.0,9,6.3,6.3,0.85,-0.85,6.38,6.38,cube59_cluster0,234,1.2810720747183848,FF,89.27696125383754,10.588468754256617,10.304337269887236
2025-09-15,680573,680573,665862,MIN,NYY,4,1,0,0,FF,FF,R,R,S,Called Strike,92.3,92.3,-0.33,-0.33,1.46,1.46,2186.0,2186.0,199.0,199.0,8,6.7,6.7,-1.31,-1.31,6.51,6.51,cube50_cluster0,37,1.6067817471414163,SL,89.4318003898919,-0.37548710296403526,10.18704890209373
2025-09-15,680694,680694,678554,CWS,BAL,3,2,1,2,SL,SL,R,R,S,Curtis Mead strikes out swinging.,88.8,88.8,0.78,0.78,0.03,0.03,2528.0,2528.0,59.0,59.0,3,6.6,6.6,-1.18,-1.18,6.28,6.28,cube23_cluster0,18,1.2369754600797735,SL,84.2588963468347,-3.122612334195792,-0.3482418990887928
2025-09-15,680730,680730,673490,WSH,ATL,4,0,0,2,FF,FF,L,L,B,Ball,91.7,91.7,0.3,-0.3,1.51,1.51,2156.0,2156.0,167.0,193.0,7,6.6,6.6,0.69,-0.69,6.57,6.57,cube50_cluster0,37,1.7725595464960113,SL,89.4318003898919,-0.37548710296403526,10.18704890209373
2025-09-15,607074,607074,807712,MIN,NYY,3,2,1,2,FF,FF,L,L,X,Luke Keaschall lines out to center fielder Trent Grisham.,95.1,95.1,1.04,-1.04,1.4,1.4,2426.0,2426.0,140.0,220.0,8,6.2,6.2,2.04,-2.04,6.39,6.39,cube66_cluster1,5,1.3058741468664272,FF,93.24252622389831,13.00015635891318,12.382567932373675
2025-09-15,702056,702056,663968,TB,TOR,4,1,0,1,FS,FS,R,R,S,Swinging Strike,83.5,83.5,-0.98,-0.98,0.82,0.82,1513.0,1513.0,211.0,211.0,8,6.1,6.1,-0.42,-0.42,7.2,7.2,cube59_cluster0,234,2.7403833303067113,FF,89.27696125383754,10.588468754256617,10.304337269887236
2025-09-15,624133,624133,571970,LAD,PHI,5,0,1,0,CU,CU,L,L,B,Ball,74.8,74.8,-0.75,0.75,-0.65,-0.65,2077.0,2077.0,307.0,53.0,3,6.1,6.1,1.99,-1.99,5.71,5.71,cube9_cluster0,353,1.546029394150689,CU,81.04977735376619,-10.683603137730767,-7.201930121038002
2025-09-15,668678,668678,646240,AZ,SF,4,0,2,2,KC,KC,R,R,S,Foul,79.9,79.9,0.63,0.63,-1.23,-1.23,2454.0,2454.0,38.0,38.0,2,6.4,6.4,-3.28,-3.28,5.81,5.81,cube17_cluster1,4,1.7784763107940986,CU,78.95917169292895,-10.024787945860975,-3.9433667010451945
2025-09-15,592791,592791,457705,PIT,CHC,4,2,0,1,CU,CU,R,R,S,Foul,80.6,80.6,0.9,0.9,-0.64,-0.64,2698.0,2698.0,38.0,38.0,2,6.8,6.8,-0.96,-0.96,6.3,6.3,cube8_cluster0,47,1.5211401360826895,CU,78.44568855893485,-8.550382045687398,-9.675482721274784
2025-09-15,680732,680732,691723,CWS,BAL,4,2,0,0,KC,KC,R,R,S,Called Strike,82.4,82.4,0.37,0.37,-1.09,-1.09,2556.0,2556.0,23.0,23.0,2,6.9,6.9,-2.18,-2.18,6.36,6.36,cube8_cluster1,5,1.3505607496199885,CU,76.99877318439641,-5.367173817726275,-11.507933500365382
2025-09-15,678906,678906,672515,AZ,SF,4,0,1,1,FF,FF,R,R,S,Foul,92.8,92.8,-0.94,-0.94,0.88,0.88,2538.0,2538.0,236.0,236.0,9,6.4,6.4,-2.35,-2.35,5.29,5.29,cube61_cluster0,650,1.0626004018574258,FF,93.56609940362357,10.767633610073183,11.615865923476361
2025-09-15,702056,702056,663968,TB,TOR,4,1,0,0,FF,FF,R,R,S,Called Strike,93.2,93.2,-0.31,-0.31,1.7,1.7,2300.0,2300.0,193.0,193.0,7,6.2,6.2,-0.54,-0.54,7.04,7.04,cube50_cluster0,37,2.2844817935438027,SL,89.4318003898919,-0.37548710296403526,10.18704890209373
2025-09-15,680732,680732,687637,CWS,BAL,4,1,2,2,KC,KC,R,R,S,Dylan Beavers called out on strikes.,81.3,81.3,0.57,0.57,-1.1,-1.1,2452.0,2452.0,25.0,25.0,2,7.1,7.1,-2.33,-2.33,6.25,6.25,cube8_cluster1,5,1.61187543575683,CU,76.99877318439641,-5.367173817726275,-11.507933500365382
2025-09-15,671212,671212,662139,TB,TOR,4,2,0,1,FS,FS,R,R,B,Ball,93.5,93.5,-1.17,-1.17,0.01,0.01,2067.0,2067.0,236.0,236.0,9,6.4,6.4,-1.07,-1.07,5.83,5.83,cube67_cluster0,835,1.6439624181866255,CH,90.86602419473125,13.606542467363951,8.526706287157376
2025-09-15,680573,680573,519317,MIN,NYY,4,0,1,2,SL,SL,R,R,S,Giancarlo Stanton strikes out swinging.,86.0,86.0,0.37,0.37,0.58,0.58,2284.0,2284.0,165.0,165.0,7,6.9,6.9,-1.5,-1.5,6.22,6.22,cube42_cluster0,221,1.2780108234920566,FC,88.14517513894621,-2.9372479967817404,6.184306080936519
2025-09-15,683004,683004,673237,HOU,TEX,5,0,0,2,SL,SL,R,R,S,Foul,88.5,88.5,0.36,0.36,0.29,0.29,2427.0,2427.0,146.0,146.0,6,6.7,6.7,-0.97,-0.97,5.79,5.79,cube32_cluster0,191,1.1796176235499223,SL,86.80283260847423,-3.994445228339661,3.088972714840957
2025-09-15,686218,686218,681082,LAD,PHI,5,0,0,1,FF,FF,R,R,S,Foul,93.8,93.8,-0.71,-0.71,1.59,1.59,2362.0,2362.0,203.0,203.0,8,6.7,6.7,-1.03,-1.03,5.55,5.55,cube60_cluster0,1088,1.7457493037720466,FF,92.17053866131751,10.618556738155133,11.426031596706425
2025-09-15,641793,641793,663457,STL,CIN,5,0,0,0,SL,SL,R,R,S,Called Strike,85.9,85.9,-0.06,-0.06,0.53,0.53,2156.0,2156.0,201.0,201.0,8,6.0,6.0,-0.96,-0.96,6.22,6.22,cube41_cluster0,33,0.8359385898804838,FC,87.52410341975036,-2.728102441946197,5.90336268676447
2025-09-15,669461,669461,680574,STL,CIN,5,1,0,0,FF,FF,L,L,S,Called Strike,93.8,93.8,0.53,-0.53,1.23,1.23,2136.0,2136.0,150.0,210.0,8,6.4,6.4,0.47,-0.47,6.54,6.54,cube50_cluster0,37,1.742426712076785,SL,89.4318003898919,-0.37548710296403526,10.18704890209373
2025-09-15,668678,668678,646240,AZ,SF,4,0,1,2,FF,FF,R,R,B,Ball,94.2,94.2,-0.5,-0.5,1.47,1.47,2322.0,2322.0,215.0,215.0,8,6.5,6.5,-3.13,-3.13,5.83,5.83,cube62_cluster1,11,1.5544210362608837,FF,95.54242544913883,5.728019039608564,15.221051570629365
2025-09-15,624133,624133,571970,LAD,PHI,5,0,0,0,SI,SI,L,L,B,Ball,89.9,89.9,1.35,-1.35,0.38,0.38,1861.0,1861.0,136.0,224.0,8,6.1,6.1,2.26,-2.26,5.71,5.71,cube67_cluster0,835,0.925665932452162,CH,90.86602419473125,13.606542467363951,8.526706287157376
2025-09-15,675911,675911,695734,WSH,ATL,4,0,1,1,CU,CU,R,R,B,Ball In Dirt,76.6,76.6,1.11,1.11,-0.81,-0.81,2732.0,2732.0,59.0,59.0,3,6.8,6.8,-1.82,-1.82,5.88,5.88,cube9_cluster0,353,1.1823322019873,CU,81.04977735376619,-10.683603137730767,-7.201930121038002
2025-09-15,680730,680730,673490,WSH,ATL,4,0,0,1,FF,FF,L,L,S,Called Strike,91.6,91.6,0.69,-0.69,1.45,1.45,2141.0,2141.0,175.0,185.0,7,6.8,6.8,0.81,-0.81,6.48,6.48,cube59_cluster0,234,1.9743025790481181,FF,89.27696125383754,10.588468754256617,10.304337269887236
2025-09-15,680694,680694,678554,CWS,BAL,3,2,0,2,SL,SL,R,R,B,Ball,87.3,87.3,0.48,0.48,0.2,0.2,2515.0,2515.0,49.0,49.0,3,6.8,6.8,-1.06,-1.06,6.39,6.39,cube23_cluster0,18,1.4554804375697314,SL,84.2588963468347,-3.122612334195792,-0.3482418990887928
2025-09-15,678906,678906,672515,AZ,SF,4,0,0,1,SI,SI,R,R,B,Ball,92.3,92.3,-1.14,-1.14,0.26,0.26,2384.0,2384.0,237.0,237.0,9,6.4,6.4,-2.24,-2.24,5.3,5.3,cube68_cluster0,637,1.058178641053117,FF,92.88295797031044,13.980317543503329,9.180920892722085
2025-09-15,592791,592791,457705,PIT,CHC,4,2,0,0,FF,FF,R,R,S,Called Strike,92.5,92.5,-0.54,-0.54,1.55,1.55,2335.0,2335.0,202.0,202.0,8,6.6,6.6,-1.13,-1.13,6.12,6.12,cube60_cluster0,1088,1.5250656422223752,FF,92.17053866131751,10.618556738155133,11.426031596706425
2025-09-15,677952,677952,621020,PIT,CHC,4,0,0,0,SI,SI,R,R,S,Foul,97.4,97.4,-1.35,-1.35,0.85,0.85,2377.0,2377.0,216.0,216.0,8,6.3,6.3,-1.03,-1.03,6.15,6.15,cube60_cluster0,1088,1.5210780429024666,FF,92.17053866131751,10.618556738155133,11.426031596706425
2025-09-15,669920,669920,669394,HOU,TEX,4,2,0,2,CH,CH,R,R,S,Jake Burger strikes out swinging.,79.1,79.1,-1.45,-1.45,-0.09,-0.09,1770.0,1770.0,270.0,270.0,10,6.3,6.3,-1.35,-1.35,5.63,5.63,cube66_cluster0,197,1.7062098388957008,CH,86.84077917182076,12.525512574763452,6.567520411131463
2025-09-15,607074,607074,807712,MIN,NYY,3,2,1,1,SL,SL,L,L,S,Called Strike,85.8,85.8,-0.09,0.09,0.55,0.55,2580.0,2580.0,143.0,217.0,8,6.0,6.0,2.62,-2.62,5.99,5.99,cube42_cluster0,221,1.5653255076468244,FC,88.14517513894621,-2.9372479967817404,6.184306080936519
2025-09-15,671212,671212,662139,TB,TOR,4,2,0,0,FF,FF,R,R,S,Called Strike,98.3,98.3,-0.42,-0.42,1.22,1.22,2727.0,2727.0,215.0,215.0,8,6.5,6.5,-1.11,-1.11,5.82,5.82,cube51_cluster0,242,1.839776033932681,FC,90.51269321530226,-0.30860007748352697,10.065859987082858
2025-09-15,677952,677952,691718,PIT,CHC,4,0,1,1,CH,CH,R,R,X,Pete Crow-Armstrong doubles (36) on a sharp line drive to center fielder Jack Suwinski.,91.0,91.0,-1.23,-1.23,0.59,0.59,2057.0,2057.0,223.0,223.0,8,6.2,6.2,-0.97,-0.97,6.15,6.15,cube59_cluster0,234,0.8779126686171257,FF,89.27696125383754,10.588468754256617,10.304337269887236
2025-09-15,680573,680573,519317,MIN,NYY,4,0,0,2,SL,SL,R,R,B,Ball,85.2,85.2,0.34,0.34,0.66,0.66,2234.0,2234.0,175.0,175.0,7,6.9,6.9,-1.29,-1.29,6.26,6.26,cube42_cluster0,221,1.4803981984643761,FC,88.14517513894621,-2.9372479967817404,6.184306080936519
2025-09-15,607074,607074,807712,MIN,NYY,3,2,1,0,FF,FF,L,L,S,Called Strike,94.7,94.7,0.77,-0.77,1.5,1.5,2324.0,2324.0,141.0,219.0,8,6.3,6.3,2.17,-2.17,6.28,6.28,cube60_cluster0,1088,1.3580355451344672,FF,92.17053866131751,10.618556738155133,11.426031596706425
2025-09-15,680694,680694,678554,CWS,BAL,3,2,0,2,CU,CU,R,R,S,Foul,83.7,83.7,0.45,0.45,-1.04,-1.04,2680.0,2680.0,33.0,33.0,2,6.4,6.4,-0.87,-0.87,6.52,6.52,cube1_cluster0,11,1.0470929665122601,CU,80.41940225841523,-7.8151704354474925,-14.345667881001397
2025-09-15,686218,686218,681082,LAD,PHI,5,0,0,0,FF,FF,R,R,S,Called Strike,94.0,94.0,-0.81,-0.81,1.52,1.52,2443.0,2443.0,209.0,209.0,8,6.6,6.6,-1.09,-1.09,5.41,5.41,cube61_cluster0,650,1.7551743234414998,FF,93.56609940362357,10.767633610073183,11.615865923476361
2025-09-15,683004,683004,673237,HOU,TEX,5,0,0,1,FF,FF,R,R,S,Foul,97.6,97.6,-1.0,-1.0,1.3,1.3,2545.0,2545.0,219.0,219.0,8,6.7,6.7,-1.17,-1.17,5.68,5.68,cube61_cluster0,650,1.645618493262549,FF,93.56609940362357,10.767633610073183,11.615865923476361
2025-09-15,680732,680732,687637,CWS,BAL,4,1,1,2,CH,CH,R,R,B,Ball In Dirt,88.3,88.3,-1.4,-1.4,0.43,0.43,1825.0,1825.0,227.0,227.0,9,7.2,7.2,-2.39,-2.39,6.01,6.01,cube67_cluster0,835,1.8013890650756976,CH,90.86602419473125,13.606542467363951,8.526706287157376
2025-09-15,668678,668678,646240,AZ,SF,4,0,1,2,FF,FF,R,R,S,Foul,94.0,94.0,-0.16,-0.16,1.52,1.52,2304.0,2304.0,210.0,210.0,8,6.4,6.4,-3.24,-3.24,5.93,5.93,cube62_cluster1,11,1.8829244717636233,FF,95.54242544913883,5.728019039608564,15.221051570629365
2025-09-15,680730,680730,673490,WSH,ATL,4,0,0,0,FF,FF,L,L,S,Called Strike,92.4,92.4,0.66,-0.66,1.46,1.46,2203.0,2203.0,169.0,191.0,7,6.8,6.8,1.16,-1.16,6.48,6.48,cube60_cluster0,1088,1.8577271417745023,FF,92.17053866131751,10.618556738155133,11.426031596706425
2025-09-15,678906,678906,672515,AZ,SF,4,0,0,0,ST,ST,R,R,S,Called Strike,83.6,83.6,0.97,0.97,0.03,0.03,2752.0,2752.0,60.0,60.0,3,6.5,6.5,-2.34,-2.34,5.42,5.42,cube17_cluster0,230,0.4124716776293686,ST,83.28054719292679,-11.37879274055619,0.1522002590525712
2025-09-15,669920,669920,669394,HOU,TEX,4,2,0,1,ST,ST,R,R,S,Swinging Strike,77.9,77.9,1.28,1.28,0.13,0.13,2608.0,2608.0,68.0,68.0,3,6.2,6.2,-1.87,-1.87,5.45,5.45,cube16_cluster0,307,1.1343340946334768,ST,82.89780592219195,-9.539303936916792,-1.0521378651219842
2025-09-15,702056,702056,666139,TB,TOR,4,0,0,2,SL,SL,R,R,S,Josh Lowe strikes out swinging.,87.3,87.3,-0.06,-0.06,0.37,0.37,2262.0,2262.0,204.0,204.0,8,6.0,6.0,-0.65,-0.65,7.15,7.15,cube41_cluster0,33,2.0591811633115875,FC,87.52410341975036,-2.728102441946197,5.90336268676447
2025-09-15,592791,592791,502054,PIT,CHC,4,1,0,2,ST,ST,R,R,X,Tommy Pham flies out to center fielder Pete Crow-Armstrong.,80.3,80.3,1.49,1.49,0.05,0.05,2724.0,2724.0,54.0,54.0,3,6.8,6.8,-1.17,-1.17,6.17,6.17,cube9_cluster0,353,1.8625797896768443,CU,81.04977735376619,-10.683603137730767,-7.201930121038002
2025-09-15,675911,675911,695734,WSH,ATL,4,0,1,0,SL,SL,R,R,S,Called Strike,81.7,81.7,0.25,0.25,0.22,0.22,2299.0,2299.0,89.0,89.0,4,6.8,6.8,-1.85,-1.85,5.86,5.86,cube24_cluster0,201,0.9973820187534465,SL,85.05707893868184,-5.4676349917482,1.0599892053755027
2025-09-15,624133,624133,500743,LAD,PHI,4,1,1,1,FF,FF,L,L,X,"Miguel Rojas grounds into a double play, shortstop Bryson Stott to second baseman Weston Wilson to first baseman Bryce Harper. Alex Call out at 2nd. Miguel Rojas out at 1st.",91.9,91.9,0.56,-0.56,0.63,0.63,1857.0,1857.0,129.0,231.0,9,6.2,6.2,2.27,-2.27,5.59,5.59,cube67_cluster0,835,0.9866920512110507,CH,90.86602419473125,13.606542467363951,8.526706287157376
2025-09-15,669461,669461,663647,STL,CIN,5,0,0,0,FF,FF,L,L,X,Ke'Bryan Hayes flies out to right fielder Lars Nootbaar.,92.7,92.7,0.64,-0.64,1.4,1.4,2132.0,2132.0,151.0,209.0,8,6.5,6.5,0.61,-0.61,6.55,6.55,cube50_cluster0,37,1.8166403819854016,SL,89.4318003898919,-0.37548710296403526,10.18704890209373
2025-09-15,641793,641793,575929,STL,CIN,4,2,2,2,FF,FF,R,R,X,Willson Contreras flies out to right fielder Noelvi Marte.,91.1,91.1,-0.59,-0.59,1.43,1.43,1965.0,1965.0,217.0,217.0,8,6.3,6.3,-0.79,-0.79,6.02,6.02,cube59_cluster0,234,1.2959238212136492,FF,89.27696125383754,10.588468754256617,10.304337269887236
2025-09-15,686218,686218,596146,LAD,PHI,4,2,1,2,FF,FF,R,R,S,Max Kepler strikes out swinging.,95.4,95.4,-0.82,-0.82,1.56,1.56,2400.0,2400.0,213.0,213.0,8,6.6,6.6,-1.24,-1.24,5.35,5.35,cube61_cluster0,650,1.639448466680442,FF,93.56609940362357,10.767633610073183,11.615865923476361
2025-09-15,680730,680730,645277,WSH,ATL,4,0,0,0,CU,CU,L,L,X,Ozzie Albies singles on a fly ball to right fielder Dylan Crews. Matt Olson scores. Ronald Acuña Jr. to 3rd.,79.0,79.0,-0.23,0.23,-0.55,-0.55,2385.0,2385.0,332.0,28.0,2,6.8,6.8,1.17,-1.17,6.36,6.36,cube8_cluster1,5,1.3431965318196746,CU,76.99877318439641,-5.367173817726275,-11.507933500365382
2025-09-15,592791,592791,502054,PIT,CHC,4,1,0,1,SI,SI,R,R,S,Called Strike,92.4,92.4,-1.05,-1.05,1.06,1.06,2201.0,2201.0,199.0,199.0,8,6.7,6.7,-0.94,-0.94,6.09,6.09,cube60_cluster0,1088,1.4088588161366506,FF,92.17053866131751,10.618556738155133,11.426031596706425
2025-09-15,683004,683004,673237,HOU,TEX,5,0,0,0,FF,FF,R,R,S,Called Strike,94.4,94.4,-1.03,-1.03,1.21,1.21,2386.0,2386.0,213.0,213.0,8,6.7,6.7,-1.24,-1.24,5.64,5.64,cube60_cluster0,1088,1.2874799961675971,FF,92.17053866131751,10.618556738155133,11.426031596706425
2025-09-15,641793,641793,575929,STL,CIN,4,2,2,1,SI,SI,R,R,S,Foul,91.1,91.1,-1.24,-1.24,1.09,1.09,2021.0,2021.0,216.0,216.0,8,6.3,6.3,-0.68,-0.68,5.97,5.97,cube59_cluster0,234,1.23431289082295,FF,89.27696125383754,10.588468754256617,10.304337269887236
2025-09-15,680573,680573,519317,MIN,NYY,4,0,0,1,FS,FS,R,R,S,Swinging Strike,83.8,83.8,-0.76,-0.76,0.85,0.85,915.0,915.0,216.0,216.0,8,6.6,6.6,-1.09,-1.09,6.49,6.49,cube59_cluster1,5,1.7223734245498963,SL,84.79163597246126,7.451913253012047,2.269996213425129
2025-09-15,668678,668678,646240,AZ,SF,4,0,1,2,CH,CH,R,R,S,Foul,83.6,83.6,-0.92,-0.92,0.44,0.44,1506.0,1506.0,227.0,227.0,9,6.4,6.4,-3.44,-3.44,5.74,5.74,cube61_cluster1,4,2.205317171410587,FF,90.06345506345505,6.430047483380817,11.373038073038074
2025-09-15,680732,680732,687637,CWS,BAL,4,1,0,2,KC,KC,R,R,B,Ball In Dirt,83.9,83.9,0.22,0.22,-1.24,-1.24,2637.0,2637.0,29.0,29.0,2,7.2,7.2,-2.25,-2.25,6.21,6.21,cube8_cluster1,5,2.0254116048564037,CU,76.99877318439641,-5.367173817726275,-11.507933500365382
2025-09-15,607074,607074,807712,MIN,NYY,3,2,0,0,FF,FF,L,L,B,Ball,93.6,93.6,0.7,-0.7,1.54,1.54,2323.0,2323.0,143.0,217.0,8,6.3,6.3,2.23,-2.23,6.33,6.33,cube60_cluster0,1088,1.4736760150732522,FF,92.17053866131751,10.618556738155133,11.426031596706425
2025-09-15,680694,680694,678554,CWS,BAL,3,2,0,1,SL,SL,R,R,S,Swinging Strike,87.0,87.0,0.71,0.71,0.4,0.4,2545.0,2545.0,71.0,71.0,3,6.5,6.5,-1.36,-1.36,6.2,6.2,cube23_cluster0,18,1.146684446036,SL,84.2588963468347,-3.122612334195792,-0.3482418990887928
2025-09-15,669920,669920,669394,HOU,TEX,4,2,0,0,SI,SI,R,R,S,Called Strike,89.6,89.6,-1.42,-1.42,0.16,0.16,2046.0,2046.0,254.0,254.0,9,6.6,6.6,-1.5,-1.5,5.45,5.45,cube67_cluster0,835,1.3426816317184926,CH,90.86602419473125,13.606542467363951,8.526706287157376
2025-09-15,671212,671212,676914,TB,TOR,4,1,3,2,SL,SL,R,R,S,Davis Schneider strikes out swinging.,88.8,88.8,0.43,0.43,-0.2,-0.2,2584.0,2584.0,95.0,95.0,4,6.5,6.5,-1.03,-1.03,5.78,5.78,cube16_cluster1,3,1.168451465602779,SL,84.62908556149733,-4.066402139037433,-1.9111454545454545
2025-09-15,669461,669461,682829,STL,CIN,4,2,0,0,FF,FF,L,L,X,"Elly De La Cruz grounds out, shortstop Thomas Saggese to first baseman Willson Contreras.",94.5,94.5,0.79,-0.79,1.19,1.19,2143.0,2143.0,146.0,214.0,8,6.4,6.4,0.33,-0.33,6.58,6.58,cube59_cluster0,234,1.9828704001394006,FF,89.27696125383754,10.588468754256617,10.304337269887236
2025-09-15,624133,624133,500743,LAD,PHI,4,1,1,0,CH,CH,L,L,S,Called Strike,79.3,79.3,0.73,-0.73,0.26,0.26,1111.0,1111.0,119.0,241.0,9,6.0,6.0,2.15,-2.15,5.61,5.61,cube66_cluster0,197,1.9132787913973897,CH,86.84077917182076,12.525512574763452,6.567520411131463
2025-09-15,677952,677952,691718,PIT,CHC,4,0,0,1,CU,CU,R,R,B,Ball,84.1,84.1,0.25,0.25,-0.96,-0.96,2569.0,2569.0,37.0,37.0,2,6.0,6.0,-0.83,-0.83,6.55,6.55,cube1_cluster0,11,1.0953682888675025,CU,80.41940225841523,-7.8151704354474925,-14.345667881001397
2025-09-15,675911,675911,695734,WSH,ATL,4,0,0,0,SL,SL,R,R,B,Ball,81.5,81.5,0.59,0.59,0.09,0.09,2253.0,2253.0,122.0,122.0,5,6.8,6.8,-1.7,-1.7,5.86,5.86,cube24_cluster0,201,1.0907784061060348,SL,85.05707893868184,-5.4676349917482,1.0599892053755027
2025-09-15,702056,702056,666139,TB,TOR,4,0,0,1,FF,FF,R,R,S,Swinging Strike,94.1,94.1,-0.37,-0.37,1.69,1.69,2330.0,2330.0,197.0,197.0,8,6.2,6.2,-0.45,-0.45,7.11,7.11,cube50_cluster0,37,2.460519550483027,SL,89.4318003898919,-0.37548710296403526,10.18704890209373
2025-09-15,678906,678906,682998,AZ,SF,3,2,2,2,ST,ST,R,R,S,Corbin Carroll called out on strikes.,85.0,85.0,1.47,1.47,0.14,0.14,2824.0,2824.0,57.0,57.0,3,6.3,6.3,-2.39,-2.39,5.26,5.26,cube17_cluster0,230,1.021063668424987,ST,83.28054719292679,-11.37879274055619,0.1522002590525712
2025-09-15,683004,683004,605170,HOU,TEX,4,2,0,1,CU,CU,R,R,X,Victor Caratini lines out sharply to center fielder Wyatt Langford.,83.7,83.7,0.47,0.47,-0.83,-0.83,2750.0,2750.0,28.0,28.0,2,6.6,6.6,-1.08,-1.08,5.89,5.89,cube2_cluster0,105,1.2262548359251597,CU,79.2443297084492,-9.955174138547218,-13.302302310391848
2025-09-15,702056,702056,666139,TB,TOR,4,0,0,0,FS,FS,R,R,S,Called Strike,82.9,82.9,-0.99,-0.99,0.67,0.67,1721.0,1721.0,211.0,211.0,8,6.1,6.1,-0.59,-0.59,7.27,7.27,cube59_cluster0,234,2.633819634239515,FF,89.27696125383754,10.588468754256617,10.304337269887236
2025-09-15,671212,671212,676914,TB,TOR,4,1,2,2,FF,FF,R,R,B,Ball,98.2,98.2,-0.32,-0.32,0.97,0.97,2587.0,2587.0,213.0,213.0,8,6.4,6.4,-0.96,-0.96,5.84,5.84,cube51_cluster0,242,1.685333100058578,FC,90.51269321530226,-0.30860007748352697,10.065859987082858
2025-09-15,624133,624133,500743,LAD,PHI,4,1,0,0,CU,CU,L,L,B,Ball,75.2,75.2,-1.02,1.02,-0.47,-0.47,2030.0,2030.0,308.0,52.0,3,6.2,6.2,2.18,-2.18,5.65,5.65,cube16_cluster0,307,1.6457453769644708,ST,82.89780592219195,-9.539303936916792,-1.0521378651219842
2025-09-15,677952,677952,691718,PIT,CHC,4,0,0,0,FF,FF,R,R,S,Foul,97.4,97.4,-0.48,-0.48,1.56,1.56,2447.0,2447.0,210.0,210.0,8,6.5,6.5,-0.65,-0.65,6.4,6.4,cube50_cluster0,37,1.9733331105150398,SL,89.4318003898919,-0.37548710296403526,10.18704890209373
2025-09-15,680573,680573,519317,MIN,NYY,4,0,0,0,FF,FF,R,R,S,Foul,90.7,90.7,-0.41,-0.41,1.6,1.6,2180.0,2180.0,196.0,196.0,8,6.8,6.8,-0.91,-0.91,6.54,6.54,cube50_cluster0,37,1.9444104704769924,SL,89.4318003898919,-0.37548710296403526,10.18704890209373
2025-09-15,607074,607074,668885,MIN,NYY,3,1,3,2,FF,FF,L,L,X,"Austin Martin grounds into a force out, shortstop José Caballero to second baseman Jazz Chisholm Jr. Jhonny Pereda scores. Edouard Julien out at 2nd. Austin Martin to 1st.",95.8,95.8,0.91,-0.91,1.24,1.24,2399.0,2399.0,144.0,216.0,8,6.2,6.2,1.99,-1.99,6.39,6.39,cube66_cluster1,5,1.2730365030107857,FF,93.24252622389831,13.00015635891318,12.382567932373675
2025-09-15,680730,680730,660670,WSH,ATL,4,0,2,2,FF,FF,L,L,X,Ronald Acuña Jr. singles on a line drive to center fielder Robert Hassell III. Matt Olson to 3rd.,93.0,93.0,0.51,-0.51,1.34,1.34,2130.0,2130.0,171.0,189.0,7,6.9,6.9,0.8,-0.8,6.51,6.51,cube50_cluster0,37,2.0286933419217856,SL,89.4318003898919,-0.37548710296403526,10.18704890209373
2025-09-15,680732,680732,687637,CWS,BAL,4,1,0,1,FF,FF,R,R,S,Foul,95.1,95.1,-0.37,-0.37,1.55,1.55,2564.0,2564.0,199.0,199.0,8,7.2,7.2,-2.16,-2.16,6.31,6.31,cube62_cluster1,11,1.8728191054463803,FF,95.54242544913883,5.728019039608564,15.221051570629365
2025-09-15,668678,668678,646240,AZ,SF,4,0,0,2,FF,FF,R,R,B,Ball,94.5,94.5,-0.59,-0.59,1.47,1.47,2338.0,2338.0,210.0,210.0,8,6.5,6.5,-3.05,-3.05,5.88,5.88,cube62_cluster1,11,1.5647461403277378,FF,95.54242544913883,5.728019039608564,15.221051570629365
2025-09-15,680694,680694,678554,CWS,BAL,3,2,0,0,SI,SI,R,R,S,Called Strike,94.5,94.5,-0.97,-0.97,0.93,0.93,2253.0,2253.0,195.0,195.0,8,6.6,6.6,-1.14,-1.14,6.34,6.34,cube60_cluster0,1088,1.4044313895856357,FF,92.17053866131751,10.618556738155133,11.426031596706425
2025-09-15,669920,669920,592626,HOU,TEX,4,1,0,1,SI,SI,R,R,X,Joc Pederson lines out sharply to center fielder Jake Meyers.,90.6,90.6,-1.38,-1.38,0.34,0.34,2055.0,2055.0,254.0,254.0,9,6.4,6.4,-2.02,-2.02,5.4,5.4,cube68_cluster0,637,0.9729598759125859,FF,92.88295797031044,13.980317543503329,9.180920892722085
2025-09-15,678906,678906,682998,AZ,SF,3,2,1,2,FF,FF,R,R,B,Ball,94.2,94.2,-0.73,-0.73,0.95,0.95,2624.0,2624.0,233.0,233.0,9,6.5,6.5,-2.28,-2.28,5.32,5.32,cube61_cluster0,650,1.1050916044205814,FF,93.56609940362357,10.767633610073183,11.615865923476361
2025-09-15,675911,675911,605137,WSH,ATL,4,0,3,2,CU,CU,R,R,B,Josh Bell walks.,75.9,75.9,1.22,1.22,-0.89,-0.89,2700.0,2700.0,60.0,60.0,3,6.7,6.7,-1.83,-1.83,5.99,5.99,cube9_cluster0,353,1.1685822069111669,CU,81.04977735376619,-10.683603137730767,-7.201930121038002
2025-09-15,669461,669461,663886,STL,CIN,4,1,3,2,SL,SL,L,L,S,Tyler Stephenson strikes out swinging.,85.7,85.7,-0.5,0.5,0.0,0.0,2689.0,2689.0,259.0,101.0,4,6.2,6.2,0.48,-0.48,6.55,6.55,cube15_cluster1,4,1.3368033686911678,SL,83.959314171123,-4.504801604278075,-1.7933590909090908
2025-09-15,686218,686218,596146,LAD,PHI,4,2,0,2,FF,FF,R,R,B,Ball,95.7,95.7,-0.68,-0.68,1.43,1.43,2321.0,2321.0,209.0,209.0,8,6.6,6.6,-1.1,-1.1,5.5,5.5,cube60_cluster0,1088,1.570321348365928,FF,92.17053866131751,10.618556738155133,11.426031596706425
2025-09-15,592791,592791,502054,PIT,CHC,4,1,0,0,ST,ST,R,R,S,Called Strike,80.7,80.7,1.22,1.22,0.07,0.07,2604.0,2604.0,62.0,62.0,3,6.9,6.9,-1.22,-1.22,6.18,6.18,cube24_cluster0,201,1.8244713267976187,SL,85.05707893868184,-5.4676349917482,1.0599892053755027
2025-09-15,641793,641793,575929,STL,CIN,4,2,2,0,SI,SI,R,R,S,Called Strike,91.5,91.5,-1.17,-1.17,1.12,1.12,1991.0,1991.0,215.0,215.0,8,6.3,6.3,-0.76,-0.76,6.04,6.04,cube59_cluster0,234,1.1033416670316807,FF,89.27696125383754,10.588468754256617,10.304337269887236
2025-09-15,675911,675911,605137,WSH,ATL,4,0,3,2,FF,FF,R,R,S,Foul,96.2,96.2,-0.51,-0.51,1.36,1.36,2369.0,2369.0,201.0,201.0,8,7.0,7.0,-1.58,-1.58,5.93,5.93,cube61_cluster0,650,1.5007323254105915,FF,93.56609940362357,10.767633610073183,11.615865923476361
2025-09-15,683004,683004,605170,HOU,TEX,4,2,0,0,CH,CH,R,R,S,Foul,90.9,90.9,-1.22,-1.22,0.39,0.39,1526.0,1526.0,222.0,222.0,8,6.6,6.6,-1.21,-1.21,5.72,5.72,cube66_cluster0,197,1.1103207259011951,CH,86.84077917182076,12.525512574763452,6.567520411131463
2025-09-15,677952,677952,608348,PIT,CHC,3,2,0,2,SI,SI,R,R,X,"Carson Kelly grounds out, third baseman Jared Triolo to first baseman Spencer Horwitz.",98.1,98.1,-1.35,-1.35,0.71,0.71,2387.0,2387.0,218.0,218.0,8,6.5,6.5,-0.89,-0.89,6.14,6.14,cube60_cluster0,1088,1.7304079665123233,FF,92.17053866131751,10.618556738155133,11.426031596706425
2025-09-15,686218,686218,596146,LAD,PHI,4,2,0,1,CH,CH,R,R,S,Swinging Strike,86.1,86.1,-0.9,-0.9,0.0,0.0,986.0,986.0,261.0,261.0,10,6.4,6.4,-1.26,-1.26,5.37,5.37,cube59_cluster1,5,1.459903204827684,SL,84.79163597246126,7.451913253012047,2.269996213425129
2025-09-15,607074,607074,668885,MIN,NYY,3,1,2,2,SL,SL,L,L,B,Ball,88.7,88.7,-0.35,0.35,0.23,0.23,2685.0,2685.0,331.0,29.0,2,6.2,6.2,2.43,-2.43,6.08,6.08,cube16_cluster0,307,1.4308892107971338,ST,82.89780592219195,-9.539303936916792,-1.0521378651219842
2025-09-15,669920,669920,592626,HOU,TEX,4,1,0,0,ST,ST,R,R,S,Foul,78.0,78.0,1.32,1.32,-0.23,-0.23,2668.0,2668.0,68.0,68.0,3,6.3,6.3,-1.87,-1.87,5.37,5.37,cube10_cluster0,173,1.0395311972008598,ST,82.08401130843858,-12.249969959417843,-5.792755621368389
2025-09-15,678906,678906,682998,AZ,SF,3,2,1,1,ST,ST,R,R,S,Foul,84.9,84.9,1.4,1.4,0.02,0.02,2773.0,2773.0,61.0,61.0,3,6.5,6.5,-2.34,-2.34,5.31,5.31,cube17_cluster0,230,0.7892087405155204,ST,83.28054719292679,-11.37879274055619,0.1522002590525712
2025-09-15,669461,669461,663886,STL,CIN,4,1,2,2,CU,CU,L,L,B,Ball,76.9,76.9,-0.95,0.95,-1.41,-1.41,2940.0,2940.0,329.0,31.0,2,6.2,6.2,0.54,-0.54,6.62,6.62,cube1_cluster0,11,1.1517485602259028,CU,80.41940225841523,-7.8151704354474925,-14.345667881001397
2025-09-15,680732,680732,687637,CWS,BAL,4,1,0,0,FF,FF,R,R,S,Called Strike,94.8,94.8,-0.39,-0.39,1.57,1.57,2529.0,2529.0,202.0,202.0,8,7.4,7.4,-2.38,-2.38,6.2,6.2,cube62_cluster1,11,1.5751921356192362,FF,95.54242544913883,5.728019039608564,15.221051570629365
2025-09-15,668678,668678,646240,AZ,SF,4,0,0,1,CH,CH,R,R,S,Swinging Strike,84.2,84.2,-1.3,-1.3,0.11,0.11,1657.0,1657.0,228.0,228.0,9,6.4,6.4,-3.24,-3.24,5.78,5.78,cube62_cluster3,8,2.201489342880256,CH,91.8214393403368,16.622861920271486,3.070316846938506
2025-09-15,641793,641793,575929,STL,CIN,4,2,1,0,SL,SL,R,R,B,Ball,85.9,85.9,0.15,0.15,0.66,0.66,2208.0,2208.0,190.0,190.0,7,6.1,6.1,-0.74,-0.74,6.23,6.23,cube41_cluster0,33,0.93299618506864,FC,87.52410341975036,-2.728102441946197,5.90336268676447
2025-09-15,680730,680730,660670,WSH,ATL,4,0,1,2,CU,CU,L,L,B,Ball In Dirt,79.8,79.8,0.02,-0.02,-0.48,-0.48,2358.0,2358.0,347.0,13.0,1,7.0,7.0,1.57,-1.57,6.26,6.26,cube8_cluster1,5,1.5079551364552295,CU,76.99877318439641,-5.367173817726275,-11.507933500365382
2025-09-15,680573,680573,641355,MIN,NYY,3,2,3,2,FS,FS,R,R,S,Cody Bellinger strikes out swinging.,87.3,87.3,-0.77,-0.77,0.68,0.68,978.0,978.0,220.0,220.0,8,7.0,7.0,-1.23,-1.23,6.27,6.27,cube59_cluster1,5,1.3063678191557995,SL,84.79163597246126,7.451913253012047,2.269996213425129
2025-09-15,671212,671212,676914,TB,TOR,4,1,2,1,SL,SL,R,R,S,Swinging Strike,90.7,90.7,0.56,0.56,-0.08,-0.08,2773.0,2773.0,134.0,134.0,5,6.7,6.7,-0.94,-0.94,5.87,5.87,cube32_cluster0,191,1.6131842826117535,SL,86.80283260847423,-3.994445228339661,3.088972714840957
2025-09-15,624133,624133,669743,LAD,PHI,4,0,3,2,CU,CU,L,L,X,"Alex Call grounds into a force out, second baseman Weston Wilson to shortstop Bryson Stott. Freddie Freeman out at 2nd. Alex Call to 1st.",75.2,75.2,-0.7,0.7,-0.75,-0.75,2047.0,2047.0,305.0,55.0,3,6.3,6.3,2.1,-2.1,5.65,5.65,cube9_cluster0,353,1.6210905743509794,CU,81.04977735376619,-10.683603137730767,-7.201930121038002
2025-09-15,680694,680694,695657,CWS,BAL,3,2,3,2,SI,SI,R,R,B,Colson Montgomery walks. Mike Tauchman to 2nd.,95.3,95.3,-0.81,-0.81,1.32,1.32,2154.0,2154.0,198.0,198.0,8,6.7,6.7,-0.92,-0.92,6.21,6.21,cube60_cluster0,1088,1.6288730480113303,FF,92.17053866131751,10.618556738155133,11.426031596706425
2025-09-15,702056,702056,691406,TB,TOR,3,2,2,2,SL,SL,R,R,S,Junior Caminero strikes out swinging.,89.5,89.5,-0.36,-0.36,0.26,0.26,2227.0,2227.0,210.0,210.0,8,5.8,5.8,-0.55,-0.55,7.08,7.08,cube50_cluster0,37,2.1793440211782387,SL,89.4318003898919,-0.37548710296403526,10.18704890209373
2025-09-15,592791,592791,668804,PIT,CHC,4,0,1,2,FF,FF,R,R,X,Bryan Reynolds lines out sharply to center fielder Pete Crow-Armstrong.,93.1,93.1,-0.44,-0.44,1.47,1.47,2334.0,2334.0,207.0,207.0,8,6.8,6.8,-1.14,-1.14,6.12,6.12,cube60_cluster0,1088,1.624372660410041,FF,92.17053866131751,10.618556738155133,11.426031596706425
2025-09-15,680694,680694,695657,CWS,BAL,3,2,2,2,SI,SI,R,R,B,Ball,94.1,94.1,-1.03,-1.03,1.09,1.09,2254.0,2254.0,195.0,195.0,8,6.4,6.4,-0.94,-0.94,6.43,6.43,cube59_cluster0,234,1.4337179065394505,FF,89.27696125383754,10.588468754256617,10.304337269887236
2025-09-15,686218,686218,596146,LAD,PHI,4,2,0,0,SL,SL,R,R,S,Called Strike,86.6,86.6,0.44,0.44,0.19,0.19,2391.0,2391.0,171.0,171.0,7,6.5,6.5,-1.33,-1.33,5.3,5.3,cube32_cluster0,191,1.4150696747847709,SL,86.80283260847423,-3.994445228339661,3.088972714840957
2025-09-15,683004,683004,676694,HOU,TEX,4,1,1,1,SL,SL,R,R,X,"Jake Meyers grounds out, shortstop Josh Smith to first baseman Jake Burger.",88.0,88.0,0.27,0.27,0.3,0.3,2400.0,2400.0,151.0,151.0,6,6.7,6.7,-1.27,-1.27,5.77,5.77,cube32_cluster0,191,0.8759102111718484,SL,86.80283260847423,-3.994445228339661,3.088972714840957
2025-09-15,669461,669461,663886,STL,CIN,4,1,2,1,SI,SI,L,L,S,Foul,94.2,94.2,1.24,-1.24,1.12,1.12,2120.0,2120.0,151.0,209.0,8,6.3,6.3,0.68,-0.68,6.5,6.5,cube59_cluster0,234,1.5375790515686767,FF,89.27696125383754,10.588468754256617,10.304337269887236
2025-09-15,592791,592791,668804,PIT,CHC,4,0,1,1,FC,FC,R,R,S,Called Strike,85.5,85.5,0.47,0.47,0.86,0.86,2502.0,2502.0,177.0,177.0,7,6.5,6.5,-1.32,-1.32,6.13,6.13,cube41_cluster0,33,1.0924195706552033,FC,87.52410341975036,-2.728102441946197,5.90336268676447
2025-09-15,607074,607074,668885,MIN,NYY,3,1,2,2,FF,FF,L,L,S,Foul,95.0,95.0,0.85,-0.85,1.59,1.59,2438.0,2438.0,141.0,219.0,8,6.2,6.2,1.94,-1.94,6.39,6.39,cube66_cluster1,5,1.5196606464160591,FF,93.24252622389831,13.00015635891318,12.382567932373675
2025-09-15,680730,680730,660670,WSH,ATL,4,0,0,2,FS,FS,L,L,B,Ball,84.4,84.4,0.41,-0.41,-0.14,-0.14,752.0,752.0,143.0,217.0,8,6.7,6.7,1.37,-1.37,6.26,6.26,cube59_cluster1,5,1.4487551328835786,SL,84.79163597246126,7.451913253012047,2.269996213425129
2025-09-15,668678,668678,646240,AZ,SF,4,0,0,0,CH,CH,R,R,S,Called Strike,83.6,83.6,-1.45,-1.45,0.18,0.18,1627.0,1627.0,223.0,223.0,8,6.5,6.5,-3.29,-3.29,5.82,5.82,cube62_cluster3,8,2.2821311730091383,CH,91.8214393403368,16.622861920271486,3.070316846938506
2025-09-15,671212,671212,676914,TB,TOR,4,1,1,1,FF,FF,R,R,B,Ball,99.1,99.1,-0.36,-0.36,0.91,0.91,2470.0,2470.0,207.0,207.0,8,6.4,6.4,-0.94,-0.94,5.8,5.8,cube51_cluster0,242,1.6934921378427046,FC,90.51269321530226,-0.30860007748352697,10.065859987082858
2025-09-15,624133,624133,669743,LAD,PHI,4,0,2,2,SI,SI,L,L,B,Ball,90.9,90.9,0.66,-0.66,0.6,0.6,1825.0,1825.0,140.0,220.0,8,6.3,6.3,2.03,-2.03,5.71,5.71,cube67_cluster0,835,0.7048634883459761,CH,90.86602419473125,13.606542467363951,8.526706287157376
2025-09-15,680732,680732,663624,CWS,BAL,4,1,2,2,SL,SL,R,R,X,Ryan Mountcastle singles on a line drive to left fielder Andrew Benintendi.,88.7,88.7,0.5,0.5,0.44,0.44,2330.0,2330.0,170.0,170.0,7,7.1,7.1,-2.32,-2.32,6.2,6.2,cube43_cluster0,136,1.5205191571287686,FC,88.90138768099045,-2.867416747399959,6.084565347981601
2025-09-15,680573,680573,641355,MIN,NYY,3,2,3,1,FF,FF,R,R,S,Foul,93.8,93.8,-0.33,-0.33,1.67,1.67,2357.0,2357.0,197.0,197.0,8,6.8,6.8,-1.21,-1.21,6.46,6.46,cube50_cluster0,37,1.931173011671264,SL,89.4318003898919,-0.37548710296403526,10.18704890209373
2025-09-15,641793,641793,575929,STL,CIN,4,2,0,0,FS,FS,R,R,B,Ball,81.4,81.4,-1.06,-1.06,-0.66,-0.66,828.0,828.0,250.0,250.0,9,6.0,6.0,-0.62,-0.62,6.17,6.17,cube59_cluster1,5,2.3901526498927077,SL,84.79163597246126,7.451913253012047,2.269996213425129
2025-09-15,677952,677952,608348,PIT,CHC,3,2,0,1,SI,SI,R,R,S,Swinging Strike,97.3,97.3,-1.52,-1.52,0.6,0.6,2399.0,2399.0,219.0,219.0,8,6.4,6.4,-1.11,-1.11,6.12,6.12,cube60_cluster0,1088,1.601093721612208,FF,92.17053866131751,10.618556738155133,11.426031596706425
2025-09-15,669920,669920,694671,HOU,TEX,4,1,1,1,SI,SI,R,R,X,Wyatt Langford singles on a sharp line drive to right fielder Zach Cole.,90.9,90.9,-1.25,-1.25,0.28,0.28,2094.0,2094.0,245.0,245.0,9,6.5,6.5,-1.51,-1.51,5.49,5.49,cube67_cluster0,835,1.1117421360581772,CH,90.86602419473125,13.606542467363951,8.526706287157376
2025-09-15,678906,678906,682998,AZ,SF,3,2,1,0,ST,ST,R,R,S,Foul,83.1,83.1,1.36,1.36,-0.12,-0.12,2723.0,2723.0,56.0,56.0,3,6.4,6.4,-2.5,-2.5,5.27,5.27,cube17_cluster0,230,0.7677147076154927,ST,83.28054719292679,-11.37879274055619,0.1522002590525712
2025-09-15,702056,702056,691406,TB,TOR,3,2,2,1,FF,FF,R,R,S,Swinging Strike,94.2,94.2,-0.54,-0.54,1.52,1.52,2294.0,2294.0,203.0,203.0,8,6.3,6.3,-0.48,-0.48,6.93,6.93,cube50_cluster0,37,2.177791308049926,SL,89.4318003898919,-0.37548710296403526,10.18704890209373
2025-09-15,675911,675911,605137,WSH,ATL,4,0,3,1,FF,FF,R,R,S,Called Strike,95.1,95.1,-0.71,-0.71,1.38,1.38,2324.0,2324.0,212.0,212.0,8,7.0,7.0,-1.61,-1.61,5.85,5.85,cube61_cluster0,650,1.3227876868229038,FF,93.56609940362357,10.767633610073183,11.615865923476361
2025-09-15,675911,675911,605137,WSH,ATL,4,0,2,1,FF,FF,R,R,B,Ball,95.8,95.8,-0.67,-0.67,1.48,1.48,2364.0,2364.0,211.0,211.0,8,7.0,7.0,-1.67,-1.67,5.89,5.89,cube61_cluster0,650,1.4159808297350982,FF,93.56609940362357,10.767633610073183,11.615865923476361
2025-09-15,702056,702056,691406,TB,TOR,3,2,1,1,SL,SL,R,R,B,Ball In Dirt,89.0,89.0,-0.49,-0.49,0.35,0.35,2228.0,2228.0,207.0,207.0,8,6.1,6.1,-0.52,-0.52,7.08,7.08,cube50_cluster0,37,2.1238300435072017,SL,89.4318003898919,-0.37548710296403526,10.18704890209373
2025-09-15,671212,671212,676914,TB,TOR,4,1,1,0,FF,FF,R,R,S,Swinging Strike,98.2,98.2,-0.25,-0.25,1.33,1.33,2611.0,2611.0,221.0,221.0,8,6.3,6.3,-0.98,-0.98,5.93,5.93,cube50_cluster0,37,1.7791125883754932,SL,89.4318003898919,-0.37548710296403526,10.18704890209373
2025-09-15,669920,669920,694671,HOU,TEX,4,1,1,0,SI,SI,R,R,S,Called Strike,91.7,91.7,-1.35,-1.35,0.15,0.15,2144.0,2144.0,245.0,245.0,9,6.4,6.4,-1.51,-1.51,5.57,5.57,cube67_cluster0,835,1.2180462358150679,CH,90.86602419473125,13.606542467363951,8.526706287157376
2025-09-15,641793,641793,676475,STL,CIN,4,1,0,0,SI,SI,R,R,X,"Alec Burleson grounds out, first baseman Sal Stewart to pitcher Zack Littell.",90.7,90.7,-1.28,-1.28,1.07,1.07,1940.0,1940.0,213.0,213.0,8,6.2,6.2,-0.87,-0.87,6.06,6.06,cube59_cluster0,234,0.9394337860767041,FF,89.27696125383754,10.588468754256617,10.304337269887236
2025-09-15,669461,669461,663886,STL,CIN,4,1,1,1,CH,CH,L,L,B,Ball,87.0,87.0,1.23,-1.23,0.82,0.82,1695.0,1695.0,126.0,234.0,9,6.3,6.3,1.03,-1.03,6.33,6.33,cube59_cluster0,234,1.0400143823495653,FF,89.27696125383754,10.588468754256617,10.304337269887236
2025-09-15,683004,683004,676694,HOU,TEX,4,1,1,0,SL,SL,R,R,S,Foul,87.0,87.0,0.42,0.42,0.21,0.21,2612.0,2612.0,84.0,84.0,4,6.8,6.8,-1.13,-1.13,5.71,5.71,cube24_cluster0,201,1.3251032517166303,SL,85.05707893868184,-5.4676349917482,1.0599892053755027
2025-09-15,680694,680694,695657,CWS,BAL,3,2,1,2,SI,SI,R,R,B,Ball,94.7,94.7,-0.54,-0.54,1.26,1.26,2326.0,2326.0,183.0,183.0,7,6.4,6.4,-0.72,-0.72,6.45,6.45,cube50_cluster0,37,1.5217451079068003,SL,89.4318003898919,-0.37548710296403526,10.18704890209373
2025-09-15,678906,678906,682998,AZ,SF,3,2,0,0,FF,FF,R,R,B,Ball,92.7,92.7,-0.59,-0.59,1.14,1.14,2506.0,2506.0,230.0,230.0,9,6.4,6.4,-2.47,-2.47,5.31,5.31,cube61_cluster0,650,1.1266331931524554,FF,93.56609940362357,10.767633610073183,11.615865923476361
2025-09-15,680732,680732,663624,CWS,BAL,4,1,1,2,FF,FF,R,R,B,Ball,95.6,95.6,-0.55,-0.55,1.49,1.49,2561.0,2561.0,199.0,199.0,8,7.0,7.0,-1.97,-1.97,6.39,6.39,cube61_cluster0,650,2.057078737403715,FF,93.56609940362357,10.767633610073183,11.615865923476361
2025-09-15,680730,680730,660670,WSH,ATL,4,0,0,1,FF,FF,L,L,S,Foul,92.0,92.0,0.69,-0.69,1.48,1.48,2096.0,2096.0,170.0,190.0,7,6.8,6.8,0.84,-0.84,6.52,6.52,cube59_cluster0,234,1.9745169462952143,FF,89.27696125383754,10.588468754256617,10.304337269887236
2025-09-15,680573,680573,641355,MIN,NYY,3,2,2,1,FS,FS,R,R,B,Ball,87.1,87.1,-0.63,-0.63,1.18,1.18,1335.0,1335.0,206.0,206.0,8,7.0,7.0,-1.09,-1.09,6.35,6.35,cube59_cluster1,5,1.8356449830392365,SL,84.79163597246126,7.451913253012047,2.269996213425129
2025-09-15,624133,624133,669743,LAD,PHI,4,0,1,2,FF,FF,L,L,B,Ball,91.3,91.3,0.32,-0.32,0.94,0.94,1875.0,1875.0,129.0,231.0,9,6.0,6.0,2.43,-2.43,5.54,5.54,cube67_cluster0,835,1.491238457372528,CH,90.86602419473125,13.606542467363951,8.526706287157376
2025-09-15,686218,686218,805249,LAD,PHI,4,1,1,0,SL,SL,R,R,X,"Otto Kemp grounds out softly, third baseman Max Muncy to first baseman Freddie Freeman.",86.9,86.9,0.01,0.01,0.42,0.42,2316.0,2316.0,188.0,188.0,7,6.4,6.4,-1.23,-1.23,5.38,5.38,cube42_cluster0,221,1.3672948466427788,FC,88.14517513894621,-2.9372479967817404,6.184306080936519
2025-09-15,668678,668678,642715,AZ,SF,3,2,2,2,CH,CH,R,R,S,Willy Adames strikes out swinging.,86.0,86.0,-1.13,-1.13,0.22,0.22,1558.0,1558.0,230.0,230.0,9,6.7,6.7,-3.13,-3.13,5.75,5.75,cube67_cluster0,835,2.1757772937667474,CH,90.86602419473125,13.606542467363951,8.526706287157376
2025-09-15,678024,678024,683002,CWS,BAL,9,2,3,2,ST,ST,R,R,X,"Gunnar Henderson grounds out, second baseman Chase Meidroth to first baseman Lenyn Sosa.",81.7,81.7,1.14,1.14,-0.5,-0.5,2369.0,2369.0,53.0,53.0,3,6.6,6.6,-1.93,-1.93,5.78,5.78,cube9_cluster0,353,0.8788409309881109,CU,81.04977735376619,-10.683603137730767,-7.201930121038002
2025-09-15,677952,677952,608348,PIT,CHC,3,2,0,0,FF,FF,R,R,S,Called Strike,97.8,97.8,-0.74,-0.74,1.24,1.24,2412.0,2412.0,219.0,219.0,8,6.6,6.6,-0.86,-0.86,6.24,6.24,cube60_cluster0,1088,1.8040593986515374,FF,92.17053866131751,10.618556738155133,11.426031596706425
2025-09-15,592791,592791,668804,PIT,CHC,4,0,0,1,CH,CH,R,R,B,Ball,83.5,83.5,-1.25,-1.25,0.61,0.61,1803.0,1803.0,226.0,226.0,9,6.3,6.3,-1.21,-1.21,6.23,6.23,cube66_cluster0,197,1.0220828506881172,CH,86.84077917182076,12.525512574763452,6.567520411131463
2025-09-15,607074,607074,668885,MIN,NYY,3,1,2,1,FF,FF,L,L,S,Foul Tip,95.2,95.2,1.17,-1.17,1.29,1.29,2280.0,2280.0,142.0,218.0,8,6.3,6.3,2.14,-2.14,6.33,6.33,cube60_cluster0,1088,1.2750101852800362,FF,92.17053866131751,10.618556738155133,11.426031596706425
2025-09-15,702056,702056,691406,TB,TOR,3,2,1,0,SL,SL,R,R,S,Called Strike,88.7,88.7,-0.28,-0.28,0.65,0.65,2233.0,2233.0,204.0,204.0,8,6.1,6.1,-0.6,-0.6,7.16,7.16,cube50_cluster0,37,2.025956198660861,SL,89.4318003898919,-0.37548710296403526,10.18704890209373
2025-09-15,669920,669920,694671,HOU,TEX,4,1,0,0,CH,CH,R,R,B,Ball,81.2,81.2,-1.49,-1.49,0.11,0.11,1685.0,1685.0,264.0,264.0,10,6.3,6.3,-1.45,-1.45,5.75,5.75,cube66_cluster0,197,1.2539160020753666,CH,86.84077917182076,12.525512574763452,6.567520411131463
2025-09-15,671212,671212,676914,TB,TOR,4,1,0,0,FF,FF,R,R,B,Ball,98.0,98.0,-0.43,-0.43,1.19,1.19,2784.0,2784.0,216.0,216.0,8,6.5,6.5,-0.92,-0.92,5.82,5.82,cube51_cluster0,242,2.0385705853828786,FC,90.51269321530226,-0.30860007748352697,10.065859987082858
2025-09-15,680732,680732,663624,CWS,BAL,4,1,1,1,FF,FF,R,R,S,Foul,94.9,94.9,-0.38,-0.38,1.57,1.57,2612.0,2612.0,200.0,200.0,8,7.2,7.2,-2.07,-2.07,6.38,6.38,cube62_cluster1,11,2.0816411641481265,FF,95.54242544913883,5.728019039608564,15.221051570629365
2025-09-15,686218,686218,805249,LAD,PHI,4,1,0,0,SL,SL,R,R,B,Ball,86.3,86.3,0.37,0.37,0.38,0.38,2382.0,2382.0,156.0,156.0,6,6.6,6.6,-1.17,-1.17,5.34,5.34,cube32_cluster0,191,1.4315558993199682,SL,86.80283260847423,-3.994445228339661,3.088972714840957
2025-09-15,683004,683004,676694,HOU,TEX,4,1,0,0,SI,SI,R,R,B,Ball,96.5,96.5,-1.26,-1.26,1.04,1.04,2427.0,2427.0,214.0,214.0,8,6.9,6.9,-1.0,-1.0,5.67,5.67,cube60_cluster0,1088,1.7651086193597654,FF,92.17053866131751,10.618556738155133,11.426031596706425
2025-09-15,669461,669461,663886,STL,CIN,4,1,0,1,CH,CH,L,L,B,Ball,86.1,86.1,1.15,-1.15,1.05,1.05,1667.0,1667.0,133.0,227.0,9,6.1,6.1,0.73,-0.73,6.41,6.41,cube59_cluster0,234,1.3442203124850443,FF,89.27696125383754,10.588468754256617,10.304337269887236
2025-09-15,607074,607074,668885,MIN,NYY,3,1,1,1,SI,SI,L,L,B,Ball,91.3,91.3,1.46,-1.46,0.54,0.54,2247.0,2247.0,131.0,229.0,9,6.4,6.4,2.3,-2.3,6.2,6.2,cube67_cluster0,835,1.3083353417954824,CH,90.86602419473125,13.606542467363951,8.526706287157376
2025-09-15,677952,677952,694208,PIT,CHC,3,1,1,0,FF,FF,R,R,X,Moisés Ballesteros flies out to center fielder Jack Suwinski.,96.8,96.8,-0.47,-0.47,1.46,1.46,2427.0,2427.0,216.0,216.0,8,6.4,6.4,-0.81,-0.81,6.28,6.28,cube50_cluster0,37,1.6812612324924752,SL,89.4318003898919,-0.37548710296403526,10.18704890209373
2025-09-15,680730,680730,660670,WSH,ATL,4,0,0,0,FF,FF,L,L,S,Called Strike,92.1,92.1,0.69,-0.69,1.4,1.4,2122.0,2122.0,167.0,193.0,7,6.8,6.8,0.97,-0.97,6.53,6.53,cube59_cluster0,234,1.87709801396191,FF,89.27696125383754,10.588468754256617,10.304337269887236
2025-09-15,680694,680694,695657,CWS,BAL,3,2,0,2,SL,SL,R,R,B,Ball In Dirt,88.2,88.2,1.22,1.22,-0.17,-0.17,2547.0,2547.0,64.0,64.0,3,6.6,6.6,-0.98,-0.98,6.35,6.35,cube23_cluster0,18,1.6066430773301081,SL,84.2588963468347,-3.122612334195792,-0.3482418990887928
2025-09-15,624133,624133,669743,LAD,PHI,4,0,0,2,CU,CU,L,L,B,Ball,73.8,73.8,-0.91,0.91,-0.88,-0.88,2049.0,2049.0,312.0,48.0,3,6.3,6.3,2.11,-2.11,5.71,5.71,cube9_cluster0,353,1.6838361017026127,CU,81.04977735376619,-10.683603137730767,-7.201930121038002
2025-09-15,680573,680573,641355,MIN,NYY,3,2,1,1,FF,FF,R,R,B,Ball,93.7,93.7,-0.63,-0.63,1.67,1.67,2339.0,2339.0,202.0,202.0,8,6.8,6.8,-1.2,-1.2,6.39,6.39,cube60_cluster0,1088,1.9146319693042027,FF,92.17053866131751,10.618556738155133,11.426031596706425
2025-09-15,678024,678024,683002,CWS,BAL,9,2,3,1,CH,CH,R,R,S,Swinging Strike,85.7,85.7,-1.11,-1.11,0.12,0.12,1462.0,1462.0,244.0,244.0,9,6.6,6.6,-1.64,-1.64,5.81,5.81,cube66_cluster0,197,0.9884219390179824,CH,86.84077917182076,12.525512574763452,6.567520411131463
2025-09-15,641793,641793,671056,STL,CIN,4,0,3,2,SI,SI,R,R,X,"Iván Herrera grounds out, second baseman Matt McLain to first baseman Sal Stewart.",91.9,91.9,-1.23,-1.23,1.08,1.08,1966.0,1966.0,216.0,216.0,8,6.3,6.3,-0.73,-0.73,5.97,5.97,cube59_cluster0,234,1.179202435005315,FF,89.27696125383754,10.588468754256617,10.304337269887236
2025-09-15,678906,678906,606466,AZ,SF,3,1,0,0,FF,FF,R,R,X,Ketel Marte flies out to left fielder Heliot Ramos.,92.5,92.5,-0.75,-0.75,1.29,1.29,2559.0,2559.0,226.0,226.0,9,6.4,6.4,-2.13,-2.13,5.49,5.49,cube61_cluster0,650,0.9662873644926095,FF,93.56609940362357,10.767633610073183,11.615865923476361
2025-09-15,675911,675911,605137,WSH,ATL,4,0,1,1,CH,CH,R,R,B,Ball,86.0,86.0,-1.01,-1.01,0.88,0.88,2071.0,2071.0,222.0,222.0,8,6.8,6.8,-1.89,-1.89,5.88,5.88,cube67_cluster0,835,1.055005180327068,CH,90.86602419473125,13.606542467363951,8.526706287157376
2025-09-15,592791,592791,668804,PIT,CHC,4,0,0,0,FC,FC,R,R,S,Called Strike,85.7,85.7,0.52,0.52,0.89,0.89,2550.0,2550.0,175.0,175.0,7,6.6,6.6,-1.44,-1.44,6.12,6.12,cube42_cluster0,221,1.131199708680853,FC,88.14517513894621,-2.9372479967817404,6.184306080936519
2025-09-15,668678,668678,642715,AZ,SF,3,2,1,2,CH,CH,R,R,B,Ball,85.1,85.1,-0.87,-0.87,0.14,0.14,1625.0,1625.0,221.0,221.0,8,6.5,6.5,-3.16,-3.16,5.78,5.78,cube67_cluster0,835,2.1802476417588363,CH,90.86602419473125,13.606542467363951,8.526706287157376
2025-09-15,702056,702056,691406,TB,TOR,3,2,0,0,FF,FF,R,R,B,Ball,93.6,93.6,-0.39,-0.39,1.77,1.77,2384.0,2384.0,199.0,199.0,8,6.3,6.3,-0.39,-0.39,6.92,6.92,cube50_cluster0,37,2.3694860629546306,SL,89.4318003898919,-0.37548710296403526,10.18704890209373
2025-09-15,683004,683004,572233,HOU,TEX,4,0,0,0,FF,FF,R,R,X,"Christian Walker grounds out, shortstop Josh Smith to first baseman Jake Burger.",96.2,96.2,-0.94,-0.94,1.52,1.52,2433.0,2433.0,210.0,210.0,8,6.9,6.9,-1.14,-1.14,5.62,5.62,cube61_cluster0,650,1.7629498074534093,FF,93.56609940362357,10.767633610073183,11.615865923476361
2025-09-15,675911,675911,605137,WSH,ATL,4,0,0,1,FF,FF,R,R,B,Ball,95.8,95.8,-0.67,-0.67,1.34,1.34,2250.0,2250.0,209.0,209.0,8,7.0,7.0,-1.63,-1.63,5.92,5.92,cube61_cluster0,650,1.3549621463634787,FF,93.56609940362357,10.767633610073183,11.615865923476361
2025-09-15,641793,641793,671056,STL,CIN,4,0,3,2,SL,SL,R,R,S,Foul,86.9,86.9,0.08,0.08,0.7,0.7,2283.0,2283.0,196.0,196.0,8,6.1,6.1,-0.69,-0.69,6.26,6.26,cube50_cluster0,37,0.9242136602092929,SL,89.4318003898919,-0.37548710296403526,10.18704890209373
2025-09-15,686218,686218,669016,LAD,PHI,4,0,2,2,CH,CH,R,R,X,Brandon Marsh pops out to second baseman Miguel Rojas.,83.8,83.8,-0.79,-0.79,0.6,0.6,933.0,933.0,259.0,259.0,10,6.6,6.6,-1.2,-1.2,5.4,5.4,cube59_cluster1,5,1.4178370906014135,SL,84.79163597246126,7.451913253012047,2.269996213425129
2025-09-15,669461,669461,663886,STL,CIN,4,1,0,0,FF,FF,L,L,S,Called Strike,93.4,93.4,0.43,-0.43,1.37,1.37,2094.0,2094.0,149.0,211.0,8,6.4,6.4,0.62,-0.62,6.58,6.58,cube50_cluster0,37,1.6873355263819434,SL,89.4318003898919,-0.37548710296403526,10.18704890209373
2025-09-15,671212,671212,680718,TB,TOR,4,1,1,0,SL,SL,R,R,X,Addison Barger singles on a ground ball to second baseman Brandon Lowe.,91.5,91.5,0.68,0.68,0.06,0.06,2690.0,2690.0,130.0,130.0,5,6.6,6.6,-1.11,-1.11,5.75,5.75,cube32_cluster0,191,1.3624740630457457,SL,86.80283260847423,-3.994445228339661,3.088972714840957
2025-09-15,680732,680732,663624,CWS,BAL,4,1,1,0,FF,FF,R,R,S,Foul,94.0,94.0,-0.46,-0.46,1.55,1.55,2558.0,2558.0,200.0,200.0,8,7.2,7.2,-1.99,-1.99,6.37,6.37,cube62_cluster1,11,2.081105942298386,FF,95.54242544913883,5.728019039608564,15.221051570629365
2025-09-15,677952,677952,694208,PIT,CHC,3,1,0,0,CU,CU,R,R,B,Ball,85.1,85.1,0.23,0.23,-0.92,-0.92,2658.0,2658.0,26.0,26.0,2,6.4,6.4,-0.91,-0.91,6.32,6.32,cube1_cluster0,11,1.1515400656859665,CU,80.41940225841523,-7.8151704354474925,-14.345667881001397
2025-09-15,668678,668678,642715,AZ,SF,3,2,1,2,KC,KC,R,R,S,Foul,80.1,80.1,0.28,0.28,-1.09,-1.09,2439.0,2439.0,32.0,32.0,2,6.6,6.6,-2.82,-2.82,6.01,6.01,cube10_cluster0,173,1.83207411021166,ST,82.08401130843858,-12.249969959417843,-5.792755621368389
2025-09-15,624133,624133,669743,LAD,PHI,4,0,0,1,CU,CU,L,L,S,Called Strike,74.4,74.4,-0.82,0.82,-0.66,-0.66,1966.0,1966.0,302.0,58.0,3,6.2,6.2,2.03,-2.03,5.65,5.65,cube9_cluster0,353,1.7884354737304493,CU,81.04977735376619,-10.683603137730767,-7.201930121038002
2025-09-15,680730,680730,621566,WSH,ATL,4,0,3,2,FF,FF,L,L,X,Matt Olson doubles (37) on a sharp line drive to left fielder James Wood.,93.3,93.3,0.42,-0.42,1.55,1.55,2132.0,2132.0,173.0,187.0,7,6.9,6.9,0.81,-0.81,6.36,6.36,cube50_cluster0,37,2.0893663242174965,SL,89.4318003898919,-0.37548710296403526,10.18704890209373
2025-09-15,607074,607074,668885,MIN,NYY,3,1,1,0,FF,FF,L,L,S,Called Strike,93.1,93.1,0.98,-0.98,1.45,1.45,2278.0,2278.0,142.0,218.0,8,6.4,6.4,1.96,-1.96,6.35,6.35,cube60_cluster0,1088,1.2444275552600264,FF,92.17053866131751,10.618556738155133,11.426031596706425
2025-09-15,680694,680694,695657,CWS,BAL,3,2,0,1,FF,FF,R,R,S,Called Strike,94.6,94.6,0.17,0.17,1.4,1.4,2483.0,2483.0,194.0,194.0,7,6.5,6.5,-0.78,-0.78,6.49,6.49,cube50_cluster0,37,1.5853691839889439,SL,89.4318003898919,-0.37548710296403526,10.18704890209373
2025-09-15,678024,678024,683002,CWS,BAL,9,2,2,1,CU,CU,R,R,B,Ball,81.7,81.7,0.91,0.91,-1.0,-1.0,2323.0,2323.0,30.0,30.0,2,6.1,6.1,-1.41,-1.41,6.12,6.12,cube8_cluster0,47,0.6514247883554499,CU,78.44568855893485,-8.550382045687398,-9.675482721274784
2025-09-15,592791,592791,687462,PIT,CHC,3,2,1,2,FF,FF,R,R,X,Spencer Horwitz flies out to center fielder Pete Crow-Armstrong.,93.0,93.0,-0.49,-0.49,1.58,1.58,2360.0,2360.0,209.0,209.0,8,6.8,6.8,-1.06,-1.06,6.13,6.13,cube60_cluster0,1088,1.7658105115335105,FF,92.17053866131751,10.618556738155133,11.426031596706425
2025-09-15,678906,678906,672695,AZ,SF,3,1,2,2,SI,SI,R,R,X,Geraldo Perdomo singles on a sharp ground ball to center fielder Jung Hoo Lee.,94.0,94.0,-1.28,-1.28,0.13,0.13,2333.0,2333.0,240.0,240.0,9,6.2,6.2,-2.51,-2.51,5.38,5.38,cube68_cluster0,637,1.3187117031878395,FF,92.88295797031044,13.980317543503329,9.180920892722085
2025-09-15,669920,669920,669701,HOU,TEX,4,0,3,2,SI,SI,R,R,S,Josh Smith called out on strikes.,91.6,91.6,-1.28,-1.28,0.3,0.3,2068.0,2068.0,245.0,245.0,9,6.4,6.4,-1.48,-1.48,5.68,5.68,cube67_cluster0,835,0.9710672695263732,CH,90.86602419473125,13.606542467363951,8.526706287157376
2025-09-15,680573,680573,641355,MIN,NYY,3,2,0,1,FF,FF,R,R,B,Ball,94.0,94.0,-0.38,-0.38,1.58,1.58,2401.0,2401.0,203.0,203.0,8,6.9,6.9,-1.44,-1.44,6.37,6.37,cube60_cluster0,1088,1.912768802687991,FF,92.17053866131751,10.618556738155133,11.426031596706425
2025-09-15,592791,592791,687462,PIT,CHC,3,2,1,2,CH,CH,R,R,S,Foul,82.7,82.7,-1.06,-1.06,0.69,0.69,1924.0,1924.0,226.0,226.0,9,6.5,6.5,-1.17,-1.17,6.21,6.21,cube59_cluster0,234,1.130148236718558,FF,89.27696125383754,10.588468754256617,10.304337269887236
2025-09-15,702056,702056,664040,TB,TOR,3,1,1,2,FS,FS,R,R,S,Brandon Lowe strikes out swinging.,84.2,84.2,-0.83,-0.83,0.5,0.5,1419.0,1419.0,220.0,220.0,8,6.2,6.2,-0.51,-0.51,7.08,7.08,cube59_cluster0,234,2.6363213880701752,FF,89.27696125383754,10.588468754256617,10.304337269887236
2025-09-15,680730,680730,621566,WSH,ATL,4,0,3,2,CU,CU,L,L,S,Foul,78.7,78.7,-0.16,0.16,-0.35,-0.35,2277.0,2277.0,335.0,25.0,2,6.8,6.8,1.37,-1.37,6.31,6.31,cube8_cluster1,5,1.371757884506626,CU,76.99877318439641,-5.367173817726275,-11.507933500365382
2025-09-15,686218,686218,669016,LAD,PHI,4,0,1,2,SL,SL,R,R,B,Ball,87.3,87.3,0.0,0.0,0.12,0.12,2440.0,2440.0,175.0,175.0,7,6.6,6.6,-1.06,-1.06,5.26,5.26,cube32_cluster0,191,1.7392012148954017,SL,86.80283260847423,-3.994445228339661,3.088972714840957
2025-09-15,669920,669920,669701,HOU,TEX,4,0,2,2,CH,CH,R,R,B,Ball,80.3,80.3,-1.16,-1.16,0.06,0.06,1538.0,1538.0,270.0,270.0,10,6.5,6.5,-1.46,-1.46,5.64,5.64,cube66_cluster0,197,1.4043051537329254,CH,86.84077917182076,12.525512574763452,6.567520411131463
2025-09-15,683004,683004,514888,HOU,TEX,3,2,1,0,SL,SL,R,R,X,Jose Altuve pops out to second baseman Dylan Moore.,87.7,87.7,0.36,0.36,0.06,0.06,2711.0,2711.0,79.0,79.0,4,6.8,6.8,-1.35,-1.35,5.71,5.71,cube24_cluster0,201,1.2551762590183146,SL,85.05707893868184,-5.4676349917482,1.0599892053755027
2025-09-15,641793,641793,671056,STL,CIN,4,0,2,2,SI,SI,R,R,B,Ball,90.7,90.7,-1.25,-1.25,1.05,1.05,2048.0,2048.0,215.0,215.0,8,6.3,6.3,-0.8,-0.8,6.0,6.0,cube59_cluster0,234,1.0867172104698462,FF,89.27696125383754,10.588468754256617,10.304337269887236
2025-09-15,680573,680573,641355,MIN,NYY,3,2,0,0,FS,FS,R,R,S,Called Strike,87.0,87.0,-0.84,-0.84,0.85,0.85,1157.0,1157.0,214.0,214.0,8,7.0,7.0,-1.49,-1.49,6.2,6.2,cube59_cluster1,5,1.3542149863495831,SL,84.79163597246126,7.451913253012047,2.269996213425129
2025-09-15,607074,607074,668885,MIN,NYY,3,1,0,0,FF,FF,L,L,B,Ball,94.2,94.2,1.03,-1.03,1.51,1.51,2386.0,2386.0,142.0,218.0,8,6.4,6.4,2.12,-2.12,6.28,6.28,cube60_cluster0,1088,1.3778046877099388,FF,92.17053866131751,10.618556738155133,11.426031596706425
2025-09-15,680732,680732,663624,CWS,BAL,4,1,0,0,FF,FF,R,R,B,Ball,93.4,93.4,-0.5,-0.5,1.82,1.82,2565.0,2565.0,199.0,199.0,8,7.1,7.1,-2.06,-2.06,6.43,6.43,cube62_cluster1,11,2.25693200014135,FF,95.54242544913883,5.728019039608564,15.221051570629365
2025-09-15,668678,668678,642715,AZ,SF,3,2,0,2,FF,FF,R,R,B,Ball,93.6,93.6,-0.14,-0.14,1.44,1.44,2179.0,2179.0,198.0,198.0,8,6.7,6.7,-2.66,-2.66,6.1,6.1,cube62_cluster1,11,1.5856127273488063,FF,95.54242544913883,5.728019039608564,15.221051570629365
2025-09-15,669461,669461,701398,STL,CIN,4,0,0,0,SL,SL,L,L,X,Sal Stewart flies out sharply to left fielder Alec Burleson.,84.1,84.1,-0.49,0.49,0.08,0.08,2635.0,2635.0,274.0,86.0,4,6.2,6.2,0.65,-0.65,6.53,6.53,cube15_cluster1,4,1.204101911785511,SL,83.959314171123,-4.504801604278075,-1.7933590909090908
2025-09-15,680694,680694,695657,CWS,BAL,3,2,0,0,SI,SI,R,R,S,Called Strike,94.5,94.5,-0.64,-0.64,1.02,1.02,2229.0,2229.0,194.0,194.0,7,6.5,6.5,-0.91,-0.91,6.36,6.36,cube50_cluster0,37,1.3896484507474864,SL,89.4318003898919,-0.37548710296403526,10.18704890209373
2025-09-15,677952,677952,664023,PIT,CHC,3,1,0,1,CH,CH,R,R,X,Ian Happ singles on a sharp ground ball to right fielder Bryan Reynolds. Nico Hoerner to 3rd.,91.5,91.5,-1.27,-1.27,0.62,0.62,2043.0,2043.0,223.0,223.0,8,6.4,6.4,-1.15,-1.15,6.14,6.14,cube59_cluster0,234,0.9028015903885516,FF,89.27696125383754,10.588468754256617,10.304337269887236
2025-09-15,678906,678906,672695,AZ,SF,3,1,2,2,ST,ST,R,R,S,Foul,85.9,85.9,1.51,1.51,0.21,0.21,2808.0,2808.0,61.0,61.0,3,6.4,6.4,-2.36,-2.36,5.43,5.43,cube17_cluster0,230,0.9471931242180079,ST,83.28054719292679,-11.37879274055619,0.1522002590525712
2025-09-15,678024,678024,683002,CWS,BAL,9,2,1,1,SI,SI,R,R,B,Ball,92.8,92.8,-0.94,-0.94,0.56,0.56,2227.0,2227.0,225.0,225.0,9,5.8,5.8,-1.9,-1.9,5.74,5.74,cube60_cluster0,1088,1.2618065282687159,FF,92.17053866131751,10.618556738155133,11.426031596706425
2025-09-15,671212,671212,680718,TB,TOR,4,1,0,0,FF,FF,R,R,B,Ball,97.3,97.3,-0.32,-0.32,0.92,0.92,2614.0,2614.0,210.0,210.0,8,6.4,6.4,-1.17,-1.17,5.8,5.8,cube51_cluster0,242,1.4548484538483932,FC,90.51269321530226,-0.30860007748352697,10.065859987082858
2025-09-15,624133,624133,669743,LAD,PHI,4,0,0,0,SI,SI,L,L,S,Called Strike,91.2,91.2,1.18,-1.18,0.27,0.27,1806.0,1806.0,132.0,228.0,9,6.2,6.2,2.32,-2.32,5.55,5.55,cube67_cluster0,835,1.0492203687729045,CH,90.86602419473125,13.606542467363951,8.526706287157376
2025-09-15,675911,675911,605137,WSH,ATL,4,0,0,0,FF,FF,R,R,S,Called Strike,95.8,95.8,-0.55,-0.55,1.38,1.38,2174.0,2174.0,207.0,207.0,8,7.1,7.1,-1.51,-1.51,5.9,5.9,cube61_cluster0,650,1.6053924426463435,FF,93.56609940362357,10.767633610073183,11.615865923476361
2025-09-15,702056,702056,664040,TB,TOR,3,1,1,1,FS,FS,R,R,S,Swinging Strike,82.7,82.7,-1.18,-1.18,0.27,0.27,1548.0,1548.0,214.0,214.0,8,6.2,6.2,-0.4,-0.4,7.17,7.17,cube59_cluster0,234,2.85805558278684,FF,89.27696125383754,10.588468754256617,10.304337269887236
2025-09-15,678024,678024,683002,CWS,BAL,9,2,1,0,SI,SI,R,R,S,Swinging Strike,94.2,94.2,-0.99,-0.99,0.49,0.49,2130.0,2130.0,225.0,225.0,9,6.3,6.3,-1.7,-1.7,5.77,5.77,cube60_cluster0,1088,0.7788381768887684,FF,92.17053866131751,10.618556738155133,11.426031596706425
2025-09-15,675911,675911,695578,WSH,ATL,3,2,2,1,FF,FF,R,R,X,"James Wood grounds out, second baseman Ozzie Albies to first baseman Matt Olson.",95.5,95.5,-0.78,-0.78,1.46,1.46,2254.0,2254.0,213.0,213.0,8,6.8,6.8,-1.78,-1.78,5.9,5.9,cube61_cluster0,650,1.123855818151903,FF,93.56609940362357,10.767633610073183,11.615865923476361
2025-09-15,677952,677952,664023,PIT,CHC,3,1,0,0,SI,SI,R,R,S,Called Strike,95.7,95.7,-1.21,-1.21,0.81,0.81,2490.0,2490.0,212.0,212.0,8,6.3,6.3,-1.0,-1.0,6.23,6.23,cube60_cluster0,1088,1.6188725930045207,FF,92.17053866131751,10.618556738155133,11.426031596706425
2025-09-15,686218,686218,669016,LAD,PHI,4,0,1,1,FF,FF,R,R,S,Called Strike,95.3,95.3,-0.96,-0.96,1.51,1.51,2435.0,2435.0,212.0,212.0,8,6.7,6.7,-1.04,-1.04,5.39,5.39,cube61_cluster0,650,1.8298368207773017,FF,93.56609940362357,10.767633610073183,11.615865923476361
2025-09-15,680573,680573,592450,MIN,NYY,3,1,0,1,SL,SL,R,R,X,Aaron Judge lines out to right fielder Matt Wallner.,86.1,86.1,0.85,0.85,0.34,0.34,2381.0,2381.0,166.0,166.0,7,6.7,6.7,-1.32,-1.32,6.36,6.36,cube31_cluster0,31,1.175245012418091,SL,85.53907999105853,-4.021504116996385,3.5159534946310442
2025-09-15,669920,669920,669701,HOU,TEX,4,0,1,2,CH,CH,R,R,B,Ball,80.8,80.8,-1.48,-1.48,0.04,0.04,1802.0,1802.0,269.0,269.0,10,6.6,6.6,-1.45,-1.45,5.6,5.6,cube66_cluster0,197,1.6629380065288233,CH,86.84077917182076,12.525512574763452,6.567520411131463
2025-09-15,641793,641793,671056,STL,CIN,4,0,2,1,SL,SL,R,R,S,Called Strike,86.6,86.6,0.01,0.01,0.68,0.68,2328.0,2328.0,190.0,190.0,7,6.1,6.1,-0.71,-0.71,6.36,6.36,cube50_cluster0,37,0.9410602712995672,SL,89.4318003898919,-0.37548710296403526,10.18704890209373
2025-09-15,671212,671212,665489,TB,TOR,4,0,1,2,FF,FF,R,R,X,"Vladimir Guerrero Jr. grounds out, pitcher Joe Boyle to first baseman Yandy Díaz.",98.5,98.5,-0.51,-0.51,1.02,1.02,2553.0,2553.0,221.0,221.0,8,6.4,6.4,-1.04,-1.04,5.8,5.8,cube60_cluster0,1088,1.6403251651755948,FF,92.17053866131751,10.618556738155133,11.426031596706425
2025-09-15,680730,680730,621566,WSH,ATL,4,0,3,2,FF,FF,L,L,S,Foul,92.4,92.4,0.45,-0.45,1.65,1.65,2205.0,2205.0,167.0,193.0,7,6.9,6.9,0.94,-0.94,6.46,6.46,cube50_cluster0,37,2.099898131878132,SL,89.4318003898919,-0.37548710296403526,10.18704890209373
2025-09-15,668678,668678,642715,AZ,SF,3,2,0,1,FF,FF,R,R,S,Called Strike,92.6,92.6,0.02,0.02,1.41,1.41,2205.0,2205.0,203.0,203.0,8,6.5,6.5,-2.65,-2.65,6.15,6.15,cube51_cluster0,242,1.5883357719301108,FC,90.51269321530226,-0.30860007748352697,10.065859987082858
2025-09-15,678906,678906,672695,AZ,SF,3,1,2,2,ST,ST,R,R,S,Foul,86.2,86.2,1.6,1.6,0.05,0.05,2836.0,2836.0,57.0,57.0,3,6.5,6.5,-2.33,-2.33,5.36,5.36,cube17_cluster0,230,1.0541730083154752,ST,83.28054719292679,-11.37879274055619,0.1522002590525712
2025-09-15,680732,680732,641933,CWS,BAL,4,0,0,0,FF,FF,R,R,X,"Tyler O'Neill grounds out, shortstop Colson Montgomery to first baseman Lenyn Sosa.",93.5,93.5,-0.36,-0.36,1.63,1.63,2591.0,2591.0,202.0,202.0,8,7.3,7.3,-2.12,-2.12,6.35,6.35,cube62_cluster1,11,2.021558892888752,FF,95.54242544913883,5.728019039608564,15.221051570629365
2025-09-15,624133,624133,518692,LAD,PHI,4,0,1,0,SL,SL,L,L,X,Freddie Freeman singles on a line drive to right fielder Max Kepler.,81.0,81.0,-0.61,0.61,0.53,0.53,2216.0,2216.0,257.0,103.0,4,6.1,6.1,2.23,-2.23,5.58,5.58,cube25_cluster0,134,1.2986502350542573,SL,84.71727501905048,-6.356816171388189,1.485555081783951
2025-09-15,683004,683004,514888,HOU,TEX,3,2,0,0,FF,FF,R,R,B,Ball,97.4,97.4,-0.89,-0.89,1.23,1.23,2431.0,2431.0,216.0,216.0,8,6.6,6.6,-1.07,-1.07,5.63,5.63,cube60_cluster0,1088,1.5212797790291919,FF,92.17053866131751,10.618556738155133,11.426031596706425
2025-09-15,592791,592791,687462,PIT,CHC,3,2,1,1,CH,CH,R,R,S,Called Strike,84.1,84.1,-1.08,-1.08,0.54,0.54,1980.0,1980.0,230.0,230.0,9,6.6,6.6,-1.1,-1.1,6.19,6.19,cube59_cluster0,234,1.2584759337567921,FF,89.27696125383754,10.588468754256617,10.304337269887236
2025-09-15,680694,680694,672820,CWS,BAL,3,1,2,2,SI,SI,R,R,S,Lenyn Sosa strikes out swinging.,94.9,94.9,-0.83,-0.83,1.06,1.06,2197.0,2197.0,187.0,187.0,7,6.5,6.5,-0.74,-0.74,6.44,6.44,cube59_cluster0,234,1.6335940994351246,FF,89.27696125383754,10.588468754256617,10.304337269887236
2025-09-15,669461,669461,669720,STL,CIN,3,2,1,2,CU,CU,L,L,S,Austin Hays strikes out swinging.,79.3,79.3,-0.71,0.71,-1.55,-1.55,2995.0,2995.0,328.0,32.0,2,6.3,6.3,0.49,-0.49,6.57,6.57,cube1_cluster0,11,1.1868384737877586,CU,80.41940225841523,-7.8151704354474925,-14.345667881001397
2025-09-15,607074,607074,621439,MIN,NYY,3,0,2,2,FF,FF,L,L,S,Byron Buxton strikes out swinging.,93.6,93.6,0.76,-0.76,1.48,1.48,2280.0,2280.0,141.0,219.0,8,6.0,6.0,1.95,-1.95,6.4,6.4,cube66_cluster1,5,1.1598967644773135,FF,93.24252622389831,13.00015635891318,12.382567932373675
2025-09-15,702056,702056,664040,TB,TOR,3,1,1,0,FF,FF,R,R,S,Called Strike,94.5,94.5,-0.41,-0.41,1.66,1.66,2226.0,2226.0,196.0,196.0,8,6.4,6.4,-0.43,-0.43,6.94,6.94,cube50_cluster0,37,2.3330399934619632,SL,89.4318003898919,-0.37548710296403526,10.18704890209373
2025-09-15,671212,671212,665489,TB,TOR,4,0,1,2,SL,SL,R,R,S,Foul,92.4,92.4,0.28,0.28,0.23,0.23,2676.0,2676.0,154.0,154.0,6,6.4,6.4,-0.81,-0.81,5.86,5.86,cube32_cluster0,191,1.5358087132958118,SL,86.80283260847423,-3.994445228339661,3.088972714840957
2025-09-15,607074,607074,621439,MIN,NYY,3,0,2,2,SL,SL,L,L,S,Foul,87.2,87.2,-0.59,0.59,-0.38,-0.38,2596.0,2596.0,267.0,93.0,4,5.9,5.9,2.42,-2.42,6.25,6.25,cube16_cluster0,307,1.5572496251333685,ST,82.89780592219195,-9.539303936916792,-1.0521378651219842
2025-09-15,683004,683004,621043,HOU,TEX,3,1,0,0,SI,SI,R,R,X,"Carlos Correa grounds out, shortstop Josh Smith to first baseman Jake Burger.",98.0,98.0,-1.53,-1.53,0.96,0.96,2494.0,2494.0,209.0,209.0,8,6.9,6.9,-1.1,-1.1,5.56,5.56,cube61_cluster0,650,1.8692985987680062,FF,93.56609940362357,10.767633610073183,11.615865923476361
2025-09-15,686218,686218,669016,LAD,PHI,4,0,1,0,FF,FF,R,R,S,Swinging Strike,94.5,94.5,-0.85,-0.85,1.74,1.74,2468.0,2468.0,210.0,210.0,8,6.6,6.6,-1.09,-1.09,5.5,5.5,cube60_cluster0,1088,1.8884008455150625,FF,92.17053866131751,10.618556738155133,11.426031596706425
2025-09-15,624133,624133,518692,LAD,PHI,4,0,0,0,SI,SI,L,L,B,Ball,90.3,90.3,1.03,-1.03,0.23,0.23,1916.0,1916.0,129.0,231.0,9,6.0,6.0,2.38,-2.38,5.48,5.48,cube67_cluster0,835,1.305452098927998,CH,90.86602419473125,13.606542467363951,8.526706287157376
2025-09-15,669461,669461,669720,STL,CIN,3,2,1,1,SL,SL,L,L,S,Foul,84.7,84.7,-0.43,0.43,0.02,0.02,2678.0,2678.0,294.0,66.0,3,6.3,6.3,0.63,-0.63,6.52,6.52,cube15_cluster1,4,1.251927342485957,SL,83.959314171123,-4.504801604278075,-1.7933590909090908
2025-09-15,669920,669920,669701,HOU,TEX,4,0,0,2,FF,FF,R,R,B,Ball,91.6,91.6,-1.29,-1.29,0.98,0.98,2279.0,2279.0,237.0,237.0,9,6.1,6.1,-1.45,-1.45,5.95,5.95,cube60_cluster0,1088,0.9187611845953921,FF,92.17053866131751,10.618556738155133,11.426031596706425
2025-09-15,677952,677952,663538,PIT,CHC,3,1,1,2,SL,SL,R,R,X,Nico Hoerner singles on a ground ball to center fielder Jack Suwinski.,91.2,91.2,0.4,0.4,0.29,0.29,2575.0,2575.0,183.0,183.0,7,6.4,6.4,-0.66,-0.66,6.55,6.55,cube41_cluster0,33,1.4738728000824186,FC,87.52410341975036,-2.728102441946197,5.90336268676447
2025-09-15,641793,641793,671056,STL,CIN,4,0,1,1,FS,FS,R,R,B,Ball,81.7,81.7,-0.68,-0.68,0.33,0.33,965.0,965.0,247.0,247.0,9,6.1,6.1,-0.72,-0.72,6.18,6.18,cube59_cluster1,5,1.66556211061175,SL,84.79163597246126,7.451913253012047,2.269996213425129
2025-09-15,592791,592791,687462,PIT,CHC,3,2,0,1,CH,CH,R,R,B,Ball,84.9,84.9,-1.01,-1.01,0.5,0.5,1908.0,1908.0,230.0,230.0,9,6.8,6.8,-1.21,-1.21,6.13,6.13,cube66_cluster0,197,1.4173077866083874,CH,86.84077917182076,12.525512574763452,6.567520411131463
2025-09-15,680730,680730,621566,WSH,ATL,4,0,2,2,FF,FF,L,L,B,Ball,94.1,94.1,0.44,-0.44,1.68,1.68,2222.0,2222.0,166.0,194.0,7,7.0,7.0,0.98,-0.98,6.4,6.4,cube60_cluster0,1088,2.260113734412538,FF,92.17053866131751,10.618556738155133,11.426031596706425
2025-09-15,668678,668678,642715,AZ,SF,3,2,0,0,FF,FF,R,R,S,Swinging Strike,94.1,94.1,-0.04,-0.04,1.58,1.58,2107.0,2107.0,199.0,199.0,8,6.7,6.7,-2.66,-2.66,6.06,6.06,cube62_cluster1,11,1.6475910667808913,FF,95.54242544913883,5.728019039608564,15.221051570629365
2025-09-15,680573,680573,592450,MIN,NYY,3,1,0,0,SL,SL,R,R,S,Called Strike,84.5,84.5,0.73,0.73,0.18,0.18,2354.0,2354.0,142.0,142.0,6,6.7,6.7,-1.51,-1.51,6.28,6.28,cube32_cluster0,191,1.0679863412231732,SL,86.80283260847423,-3.994445228339661,3.088972714840957
2025-09-15,678906,678906,672695,AZ,SF,3,1,1,2,CH,CH,R,R,B,Ball,87.8,87.8,-1.23,-1.23,0.69,0.69,1818.0,1818.0,239.0,239.0,9,6.5,6.5,-2.28,-2.28,5.39,5.39,cube68_cluster0,637,1.008856563941594,FF,92.88295797031044,13.980317543503329,9.180920892722085
2025-09-15,680694,680694,672820,CWS,BAL,3,1,1,2,SL,SL,R,R,B,Ball,88.1,88.1,0.9,0.9,-0.11,-0.11,2616.0,2616.0,48.0,48.0,3,6.6,6.6,-0.99,-0.99,6.27,6.27,cube15_cluster0,23,1.4566520170826107,CU,82.92103283413093,-3.9398978499082826,-3.816941770346403
2025-09-15,678024,678024,683002,CWS,BAL,9,2,0,0,CU,CU,R,R,B,Ball,81.7,81.7,0.69,0.69,-0.94,-0.94,1823.0,1823.0,30.0,30.0,2,6.0,6.0,-1.56,-1.56,6.14,6.14,cube8_cluster0,47,1.6185102576695325,CU,78.44568855893485,-8.550382045687398,-9.675482721274784
2025-09-15,680732,680732,683002,CWS,BAL,3,2,1,2,FF,FF,R,R,X,Gunnar Henderson grounds out to first baseman Lenyn Sosa.,96.2,96.2,-0.28,-0.28,1.38,1.38,2542.0,2542.0,201.0,201.0,8,7.2,7.2,-2.12,-2.12,6.25,6.25,cube62_cluster1,11,1.7636096989368737,FF,95.54242544913883,5.728019039608564,15.221051570629365
2025-09-15,675911,675911,695578,WSH,ATL,3,2,1,1,CH,CH,R,R,B,Ball In Dirt,86.3,86.3,-1.5,-1.5,0.41,0.41,2109.0,2109.0,224.0,224.0,8,7.0,7.0,-1.8,-1.8,5.74,5.74,cube67_cluster0,835,1.4416917158308766,CH,90.86602419473125,13.606542467363951,8.526706287157376
2025-09-15,675911,675911,695578,WSH,ATL,3,2,0,1,CU,CU,R,R,B,Ball,77.8,77.8,1.06,1.06,-0.39,-0.39,2746.0,2746.0,59.0,59.0,3,6.7,6.7,-1.83,-1.83,5.97,5.97,cube9_cluster0,353,1.0007764388350544,CU,81.04977735376619,-10.683603137730767,-7.201930121038002
2025-09-15,702056,702056,664040,TB,TOR,3,1,0,0,FF,FF,R,R,B,Ball,93.7,93.7,-0.43,-0.43,1.52,1.52,2208.0,2208.0,198.0,198.0,8,6.3,6.3,-0.47,-0.47,6.91,6.91,cube50_cluster0,37,2.1180857237363795,SL,89.4318003898919,-0.37548710296403526,10.18704890209373
2025-09-15,624133,624133,606192,LAD,PHI,3,2,2,2,SI,SI,L,L,S,Teoscar Hernández called out on strikes.,91.5,91.5,1.21,-1.21,0.56,0.56,1881.0,1881.0,139.0,221.0,8,6.2,6.2,2.12,-2.12,5.71,5.71,cube67_cluster0,835,0.5505203337356381,CH,90.86602419473125,13.606542467363951,8.526706287157376
2025-09-15,678906,678906,672695,AZ,SF,3,1,1,1,ST,ST,R,R,S,Foul,83.6,83.6,1.08,1.08,-0.1,-0.1,2666.0,2666.0,63.0,63.0,3,6.3,6.3,-2.38,-2.38,5.39,5.39,cube17_cluster0,230,0.4588298799151774,ST,83.28054719292679,-11.37879274055619,0.1522002590525712
2025-09-15,686218,686218,669016,LAD,PHI,4,0,0,0,CU,CU,R,R,B,Ball,75.1,75.1,0.9,0.9,-1.27,-1.27,2626.0,2626.0,34.0,34.0,2,6.5,6.5,-0.89,-0.89,5.6,5.6,cube2_cluster0,105,1.4176303155194074,CU,79.2443297084492,-9.955174138547218,-13.302302310391848
2025-09-15,669920,669920,669701,HOU,TEX,4,0,0,1,SI,SI,R,R,S,Foul,90.8,90.8,-1.27,-1.27,0.44,0.44,2109.0,2109.0,247.0,247.0,9,6.2,6.2,-1.86,-1.86,5.59,5.59,cube67_cluster0,835,0.7876062918126848,CH,90.86602419473125,13.606542467363951,8.526706287157376
2025-09-15,641793,641793,671056,STL,CIN,4,0,1,0,FS,FS,R,R,S,Swinging Strike,82.2,82.2,-1.16,-1.16,0.2,0.2,1270.0,1270.0,234.0,234.0,9,6.1,6.1,-0.64,-0.64,6.21,6.21,cube59_cluster1,5,1.7166223605619233,SL,84.79163597246126,7.451913253012047,2.269996213425129
2025-09-15,671212,671212,665489,TB,TOR,4,0,1,1,FS,FS,R,R,S,Swinging Strike,92.7,92.7,-1.32,-1.32,0.3,0.3,1908.0,1908.0,242.0,242.0,9,6.4,6.4,-0.9,-0.9,5.88,5.88,cube59_cluster0,234,1.4625724974859315,FF,89.27696125383754,10.588468754256617,10.304337269887236
2025-09-15,680732,680732,683002,CWS,BAL,3,2,1,1,KC,KC,R,R,S,Foul,82.8,82.8,0.3,0.3,-1.33,-1.33,2634.0,2634.0,25.0,25.0,2,7.2,7.2,-2.29,-2.29,6.2,6.2,cube8_cluster1,5,2.0197676904604074,CU,76.99877318439641,-5.367173817726275,-11.507933500365382
2025-09-15,680730,680730,621566,WSH,ATL,4,0,2,1,FF,FF,L,L,S,Foul,92.0,92.0,0.56,-0.56,1.56,1.56,2115.0,2115.0,167.0,193.0,7,6.8,6.8,1.28,-1.28,6.41,6.41,cube60_cluster0,1088,1.7840859403207359,FF,92.17053866131751,10.618556738155133,11.426031596706425
2025-09-15,680694,680694,672820,CWS,BAL,3,1,1,1,SL,SL,R,R,S,Swinging Strike,86.5,86.5,1.07,1.07,-0.04,-0.04,2532.0,2532.0,59.0,59.0,3,6.5,6.5,-1.13,-1.13,6.34,6.34,cube23_cluster0,18,1.3029445412540606,SL,84.2588963468347,-3.122612334195792,-0.3482418990887928
2025-09-15,592791,592791,687462,PIT,CHC,3,2,0,0,FF,FF,R,R,S,Foul,92.4,92.4,-0.53,-0.53,1.48,1.48,2365.0,2365.0,207.0,207.0,8,6.8,6.8,-1.28,-1.28,6.06,6.06,cube60_cluster0,1088,1.4908360326306969,FF,92.17053866131751,10.618556738155133,11.426031596706425
2025-09-15,677952,677952,663538,PIT,CHC,3,1,1,1,CU,CU,R,R,S,Called Strike,84.4,84.4,0.43,0.43,-1.03,-1.03,2453.0,2453.0,29.0,29.0,2,6.0,6.0,-0.81,-0.81,6.51,6.51,cube1_cluster0,11,1.1492245660706615,CU,80.41940225841523,-7.8151704354474925,-14.345667881001397
2025-09-15,683004,683004,805904,HOU,TEX,3,0,1,2,FF,FF,R,R,X,"Zach Cole grounds out, shortstop Josh Smith to first baseman Jake Burger.",98.0,98.0,-0.96,-0.96,1.42,1.42,2407.0,2407.0,219.0,219.0,8,6.7,6.7,-1.14,-1.14,5.59,5.59,cube61_cluster0,650,1.6498182108201886,FF,93.56609940362357,10.767633610073183,11.615865923476361
2025-09-15,669461,669461,669720,STL,CIN,3,2,0,1,SL,SL,L,L,B,Ball In Dirt,87.6,87.6,-0.27,0.27,0.33,0.33,2674.0,2674.0,173.0,187.0,7,6.3,6.3,0.71,-0.71,6.47,6.47,cube41_cluster0,33,1.3579898294536734,FC,87.52410341975036,-2.728102441946197,5.90336268676447
2025-09-15,678024,678024,669236,CWS,BAL,9,0,0,1,ST,ST,R,R,X,"Jeremiah Jackson grounds into a double play, third baseman Curtis Mead to second baseman Chase Meidroth to first baseman Lenyn Sosa. Jackson Holliday out at 2nd. Jeremiah Jackson out at 1st.",81.0,81.0,1.54,1.54,-0.26,-0.26,2372.0,2372.0,51.0,51.0,3,6.5,6.5,-1.74,-1.74,5.8,5.8,cube16_cluster0,307,1.1277535240975187,ST,82.89780592219195,-9.539303936916792,-1.0521378651219842
2025-09-15,680573,680573,663757,MIN,NYY,3,1,3,1,FF,FF,R,R,B,Trent Grisham walks.,93.6,93.6,-0.57,-0.57,1.47,1.47,2277.0,2277.0,199.0,199.0,8,6.9,6.9,-1.3,-1.3,6.29,6.29,cube60_cluster0,1088,1.693198642990771,FF,92.17053866131751,10.618556738155133,11.426031596706425
2025-09-15,607074,607074,621439,MIN,NYY,3,0,2,1,FF,FF,L,L,S,Foul,95.5,95.5,1.22,-1.22,1.24,1.24,2399.0,2399.0,140.0,220.0,8,6.3,6.3,2.14,-2.14,6.38,6.38,cube66_cluster1,5,1.3404576484144533,FF,93.24252622389831,13.00015635891318,12.382567932373675
2025-09-15,668678,668678,808982,AZ,SF,3,2,3,0,FF,FF,R,R,B,Jung Hoo Lee walks.,94.1,94.1,-0.25,-0.25,1.28,1.28,2128.0,2128.0,203.0,203.0,8,6.5,6.5,-3.01,-3.01,5.96,5.96,cube62_cluster1,11,1.6780082999433195,FF,95.54242544913883,5.728019039608564,15.221051570629365
2025-09-15,680573,680573,663757,MIN,NYY,3,1,2,1,FS,FS,R,R,B,Ball,87.2,87.2,-1.06,-1.06,1.0,1.0,1279.0,1279.0,216.0,216.0,8,7.1,7.1,-1.23,-1.23,6.28,6.28,cube59_cluster1,5,1.6644435488660285,SL,84.79163597246126,7.451913253012047,2.269996213425129
2025-09-15,607074,607074,621439,MIN,NYY,3,0,1,1,CH,CH,L,L,B,Ball In Dirt,86.8,86.8,1.11,-1.11,0.28,0.28,1799.0,1799.0,130.0,230.0,9,6.3,6.3,2.26,-2.26,6.12,6.12,cube66_cluster0,197,1.2057779646406228,CH,86.84077917182076,12.525512574763452,6.567520411131463
2025-09-15,624133,624133,606192,LAD,PHI,3,2,2,2,CH,CH,L,L,S,Foul,79.5,79.5,0.91,-0.91,0.1,0.1,1066.0,1066.0,118.0,242.0,9,6.3,6.3,2.24,-2.24,5.52,5.52,cube59_cluster1,5,1.9758131853347507,SL,84.79163597246126,7.451913253012047,2.269996213425129
2025-09-15,683004,683004,805904,HOU,TEX,3,0,0,2,CH,CH,R,R,B,Ball,93.6,93.6,-1.21,-1.21,0.69,0.69,1546.0,1546.0,229.0,229.0,9,6.4,6.4,-1.08,-1.08,5.78,5.78,cube66_cluster0,197,1.1759628338488641,CH,86.84077917182076,12.525512574763452,6.567520411131463
2025-09-15,641793,641793,671056,STL,CIN,4,0,0,0,ST,ST,R,R,B,Ball,77.3,77.3,0.64,0.64,-0.79,-0.79,2058.0,2058.0,29.0,29.0,2,6.1,6.1,-0.85,-0.85,6.25,6.25,cube8_cluster0,47,1.1269477036881335,CU,78.44568855893485,-8.550382045687398,-9.675482721274784
2025-09-15,669461,669461,669720,STL,CIN,3,2,0,0,FC,FC,L,L,S,Foul,90.9,90.9,-0.15,0.15,1.11,1.11,2482.0,2482.0,154.0,206.0,8,6.3,6.3,0.57,-0.57,6.56,6.56,cube50_cluster0,37,1.3758771267882601,SL,89.4318003898919,-0.37548710296403526,10.18704890209373
2025-09-15,680732,680732,683002,CWS,BAL,3,2,1,0,FF,FF,R,R,S,Swinging Strike,95.0,95.0,-0.55,-0.55,1.51,1.51,2636.0,2636.0,201.0,201.0,8,7.3,7.3,-2.27,-2.27,6.23,6.23,cube62_cluster1,11,1.7349939818205473,FF,95.54242544913883,5.728019039608564,15.221051570629365
2025-09-15,668678,668678,808982,AZ,SF,3,2,2,0,FF,FF,R,R,B,Ball,94.7,94.7,-0.3,-0.3,1.53,1.53,2184.0,2184.0,212.0,212.0,8,6.5,6.5,-3.01,-3.01,5.97,5.97,cube62_cluster1,11,1.6819348586347358,FF,95.54242544913883,5.728019039608564,15.221051570629365
2025-09-15,680730,680730,621566,WSH,ATL,4,0,2,0,FF,FF,L,L,S,Foul,90.9,90.9,0.65,-0.65,1.49,1.49,1937.0,1937.0,166.0,194.0,7,7.0,7.0,1.07,-1.07,6.45,6.45,cube59_cluster0,234,2.050163927509734,FF,89.27696125383754,10.588468754256617,10.304337269887236
2025-09-15,680694,680694,672820,CWS,BAL,3,1,1,0,SI,SI,R,R,S,Foul,94.3,94.3,-0.78,-0.78,1.19,1.19,2270.0,2270.0,192.0,192.0,7,6.4,6.4,-0.99,-0.99,6.42,6.42,cube50_cluster0,37,1.4359574605222973,SL,89.4318003898919,-0.37548710296403526,10.18704890209373
2025-09-15,675911,675911,695578,WSH,ATL,3,2,0,0,SL,SL,R,R,S,Called Strike,83.8,83.8,0.32,0.32,0.27,0.27,2346.0,2346.0,153.0,153.0,6,6.9,6.9,-1.93,-1.93,5.84,5.84,cube33_cluster0,94,0.8785007760559783,SL,87.30386197983206,-4.155245122339746,2.874909281221629
2025-09-15,686218,686218,592663,LAD,PHI,3,2,2,1,SL,SL,R,R,X,"J.T. Realmuto grounds into a force out, third baseman Max Muncy to second baseman Miguel Rojas. Harrison Bader out at 2nd.",87.1,87.1,0.09,0.09,0.42,0.42,2294.0,2294.0,195.0,195.0,8,6.6,6.6,-1.19,-1.19,5.38,5.38,cube42_cluster0,221,1.4621417187187216,FC,88.14517513894621,-2.9372479967817404,6.184306080936519
2025-09-15,677952,677952,663538,PIT,CHC,3,1,0,1,CU,CU,R,R,B,Ball,85.1,85.1,-0.04,-0.04,-1.0,-1.0,2635.0,2635.0,23.0,23.0,2,6.3,6.3,-0.62,-0.62,6.51,6.51,cube1_cluster0,11,1.3598294678501293,CU,80.41940225841523,-7.8151704354474925,-14.345667881001397
2025-09-15,671212,671212,665489,TB,TOR,4,0,0,1,FS,FS,R,R,B,Ball,93.0,93.0,-1.25,-1.25,0.07,0.07,1975.0,1975.0,239.0,239.0,9,6.7,6.7,-1.0,-1.0,5.77,5.77,cube67_cluster0,835,1.7279908293923538,CH,90.86602419473125,13.606542467363951,8.526706287157376
2025-09-15,678024,678024,669236,CWS,BAL,9,0,0,0,ST,ST,R,R,S,Swinging Strike,80.5,80.5,1.76,1.76,-0.12,-0.12,2466.0,2466.0,51.0,51.0,3,6.2,6.2,-1.64,-1.64,5.9,5.9,cube16_cluster0,307,1.2980058247005113,ST,82.89780592219195,-9.539303936916792,-1.0521378651219842
2025-09-15,702056,702056,650490,TB,TOR,3,1,3,1,FF,FF,R,R,B,Yandy Díaz walks.,94.0,94.0,-0.2,-0.2,1.78,1.78,2347.0,2347.0,193.0,193.0,7,6.0,6.0,-0.39,-0.39,7.09,7.09,cube50_cluster0,37,2.5118873342917474,SL,89.4318003898919,-0.37548710296403526,10.18704890209373
2025-09-15,678906,678906,672695,AZ,SF,3,1,0,1,FF,FF,R,R,B,Ball,94.0,94.0,-0.46,-0.46,1.09,1.09,2575.0,2575.0,221.0,221.0,8,6.3,6.3,-2.32,-2.32,5.48,5.48,cube52_cluster0,159,1.0934929640683575,FC,90.76795186341266,-0.1350320156357884,9.625773571373404
2025-09-15,592791,592791,669707,PIT,CHC,3,2,3,2,FC,FC,R,R,B,Jared Triolo walks.,85.6,85.6,0.56,0.56,0.33,0.33,2699.0,2699.0,143.0,143.0,6,7.0,7.0,-1.05,-1.05,6.12,6.12,cube32_cluster0,191,1.625589502642699,SL,86.80283260847423,-3.994445228339661,3.088972714840957
2025-09-15,669920,669920,669701,HOU,TEX,4,0,0,0,ST,ST,R,R,S,Called Strike,78.5,78.5,1.15,1.15,-0.19,-0.19,2553.0,2553.0,63.0,63.0,3,6.0,6.0,-2.02,-2.02,5.5,5.5,cube16_cluster0,307,1.024645597842682,ST,82.89780592219195,-9.539303936916792,-1.0521378651219842
2025-09-15,702056,702056,650490,TB,TOR,3,1,2,1,FF,FF,R,R,B,Ball,94.1,94.1,-0.3,-0.3,1.57,1.57,2212.0,2212.0,195.0,195.0,8,6.4,6.4,-0.54,-0.54,6.96,6.96,cube50_cluster0,37,2.1792486774972812,SL,89.4318003898919,-0.37548710296403526,10.18704890209373
2025-09-15,686218,686218,592663,LAD,PHI,3,2,1,1,FF,FF,R,R,B,Ball,93.0,93.0,-0.69,-0.69,1.53,1.53,2393.0,2393.0,204.0,204.0,8,6.5,6.5,-1.07,-1.07,5.52,5.52,cube60_cluster0,1088,1.6179409675403458,FF,92.17053866131751,10.618556738155133,11.426031596706425
2025-09-15,624133,624133,606192,LAD,PHI,3,2,1,2,CH,CH,L,L,B,Ball,79.6,79.6,0.8,-0.8,0.32,0.32,1024.0,1024.0,112.0,248.0,9,6.1,6.1,2.21,-2.21,5.55,5.55,cube66_cluster0,197,2.0437352876241053,CH,86.84077917182076,12.525512574763452,6.567520411131463
2025-09-15,677952,677952,663538,PIT,CHC,3,1,0,0,FF,FF,R,R,S,Called Strike,96.9,96.9,-0.41,-0.41,1.47,1.47,2476.0,2476.0,210.0,210.0,8,6.4,6.4,-0.55,-0.55,6.45,6.45,cube50_cluster0,37,1.8931379674314601,SL,89.4318003898919,-0.37548710296403526,10.18704890209373
2025-09-15,680732,680732,683002,CWS,BAL,3,2,0,0,CH,CH,R,R,B,Ball,87.8,87.8,-1.16,-1.16,0.77,0.77,1832.0,1832.0,226.0,226.0,9,7.3,7.3,-2.16,-2.16,6.07,6.07,cube67_cluster0,835,1.8504685821100162,CH,90.86602419473125,13.606542467363951,8.526706287157376
2025-09-15,668678,668678,808982,AZ,SF,3,2,1,0,FF,FF,R,R,B,Ball,94.0,94.0,-0.33,-0.33,1.41,1.41,2238.0,2238.0,205.0,205.0,8,6.4,6.4,-3.11,-3.11,5.96,5.96,cube62_cluster1,11,1.8117908031344072,FF,95.54242544913883,5.728019039608564,15.221051570629365
2025-09-15,607074,607074,621439,MIN,NYY,3,0,0,1,SL,SL,L,L,B,Ball,88.6,88.6,-0.29,0.29,0.36,0.36,2587.0,2587.0,162.0,198.0,8,6.1,6.1,2.46,-2.46,6.11,6.11,cube42_cluster0,221,1.2866991869698787,FC,88.14517513894621,-2.9372479967817404,6.184306080936519
2025-09-15,678024,678024,702616,CWS,BAL,9,0,1,2,CH,CH,R,R,X,Jackson Holliday singles on a line drive to right fielder Mike Tauchman.,86.8,86.8,-0.77,-0.77,0.07,0.07,1400.0,1400.0,248.0,248.0,9,6.5,6.5,-1.52,-1.52,5.91,5.91,cube59_cluster1,5,0.8646995368100312,SL,84.79163597246126,7.451913253012047,2.269996213425129
2025-09-15,680730,680730,621566,WSH,ATL,4,0,1,0,CU,CU,L,L,B,Ball,79.0,79.0,-0.01,0.01,-0.47,-0.47,2162.0,2162.0,335.0,25.0,2,6.7,6.7,1.75,-1.75,6.34,6.34,cube8_cluster1,5,1.1217677746384693,CU,76.99877318439641,-5.367173817726275,-11.507933500365382
2025-09-15,675911,675911,682928,WSH,ATL,3,2,3,2,CU,CU,R,R,B,CJ Abrams walks.,77.7,77.7,1.0,1.0,-0.41,-0.41,2687.0,2687.0,64.0,64.0,3,6.9,6.9,-1.96,-1.96,5.83,5.83,cube10_cluster0,173,1.0857830797595744,ST,82.08401130843858,-12.249969959417843,-5.792755621368389
2025-09-15,669920,669920,664238,HOU,TEX,3,2,1,2,CH,CH,R,R,X,Dylan Moore pops out to shortstop Jeremy Peña.,81.2,81.2,-1.59,-1.59,0.5,0.5,2027.0,2027.0,258.0,258.0,10,6.3,6.3,-1.33,-1.33,5.74,5.74,cube66_cluster0,197,1.5697070988057256,CH,86.84077917182076,12.525512574763452,6.567520411131463
2025-09-15,592791,592791,669707,PIT,CHC,3,2,3,2,FF,FF,R,R,S,Foul,92.9,92.9,-0.5,-0.5,1.36,1.36,2279.0,2279.0,209.0,209.0,8,6.8,6.8,-0.94,-0.94,6.14,6.14,cube60_cluster0,1088,1.6873004734530581,FF,92.17053866131751,10.618556738155133,11.426031596706425
2025-09-15,683004,683004,805904,HOU,TEX,3,0,0,1,CH,CH,R,R,S,Swinging Strike,92.0,92.0,-1.31,-1.31,0.58,0.58,1401.0,1401.0,231.0,231.0,9,6.9,6.9,-1.17,-1.17,5.58,5.58,cube59_cluster1,5,1.5276521997792782,SL,84.79163597246126,7.451913253012047,2.269996213425129
2025-09-15,641793,641793,680977,STL,CIN,3,2,0,2,FS,FS,R,R,X,Brendan Donovan grounds out to first baseman Sal Stewart.,82.5,82.5,-0.91,-0.91,-0.23,-0.23,1016.0,1016.0,252.0,252.0,9,6.1,6.1,-0.7,-0.7,6.17,6.17,cube59_cluster1,5,1.7540468622989405,SL,84.79163597246126,7.451913253012047,2.269996213425129
2025-09-15,680694,680694,672820,CWS,BAL,3,1,0,0,SL,SL,R,R,B,Ball,85.2,85.2,1.04,1.04,0.18,0.18,2560.0,2560.0,55.0,55.0,3,6.5,6.5,-1.19,-1.19,6.28,6.28,cube23_cluster0,18,1.3033756050141594,SL,84.2588963468347,-3.122612334195792,-0.3482418990887928
2025-09-15,678906,678906,672695,AZ,SF,3,1,0,0,ST,ST,R,R,S,Called Strike,83.6,83.6,1.36,1.36,-0.06,-0.06,2715.0,2715.0,58.0,58.0,3,6.2,6.2,-2.36,-2.36,5.39,5.39,cube17_cluster0,230,0.7826435729188851,ST,83.28054719292679,-11.37879274055619,0.1522002590525712
2025-09-15,680573,680573,663757,MIN,NYY,3,1,2,0,FF,FF,R,R,S,Called Strike,93.7,93.7,-0.63,-0.63,1.45,1.45,2330.0,2330.0,202.0,202.0,8,6.8,6.8,-1.27,-1.27,6.41,6.41,cube60_cluster0,1088,1.7371997458878305,FF,92.17053866131751,10.618556738155133,11.426031596706425
2025-09-15,669461,669461,609280,STL,CIN,3,2,1,1,FC,FC,L,L,X,Miguel Andujar singles on a line drive to center fielder Victor Scott II. Matt McLain scores. Noelvi Marte scores. Miguel Andujar to 3rd. Fielding error by center fielder Victor Scott II.,91.6,91.6,-0.11,0.11,1.03,1.03,2544.0,2544.0,146.0,214.0,8,6.4,6.4,0.57,-0.57,6.52,6.52,cube50_cluster0,37,1.4607788719971946,SL,89.4318003898919,-0.37548710296403526,10.18704890209373
2025-09-15,671212,671212,665489,TB,TOR,4,0,0,0,SL,SL,R,R,S,Foul,91.9,91.9,0.39,0.39,0.28,0.28,2619.0,2619.0,145.0,145.0,6,6.4,6.4,-0.94,-0.94,5.86,5.86,cube32_cluster0,191,1.299980288857162,SL,86.80283260847423,-3.994445228339661,3.088972714840957
2025-09-15,702056,702056,650490,TB,TOR,3,1,1,1,FS,FS,R,R,B,Ball,83.9,83.9,-0.98,-0.98,0.49,0.49,1606.0,1606.0,211.0,211.0,8,6.2,6.2,-0.42,-0.42,7.25,7.25,cube59_cluster0,234,2.7869527665272527,FF,89.27696125383754,10.588468754256617,10.304337269887236
2025-09-15,675911,675911,682928,WSH,ATL,3,2,3,2,SL,SL,R,R,S,Foul,84.2,84.2,0.25,0.25,0.34,0.34,2257.0,2257.0,148.0,148.0,6,6.9,6.9,-1.92,-1.92,5.88,5.88,cube33_cluster0,94,0.9722138197863999,SL,87.30386197983206,-4.155245122339746,2.874909281221629
2025-09-15,686218,686218,592663,LAD,PHI,3,2,0,1,FF,FF,R,R,B,Ball,94.3,94.3,-0.59,-0.59,1.5,1.5,2425.0,2425.0,206.0,206.0,8,6.7,6.7,-1.02,-1.02,5.42,5.42,cube61_cluster0,650,1.8589947088368788,FF,93.56609940362357,10.767633610073183,11.615865923476361
2025-09-15,669920,669920,664238,HOU,TEX,3,2,0,2,FF,FF,R,R,B,Ball,92.2,92.2,-0.91,-0.91,0.83,0.83,2236.0,2236.0,233.0,233.0,9,6.4,6.4,-1.13,-1.13,5.87,5.87,cube60_cluster0,1088,0.9434526760183932,FF,92.17053866131751,10.618556738155133,11.426031596706425
2025-09-15,592791,592791,669707,PIT,CHC,3,2,3,1,FF,FF,R,R,S,Called Strike,92.7,92.7,-0.69,-0.69,1.42,1.42,2292.0,2292.0,204.0,204.0,8,6.9,6.9,-1.01,-1.01,6.1,6.1,cube60_cluster0,1088,1.6957512795962693,FF,92.17053866131751,10.618556738155133,11.426031596706425
2025-09-15,683004,683004,805904,HOU,TEX,3,0,0,0,CU,CU,R,R,S,Called Strike,81.6,81.6,0.72,0.72,-0.74,-0.74,2693.0,2693.0,40.0,40.0,2,6.5,6.5,-1.29,-1.29,5.93,5.93,cube2_cluster0,105,0.8772373567429718,CU,79.2443297084492,-9.955174138547218,-13.302302310391848
2025-09-15,669461,669461,609280,STL,CIN,3,2,0,1,CH,CH,L,L,B,Ball,86.9,86.9,1.26,-1.26,0.79,0.79,1816.0,1816.0,133.0,227.0,9,6.1,6.1,0.79,-0.79,6.4,6.4,cube59_cluster0,234,1.131941851786215,FF,89.27696125383754,10.588468754256617,10.304337269887236
2025-09-15,641793,641793,680977,STL,CIN,3,2,0,2,SI,SI,R,R,S,Foul,91.6,91.6,-1.15,-1.15,1.19,1.19,2017.0,2017.0,214.0,214.0,8,6.2,6.2,-0.75,-0.75,6.08,6.08,cube59_cluster0,234,1.107320356353429,FF,89.27696125383754,10.588468754256617,10.304337269887236
2025-09-15,680730,680730,621566,WSH,ATL,4,0,0,0,CU,CU,L,L,B,Ball,78.3,78.3,-0.51,0.51,-0.67,-0.67,2401.0,2401.0,346.0,14.0,1,6.9,6.9,1.4,-1.4,6.32,6.32,cube8_cluster1,5,1.18784031589939,CU,76.99877318439641,-5.367173817726275,-11.507933500365382
2025-09-15,671212,671212,664770,TB,TOR,3,2,2,2,SL,SL,R,R,X,"Nathan Lukes grounds out, second baseman Brandon Lowe to first baseman Yandy Díaz.",91.9,91.9,0.35,0.35,0.28,0.28,2664.0,2664.0,124.0,124.0,5,6.5,6.5,-1.11,-1.11,5.71,5.71,cube32_cluster0,191,1.254769477770579,SL,86.80283260847423,-3.994445228339661,3.088972714840957
2025-09-15,668678,668678,808982,AZ,SF,3,2,0,0,CH,CH,R,R,B,Ball,85.4,85.4,-0.93,-0.93,0.26,0.26,1476.0,1476.0,229.0,229.0,9,6.4,6.4,-3.27,-3.27,5.8,5.8,cube67_cluster0,835,2.3603708882670245,CH,90.86602419473125,13.606542467363951,8.526706287157376
2025-09-15,680694,680694,691019,CWS,BAL,3,0,0,2,CU,CU,R,R,S,Kyle Teel strikes out swinging.,84.8,84.8,0.4,0.4,-0.66,-0.66,2612.0,2612.0,28.0,28.0,2,6.3,6.3,-0.92,-0.92,6.5,6.5,cube15_cluster0,23,1.1309412431143904,CU,82.92103283413093,-3.9398978499082826,-3.816941770346403
2025-09-15,680732,680732,669236,CWS,BAL,3,2,0,2,FF,FF,R,R,X,Jeremiah Jackson singles on a ground ball to center fielder Dominic Fletcher. Samuel Basallo scores. Jackson Holliday to 3rd. Jeremiah Jackson to 2nd.,95.4,95.4,-0.54,-0.54,1.51,1.51,2597.0,2597.0,205.0,205.0,8,7.1,7.1,-2.04,-2.04,6.34,6.34,cube62_cluster1,11,2.0205810310716,FF,95.54242544913883,5.728019039608564,15.221051570629365
2025-09-15,678906,678906,664983,AZ,SF,3,0,3,2,ST,ST,R,R,X,"Jake McCarthy grounds out, first baseman Rafael Devers to pitcher Kai-Wei Teng.",84.6,84.6,1.17,1.17,0.43,0.43,2767.0,2767.0,63.0,63.0,3,6.2,6.2,-2.29,-2.29,5.39,5.39,cube17_cluster0,230,0.9608025295833327,ST,83.28054719292679,-11.37879274055619,0.1522002590525712
2025-09-15,624133,624133,606192,LAD,PHI,3,2,1,1,FC,FC,L,L,S,Foul,88.5,88.5,-0.35,0.35,0.37,0.37,2112.0,2112.0,159.0,201.0,8,6.1,6.1,2.26,-2.26,5.58,5.58,cube43_cluster0,136,1.241920600804603,FC,88.90138768099045,-2.867416747399959,6.084565347981601
2025-09-15,678024,678024,702616,CWS,BAL,9,0,0,2,SI,SI,R,R,B,Ball,94.4,94.4,-1.27,-1.27,0.33,0.33,2100.0,2100.0,224.0,224.0,8,6.6,6.6,-1.58,-1.58,5.86,5.86,cube67_cluster0,835,1.0352154813174563,CH,90.86602419473125,13.606542467363951,8.526706287157376
2025-09-15,680573,680573,663757,MIN,NYY,3,1,1,0,FF,FF,R,R,B,Ball,93.2,93.2,-0.56,-0.56,1.38,1.38,2296.0,2296.0,202.0,202.0,8,6.7,6.7,-1.39,-1.39,6.44,6.44,cube60_cluster0,1088,1.590537136060074,FF,92.17053866131751,10.618556738155133,11.426031596706425
2025-09-15,607074,607074,621439,MIN,NYY,3,0,0,0,FF,FF,L,L,S,Swinging Strike,95.9,95.9,1.07,-1.07,1.43,1.43,2494.0,2494.0,140.0,220.0,8,6.2,6.2,2.01,-2.01,6.41,6.41,cube66_cluster1,5,1.4161444465518045,FF,93.24252622389831,13.00015635891318,12.382567932373675
2025-09-15,677952,677952,683737,PIT,CHC,3,1,2,2,FF,FF,R,R,X,Michael Busch homers (28) on a line drive to center field.,98.1,98.1,-0.54,-0.54,1.36,1.36,2484.0,2484.0,210.0,210.0,8,6.4,6.4,-0.94,-0.94,6.14,6.14,cube50_cluster0,37,1.710292247560887,SL,89.4318003898919,-0.37548710296403526,10.18704890209373
2025-09-15,671212,671212,664770,TB,TOR,3,2,2,1,FF,FF,R,R,S,Foul,97.6,97.6,-0.2,-0.2,1.15,1.15,2609.0,2609.0,223.0,223.0,8,6.4,6.4,-1.02,-1.02,5.8,5.8,cube51_cluster0,242,1.659953310571377,FC,90.51269321530226,-0.30860007748352697,10.065859987082858
2025-09-15,668678,668678,687551,AZ,SF,3,1,3,1,CH,CH,R,R,X,Drew Gilbert pops out to shortstop Geraldo Perdomo.,85.1,85.1,-1.02,-1.02,0.08,0.08,1517.0,1517.0,222.0,222.0,8,6.5,6.5,-3.22,-3.22,5.78,5.78,cube67_cluster0,835,2.360827090577265,CH,90.86602419473125,13.606542467363951,8.526706287157376
2025-09-15,686218,686218,592663,LAD,PHI,3,2,0,0,SL,SL,R,R,S,Foul,85.7,85.7,0.38,0.38,0.28,0.28,2331.0,2331.0,157.0,157.0,6,6.5,6.5,-1.25,-1.25,5.26,5.26,cube32_cluster0,191,1.4889254764404856,SL,86.80283260847423,-3.994445228339661,3.088972714840957
2025-09-15,647336,647336,502054,PIT,CHC,8,2,0,2,SV,SV,R,R,S,Tommy Pham called out on strikes.,82.3,82.3,1.13,1.13,-1.05,-1.05,3036.0,3036.0,52.0,52.0,3,6.1,6.1,-2.54,-2.54,5.9,5.9,cube3_cluster0,7,0.8437275475207286,CU,81.18692210282288,-11.451773936938942,-10.945698317474191
2025-09-15,669920,669920,664238,HOU,TEX,3,2,0,1,SI,SI,R,R,S,Foul,90.3,90.3,-1.19,-1.19,-0.16,-0.16,1931.0,1931.0,251.0,251.0,9,6.4,6.4,-1.41,-1.41,5.39,5.39,cube67_cluster0,835,1.6568426353627403,CH,90.86602419473125,13.606542467363951,8.526706287157376
2025-09-15,669461,669461,609280,STL,CIN,3,2,0,0,CU,CU,L,L,S,Swinging Strike,78.4,78.4,-0.79,0.79,-1.48,-1.48,2926.0,2926.0,333.0,27.0,2,6.4,6.4,0.56,-0.56,6.56,6.56,cube1_cluster0,11,1.1669673400151281,CU,80.41940225841523,-7.8151704354474925,-14.345667881001397
2025-09-15,678024,678024,702616,CWS,BAL,9,0,0,1,ST,ST,R,R,S,Foul,80.2,80.2,1.48,1.48,-0.36,-0.36,2523.0,2523.0,49.0,49.0,3,6.4,6.4,-1.72,-1.72,5.95,5.95,cube9_cluster0,353,0.8444057819498624,CU,81.04977735376619,-10.683603137730767,-7.201930121038002
2025-09-15,641793,641793,680977,STL,CIN,3,2,0,1,FF,FF,R,R,S,Foul,90.6,90.6,-0.64,-0.64,1.4,1.4,1994.0,1994.0,213.0,213.0,8,6.1,6.1,-0.73,-0.73,6.26,6.26,cube59_cluster0,234,1.2624219096949911,FF,89.27696125383754,10.588468754256617,10.304337269887236
2025-09-15,676742,676742,807713,PIT,CHC,6,2,3,2,SL,SL,R,R,X,Matt Shaw singles on a soft line drive to right fielder Bryan Reynolds. Willi Castro to 3rd.,86.6,86.6,0.64,0.64,-0.11,-0.11,2589.0,2589.0,110.0,110.0,5,6.3,6.3,-3.16,-3.16,5.98,5.98,cube25_cluster0,134,1.6547309356577005,SL,84.71727501905048,-6.356816171388189,1.485555081783951
2025-09-15,702056,702056,650490,TB,TOR,3,1,1,0,FF,FF,R,R,S,Foul,94.0,94.0,-0.15,-0.15,1.67,1.67,2368.0,2368.0,197.0,197.0,8,6.2,6.2,-0.48,-0.48,7.04,7.04,cube50_cluster0,37,2.3033597251284945,SL,89.4318003898919,-0.37548710296403526,10.18704890209373
2025-09-15,680732,680732,669236,CWS,BAL,3,2,0,1,KC,KC,R,R,S,Swinging Strike (Blocked),83.3,83.3,0.26,0.26,-0.88,-0.88,2503.0,2503.0,16.0,16.0,2,7.2,7.2,-2.03,-2.03,6.28,6.28,cube8_cluster1,5,1.7167957539221324,CU,76.99877318439641,-5.367173817726275,-11.507933500365382
2025-09-15,675911,675911,682928,WSH,ATL,3,2,2,2,CH,CH,R,R,B,Ball,86.1,86.1,-1.4,-1.4,0.64,0.64,2005.0,2005.0,236.0,236.0,9,7.1,7.1,-1.99,-1.99,5.76,5.76,cube67_cluster0,835,1.4517679614042929,CH,90.86602419473125,13.606542467363951,8.526706287157376
2025-09-15,680694,680694,691019,CWS,BAL,3,0,0,1,FF,FF,R,R,S,Called Strike,93.6,93.6,0.0,0.0,1.42,1.42,2316.0,2316.0,192.0,192.0,7,6.2,6.2,-1.07,-1.07,6.49,6.49,cube50_cluster0,37,1.1153361283804786,SL,89.4318003898919,-0.37548710296403526,10.18704890209373
2025-09-15,683004,683004,665161,HOU,TEX,2,2,3,1,FF,FF,R,R,X,Jeremy Peña lines out to left fielder Alejandro Osuna.,96.7,96.7,-0.64,-0.64,1.51,1.51,2382.0,2382.0,213.0,213.0,8,7.0,7.0,-1.22,-1.22,5.55,5.55,cube61_cluster0,650,1.7602531043966505,FF,93.56609940362357,10.767633610073183,11.615865923476361
2025-09-15,680573,680573,663757,MIN,NYY,3,1,0,0,FS,FS,R,R,B,Ball,85.1,85.1,-0.71,-0.71,0.86,0.86,1126.0,1126.0,221.0,221.0,8,7.1,7.1,-1.49,-1.49,6.25,6.25,cube59_cluster1,5,1.4348225090192888,SL,84.79163597246126,7.451913253012047,2.269996213425129
2025-09-15,680730,680730,595777,WSH,ATL,3,2,2,0,FF,FF,L,L,X,Jurickson Profar flies out to right fielder Dylan Crews.,91.5,91.5,0.49,-0.49,1.59,1.59,2188.0,2188.0,168.0,192.0,7,6.7,6.7,1.21,-1.21,6.44,6.44,cube50_cluster0,37,1.736189898994686,SL,89.4318003898919,-0.37548710296403526,10.18704890209373
2025-09-15,678906,678906,664983,AZ,SF,3,0,2,2,CU,CU,R,R,B,Ball,81.7,81.7,1.46,1.46,-0.66,-0.66,2574.0,2574.0,40.0,40.0,2,6.2,6.2,-2.16,-2.16,5.71,5.71,cube10_cluster0,173,0.8363761088620022,ST,82.08401130843858,-12.249969959417843,-5.792755621368389
2025-09-15,607074,607074,666397,MIN,NYY,3,0,3,2,FF,FF,L,L,X,"Twins challenged (play at 1st), call on the field was overturned: Edouard Julien singles on a sharp ground ball to shortstop José Caballero. Jhonny Pereda to 3rd.",95.1,95.1,1.07,-1.07,1.14,1.14,2346.0,2346.0,145.0,215.0,8,6.1,6.1,2.0,-2.0,6.43,6.43,cube66_cluster1,5,1.05412102427118,FF,93.24252622389831,13.00015635891318,12.382567932373675
2025-09-15,624133,624133,606192,LAD,PHI,3,2,1,0,CU,CU,L,L,S,Foul,76.7,76.7,-0.98,0.98,-0.66,-0.66,2123.0,2123.0,306.0,54.0,3,6.3,6.3,2.12,-2.12,5.58,5.58,cube9_cluster0,353,1.4370959633606675,CU,81.04977735376619,-10.683603137730767,-7.201930121038002
2025-09-15,677952,677952,683737,PIT,CHC,3,1,1,2,SL,SL,R,R,B,Ball,91.3,91.3,0.37,0.37,0.36,0.36,2720.0,2720.0,192.0,192.0,7,6.5,6.5,-0.77,-0.77,6.49,6.49,cube41_cluster0,33,1.5948623100685457,FC,87.52410341975036,-2.728102441946197,5.90336268676447
2025-09-15,592791,592791,669707,PIT,CHC,3,2,2,1,SI,SI,R,R,B,Ball,92.4,92.4,-1.12,-1.12,1.04,1.04,2261.0,2261.0,206.0,206.0,8,6.8,6.8,-0.96,-0.96,6.11,6.11,cube60_cluster0,1088,1.4991021693787987,FF,92.17053866131751,10.618556738155133,11.426031596706425
2025-09-15,702056,702056,650490,TB,TOR,3,1,0,0,SL,SL,R,R,B,Ball,88.3,88.3,0.16,0.16,0.49,0.49,2237.0,2237.0,209.0,209.0,8,6.1,6.1,-0.62,-0.62,7.19,7.19,cube50_cluster0,37,2.086696017103696,SL,89.4318003898919,-0.37548710296403526,10.18704890209373
2025-09-15,675911,675911,682928,WSH,ATL,3,2,1,2,SL,SL,R,R,B,Ball,83.3,83.3,0.48,0.48,0.19,0.19,2296.0,2296.0,113.0,113.0,5,7.0,7.0,-1.85,-1.85,5.84,5.84,cube33_cluster0,94,1.1170778692443062,SL,87.30386197983206,-4.155245122339746,2.874909281221629
2025-09-15,669920,669920,664238,HOU,TEX,3,2,0,0,SI,SI,R,R,S,Called Strike,91.4,91.4,-1.25,-1.25,-0.16,-0.16,1964.0,1964.0,246.0,246.0,9,6.4,6.4,-1.5,-1.5,5.52,5.52,cube67_cluster0,835,1.5024668668834746,CH,90.86602419473125,13.606542467363951,8.526706287157376
2025-09-15,683004,683004,665161,HOU,TEX,2,2,2,1,SL,SL,R,R,B,Ball,87.4,87.4,0.22,0.22,-0.1,-0.1,2513.0,2513.0,123.0,123.0,5,6.7,6.7,-1.27,-1.27,5.72,5.72,cube32_cluster0,191,1.0741209685569988,SL,86.80283260847423,-3.994445228339661,3.088972714840957
2025-09-15,678024,678024,702616,CWS,BAL,9,0,0,0,CH,CH,R,R,S,Called Strike,85.6,85.6,-1.03,-1.03,-0.07,-0.07,1375.0,1375.0,247.0,247.0,9,6.5,6.5,-1.74,-1.74,5.85,5.85,cube59_cluster1,5,1.1485257623755611,SL,84.79163597246126,7.451913253012047,2.269996213425129
2025-09-15,680573,680573,669224,MIN,NYY,3,0,2,2,FS,FS,R,R,S,Austin Wells called out on strikes.,86.8,86.8,-0.53,-0.53,1.15,1.15,1243.0,1243.0,215.0,215.0,8,7.0,7.0,-1.34,-1.34,6.32,6.32,cube59_cluster1,5,1.7300884421402405,SL,84.79163597246126,7.451913253012047,2.269996213425129
2025-09-15,680732,680732,669236,CWS,BAL,3,2,0,0,KC,KC,R,R,S,Swinging Strike,81.7,81.7,0.19,0.19,-0.97,-0.97,2407.0,2407.0,21.0,21.0,2,7.1,7.1,-2.08,-2.08,6.24,6.24,cube8_cluster1,5,1.4998950716856323,CU,76.99877318439641,-5.367173817726275,-11.507933500365382
2025-09-15,641793,641793,680977,STL,CIN,3,2,0,0,SL,SL,R,R,S,Called Strike,87.2,87.2,-0.2,-0.2,0.58,0.58,2138.0,2138.0,200.0,200.0,8,6.1,6.1,-0.93,-0.93,6.24,6.24,cube50_cluster0,37,0.8228712311703316,SL,89.4318003898919,-0.37548710296403526,10.18704890209373
2025-09-15,668678,668678,687551,AZ,SF,3,1,2,1,KC,KC,R,R,B,Ball,81.2,81.2,0.0,0.0,-0.61,-0.61,2311.0,2311.0,38.0,38.0,2,6.3,6.3,-3.28,-3.28,5.96,5.96,cube17_cluster1,4,1.8383085832366965,CU,78.95917169292895,-10.024787945860975,-3.9433667010451945
2025-09-15,607074,607074,666397,MIN,NYY,3,0,2,2,SI,SI,L,L,B,Ball,92.4,92.4,1.32,-1.32,0.69,0.69,2243.0,2243.0,133.0,227.0,9,6.2,6.2,2.29,-2.29,6.28,6.28,cube59_cluster2,6,1.1220378694729622,FF,93.07150817165655,13.135553184666456,11.807015565535274
2025-09-15,680730,680730,595777,WSH,ATL,3,2,1,0,FF,FF,L,L,B,Ball,92.1,92.1,0.41,-0.41,1.6,1.6,2188.0,2188.0,169.0,191.0,7,6.9,6.9,0.94,-0.94,6.52,6.52,cube50_cluster0,37,2.070529994202783,SL,89.4318003898919,-0.37548710296403526,10.18704890209373
2025-09-15,647336,647336,502054,PIT,CHC,8,2,0,1,FF,FF,R,R,S,Foul,94.2,94.2,-0.82,-0.82,1.4,1.4,2692.0,2692.0,233.0,233.0,9,6.5,6.5,-2.61,-2.61,5.64,5.64,cube61_cluster0,650,1.3957517457853006,FF,93.56609940362357,10.767633610073183,11.615865923476361
2025-09-15,680694,680694,691019,CWS,BAL,3,0,0,0,SI,SI,R,R,S,Swinging Strike,92.9,92.9,-0.89,-0.89,1.2,1.2,2082.0,2082.0,178.0,178.0,7,6.1,6.1,-1.02,-1.02,6.55,6.55,cube59_cluster0,234,1.3092333254688737,FF,89.27696125383754,10.588468754256617,10.304337269887236
2025-09-15,592791,592791,669707,PIT,CHC,3,2,2,0,FF,FF,R,R,S,Foul,91.9,91.9,-0.5,-0.5,1.32,1.32,2242.0,2242.0,205.0,205.0,8,6.7,6.7,-0.97,-0.97,6.17,6.17,cube60_cluster0,1088,1.5701980189979488,FF,92.17053866131751,10.618556738155133,11.426031596706425
2025-09-15,678906,678906,664983,AZ,SF,3,0,1,2,CU,CU,R,R,B,Ball,84.1,84.1,1.23,1.23,-0.69,-0.69,2735.0,2735.0,40.0,40.0,2,6.4,6.4,-2.12,-2.12,5.59,5.59,cube10_cluster0,173,0.5287831899803564,ST,82.08401130843858,-12.249969959417843,-5.792755621368389
2025-09-15,686218,686218,547180,LAD,PHI,3,1,0,2,SL,SL,R,R,S,Bryce Harper strikes out swinging.,86.8,86.8,0.06,0.06,0.33,0.33,2234.0,2234.0,201.0,201.0,8,6.6,6.6,-1.04,-1.04,5.35,5.35,cube42_cluster0,221,1.6906770705464382,FC,88.14517513894621,-2.9372479967817404,6.184306080936519
2025-09-15,677952,677952,683737,PIT,CHC,3,1,1,1,FF,FF,R,R,S,Foul,97.1,97.1,-0.54,-0.54,1.45,1.45,2432.0,2432.0,219.0,219.0,8,6.4,6.4,-0.79,-0.79,6.2,6.2,cube50_cluster0,37,1.7491402683151873,SL,89.4318003898919,-0.37548710296403526,10.18704890209373
2025-09-15,624133,624133,606192,LAD,PHI,3,2,0,0,SI,SI,L,L,B,Ball,91.6,91.6,1.37,-1.37,0.01,0.01,1893.0,1893.0,134.0,226.0,9,6.0,6.0,2.33,-2.33,5.49,5.49,cube67_cluster0,835,1.4943045521504634,CH,90.86602419473125,13.606542467363951,8.526706287157376
2025-09-15,671212,671212,664770,TB,TOR,3,2,1,1,FF,FF,R,R,B,Ball,98.9,98.9,-0.67,-0.67,1.05,1.05,2620.0,2620.0,222.0,222.0,8,6.6,6.6,-1.11,-1.11,5.76,5.76,cube60_cluster0,1088,1.7264567892563085,FF,92.17053866131751,10.618556738155133,11.426031596706425
2025-09-15,669461,669461,682622,STL,CIN,3,2,3,1,CH,CH,L,L,B,Noelvi Marte walks.,87.9,87.9,1.22,-1.22,0.88,0.88,1827.0,1827.0,134.0,226.0,9,6.1,6.1,0.75,-0.75,6.47,6.47,cube59_cluster0,234,1.1886671325538736,FF,89.27696125383754,10.588468754256617,10.304337269887236
2025-09-15,676742,676742,807713,PIT,CHC,6,2,3,2,FF,FF,R,R,S,Foul,95.1,95.1,-0.17,-0.17,1.27,1.27,2522.0,2522.0,212.0,212.0,8,6.5,6.5,-3.3,-3.3,5.93,5.93,cube62_cluster1,11,1.790206097652369,FF,95.54242544913883,5.728019039608564,15.221051570629365
2025-09-15,677952,677952,683737,PIT,CHC,3,1,1,0,CU,CU,R,R,S,Called Strike,84.8,84.8,0.6,0.6,-1.11,-1.11,2774.0,2774.0,33.0,33.0,2,6.4,6.4,-0.89,-0.89,6.39,6.39,cube1_cluster0,11,0.9119578721288724,CU,80.41940225841523,-7.8151704354474925,-14.345667881001397
2025-09-15,647336,647336,502054,PIT,CHC,8,2,0,0,FF,FF,R,R,S,Foul,94.4,94.4,-0.63,-0.63,1.34,1.34,2593.0,2593.0,229.0,229.0,9,6.4,6.4,-2.59,-2.59,5.66,5.66,cube61_cluster0,650,1.2490721839096335,FF,93.56609940362357,10.767633610073183,11.615865923476361
2025-09-15,641793,641793,687363,STL,CIN,3,1,0,1,FS,FS,R,R,X,Victor Scott II grounds out to first baseman Sal Stewart.,82.3,82.3,-0.99,-0.99,-0.2,-0.2,1154.0,1154.0,248.0,248.0,9,5.9,5.9,-0.67,-0.67,6.2,6.2,cube59_cluster1,5,2.0040192608730916,SL,84.79163597246126,7.451913253012047,2.269996213425129
2025-09-15,693312,693312,650489,PIT,CHC,8,1,3,2,FF,FF,R,R,X,Willi Castro lines out to center fielder Jack Suwinski.,97.3,97.3,-0.64,-0.64,1.53,1.53,2402.0,2402.0,209.0,209.0,8,7.2,7.2,-1.01,-1.01,5.94,5.94,cube60_cluster0,1088,2.2145406848616602,FF,92.17053866131751,10.618556738155133,11.426031596706425
2025-09-15,669461,669461,682622,STL,CIN,3,2,2,1,FF,FF,L,L,B,Ball,95.5,95.5,0.56,-0.56,1.36,1.36,2070.0,2070.0,148.0,212.0,8,6.3,6.3,0.49,-0.49,6.55,6.55,cube50_cluster0,37,1.867965323517553,SL,89.4318003898919,-0.37548710296403526,10.18704890209373
2025-09-15,683004,683004,665161,HOU,TEX,2,2,1,1,SL,SL,R,R,B,Ball,89.0,89.0,0.43,0.43,0.35,0.35,2501.0,2501.0,150.0,150.0,6,6.6,6.6,-1.12,-1.12,5.76,5.76,cube32_cluster0,191,1.0035698880878632,SL,86.80283260847423,-3.994445228339661,3.088972714840957
2025-09-15,686218,686218,547180,LAD,PHI,3,1,0,1,FF,FF,R,R,S,Foul,93.4,93.4,-0.6,-0.6,1.46,1.46,2392.0,2392.0,210.0,210.0,8,6.6,6.6,-1.04,-1.04,5.45,5.45,cube60_cluster0,1088,1.7060213839864677,FF,92.17053866131751,10.618556738155133,11.426031596706425
2025-09-15,592791,592791,669707,PIT,CHC,3,2,1,0,FC,FC,R,R,B,Ball,84.2,84.2,0.69,0.69,0.19,0.19,2644.0,2644.0,126.0,126.0,5,6.8,6.8,-1.04,-1.04,6.17,6.17,cube32_cluster0,191,1.4586852065505087,SL,86.80283260847423,-3.994445228339661,3.088972714840957
2025-09-15,702056,702056,802415,TB,TOR,3,0,1,2,FS,FS,R,R,X,"Chandler Simpson grounds out, shortstop Andrés Giménez to first baseman Vladimir Guerrero Jr.",83.7,83.7,-0.85,-0.85,0.53,0.53,1722.0,1722.0,210.0,210.0,8,6.2,6.2,-0.6,-0.6,7.14,7.14,cube59_cluster0,234,2.4261414743457532,FF,89.27696125383754,10.588468754256617,10.304337269887236
2025-09-15,680730,680730,595777,WSH,ATL,3,2,0,0,CU,CU,L,L,B,Ball,78.2,78.2,0.09,-0.09,-0.7,-0.7,2183.0,2183.0,334.0,26.0,2,6.8,6.8,1.32,-1.32,6.43,6.43,cube8_cluster1,5,1.2138368696687636,CU,76.99877318439641,-5.367173817726275,-11.507933500365382
2025-09-15,678024,678024,681297,CWS,BAL,8,2,3,2,SI,SI,R,R,S,Colton Cowser called out on strikes.,94.4,94.4,-1.05,-1.05,0.27,0.27,2017.0,2017.0,219.0,219.0,8,6.4,6.4,-1.7,-1.7,5.84,5.84,cube67_cluster0,835,0.8826397974068054,CH,90.86602419473125,13.606542467363951,8.526706287157376
2025-09-15,668678,668678,687551,AZ,SF,3,1,1,1,KC,KC,R,R,B,Ball,81.8,81.8,0.45,0.45,-0.92,-0.92,2438.0,2438.0,35.0,35.0,2,6.5,6.5,-3.16,-3.16,5.83,5.83,cube17_cluster1,4,1.5915054653023055,CU,78.95917169292895,-10.024787945860975,-3.9433667010451945
2025-09-15,680694,680694,643565,CWS,BAL,3,0,3,0,FF,FF,R,R,B,Mike Tauchman walks.,91.5,91.5,0.01,0.01,1.17,1.17,2295.0,2295.0,199.0,199.0,8,6.2,6.2,-1.27,-1.27,6.43,6.43,cube50_cluster0,37,0.6337552355151994,SL,89.4318003898919,-0.37548710296403526,10.18704890209373
2025-09-15,671212,671212,664770,TB,TOR,3,2,1,0,SL,SL,R,R,S,Foul,91.3,91.3,0.22,0.22,0.17,0.17,2711.0,2711.0,137.0,137.0,6,6.4,6.4,-0.95,-0.95,5.81,5.81,cube32_cluster0,191,1.3766535743513766,SL,86.80283260847423,-3.994445228339661,3.088972714840957
2025-09-15,680573,680573,669224,MIN,NYY,3,0,1,2,SL,SL,R,R,B,Ball,86.3,86.3,0.47,0.47,0.67,0.67,2310.0,2310.0,185.0,185.0,7,6.7,6.7,-1.29,-1.29,6.36,6.36,cube41_cluster0,33,1.170378924338316,FC,87.52410341975036,-2.728102441946197,5.90336268676447
2025-09-15,624133,624133,605141,LAD,PHI,3,1,1,0,SI,SI,L,L,X,Mookie Betts out on a sacrifice fly to center fielder Harrison Bader. Andy Pages scores.,90.9,90.9,0.93,-0.93,0.46,0.46,2002.0,2002.0,142.0,218.0,8,6.3,6.3,2.23,-2.23,5.51,5.51,cube67_cluster0,835,0.8151830376141639,CH,90.86602419473125,13.606542467363951,8.526706287157376
2025-09-15,669920,669920,641680,HOU,TEX,3,0,0,0,SI,SI,R,R,X,"Jonah Heim grounds into a double play, second baseman Jose Altuve to shortstop Jeremy Peña to first baseman Christian Walker. Josh Jung out at 2nd. Jonah Heim out at 1st.",90.0,90.0,-1.53,-1.53,0.0,0.0,2060.0,2060.0,245.0,245.0,9,6.4,6.4,-1.75,-1.75,5.52,5.52,cube67_cluster0,835,1.2984390604436413,CH,90.86602419473125,13.606542467363951,8.526706287157376
2025-09-15,680732,680732,702616,CWS,BAL,3,2,3,0,FF,FF,R,R,B,Jackson Holliday walks. Samuel Basallo to 2nd.,93.6,93.6,-0.13,-0.13,1.52,1.52,2513.0,2513.0,195.0,195.0,8,7.3,7.3,-2.06,-2.06,6.31,6.31,cube62_cluster1,11,1.9595031565657544,FF,95.54242544913883,5.728019039608564,15.221051570629365
2025-09-15,678906,678906,664983,AZ,SF,3,0,1,1,ST,ST,R,R,S,Swinging Strike,84.2,84.2,1.33,1.33,0.14,0.14,2781.0,2781.0,68.0,68.0,3,6.3,6.3,-2.34,-2.34,5.46,5.46,cube17_cluster0,230,0.739839499372575,ST,83.28054719292679,-11.37879274055619,0.1522002590525712
2025-09-15,676742,676742,807713,PIT,CHC,6,2,2,2,CH,CH,R,R,B,Ball,89.1,89.1,-1.0,-1.0,0.05,0.05,1444.0,1444.0,233.0,233.0,9,6.4,6.4,-3.02,-3.02,6.03,6.03,cube66_cluster0,197,2.1907940240236323,CH,86.84077917182076,12.525512574763452,6.567520411131463
2025-09-15,607074,607074,666397,MIN,NYY,3,0,1,2,FF,FF,L,L,B,Ball,92.2,92.2,1.09,-1.09,1.34,1.34,2210.0,2210.0,143.0,217.0,8,6.2,6.2,1.91,-1.91,6.49,6.49,cube66_cluster1,5,1.3378698965471532,FF,93.24252622389831,13.00015635891318,12.382567932373675
2025-09-15,675911,675911,682928,WSH,ATL,3,2,0,2,FF,FF,R,R,B,Ball,97.2,97.2,-0.96,-0.96,1.32,1.32,2402.0,2402.0,214.0,214.0,8,6.9,6.9,-1.68,-1.68,5.87,5.87,cube61_cluster0,650,1.2237959474707192,FF,93.56609940362357,10.767633610073183,11.615865923476361
2025-09-15,702056,702056,802415,TB,TOR,3,0,1,1,FS,FS,R,R,S,Swinging Strike,83.8,83.8,-0.93,-0.93,0.82,0.82,1642.0,1642.0,212.0,212.0,8,6.0,6.0,-0.52,-0.52,7.2,7.2,cube59_cluster0,234,2.5730010754481025,FF,89.27696125383754,10.588468754256617,10.304337269887236
2025-09-15,686218,686218,547180,LAD,PHI,3,1,0,0,SL,SL,R,R,S,Foul,86.3,86.3,0.03,0.03,0.19,0.19,2252.0,2252.0,199.0,199.0,8,6.4,6.4,-1.22,-1.22,5.38,5.38,cube42_cluster0,221,1.4964018740497427,FC,88.14517513894621,-2.9372479967817404,6.184306080936519
2025-09-15,607074,607074,666397,MIN,NYY,3,0,1,1,SI,SI,L,L,S,Foul,91.6,91.6,1.49,-1.49,0.45,0.45,2151.0,2151.0,134.0,226.0,9,6.0,6.0,2.29,-2.29,6.3,6.3,cube59_cluster2,6,1.1361645611812392,FF,93.07150817165655,13.135553184666456,11.807015565535274
2025-09-15,669461,669461,682622,STL,CIN,3,2,2,0,SL,SL,L,L,S,Foul,86.4,86.4,-0.17,0.17,0.14,0.14,2687.0,2687.0,286.0,74.0,3,6.2,6.2,0.74,-0.74,6.43,6.43,cube15_cluster1,4,1.1432501737279954,SL,83.959314171123,-4.504801604278075,-1.7933590909090908
2025-09-15,683004,683004,665161,HOU,TEX,2,2,1,0,SL,SL,R,R,S,Foul,89.1,89.1,0.27,0.27,0.47,0.47,2374.0,2374.0,159.0,159.0,6,6.7,6.7,-1.21,-1.21,5.71,5.71,cube32_cluster0,191,1.0765195036769337,SL,86.80283260847423,-3.994445228339661,3.088972714840957
2025-09-15,680732,680732,702616,CWS,BAL,3,2,2,0,KC,KC,R,R,B,Ball,79.5,79.5,0.19,0.19,-1.29,-1.29,2491.0,2491.0,30.0,30.0,2,7.0,7.0,-2.29,-2.29,6.18,6.18,cube8_cluster1,5,1.5874528189891886,CU,76.99877318439641,-5.367173817726275,-11.507933500365382
2025-09-15,668678,668678,687551,AZ,SF,3,1,0,1,CH,CH,R,R,B,Ball,86.3,86.3,-0.95,-0.95,0.33,0.33,1535.0,1535.0,225.0,225.0,9,6.5,6.5,-3.17,-3.17,5.84,5.84,cube67_cluster0,835,2.1419907586882325,CH,90.86602419473125,13.606542467363951,8.526706287157376
2025-09-15,680694,680694,643565,CWS,BAL,3,0,2,0,SL,SL,R,R,B,Ball,84.4,84.4,1.11,1.11,-0.37,-0.37,2540.0,2540.0,47.0,47.0,3,6.2,6.2,-1.32,-1.32,6.36,6.36,cube15_cluster0,23,1.0204656895842983,CU,82.92103283413093,-3.9398978499082826,-3.816941770346403
2025-09-15,675911,675911,682928,WSH,ATL,3,2,0,1,CU,CU,R,R,S,Foul,78.5,78.5,0.94,0.94,-0.74,-0.74,2697.0,2697.0,60.0,60.0,3,6.9,6.9,-1.98,-1.98,5.9,5.9,cube10_cluster0,173,1.1533139075192582,ST,82.08401130843858,-12.249969959417843,-5.792755621368389
2025-09-15,680573,680573,669224,MIN,NYY,3,0,1,1,FS,FS,R,R,S,Swinging Strike,84.5,84.5,-0.17,-0.17,0.79,0.79,921.0,921.0,223.0,223.0,8,6.9,6.9,-1.35,-1.35,6.45,6.45,cube59_cluster1,5,1.6806585629691413,SL,84.79163597246126,7.451913253012047,2.269996213425129
2025-09-15,680730,680730,805373,WSH,ATL,3,1,1,0,FF,FF,L,L,X,"Nacho Alvarez Jr. grounds out, shortstop CJ Abrams to first baseman Josh Bell.",91.8,91.8,0.57,-0.57,1.33,1.33,2097.0,2097.0,164.0,196.0,8,6.9,6.9,1.19,-1.19,6.41,6.41,cube60_cluster0,1088,1.7839704499004652,FF,92.17053866131751,10.618556738155133,11.426031596706425
2025-09-15,624133,624133,605141,LAD,PHI,3,1,0,0,CU,CU,L,L,B,Ball,77.9,77.9,-0.72,0.72,-0.78,-0.78,2072.0,2072.0,309.0,51.0,3,6.3,6.3,2.16,-2.16,5.53,5.53,cube9_cluster0,353,1.576492020802263,CU,81.04977735376619,-10.683603137730767,-7.201930121038002
2025-09-15,678906,678906,664983,AZ,SF,3,0,0,1,ST,ST,R,R,B,Ball,81.9,81.9,1.55,1.55,-0.03,-0.03,2693.0,2693.0,57.0,57.0,3,6.3,6.3,-2.58,-2.58,5.37,5.37,cube17_cluster0,230,0.8969558861765959,ST,83.28054719292679,-11.37879274055619,0.1522002590525712
2025-09-15,641793,641793,687363,STL,CIN,3,1,0,0,SL,SL,R,R,S,Swinging Strike,86.2,86.2,0.36,0.36,0.48,0.48,2039.0,2039.0,194.0,194.0,7,6.1,6.1,-0.91,-0.91,6.23,6.23,cube41_cluster0,33,0.9276061166083085,FC,87.52410341975036,-2.728102441946197,5.90336268676447
2025-09-15,829272,829272,542303,WSH,ATL,7,2,1,2,FF,FF,L,L,S,Marcell Ozuna strikes out on a foul tip.,93.2,93.2,0.74,-0.74,1.43,1.43,2327.0,2327.0,141.0,219.0,8,6.3,6.3,1.64,-1.64,5.59,5.59,cube60_cluster0,1088,1.034047928840743,FF,92.17053866131751,10.618556738155133,11.426031596706425
2025-09-15,669920,669920,673962,HOU,TEX,3,0,3,2,CH,CH,R,R,X,Josh Jung singles on a ground ball to left fielder Jesús Sánchez.,80.5,80.5,-1.43,-1.43,-0.13,-0.13,1818.0,1818.0,274.0,274.0,10,6.6,6.6,-1.39,-1.39,5.57,5.57,cube66_cluster0,197,1.8493744813904056,CH,86.84077917182076,12.525512574763452,6.567520411131463
2025-09-15,678024,678024,681297,CWS,BAL,8,2,3,1,CH,CH,R,R,S,Swinging Strike,86.7,86.7,-1.22,-1.22,0.01,0.01,1396.0,1396.0,247.0,247.0,9,6.6,6.6,-1.6,-1.6,5.86,5.86,cube59_cluster1,5,1.098208328590011,SL,84.79163597246126,7.451913253012047,2.269996213425129
2025-09-15,671212,671212,664770,TB,TOR,3,2,0,0,FF,FF,R,R,B,Ball,99.4,99.4,-0.91,-0.91,1.35,1.35,2692.0,2692.0,224.0,224.0,8,6.6,6.6,-0.81,-0.81,5.77,5.77,cube60_cluster0,1088,2.1595104333713566,FF,92.17053866131751,10.618556738155133,11.426031596706425
2025-09-15,677952,677952,683737,PIT,CHC,3,0,0,0,CH,CH,R,R,B,Ball,90.7,90.7,-1.08,-1.08,0.66,0.66,1945.0,1945.0,222.0,222.0,8,6.3,6.3,-1.18,-1.18,6.19,6.19,cube59_cluster0,234,0.5949336140962,FF,89.27696125383754,10.588468754256617,10.304337269887236
2025-09-15,693312,693312,650489,PIT,CHC,8,1,3,1,FF,FF,R,R,S,Called Strike,97.3,97.3,-0.69,-0.69,1.52,1.52,2472.0,2472.0,210.0,210.0,8,7.1,7.1,-1.09,-1.09,5.99,5.99,cube60_cluster0,1088,2.0884598393335625,FF,92.17053866131751,10.618556738155133,11.426031596706425
2025-09-15,676742,676742,807713,PIT,CHC,6,2,2,2,FF,FF,R,R,S,Foul,94.7,94.7,-0.55,-0.55,1.46,1.46,2595.0,2595.0,213.0,213.0,8,6.5,6.5,-2.97,-2.97,5.99,5.99,cube62_cluster1,11,1.766326982917889,FF,95.54242544913883,5.728019039608564,15.221051570629365
2025-09-15,592791,592791,669707,PIT,CHC,3,2,0,0,CU,CU,R,R,B,Ball,77.1,77.1,0.68,0.68,-0.94,-0.94,2525.0,2525.0,40.0,40.0,2,6.6,6.6,-1.05,-1.05,6.35,6.35,cube8_cluster0,47,1.041323460009352,CU,78.44568855893485,-8.550382045687398,-9.675482721274784
2025-09-15,647336,647336,668804,PIT,CHC,8,2,2,2,SV,SV,R,R,B,Bryan Reynolds hit by pitch.,82.0,82.0,0.8,0.8,-0.37,-0.37,2920.0,2920.0,45.0,45.0,3,6.4,6.4,-2.59,-2.59,5.87,5.87,cube10_cluster0,173,1.0082476424478317,ST,82.08401130843858,-12.249969959417843,-5.792755621368389
2025-09-15,829272,829272,542303,WSH,ATL,7,2,1,2,CH,CH,L,L,S,Foul,83.1,83.1,1.33,-1.33,0.78,0.78,1761.0,1761.0,130.0,230.0,9,6.3,6.3,1.64,-1.64,5.58,5.58,cube66_cluster0,197,1.1135293141522355,CH,86.84077917182076,12.525512574763452,6.567520411131463
2025-09-15,647336,647336,668804,PIT,CHC,8,2,2,1,FF,FF,R,R,S,Foul,94.8,94.8,-0.55,-0.55,1.17,1.17,2619.0,2619.0,225.0,225.0,9,6.4,6.4,-2.63,-2.63,5.69,5.69,cube61_cluster0,650,1.2686426443701253,FF,93.56609940362357,10.767633610073183,11.615865923476361
2025-09-15,686218,686218,656941,LAD,PHI,3,0,1,2,CH,CH,R,R,S,Kyle Schwarber strikes out swinging.,84.0,84.0,-1.08,-1.08,0.28,0.28,1030.0,1030.0,262.0,262.0,10,6.6,6.6,-1.32,-1.32,5.35,5.35,cube59_cluster1,5,1.3828956907683947,SL,84.79163597246126,7.451913253012047,2.269996213425129
2025-09-15,669920,669920,673962,HOU,TEX,3,0,2,2,ST,ST,R,R,B,Ball,77.9,77.9,1.33,1.33,-0.19,-0.19,2613.0,2613.0,72.0,72.0,3,6.2,6.2,-1.77,-1.77,5.54,5.54,cube16_cluster0,307,1.075978111331174,ST,82.89780592219195,-9.539303936916792,-1.0521378651219842
2025-09-15,683004,683004,665161,HOU,TEX,2,2,0,0,CU,CU,R,R,B,Ball,82.2,82.2,0.73,0.73,-0.54,-0.54,2469.0,2469.0,37.0,37.0,2,6.4,6.4,-1.0,-1.0,5.88,5.88,cube8_cluster0,47,1.0304114014668437,CU,78.44568855893485,-8.550382045687398,-9.675482721274784
2025-09-15,678906,678906,664983,AZ,SF,3,0,0,0,ST,ST,R,R,S,Called Strike,82.8,82.8,1.29,1.29,0.03,0.03,2680.0,2680.0,59.0,59.0,3,6.2,6.2,-2.39,-2.39,5.44,5.44,cube17_cluster0,230,0.678030873988323,ST,83.28054719292679,-11.37879274055619,0.1522002590525712
2025-09-15,669461,669461,682622,STL,CIN,3,2,1,0,SL,SL,L,L,B,Ball In Dirt,86.8,86.8,-0.28,0.28,-0.02,-0.02,2779.0,2779.0,219.0,141.0,6,6.3,6.3,0.74,-0.74,6.43,6.43,cube31_cluster0,31,1.4375787834426845,SL,85.53907999105853,-4.021504116996385,3.5159534946310442
2025-09-15,607074,607074,666397,MIN,NYY,3,0,0,1,SL,SL,L,L,B,Ball,85.5,85.5,-0.32,0.32,-0.02,-0.02,2646.0,2646.0,292.0,68.0,3,6.0,6.0,2.41,-2.41,6.15,6.15,cube16_cluster0,307,1.292741163107194,ST,82.89780592219195,-9.539303936916792,-1.0521378651219842
2025-09-15,677952,677952,807713,PIT,CHC,3,0,3,0,FF,FF,R,R,B,Matt Shaw walks.,97.1,97.1,-0.44,-0.44,1.41,1.41,2435.0,2435.0,216.0,216.0,8,6.3,6.3,-0.63,-0.63,6.56,6.56,cube50_cluster0,37,1.8031405093396804,SL,89.4318003898919,-0.37548710296403526,10.18704890209373
2025-09-15,624133,624133,660271,LAD,PHI,3,1,3,2,CU,CU,L,L,B,Shohei Ohtani walks.,77.0,77.0,-0.72,0.72,-0.6,-0.6,2152.0,2152.0,309.0,51.0,3,6.3,6.3,2.15,-2.15,5.71,5.71,cube9_cluster0,353,1.30365854367372,CU,81.04977735376619,-10.683603137730767,-7.201930121038002
2025-09-15,675911,675911,682928,WSH,ATL,3,2,0,0,SL,SL,R,R,S,Swinging Strike,83.4,83.4,0.32,0.32,0.16,0.16,2285.0,2285.0,141.0,141.0,6,6.9,6.9,-1.8,-1.8,5.84,5.84,cube33_cluster0,94,0.9929031218384861,SL,87.30386197983206,-4.155245122339746,2.874909281221629
2025-09-15,680732,680732,702616,CWS,BAL,3,2,1,0,SI,SI,R,R,B,Ball,95.8,95.8,-1.09,-1.09,1.28,1.28,2330.0,2330.0,211.0,211.0,8,7.2,7.2,-2.44,-2.44,6.1,6.1,cube62_cluster1,11,1.3708447100823364,FF,95.54242544913883,5.728019039608564,15.221051570629365
2025-09-15,680573,680573,669224,MIN,NYY,3,0,0,1,FS,FS,R,R,B,Ball,84.6,84.6,-0.8,-0.8,0.57,0.57,1005.0,1005.0,221.0,221.0,8,6.6,6.6,-1.43,-1.43,6.46,6.46,cube59_cluster1,5,1.413511977686421,SL,84.79163597246126,7.451913253012047,2.269996213425129
2025-09-15,680730,680730,805373,WSH,ATL,3,1,0,0,FF,FF,L,L,B,Ball,92.1,92.1,0.48,-0.48,1.4,1.4,2147.0,2147.0,169.0,191.0,7,6.7,6.7,1.12,-1.12,6.5,6.5,cube50_cluster0,37,1.6448248400054046,SL,89.4318003898919,-0.37548710296403526,10.18704890209373
2025-09-15,668678,668678,687551,AZ,SF,3,1,0,0,CH,CH,R,R,S,Swinging Strike,85.9,85.9,-0.98,-0.98,0.22,0.22,1558.0,1558.0,227.0,227.0,9,6.5,6.5,-3.16,-3.16,5.8,5.8,cube67_cluster0,835,2.157315878253485,CH,90.86602419473125,13.606542467363951,8.526706287157376
2025-09-15,680694,680694,643565,CWS,BAL,3,0,1,0,FF,FF,R,R,B,Ball,92.5,92.5,-0.06,-0.06,1.34,1.34,2492.0,2492.0,187.0,187.0,7,6.3,6.3,-0.97,-0.97,6.59,6.59,cube50_cluster0,37,1.2810309565709923,SL,89.4318003898919,-0.37548710296403526,10.18704890209373
2025-09-15,676742,676742,807713,PIT,CHC,6,2,1,2,SL,SL,R,R,B,Ball,87.6,87.6,0.29,0.29,0.25,0.25,2691.0,2691.0,97.0,97.0,4,6.2,6.2,-3.19,-3.19,6.11,6.11,cube25_cluster0,134,1.918304941455047,SL,84.71727501905048,-6.356816171388189,1.485555081783951
2025-09-15,671212,671212,543807,TB,TOR,3,2,1,2,FS,FS,R,R,X,"George Springer doubles (24) on a ground ball to left fielder Chandler Simpson, deflected by third baseman Tristan Gray.",93.3,93.3,-1.32,-1.32,0.26,0.26,1922.0,1922.0,236.0,236.0,9,6.4,6.4,-0.92,-0.92,5.9,5.9,cube59_cluster0,234,1.4754530709916835,FF,89.27696125383754,10.588468754256617,10.304337269887236
2025-09-15,592791,592791,694377,PIT,CHC,3,1,1,2,ST,ST,R,R,S,Nick Yorke strikes out swinging.,80.1,80.1,1.08,1.08,-0.45,-0.45,2773.0,2773.0,47.0,47.0,3,6.9,6.9,-1.13,-1.13,6.09,6.09,cube9_cluster0,353,1.6030606089962751,CU,81.04977735376619,-10.683603137730767,-7.201930121038002
2025-09-15,678024,678024,681297,CWS,BAL,8,2,3,0,CH,CH,R,R,S,Called Strike,86.5,86.5,-1.07,-1.07,-0.14,-0.14,1407.0,1407.0,245.0,245.0,9,6.6,6.6,-1.58,-1.58,5.94,5.94,cube59_cluster1,5,1.0615899214262956,SL,84.79163597246126,7.451913253012047,2.269996213425129
2025-09-15,693312,693312,650489,PIT,CHC,8,1,3,0,FF,FF,R,R,S,Called Strike,97.6,97.6,-0.63,-0.63,1.62,1.62,2470.0,2470.0,209.0,209.0,8,7.1,7.1,-1.0,-1.0,5.99,5.99,cube60_cluster0,1088,2.2248196297745504,FF,92.17053866131751,10.618556738155133,11.426031596706425
2025-09-15,702056,702056,802415,TB,TOR,3,0,1,0,SL,SL,R,R,S,Swinging Strike,87.8,87.8,-0.36,-0.36,0.53,0.53,2195.0,2195.0,208.0,208.0,8,6.3,6.3,-0.57,-0.57,7.14,7.14,cube50_cluster0,37,2.117059397108784,SL,89.4318003898919,-0.37548710296403526,10.18704890209373
2025-09-15,641793,641793,699625,STL,CIN,3,0,3,2,SI,SI,R,R,S,Jimmy Crooks strikes out swinging.,92.1,92.1,-1.29,-1.29,0.86,0.86,1844.0,1844.0,218.0,218.0,8,6.3,6.3,-0.77,-0.77,6.06,6.06,cube59_cluster0,234,1.1070311559928614,FF,89.27696125383754,10.588468754256617,10.304337269887236
2025-09-15,675911,675911,690987,WSH,ATL,3,1,1,2,CH,CH,R,R,S,Robert Hassell III strikes out swinging.,83.2,83.2,-1.64,-1.64,0.41,0.41,1918.0,1918.0,239.0,239.0,9,7.0,7.0,-1.97,-1.97,5.76,5.76,cube67_cluster0,835,1.6066460971738048,CH,90.86602419473125,13.606542467363951,8.526706287157376
2025-09-15,702056,702056,802415,TB,TOR,3,0,0,0,SL,SL,R,R,B,Ball,86.0,86.0,-0.21,-0.21,0.34,0.34,2143.0,2143.0,196.0,196.0,8,6.0,6.0,-0.58,-0.58,7.24,7.24,cube41_cluster0,33,2.3148036627551063,FC,87.52410341975036,-2.728102441946197,5.90336268676447
2025-09-15,671212,671212,543807,TB,TOR,3,2,0,2,FF,FF,R,R,B,Ball,97.7,97.7,-0.04,-0.04,0.84,0.84,2486.0,2486.0,215.0,215.0,8,6.5,6.5,-1.03,-1.03,5.71,5.71,cube51_cluster0,242,1.5162206162266891,FC,90.51269321530226,-0.30860007748352697,10.065859987082858
2025-09-15,669920,669920,673962,HOU,TEX,3,0,1,2,SI,SI,R,R,B,Ball,92.0,92.0,-1.43,-1.43,0.25,0.25,2180.0,2180.0,242.0,242.0,9,6.2,6.2,-1.4,-1.4,5.76,5.76,cube67_cluster0,835,1.2667008790410443,CH,90.86602419473125,13.606542467363951,8.526706287157376
2025-09-15,686218,686218,656941,LAD,PHI,3,0,1,1,FF,FF,R,R,S,Swinging Strike,94.1,94.1,-0.9,-0.9,1.55,1.55,2407.0,2407.0,206.0,206.0,8,6.6,6.6,-1.03,-1.03,5.45,5.45,cube60_cluster0,1088,1.7677093800489072,FF,92.17053866131751,10.618556738155133,11.426031596706425
2025-09-15,592791,592791,694377,PIT,CHC,3,1,0,2,ST,ST,R,R,B,Ball,80.6,80.6,1.14,1.14,-0.12,-0.12,2772.0,2772.0,48.0,48.0,3,6.9,6.9,-1.1,-1.1,6.16,6.16,cube9_cluster0,353,1.802306470264742,CU,81.04977735376619,-10.683603137730767,-7.201930121038002
2025-09-15,678906,678906,543510,AZ,SF,2,2,3,2,ST,ST,R,R,S,James McCann strikes out swinging.,86.2,86.2,1.36,1.36,0.24,0.24,2760.0,2760.0,57.0,57.0,3,6.5,6.5,-2.26,-2.26,5.45,5.45,cube17_cluster0,230,0.8147504973120323,ST,83.28054719292679,-11.37879274055619,0.1522002590525712
2025-09-15,669461,669461,682622,STL,CIN,3,2,0,0,CH,CH,L,L,B,Ball In Dirt,89.7,89.7,1.2,-1.2,0.93,0.93,1952.0,1952.0,137.0,223.0,8,6.3,6.3,0.78,-0.78,6.4,6.4,cube59_cluster0,234,1.0900783042649682,FF,89.27696125383754,10.588468754256617,10.304337269887236
2025-09-15,641793,641793,699625,STL,CIN,3,0,3,2,FF,FF,R,R,S,Foul,91.8,91.8,-0.75,-0.75,1.34,1.34,2032.0,2032.0,204.0,204.0,8,6.2,6.2,-0.48,-0.48,6.37,6.37,cube59_cluster0,234,1.562450554654365,FF,89.27696125383754,10.588468754256617,10.304337269887236
2025-09-15,680732,680732,702616,CWS,BAL,3,2,0,0,CH,CH,R,R,B,Ball,86.0,86.0,-1.46,-1.46,0.54,0.54,1761.0,1761.0,230.0,230.0,9,7.3,7.3,-2.33,-2.33,6.02,6.02,cube62_cluster0,6,2.0054497048571958,SI,91.86488600736307,15.76720396342299,6.059817485939492
2025-09-15,647336,647336,668804,PIT,CHC,8,2,1,1,SV,SV,R,R,B,Ball,81.1,81.1,0.7,0.7,-0.36,-0.36,2945.0,2945.0,47.0,47.0,3,6.3,6.3,-2.66,-2.66,5.76,5.76,cube10_cluster0,173,1.1033074519540593,ST,82.08401130843858,-12.249969959417843,-5.792755621368389
2025-09-15,676742,676742,807713,PIT,CHC,6,2,1,2,FF,FF,R,R,S,Foul,96.0,96.0,-0.46,-0.46,1.48,1.48,2641.0,2641.0,212.0,212.0,8,6.3,6.3,-2.83,-2.83,6.23,6.23,cube66_cluster1,5,1.9209136612697817,FF,93.24252622389831,13.00015635891318,12.382567932373675
2025-09-15,680694,680694,643565,CWS,BAL,3,0,0,0,CU,CU,R,R,B,Ball,80.5,80.5,0.27,0.27,-0.85,-0.85,2538.0,2538.0,29.0,29.0,2,6.2,6.2,-1.02,-1.02,6.65,6.65,cube8_cluster0,47,1.1894562952364163,CU,78.44568855893485,-8.550382045687398,-9.675482721274784
2025-09-15,683004,683004,660821,HOU,TEX,2,1,1,2,CH,CH,R,R,X,"Jesús Sánchez grounds out, second baseman Dylan Moore to first baseman Jake Burger.",93.0,93.0,-1.05,-1.05,0.32,0.32,1345.0,1345.0,230.0,230.0,9,6.7,6.7,-1.11,-1.11,5.68,5.68,cube59_cluster1,5,1.2262587248761294,SL,84.79163597246126,7.451913253012047,2.269996213425129
2025-09-15,680573,680573,669224,MIN,NYY,3,0,0,0,FF,FF,R,R,S,Foul,90.5,90.5,-0.49,-0.49,1.41,1.41,2178.0,2178.0,210.0,210.0,8,6.4,6.4,-1.47,-1.47,6.55,6.55,cube50_cluster0,37,1.3374890291882509,SL,89.4318003898919,-0.37548710296403526,10.18704890209373
2025-09-15,677952,677952,807713,PIT,CHC,3,0,2,0,SI,SI,R,R,B,Ball,96.3,96.3,-1.32,-1.32,0.82,0.82,2365.0,2365.0,219.0,219.0,8,6.4,6.4,-1.0,-1.0,6.14,6.14,cube60_cluster0,1088,1.4735237808041621,FF,92.17053866131751,10.618556738155133,11.426031596706425
2025-09-15,607074,607074,666397,MIN,NYY,3,0,0,0,SI,SI,L,L,S,Called Strike,91.6,91.6,1.27,-1.27,0.33,0.33,2199.0,2199.0,130.0,230.0,9,6.2,6.2,2.34,-2.34,6.24,6.24,cube59_cluster2,6,1.411030861366135,FF,93.07150817165655,13.135553184666456,11.807015565535274
2025-09-15,668678,668678,669477,AZ,SF,3,1,3,1,FF,FF,R,R,X,Casey Schmitt homers (11) on a fly ball to center field.,94.8,94.8,-0.17,-0.17,1.4,1.4,2297.0,2297.0,207.0,207.0,8,6.4,6.4,-3.0,-3.0,6.0,6.0,cube52_cluster0,159,1.7479620960184064,FC,90.76795186341266,-0.1350320156357884,9.625773571373404
2025-09-15,680730,680730,671739,WSH,ATL,3,0,1,2,FF,FF,L,L,S,Michael Harris II strikes out swinging.,92.3,92.3,0.27,-0.27,1.69,1.69,2151.0,2151.0,173.0,187.0,7,6.7,6.7,1.07,-1.07,6.55,6.55,cube50_cluster0,37,1.8648584618088573,SL,89.4318003898919,-0.37548710296403526,10.18704890209373
2025-09-15,678024,678024,681297,CWS,BAL,8,2,2,0,SI,SI,R,R,B,Ball,94.7,94.7,-1.05,-1.05,0.23,0.23,2073.0,2073.0,227.0,227.0,9,6.4,6.4,-1.55,-1.55,5.85,5.85,cube67_cluster0,835,1.0557974391842917,CH,90.86602419473125,13.606542467363951,8.526706287157376
2025-09-15,624133,624133,660271,LAD,PHI,3,1,3,1,CU,CU,L,L,S,Swinging Strike,75.8,75.8,-1.01,1.01,-0.76,-0.76,2138.0,2138.0,307.0,53.0,3,6.1,6.1,2.15,-2.15,5.63,5.63,cube9_cluster0,353,1.4914556143755808,CU,81.04977735376619,-10.683603137730767,-7.201930121038002
2025-09-15,693312,693312,650489,PIT,CHC,8,1,2,0,FF,FF,R,R,B,Ball,97.4,97.4,-0.83,-0.83,1.52,1.52,2437.0,2437.0,216.0,216.0,8,7.1,7.1,-1.12,-1.12,5.98,5.98,cube60_cluster0,1088,2.027584998341096,FF,92.17053866131751,10.618556738155133,11.426031596706425
2025-09-15,829272,829272,542303,WSH,ATL,7,2,0,2,KC,KC,L,L,B,Ball,76.1,76.1,-0.23,0.23,-1.79,-1.79,2904.0,2904.0,355.0,5.0,1,6.2,6.2,1.23,-1.23,5.83,5.83,cube2_cluster0,105,1.4775109834253215,CU,79.2443297084492,-9.955174138547218,-13.302302310391848
2025-09-15,693312,693312,650489,PIT,CHC,8,1,1,0,FF,FF,R,R,B,Ball,98.3,98.3,-0.51,-0.51,1.63,1.63,2447.0,2447.0,208.0,208.0,8,7.2,7.2,-0.99,-0.99,5.93,5.93,cube60_cluster0,1088,2.3725317777231916,FF,92.17053866131751,10.618556738155133,11.426031596706425
2025-09-15,671212,671212,543807,TB,TOR,3,2,0,2,SL,SL,R,R,S,Foul,92.1,92.1,0.39,0.39,0.11,0.11,2641.0,2641.0,149.0,149.0,6,6.4,6.4,-0.91,-0.91,5.82,5.82,cube32_cluster0,191,1.3946484972829651,SL,86.80283260847423,-3.994445228339661,3.088972714840957
2025-09-15,647336,647336,668804,PIT,CHC,8,2,0,1,CH,CH,R,R,B,Ball,86.0,86.0,-1.41,-1.41,0.47,0.47,2005.0,2005.0,243.0,243.0,9,6.3,6.3,-2.72,-2.72,5.72,5.72,cube67_cluster0,835,1.3422424456975677,CH,90.86602419473125,13.606542467363951,8.526706287157376
2025-09-15,680573,680573,676609,MIN,NYY,2,2,2,2,SL,SL,R,R,X,"José Caballero grounds out, shortstop Brooks Lee to first baseman Edouard Julien.",86.2,86.2,0.49,0.49,0.29,0.29,2269.0,2269.0,157.0,157.0,6,6.9,6.9,-1.35,-1.35,6.26,6.26,cube32_cluster0,191,1.2926803620113758,SL,86.80283260847423,-3.994445228339661,3.088972714840957
2025-09-15,669920,669920,673962,HOU,TEX,3,0,1,1,SI,SI,R,R,S,Foul,89.8,89.8,-1.35,-1.35,0.0,0.0,2031.0,2031.0,248.0,248.0,9,6.1,6.1,-1.64,-1.64,5.66,5.66,cube67_cluster0,835,1.3190756517383304,CH,90.86602419473125,13.606542467363951,8.526706287157376
2025-09-15,686218,686218,656941,LAD,PHI,3,0,1,0,SL,SL,R,R,S,Called Strike,87.1,87.1,0.22,0.22,0.48,0.48,2407.0,2407.0,194.0,194.0,7,6.4,6.4,-1.28,-1.28,5.26,5.26,cube42_cluster0,221,1.494400524612408,FC,88.14517513894621,-2.9372479967817404,6.184306080936519
2025-09-15,683004,683004,660821,HOU,TEX,2,1,0,2,FF,FF,R,R,B,Ball,98.3,98.3,-0.72,-0.72,1.57,1.57,2513.0,2513.0,215.0,215.0,8,6.5,6.5,-1.18,-1.18,5.67,5.67,cube60_cluster0,1088,1.723001038373583,FF,92.17053866131751,10.618556738155133,11.426031596706425
2025-09-15,678906,678906,543510,AZ,SF,2,2,2,2,SI,SI,R,R,B,Ball,93.6,93.6,-1.13,-1.13,0.29,0.29,2442.0,2442.0,231.0,231.0,9,6.5,6.5,-2.21,-2.21,5.44,5.44,cube68_cluster0,637,1.0217427361885327,FF,92.88295797031044,13.980317543503329,9.180920892722085
2025-09-15,680694,680694,666150,CWS,BAL,2,1,0,2,FF,FF,R,R,X,"Dominic Fletcher grounds into a double play, shortstop Gunnar Henderson to second baseman Jackson Holliday to first baseman Ryan Mountcastle. Chase Meidroth out at 2nd. Dominic Fletcher out at 1st.",94.4,94.4,-0.05,-0.05,1.24,1.24,2477.0,2477.0,179.0,179.0,7,6.3,6.3,-1.07,-1.07,6.51,6.51,cube50_cluster0,37,1.1837324070428648,SL,89.4318003898919,-0.37548710296403526,10.18704890209373
2025-09-15,675911,675911,690987,WSH,ATL,3,1,1,1,CU,CU,R,R,S,Called Strike,67.2,67.2,1.0,1.0,-0.88,-0.88,2465.0,2465.0,45.0,45.0,3,6.7,6.7,-1.78,-1.78,6.14,6.14,cube1_cluster1,12,1.6711180041171478,SL,75.6473201147479,-7.778794447221829,-14.516224951759256
2025-09-15,680730,680730,671739,WSH,ATL,3,0,0,2,SL,SL,L,L,B,Ball,83.4,83.4,-0.82,0.82,0.18,0.18,2436.0,2436.0,306.0,54.0,3,7.0,7.0,2.05,-2.05,5.92,5.92,cube25_cluster0,134,1.3314229784248444,SL,84.71727501905048,-6.356816171388189,1.485555081783951
2025-09-15,676775,676775,606466,AZ,SF,8,2,0,1,FS,FS,R,R,X,Ketel Marte lines out to center fielder Jung Hoo Lee.,89.2,89.2,-1.08,-1.08,0.24,0.24,1477.0,1477.0,246.0,246.0,9,6.3,6.3,-1.47,-1.47,5.98,5.98,cube66_cluster0,197,0.6109469689863788,CH,86.84077917182076,12.525512574763452,6.567520411131463
2025-09-15,668678,668678,669477,AZ,SF,3,1,2,1,FF,FF,R,R,B,Ball,94.0,94.0,-0.32,-0.32,1.47,1.47,2342.0,2342.0,210.0,210.0,8,6.5,6.5,-3.02,-3.02,6.05,6.05,cube62_cluster1,11,1.7263688681005853,FF,95.54242544913883,5.728019039608564,15.221051570629365
2025-09-15,829272,829272,542303,WSH,ATL,7,2,0,1,CH,CH,L,L,S,Foul,83.5,83.5,1.37,-1.37,0.85,0.85,1669.0,1669.0,125.0,235.0,9,6.3,6.3,1.68,-1.68,5.59,5.59,cube66_cluster0,197,1.0691685132629996,CH,86.84077917182076,12.525512574763452,6.567520411131463
2025-09-15,624133,624133,660271,LAD,PHI,3,1,2,1,FF,FF,L,L,B,Ball,92.7,92.7,0.67,-0.67,0.6,0.6,1804.0,1804.0,125.0,235.0,9,6.1,6.1,2.32,-2.32,5.47,5.47,cube67_cluster0,835,1.172195059608389,CH,90.86602419473125,13.606542467363951,8.526706287157376
2025-09-15,680732,680732,681297,CWS,BAL,3,1,2,2,FF,FF,R,R,S,Colton Cowser strikes out swinging.,95.6,95.6,-0.51,-0.51,1.35,1.35,2569.0,2569.0,203.0,203.0,8,7.2,7.2,-2.19,-2.19,6.27,6.27,cube62_cluster1,11,1.743471202763699,FF,95.54242544913883,5.728019039608564,15.221051570629365
2025-09-15,678024,678024,681297,CWS,BAL,8,2,1,0,ST,ST,R,R,B,Ball,80.7,80.7,1.29,1.29,-0.21,-0.21,2329.0,2329.0,54.0,54.0,3,6.5,6.5,-1.7,-1.7,5.91,5.91,cube16_cluster0,307,1.000442510153532,ST,82.89780592219195,-9.539303936916792,-1.0521378651219842
2025-09-15,607074,607074,640902,MIN,NYY,3,0,1,1,CH,CH,L,L,X,Jhonny Pereda doubles (5) on a sharp line drive to left fielder Cody Bellinger.,84.9,84.9,1.01,-1.01,0.33,0.33,1657.0,1657.0,132.0,228.0,9,6.3,6.3,2.21,-2.21,6.27,6.27,cube66_cluster0,197,1.148899323776666,CH,86.84077917182076,12.525512574763452,6.567520411131463
2025-09-15,677952,677952,807713,PIT,CHC,3,0,1,0,SI,SI,R,R,B,Ball,96.6,96.6,-1.19,-1.19,0.88,0.88,2443.0,2443.0,208.0,208.0,8,6.4,6.4,-0.86,-0.86,6.44,6.44,cube59_cluster0,234,1.8457266368205034,FF,89.27696125383754,10.588468754256617,10.304337269887236
2025-09-15,702056,702056,700246,TB,TOR,2,2,1,2,FF,FF,R,R,S,Carson Williams called out on strikes.,95.6,95.6,-0.05,-0.05,1.69,1.69,2311.0,2311.0,195.0,195.0,8,6.4,6.4,-0.29,-0.29,7.04,7.04,cube50_cluster0,37,2.5477632725817303,SL,89.4318003898919,-0.37548710296403526,10.18704890209373
2025-09-15,592791,592791,694377,PIT,CHC,3,1,0,1,FC,FC,R,R,S,Foul,86.3,86.3,0.54,0.54,0.63,0.63,2663.0,2663.0,165.0,165.0,7,6.8,6.8,-1.08,-1.08,6.13,6.13,cube32_cluster0,191,1.4872740792190438,SL,86.80283260847423,-3.994445228339661,3.088972714840957
2025-09-15,676742,676742,807713,PIT,CHC,6,2,1,1,SL,SL,R,R,S,Called Strike,84.8,84.8,0.4,0.4,-0.06,-0.06,2778.0,2778.0,88.0,88.0,4,6.2,6.2,-2.93,-2.93,6.18,6.18,cube16_cluster0,307,1.783354697964105,ST,82.89780592219195,-9.539303936916792,-1.0521378651219842
2025-09-15,681517,681517,663886,STL,CIN,9,1,1,1,FF,FF,R,R,X,Tyler Stephenson doubles (17) on a sharp line drive to left fielder Lars Nootbaar. Noelvi Marte scores. Austin Hays scores. Sal Stewart scores.,96.2,96.2,-0.41,-0.41,1.48,1.48,2431.0,2431.0,204.0,204.0,8,7.2,7.2,-2.01,-2.01,5.66,5.66,cube62_cluster1,11,1.199138328395631,FF,95.54242544913883,5.728019039608564,15.221051570629365
2025-09-15,641793,641793,699625,STL,CIN,3,0,2,2,SI,SI,R,R,B,Ball,90.4,90.4,-1.28,-1.28,0.91,0.91,2030.0,2030.0,215.0,215.0,8,6.2,6.2,-0.65,-0.65,6.07,6.07,cube59_cluster0,234,1.156861121366812,FF,89.27696125383754,10.588468754256617,10.304337269887236
2025-09-15,669461,669461,670770,STL,CIN,3,1,2,2,SL,SL,L,L,X,TJ Friedl flies out to right fielder Lars Nootbaar.,85.8,85.8,-0.48,0.48,-0.16,-0.16,2839.0,2839.0,283.0,77.0,4,6.3,6.3,0.43,-0.43,6.54,6.54,cube15_cluster1,4,1.4711864446563052,SL,83.959314171123,-4.504801604278075,-1.7933590909090908
2025-09-15,680573,680573,676609,MIN,NYY,2,2,1,2,FF,FF,R,R,B,Ball,93.9,93.9,-0.28,-0.28,1.52,1.52,2284.0,2284.0,194.0,194.0,7,6.9,6.9,-1.0,-1.0,6.5,6.5,cube50_cluster0,37,1.9798185081441975,SL,89.4318003898919,-0.37548710296403526,10.18704890209373
2025-09-15,693312,693312,650489,PIT,CHC,8,1,0,0,FF,FF,R,R,B,Ball,97.8,97.8,-0.65,-0.65,1.45,1.45,2361.0,2361.0,216.0,216.0,8,7.3,7.3,-0.94,-0.94,5.94,5.94,cube60_cluster0,1088,2.3380708007764084,FF,92.17053866131751,10.618556738155133,11.426031596706425
2025-09-15,686218,686218,656941,LAD,PHI,3,0,0,0,SL,SL,R,R,B,Ball,84.9,84.9,0.36,0.36,0.18,0.18,2340.0,2340.0,132.0,132.0,5,6.4,6.4,-1.24,-1.24,5.31,5.31,cube32_cluster0,191,1.3893430468284804,SL,86.80283260847423,-3.994445228339661,3.088972714840957
2025-09-15,676742,676742,807713,PIT,CHC,6,2,1,0,FF,FF,R,R,S,Called Strike,93.7,93.7,-0.49,-0.49,1.55,1.55,2579.0,2579.0,208.0,208.0,8,6.4,6.4,-3.03,-3.03,6.18,6.18,cube66_cluster1,5,2.0966858810872098,FF,93.24252622389831,13.00015635891318,12.382567932373675
2025-09-15,647336,647336,668804,PIT,CHC,8,2,0,0,SV,SV,R,R,S,Swinging Strike,80.6,80.6,1.07,1.07,-0.77,-0.77,2961.0,2961.0,49.0,49.0,3,6.1,6.1,-2.53,-2.53,5.78,5.78,cube3_cluster1,7,0.7982684644110807,CU,81.211572836182,-17.52205244065557,-6.477636799325996
2025-09-15,671212,671212,543807,TB,TOR,3,2,0,1,FS,FS,R,R,S,Swinging Strike,93.6,93.6,-1.26,-1.26,-0.02,-0.02,2089.0,2089.0,237.0,237.0,9,6.6,6.6,-0.92,-0.92,5.83,5.83,cube67_cluster0,835,1.882674801889276,CH,90.86602419473125,13.606542467363951,8.526706287157376
2025-09-15,683004,683004,660821,HOU,TEX,2,1,0,1,FF,FF,R,R,S,Called Strike,97.7,97.7,-0.71,-0.71,1.47,1.47,2493.0,2493.0,216.0,216.0,8,6.8,6.8,-1.28,-1.28,5.58,5.58,cube61_cluster0,650,1.622709063867999,FF,93.56609940362357,10.767633610073183,11.615865923476361
2025-09-15,669920,669920,673962,HOU,TEX,3,0,0,1,FF,FF,R,R,B,Ball,91.4,91.4,-0.89,-0.89,1.06,1.06,2315.0,2315.0,238.0,238.0,9,6.1,6.1,-1.4,-1.4,5.92,5.92,cube60_cluster0,1088,0.8735694969056605,FF,92.17053866131751,10.618556738155133,11.426031596706425
2025-09-15,608650,608650,678246,CWS,BAL,9,2,1,2,FF,FF,L,L,X,Miguel Vargas pops out to second baseman Jackson Holliday.,93.6,93.6,0.46,-0.46,1.33,1.33,2175.0,2175.0,149.0,211.0,8,6.3,6.3,1.97,-1.97,6.28,6.28,cube60_cluster0,1088,1.1394520767114766,FF,92.17053866131751,10.618556738155133,11.426031596706425
2025-09-15,669461,669461,670770,STL,CIN,3,1,2,2,CU,CU,L,L,S,Foul,79.2,79.2,-0.52,0.52,-1.58,-1.58,2975.0,2975.0,331.0,29.0,2,6.5,6.5,0.38,-0.38,6.53,6.53,cube1_cluster0,11,1.4240760838730553,CU,80.41940225841523,-7.8151704354474925,-14.345667881001397
2025-09-15,681517,681517,663886,STL,CIN,9,1,0,1,ST,ST,R,R,B,Ball,88.2,88.2,1.29,1.29,0.5,0.5,2756.0,2756.0,78.0,78.0,4,7.1,7.1,-2.16,-2.16,5.69,5.69,cube17_cluster0,230,1.6650719029082188,ST,83.28054719292679,-11.37879274055619,0.1522002590525712
2025-09-15,641793,641793,699625,STL,CIN,3,0,2,1,SL,SL,R,R,S,Foul,87.6,87.6,0.32,0.32,0.63,0.63,2160.0,2160.0,201.0,201.0,8,6.1,6.1,-0.78,-0.78,6.29,6.29,cube50_cluster0,37,0.928160562940471,SL,89.4318003898919,-0.37548710296403526,10.18704890209373
2025-09-15,680732,680732,681297,CWS,BAL,3,1,2,2,KC,KC,R,R,S,Foul,83.2,83.2,0.15,0.15,-0.88,-0.88,2538.0,2538.0,41.0,41.0,2,7.0,7.0,-2.31,-2.31,6.27,6.27,cube8_cluster1,5,1.6532199054433159,CU,76.99877318439641,-5.367173817726275,-11.507933500365382
2025-09-15,680730,680730,671739,WSH,ATL,3,0,0,1,FF,FF,L,L,S,Foul,91.8,91.8,0.42,-0.42,1.55,1.55,2167.0,2167.0,169.0,191.0,7,6.8,6.8,1.04,-1.04,6.52,6.52,cube50_cluster0,37,1.876194781084359,SL,89.4318003898919,-0.37548710296403526,10.18704890209373
2025-09-15,680694,680694,666150,CWS,BAL,2,1,0,1,FF,FF,R,R,S,Swinging Strike,93.7,93.7,-0.03,-0.03,1.26,1.26,2373.0,2373.0,187.0,187.0,7,6.4,6.4,-1.02,-1.02,6.56,6.56,cube50_cluster0,37,1.2033258580518478,SL,89.4318003898919,-0.37548710296403526,10.18704890209373
2025-09-15,668678,668678,669477,AZ,SF,3,1,2,0,KC,KC,R,R,S,Called Strike,82.0,82.0,0.58,0.58,-0.8,-0.8,2558.0,2558.0,34.0,34.0,2,6.5,6.5,-3.16,-3.16,5.96,5.96,cube10_cluster0,173,1.692815545087318,ST,82.08401130843858,-12.249969959417843,-5.792755621368389
2025-09-15,624133,624133,660271,LAD,PHI,3,1,1,1,FF,FF,L,L,B,Ball,91.8,91.8,0.7,-0.7,0.52,0.52,1868.0,1868.0,130.0,230.0,9,6.1,6.1,2.46,-2.46,5.41,5.41,cube67_cluster0,835,1.288432358731525,CH,90.86602419473125,13.606542467363951,8.526706287157376
2025-09-15,829272,829272,542303,WSH,ATL,7,2,0,0,KC,KC,L,L,S,Foul,73.9,73.9,-0.59,0.59,-1.72,-1.72,2860.0,2860.0,342.0,18.0,2,6.1,6.1,1.26,-1.26,5.81,5.81,cube2_cluster0,105,1.305264759343195,CU,79.2443297084492,-9.955174138547218,-13.302302310391848
2025-09-15,607074,607074,640902,MIN,NYY,3,0,0,1,CH,CH,L,L,B,Ball,84.8,84.8,0.92,-0.92,0.55,0.55,1646.0,1646.0,137.0,223.0,8,6.3,6.3,2.19,-2.19,6.24,6.24,cube66_cluster0,197,1.066848057188967,CH,86.84077917182076,12.525512574763452,6.567520411131463
2025-09-15,678906,678906,543510,AZ,SF,2,2,1,2,FF,FF,R,R,B,Ball,94.7,94.7,-0.53,-0.53,0.81,0.81,2426.0,2426.0,237.0,237.0,9,6.4,6.4,-2.27,-2.27,5.4,5.4,cube61_cluster0,650,0.8940879683980325,FF,93.56609940362357,10.767633610073183,11.615865923476361
2025-09-15,677952,677952,807713,PIT,CHC,3,0,0,0,CU,CU,R,R,B,Ball,83.3,83.3,0.37,0.37,-1.21,-1.21,2651.0,2651.0,28.0,28.0,2,6.5,6.5,-0.82,-0.82,6.43,6.43,cube1_cluster0,11,1.1159446504498451,CU,80.41940225841523,-7.8151704354474925,-14.345667881001397
2025-09-15,676775,676775,606466,AZ,SF,8,2,0,0,FF,FF,R,R,S,Called Strike,94.3,94.3,-0.75,-0.75,1.33,1.33,2199.0,2199.0,222.0,222.0,8,6.2,6.2,-1.31,-1.31,6.18,6.18,cube59_cluster0,234,1.1162918328541047,FF,89.27696125383754,10.588468754256617,10.304337269887236
2025-09-15,702056,702056,700246,TB,TOR,2,2,0,2,FS,FS,R,R,B,Ball,84.7,84.7,-1.01,-1.01,0.66,0.66,1521.0,1521.0,216.0,216.0,8,6.2,6.2,-0.5,-0.5,7.13,7.13,cube59_cluster0,234,2.5644147786166833,FF,89.27696125383754,10.588468754256617,10.304337269887236
2025-09-15,592791,592791,694377,PIT,CHC,3,1,0,0,FF,FF,R,R,S,Foul,91.7,91.7,-0.45,-0.45,1.48,1.48,2289.0,2289.0,206.0,206.0,8,6.9,6.9,-1.0,-1.0,6.15,6.15,cube60_cluster0,1088,1.8212537178955162,FF,92.17053866131751,10.618556738155133,11.426031596706425
2025-09-15,678024,678024,681297,CWS,BAL,8,2,0,0,CU,CU,R,R,B,Ball,81.1,81.1,0.8,0.8,-1.25,-1.25,2482.0,2482.0,36.0,36.0,2,6.2,6.2,-1.48,-1.48,6.03,6.03,cube1_cluster1,12,0.7040695630305923,SL,75.6473201147479,-7.778794447221829,-14.516224951759256
2025-09-15,675911,675911,690987,WSH,ATL,3,1,1,0,CU,CU,R,R,S,Called Strike,78.5,78.5,0.74,0.74,-0.62,-0.62,2685.0,2685.0,62.0,62.0,3,6.7,6.7,-1.93,-1.93,5.86,5.86,cube9_cluster0,353,0.8794745515529944,CU,81.04977735376619,-10.683603137730767,-7.201930121038002
2025-09-15,702056,702056,700246,TB,TOR,2,2,0,1,FF,FF,R,R,S,Foul,95.3,95.3,-0.49,-0.49,1.73,1.73,2304.0,2304.0,197.0,197.0,8,6.3,6.3,-0.51,-0.51,6.96,6.96,cube50_cluster0,37,2.3606142431910566,SL,89.4318003898919,-0.37548710296403526,10.18704890209373
2025-09-15,647336,647336,687462,PIT,CHC,8,1,3,2,FF,FF,R,R,X,"Spencer Horwitz grounds out, first baseman Michael Busch to pitcher Michael Soroka.",94.6,94.6,-0.62,-0.62,1.33,1.33,2562.0,2562.0,228.0,228.0,9,6.3,6.3,-2.66,-2.66,5.61,5.61,cube61_cluster0,650,1.3167115338265267,FF,93.56609940362357,10.767633610073183,11.615865923476361
2025-09-15,671212,671212,543807,TB,TOR,3,2,0,0,FF,FF,R,R,S,Swinging Strike,98.8,98.8,-0.53,-0.53,1.25,1.25,2598.0,2598.0,222.0,222.0,8,6.5,6.5,-1.16,-1.16,5.74,5.74,cube60_cluster0,1088,1.705235423640877,FF,92.17053866131751,10.618556738155133,11.426031596706425
2025-09-15,608650,608650,678246,CWS,BAL,9,2,0,2,FF,FF,L,L,B,Ball,94.3,94.3,0.37,-0.37,1.42,1.42,2091.0,2091.0,150.0,210.0,8,6.2,6.2,1.83,-1.83,6.34,6.34,cube60_cluster0,1088,1.3563179700421164,FF,92.17053866131751,10.618556738155133,11.426031596706425
2025-09-15,669920,669920,673962,HOU,TEX,3,0,0,0,SI,SI,R,R,S,Called Strike,90.0,90.0,-1.22,-1.22,0.1,0.1,2042.0,2042.0,246.0,246.0,9,6.3,6.3,-1.65,-1.65,5.65,5.65,cube67_cluster0,835,1.0659750598838533,CH,90.86602419473125,13.606542467363951,8.526706287157376
2025-09-15,683004,683004,660821,HOU,TEX,2,1,0,0,FF,FF,R,R,S,Called Strike,97.4,97.4,-0.95,-0.95,1.41,1.41,2334.0,2334.0,213.0,213.0,8,6.8,6.8,-1.11,-1.11,5.53,5.53,cube61_cluster0,650,1.6774235917669187,FF,93.56609940362357,10.767633610073183,11.615865923476361
2025-09-15,641793,641793,699625,STL,CIN,3,0,1,1,FS,FS,R,R,B,Ball,82.1,82.1,-0.99,-0.99,0.13,0.13,900.0,900.0,244.0,244.0,9,6.0,6.0,-0.83,-0.83,6.17,6.17,cube59_cluster1,5,1.8286184005288029,SL,84.79163597246126,7.451913253012047,2.269996213425129
2025-09-15,669461,669461,670770,STL,CIN,3,1,2,1,SL,SL,L,L,S,Swinging Strike,85.6,85.6,-0.33,0.33,0.05,0.05,2820.0,2820.0,271.0,89.0,4,6.4,6.4,0.44,-0.44,6.47,6.47,cube15_cluster1,4,1.469909370196543,SL,83.959314171123,-4.504801604278075,-1.7933590909090908
2025-09-15,681517,681517,663886,STL,CIN,9,1,0,0,FF,FF,R,R,S,Called Strike,96.8,96.8,-0.33,-0.33,1.48,1.48,2552.0,2552.0,207.0,207.0,8,7.1,7.1,-1.97,-1.97,5.69,5.69,cube62_cluster1,11,1.3866284532513462,FF,95.54242544913883,5.728019039608564,15.221051570629365
2025-09-15,680732,680732,681297,CWS,BAL,3,1,1,2,CH,CH,R,R,B,Ball,87.5,87.5,-1.06,-1.06,0.88,0.88,1849.0,1849.0,233.0,233.0,9,7.4,7.4,-2.31,-2.31,6.04,6.04,cube62_cluster0,6,1.9825227987352563,SI,91.86488600736307,15.76720396342299,6.059817485939492
2025-09-15,668678,668678,669477,AZ,SF,3,1,1,0,FF,FF,R,R,B,Ball,93.2,93.2,-0.27,-0.27,1.45,1.45,2275.0,2275.0,210.0,210.0,8,6.3,6.3,-3.06,-3.06,6.02,6.02,cube52_cluster0,159,1.882247074373133,FC,90.76795186341266,-0.1350320156357884,9.625773571373404
2025-09-15,680730,680730,671739,WSH,ATL,3,0,0,0,SL,SL,L,L,S,Called Strike,83.0,83.0,-0.74,0.74,0.61,0.61,2324.0,2324.0,313.0,47.0,3,7.0,7.0,2.07,-2.07,6.04,6.04,cube24_cluster0,201,1.6794971671901506,SL,85.05707893868184,-5.4676349917482,1.0599892053755027
2025-09-15,607074,607074,640902,MIN,NYY,3,0,0,0,FF,FF,L,L,S,Foul Tip,93.2,93.2,0.63,-0.63,1.64,1.64,2421.0,2421.0,148.0,212.0,8,6.3,6.3,2.19,-2.19,6.4,6.4,cube66_cluster1,5,1.6472937099718812,FF,93.24252622389831,13.00015635891318,12.382567932373675
2025-09-15,676742,676742,807713,PIT,CHC,6,2,0,0,FF,FF,R,R,B,Ball,95.6,95.6,-0.75,-0.75,1.39,1.39,2543.0,2543.0,213.0,213.0,8,6.4,6.4,-3.31,-3.31,6.05,6.05,cube62_cluster1,11,2.048647366546026,FF,95.54242544913883,5.728019039608564,15.221051570629365
2025-09-15,678024,678024,694212,CWS,BAL,8,0,3,1,SI,SI,R,R,X,"Samuel Basallo grounds into a double play, shortstop Colson Montgomery to second baseman Chase Meidroth to first baseman Lenyn Sosa. Coby Mayo out at 2nd. Samuel Basallo out at 1st.",94.6,94.6,-1.18,-1.18,0.34,0.34,2182.0,2182.0,228.0,228.0,9,6.3,6.3,-1.64,-1.64,5.93,5.93,cube60_cluster0,1088,1.0340278544661614,FF,92.17053866131751,10.618556738155133,11.426031596706425
2025-09-15,680573,680573,676609,MIN,NYY,2,2,1,2,FF,FF,R,R,S,Foul,94.7,94.7,-0.4,-0.4,1.62,1.62,2301.0,2301.0,197.0,197.0,8,7.0,7.0,-1.12,-1.12,6.44,6.44,cube50_cluster0,37,2.1986211506728592,SL,89.4318003898919,-0.37548710296403526,10.18704890209373
2025-09-15,676775,676775,672695,AZ,SF,8,2,2,2,SI,SI,R,R,X,Geraldo Perdomo doubles (28) on a sharp line drive to center fielder Jung Hoo Lee. Jake McCarthy scores.,96.1,96.1,-1.12,-1.12,0.52,0.52,2139.0,2139.0,229.0,229.0,9,6.2,6.2,-1.41,-1.41,6.0,6.0,cube60_cluster0,1088,1.0487487167809673,FF,92.17053866131751,10.618556738155133,11.426031596706425
2025-09-15,624133,624133,660271,LAD,PHI,3,1,0,1,SL,SL,L,L,B,Ball,81.0,81.0,-0.78,0.78,0.12,0.12,2077.0,2077.0,277.0,83.0,4,6.3,6.3,2.23,-2.23,5.5,5.5,cube25_cluster0,134,1.2203009973328185,SL,84.71727501905048,-6.356816171388189,1.485555081783951
2025-09-15,678906,678906,543510,AZ,SF,2,2,1,1,ST,ST,R,R,S,Foul,84.8,84.8,1.48,1.48,0.07,0.07,2780.0,2780.0,55.0,55.0,3,6.3,6.3,-2.28,-2.28,5.36,5.36,cube17_cluster0,230,0.9033473605627153,ST,83.28054719292679,-11.37879274055619,0.1522002590525712
2025-09-15,693312,693312,621020,PIT,CHC,8,1,3,2,FF,FF,R,R,X,Dansby Swanson singles on a line drive to left fielder Tommy Pham.,96.6,96.6,-0.84,-0.84,1.47,1.47,2394.0,2394.0,217.0,217.0,8,7.1,7.1,-1.11,-1.11,6.02,6.02,cube60_cluster0,1088,1.9555490667347821,FF,92.17053866131751,10.618556738155133,11.426031596706425
2025-09-15,829272,829272,686948,WSH,ATL,7,2,0,0,FF,FF,L,L,X,Drake Baldwin singles on a sharp line drive to left fielder James Wood. Jurickson Profar scores. Matt Olson to 3rd. Ha-Seong Kim to 2nd.,92.7,92.7,0.87,-0.87,1.31,1.31,2192.0,2192.0,138.0,222.0,8,6.4,6.4,1.72,-1.72,5.55,5.55,cube60_cluster0,1088,0.8426492723546283,FF,92.17053866131751,10.618556738155133,11.426031596706425
2025-09-15,592791,592791,663698,PIT,CHC,3,0,1,0,FF,FF,R,R,X,"Joey Bart grounds out, third baseman Matt Shaw to first baseman Michael Busch.",92.5,92.5,-0.8,-0.8,1.44,1.44,2290.0,2290.0,207.0,207.0,8,6.7,6.7,-0.96,-0.96,6.19,6.19,cube60_cluster0,1088,1.6176833003042406,FF,92.17053866131751,10.618556738155133,11.426031596706425
2025-09-15,675911,675911,690987,WSH,ATL,3,1,0,0,FF,FF,R,R,B,Ball,93.9,93.9,-0.91,-0.91,1.6,1.6,2341.0,2341.0,212.0,212.0,8,7.0,7.0,-1.81,-1.81,5.92,5.92,cube61_cluster0,650,1.411252417740183,FF,93.56609940362357,10.767633610073183,11.615865923476361
2025-09-15,686218,686218,664056,LAD,PHI,3,0,3,2,FF,FF,R,R,B,Harrison Bader walks.,96.3,96.3,-0.73,-0.73,1.44,1.44,2468.0,2468.0,205.0,205.0,8,6.6,6.6,-0.9,-0.9,5.43,5.43,cube60_cluster0,1088,1.9378927205781364,FF,92.17053866131751,10.618556738155133,11.426031596706425
2025-09-15,680694,680694,666150,CWS,BAL,2,1,0,0,FF,FF,R,R,S,Called Strike,93.7,93.7,0.16,0.16,1.14,1.14,2366.0,2366.0,188.0,188.0,7,6.3,6.3,-1.02,-1.02,6.57,6.57,cube50_cluster0,37,1.0590844608152232,SL,89.4318003898919,-0.37548710296403526,10.18704890209373
2025-09-15,677952,677952,650489,PIT,CHC,2,2,2,2,FF,FF,R,R,S,Willi Castro strikes out swinging.,98.2,98.2,-0.78,-0.78,1.22,1.22,2323.0,2323.0,226.0,226.0,9,6.4,6.4,-0.98,-0.98,6.16,6.16,cube60_cluster0,1088,1.5232417496792374,FF,92.17053866131751,10.618556738155133,11.426031596706425
2025-09-15,702056,702056,700246,TB,TOR,2,2,0,0,FF,FF,R,R,S,Called Strike,94.8,94.8,-0.32,-0.32,1.64,1.64,2204.0,2204.0,196.0,196.0,8,6.2,6.2,-0.43,-0.43,7.06,7.06,cube50_cluster0,37,2.3886281576444137,SL,89.4318003898919,-0.37548710296403526,10.18704890209373
2025-09-15,676742,676742,650489,PIT,CHC,6,2,3,2,FF,FF,R,R,B,Willi Castro walks.,96.3,96.3,-0.65,-0.65,1.44,1.44,2518.0,2518.0,216.0,216.0,8,6.5,6.5,-2.95,-2.95,6.2,6.2,cube61_cluster0,650,1.907125124630059,FF,93.56609940362357,10.767633610073183,11.615865923476361
2025-09-15,608650,608650,678246,CWS,BAL,9,2,0,1,FF,FF,L,L,S,Swinging Strike,93.1,93.1,0.29,-0.29,1.27,1.27,2119.0,2119.0,150.0,210.0,8,6.2,6.2,1.91,-1.91,6.44,6.44,cube50_cluster0,37,1.3143209655209482,SL,89.4318003898919,-0.37548710296403526,10.18704890209373
2025-09-15,647336,647336,687462,PIT,CHC,8,1,2,2,SV,SV,R,R,B,Ball,79.4,79.4,1.28,1.28,-0.93,-0.93,3008.0,3008.0,59.0,59.0,3,6.2,6.2,-2.66,-2.66,5.95,5.95,cube3_cluster0,7,1.0005999765435614,CU,81.18692210282288,-11.451773936938942,-10.945698317474191
2025-09-15,678024,678024,694212,CWS,BAL,8,0,2,1,SI,SI,R,R,B,Ball,94.0,94.0,-1.13,-1.13,0.32,0.32,2214.0,2214.0,229.0,229.0,9,6.5,6.5,-1.75,-1.75,5.77,5.77,cube67_cluster0,835,0.9814320300215102,CH,90.86602419473125,13.606542467363951,8.526706287157376
2025-09-15,686218,686218,664056,LAD,PHI,3,0,3,1,FF,FF,R,R,S,Foul,94.8,94.8,-0.95,-0.95,1.28,1.28,2458.0,2458.0,211.0,211.0,8,6.5,6.5,-0.97,-0.97,5.49,5.49,cube60_cluster0,1088,1.6498797559470968,FF,92.17053866131751,10.618556738155133,11.426031596706425
2025-09-15,688497,688497,808982,AZ,SF,8,2,1,2,FF,FF,R,R,X,"Jung Hoo Lee grounds out, third baseman Blaze Alexander to first baseman Ildemaro Vargas.",89.3,89.3,0.4,0.4,1.35,1.35,2199.0,2199.0,177.0,177.0,7,6.9,6.9,0.06,0.06,6.34,6.34,cube50_cluster0,37,2.5749897415603904,SL,89.4318003898919,-0.37548710296403526,10.18704890209373
2025-09-15,677952,677952,650489,PIT,CHC,2,2,2,2,FF,FF,R,R,S,Foul,98.9,98.9,-0.63,-0.63,1.44,1.44,2477.0,2477.0,223.0,223.0,8,6.5,6.5,-1.04,-1.04,6.08,6.08,cube60_cluster0,1088,1.7370793230122226,FF,92.17053866131751,10.618556738155133,11.426031596706425
2025-09-15,669461,669461,670770,STL,CIN,3,1,2,0,SL,SL,L,L,S,Called Strike,86.4,86.4,-0.28,0.28,0.2,0.2,2680.0,2680.0,238.0,122.0,5,6.2,6.2,0.57,-0.57,6.52,6.52,cube31_cluster0,31,1.4173656009427364,SL,85.53907999105853,-4.021504116996385,3.5159534946310442
2025-09-15,592791,592791,663698,PIT,CHC,3,0,0,0,FF,FF,R,R,B,Ball,92.4,92.4,-0.59,-0.59,1.62,1.62,2410.0,2410.0,206.0,206.0,8,6.9,6.9,-1.14,-1.14,6.15,6.15,cube60_cluster0,1088,1.8488771052732904,FF,92.17053866131751,10.618556738155133,11.426031596706425
2025-09-15,641793,641793,699625,STL,CIN,3,0,1,0,SL,SL,R,R,S,Foul,86.7,86.7,0.06,0.06,0.66,0.66,2233.0,2233.0,199.0,199.0,8,6.1,6.1,-0.94,-0.94,6.25,6.25,cube50_cluster0,37,0.6646301289750393,SL,89.4318003898919,-0.37548710296403526,10.18704890209373
2025-09-15,680732,680732,681297,CWS,BAL,3,1,0,2,FF,FF,R,R,B,Ball,98.1,98.1,-0.13,-0.13,1.45,1.45,2649.0,2649.0,199.0,199.0,8,7.1,7.1,-2.18,-2.18,6.31,6.31,cube62_cluster1,11,1.9842043909930869,FF,95.54242544913883,5.728019039608564,15.221051570629365
2025-09-15,668678,668678,669477,AZ,SF,3,1,0,0,KC,KC,R,R,B,Ball,81.0,81.0,0.51,0.51,-0.73,-0.73,2451.0,2451.0,39.0,39.0,2,6.4,6.4,-3.13,-3.13,5.95,5.95,cube17_cluster1,4,1.626442536305788,CU,78.95917169292895,-10.024787945860975,-3.9433667010451945
2025-09-15,683004,683004,673237,HOU,TEX,2,0,1,2,CH,CH,R,R,X,"Yainer Diaz grounds out, third baseman Josh Jung to first baseman Jake Burger.",92.2,92.2,-1.31,-1.31,0.19,0.19,1426.0,1426.0,229.0,229.0,9,6.8,6.8,-1.1,-1.1,5.63,5.63,cube59_cluster1,5,1.3971211413045677,SL,84.79163597246126,7.451913253012047,2.269996213425129
2025-09-15,681517,681517,701398,STL,CIN,9,1,1,2,SL,SL,R,R,X,"Sal Stewart singles on a ground ball to third baseman Nolan Arenado, deflected by pitcher Kyle Leahy. TJ Friedl scores. Noelvi Marte to 3rd. Austin Hays to 2nd.",90.6,90.6,0.79,0.79,0.48,0.48,2654.0,2654.0,94.0,94.0,4,6.9,6.9,-2.24,-2.24,5.61,5.61,cube25_cluster0,134,1.195226531151549,SL,84.71727501905048,-6.356816171388189,1.485555081783951
2025-09-15,680730,680730,542303,WSH,ATL,2,2,2,2,FF,FF,L,L,X,"Marcell Ozuna grounds out, shortstop CJ Abrams to first baseman Josh Bell.",93.4,93.4,0.29,-0.29,1.63,1.63,2239.0,2239.0,171.0,189.0,7,7.0,7.0,0.89,-0.89,6.43,6.43,cube50_cluster0,37,2.2054659639986367,SL,89.4318003898919,-0.37548710296403526,10.18704890209373
2025-09-15,680694,680694,805367,CWS,BAL,2,1,2,0,SI,SI,R,R,X,Chase Meidroth singles on a ground ball to left fielder Dylan Beavers.,93.9,93.9,-0.69,-0.69,1.26,1.26,2257.0,2257.0,192.0,192.0,7,6.3,6.3,-0.99,-0.99,6.5,6.5,cube50_cluster0,37,1.3660347893079827,SL,89.4318003898919,-0.37548710296403526,10.18704890209373
2025-09-15,675911,675911,656180,WSH,ATL,3,0,0,0,FF,FF,R,R,X,Riley Adams lines out sharply to center fielder Michael Harris II.,94.4,94.4,-0.88,-0.88,1.45,1.45,2367.0,2367.0,212.0,212.0,8,6.9,6.9,-1.57,-1.57,5.97,5.97,cube60_cluster0,1088,1.3718972542839676,FF,92.17053866131751,10.618556738155133,11.426031596706425
2025-09-15,678906,678906,543510,AZ,SF,2,2,1,0,SI,SI,R,R,S,Called Strike,92.4,92.4,-0.98,-0.98,0.49,0.49,2356.0,2356.0,230.0,230.0,9,6.3,6.3,-2.29,-2.29,5.38,5.38,cube68_cluster0,637,0.8865436573593858,FF,92.88295797031044,13.980317543503329,9.180920892722085
2025-09-15,671212,671212,665926,TB,TOR,3,1,1,1,FS,FS,R,R,X,Andrés Giménez lines out to left fielder Chandler Simpson.,93.3,93.3,-1.19,-1.19,-0.09,-0.09,2049.0,2049.0,240.0,240.0,9,6.5,6.5,-1.18,-1.18,5.67,5.67,cube67_cluster0,835,1.6419773275463654,CH,90.86602419473125,13.606542467363951,8.526706287157376
2025-09-15,669920,669920,696030,HOU,TEX,2,2,2,2,CH,CH,R,R,X,"Alejandro Osuna grounds out, second baseman Jose Altuve to first baseman Christian Walker.",81.2,81.2,-1.57,-1.57,0.19,0.19,1689.0,1689.0,269.0,269.0,10,6.4,6.4,-1.5,-1.5,5.61,5.61,cube66_cluster0,197,1.4007351536985915,CH,86.84077917182076,12.525512574763452,6.567520411131463
2025-09-15,624133,624133,660271,LAD,PHI,3,1,0,0,CU,CU,L,L,S,Foul,75.9,75.9,-0.75,0.75,-0.71,-0.71,2069.0,2069.0,308.0,52.0,3,6.3,6.3,2.3,-2.3,5.65,5.65,cube9_cluster0,353,1.6225874105066305,CU,81.04977735376619,-10.683603137730767,-7.201930121038002
2025-09-15,693312,693312,621020,PIT,CHC,8,1,2,2,CU,CU,R,R,B,Ball,85.8,85.8,0.54,0.54,-0.98,-0.98,2726.0,2726.0,41.0,41.0,2,7.2,7.2,-1.06,-1.06,5.82,5.82,cube2_cluster0,105,2.1037366130957054,CU,79.2443297084492,-9.955174138547218,-13.302302310391848
2025-09-15,607074,607074,686797,MIN,NYY,2,2,1,1,CH,CH,L,L,X,"Brooks Lee grounds out softly, pitcher Carlos Rodón to first baseman Paul Goldschmidt.",82.9,82.9,1.28,-1.28,0.47,0.47,1667.0,1667.0,131.0,229.0,9,6.1,6.1,2.32,-2.32,6.17,6.17,cube66_cluster0,197,1.293385780306276,CH,86.84077917182076,12.525512574763452,6.567520411131463
2025-09-15,680573,680573,676609,MIN,NYY,2,2,0,2,SL,SL,R,R,B,Ball,87.7,87.7,0.07,0.07,0.58,0.58,2173.0,2173.0,178.0,178.0,7,6.9,6.9,-1.57,-1.57,6.22,6.22,cube42_cluster0,221,1.2936154337833428,FC,88.14517513894621,-2.9372479967817404,6.184306080936519
2025-09-15,829272,829272,673490,WSH,ATL,7,2,3,2,FF,FF,L,L,B,Ha-Seong Kim walks.,93.0,93.0,0.93,-0.93,1.22,1.22,2346.0,2346.0,144.0,216.0,8,6.3,6.3,1.67,-1.67,5.62,5.62,cube60_cluster0,1088,0.819711498362522,FF,92.17053866131751,10.618556738155133,11.426031596706425
2025-09-15,676775,676775,672695,AZ,SF,8,2,2,1,FS,FS,R,R,S,Foul,88.7,88.7,-1.13,-1.13,0.23,0.23,1569.0,1569.0,238.0,238.0,9,6.2,6.2,-1.41,-1.41,5.99,5.99,cube66_cluster0,197,0.5826644881700931,CH,86.84077917182076,12.525512574763452,6.567520411131463
2025-09-15,676742,676742,650489,PIT,CHC,6,2,3,1,CH,CH,R,R,S,Swinging Strike,89.4,89.4,-1.32,-1.32,-0.17,-0.17,1640.0,1640.0,240.0,240.0,9,6.3,6.3,-2.96,-2.96,5.93,5.93,cube67_cluster0,835,2.101654086657308,CH,90.86602419473125,13.606542467363951,8.526706287157376
2025-09-15,693312,693312,621020,PIT,CHC,8,1,1,2,SL,SL,R,R,B,Ball,90.9,90.9,0.55,0.55,0.18,0.18,2680.0,2680.0,161.0,161.0,6,7.0,7.0,-1.1,-1.1,5.89,5.89,cube32_cluster0,191,1.620805943518335,SL,86.80283260847423,-3.994445228339661,3.088972714840957
2025-09-15,671212,671212,665926,TB,TOR,3,1,0,1,SL,SL,R,R,B,Ball,92.0,92.0,0.45,0.45,0.05,0.05,2794.0,2794.0,121.0,121.0,5,6.4,6.4,-1.03,-1.03,5.81,5.81,cube16_cluster1,3,1.483734839721151,SL,84.62908556149733,-4.066402139037433,-1.9111454545454545
2025-09-15,688497,688497,808982,AZ,SF,8,2,0,2,FF,FF,R,R,B,Ball,90.1,90.1,0.4,0.4,1.56,1.56,2276.0,2276.0,182.0,182.0,7,6.8,6.8,0.13,0.13,6.35,6.35,cube50_cluster0,37,2.640453664389288,SL,89.4318003898919,-0.37548710296403526,10.18704890209373
2025-09-15,686218,686218,664056,LAD,PHI,3,0,2,1,FF,FF,R,R,B,Ball,94.6,94.6,-0.81,-0.81,1.48,1.48,2472.0,2472.0,213.0,213.0,8,6.7,6.7,-1.02,-1.02,5.38,5.38,cube61_cluster0,650,1.8542895799299102,FF,93.56609940362357,10.767633610073183,11.615865923476361
2025-09-15,647336,647336,687462,PIT,CHC,8,1,2,1,SV,SV,R,R,S,Called Strike,81.7,81.7,0.93,0.93,-0.85,-0.85,2895.0,2895.0,53.0,53.0,3,6.1,6.1,-2.72,-2.72,5.76,5.76,cube3_cluster1,7,1.0413977700060335,CU,81.211572836182,-17.52205244065557,-6.477636799325996
2025-09-15,669920,669920,696030,HOU,TEX,2,2,2,1,CH,CH,R,R,S,Foul,81.9,81.9,-1.59,-1.59,0.25,0.25,1996.0,1996.0,255.0,255.0,10,6.4,6.4,-1.5,-1.5,5.6,5.6,cube67_cluster0,835,1.5513244832392536,CH,90.86602419473125,13.606542467363951,8.526706287157376
2025-09-15,683004,683004,673237,HOU,TEX,2,0,1,1,FF,FF,R,R,S,Foul,97.7,97.7,-0.9,-0.9,1.58,1.58,2465.0,2465.0,216.0,216.0,8,6.7,6.7,-1.16,-1.16,5.57,5.57,cube61_cluster0,650,1.756774842288011,FF,93.56609940362357,10.767633610073183,11.615865923476361
2025-09-15,641793,641793,699625,STL,CIN,3,0,0,0,SI,SI,R,R,B,Ball,90.2,90.2,-1.24,-1.24,1.12,1.12,1945.0,1945.0,216.0,216.0,8,6.1,6.1,-0.86,-0.86,6.12,6.12,cube59_cluster0,234,0.9180424664884259,FF,89.27696125383754,10.588468754256617,10.304337269887236
2025-09-15,669461,669461,670770,STL,CIN,3,1,1,0,SI,SI,L,L,B,Ball,95.5,95.5,1.34,-1.34,1.12,1.12,2231.0,2231.0,146.0,214.0,8,6.5,6.5,0.57,-0.57,6.49,6.49,cube59_cluster0,234,1.9024735912063881,FF,89.27696125383754,10.588468754256617,10.304337269887236
2025-09-15,681517,681517,701398,STL,CIN,9,1,1,2,ST,ST,R,R,S,Foul,87.8,87.8,1.52,1.52,0.33,0.33,2650.0,2650.0,60.0,60.0,3,7.1,7.1,-2.09,-2.09,5.7,5.7,cube17_cluster0,230,1.6282852832562669,ST,83.28054719292679,-11.37879274055619,0.1522002590525712
2025-09-15,680732,680732,681297,CWS,BAL,3,1,0,2,CH,CH,R,R,S,Foul,89.2,89.2,-1.24,-1.24,0.26,0.26,1633.0,1633.0,238.0,238.0,9,7.4,7.4,-2.37,-2.37,5.97,5.97,cube62_cluster0,6,2.0624332629823483,SI,91.86488600736307,15.76720396342299,6.059817485939492
2025-09-15,680730,680730,542303,WSH,ATL,2,2,1,2,FS,FS,L,L,B,Ball,84.5,84.5,0.18,-0.18,0.68,0.68,894.0,894.0,141.0,219.0,8,7.1,7.1,1.99,-1.99,6.07,6.07,cube59_cluster1,5,1.7518924247636913,SL,84.79163597246126,7.451913253012047,2.269996213425129
2025-09-15,680694,680694,805367,CWS,BAL,2,1,1,0,SL,SL,R,R,B,Ball,86.5,86.5,1.04,1.04,-0.06,-0.06,2622.0,2622.0,47.0,47.0,3,6.5,6.5,-1.16,-1.16,6.31,6.31,cube15_cluster0,23,1.3460304235437037,CU,82.92103283413093,-3.9398978499082826,-3.816941770346403
2025-09-15,678906,678906,543510,AZ,SF,2,2,0,0,ST,ST,R,R,B,Ball,85.0,85.0,1.34,1.34,0.03,0.03,2815.0,2815.0,53.0,53.0,3,6.5,6.5,-2.34,-2.34,5.48,5.48,cube17_cluster0,230,0.7466342124497488,ST,83.28054719292679,-11.37879274055619,0.1522002590525712
2025-09-15,829272,829272,673490,WSH,ATL,7,2,3,1,FF,FF,L,L,S,Foul,93.5,93.5,0.63,-0.63,1.4,1.4,2372.0,2372.0,145.0,215.0,8,6.3,6.3,1.6,-1.6,5.54,5.54,cube60_cluster0,1088,1.151711037756085,FF,92.17053866131751,10.618556738155133,11.426031596706425
2025-09-15,607074,607074,686797,MIN,NYY,2,2,0,1,FF,FF,L,L,B,Ball,94.8,94.8,1.01,-1.01,1.46,1.46,2441.0,2441.0,149.0,211.0,8,6.2,6.2,2.18,-2.18,6.35,6.35,cube66_cluster1,5,1.2992147692256046,FF,93.24252622389831,13.00015635891318,12.382567932373675
2025-09-15,680573,680573,676609,MIN,NYY,2,2,0,2,SL,SL,R,R,S,Foul,85.7,85.7,0.61,0.61,0.5,0.5,2332.0,2332.0,156.0,156.0,6,6.9,6.9,-1.35,-1.35,6.21,6.21,cube32_cluster0,191,1.2924314986064995,SL,86.80283260847423,-3.994445228339661,3.088972714840957
2025-09-15,675911,675911,686611,WSH,ATL,2,2,3,2,FF,FF,R,R,X,Dylan Crews flies out to center fielder Michael Harris II.,96.4,96.4,-0.57,-0.57,1.47,1.47,2349.0,2349.0,210.0,210.0,8,7.0,7.0,-1.72,-1.72,5.89,5.89,cube61_cluster0,650,1.4166511269135267,FF,93.56609940362357,10.767633610073183,11.615865923476361
2025-09-15,702056,702056,656484,TB,TOR,2,1,1,2,FS,FS,R,R,S,"Tristan Gray strikes out swinging, catcher Tyler Heineman to first baseman Vladimir Guerrero Jr.",84.3,84.3,-1.12,-1.12,0.66,0.66,1644.0,1644.0,216.0,216.0,8,6.1,6.1,-0.59,-0.59,7.16,7.16,cube59_cluster0,234,2.471199248369972,FF,89.27696125383754,10.588468754256617,10.304337269887236
2025-09-15,701519,701519,641355,MIN,NYY,8,2,3,2,FF,FF,R,R,X,"Yankees challenged (catch or drop), call on the field was overturned: Cody Bellinger flies out to left fielder Austin Martin in foul territory, on fan interference.",96.1,96.1,-0.6,-0.6,1.42,1.42,2385.0,2385.0,206.0,206.0,8,6.4,6.4,-0.63,-0.63,6.14,6.14,cube50_cluster0,37,1.7824179490384815,SL,89.4318003898919,-0.37548710296403526,10.18704890209373
2025-09-15,678024,678024,694212,CWS,BAL,8,0,1,1,CH,CH,R,R,B,Ball,86.3,86.3,-0.88,-0.88,0.03,0.03,1531.0,1531.0,244.0,244.0,9,6.0,6.0,-1.64,-1.64,5.81,5.81,cube66_cluster0,197,0.9919300199978105,CH,86.84077917182076,12.525512574763452,6.567520411131463
2025-09-15,624133,624133,642020,LAD,PHI,3,0,0,1,FF,FF,L,L,X,"Chuckie Robinson out on a sacrifice bunt, pitcher Ranger Suarez to second baseman Weston Wilson. Andy Pages to 3rd.",90.8,90.8,0.4,-0.4,0.86,0.86,1891.0,1891.0,124.0,236.0,9,6.0,6.0,2.46,-2.46,5.51,5.51,cube67_cluster0,835,1.4461359576679376,CH,90.86602419473125,13.606542467363951,8.526706287157376
2025-09-15,608650,608650,678246,CWS,BAL,9,2,0,0,FF,FF,L,L,S,Foul,93.9,93.9,0.57,-0.57,1.2,1.2,2040.0,2040.0,147.0,213.0,8,6.3,6.3,1.97,-1.97,6.32,6.32,cube60_cluster0,1088,1.1046436732618143,FF,92.17053866131751,10.618556738155133,11.426031596706425
2025-09-15,677952,677952,650489,PIT,CHC,2,2,2,1,SL,SL,R,R,S,Foul,93.5,93.5,-0.11,-0.11,0.66,0.66,2588.0,2588.0,218.0,218.0,8,6.0,6.0,-1.2,-1.2,6.26,6.26,cube50_cluster0,37,0.9848504479112092,SL,89.4318003898919,-0.37548710296403526,10.18704890209373
2025-09-15,676775,676775,672695,AZ,SF,8,2,1,1,FF,FF,R,R,B,Ball,94.9,94.9,-0.59,-0.59,1.22,1.22,2274.0,2274.0,222.0,222.0,8,6.3,6.3,-1.26,-1.26,6.18,6.18,cube60_cluster0,1088,1.1442791126278475,FF,92.17053866131751,10.618556738155133,11.426031596706425
2025-09-15,668678,668678,672275,AZ,SF,3,0,1,2,FF,FF,R,R,S,Patrick Bailey called out on strikes.,93.9,93.9,-0.22,-0.22,1.29,1.29,2262.0,2262.0,209.0,209.0,8,6.3,6.3,-3.09,-3.09,5.99,5.99,cube52_cluster0,159,1.786371472343723,FC,90.76795186341266,-0.1350320156357884,9.625773571373404
2025-09-15,592791,592791,669261,PIT,CHC,2,2,3,2,CH,CH,R,R,S,Jack Suwinski strikes out swinging.,84.7,84.7,-1.31,-1.31,0.75,0.75,1664.0,1664.0,234.0,234.0,9,6.8,6.8,-1.17,-1.17,6.14,6.14,cube66_cluster0,197,1.2913599470882255,CH,86.84077917182076,12.525512574763452,6.567520411131463
2025-09-15,702056,702056,656484,TB,TOR,2,1,0,2,FS,FS,R,R,B,Ball,84.4,84.4,-0.78,-0.78,0.66,0.66,1668.0,1668.0,215.0,215.0,8,6.2,6.2,-0.54,-0.54,7.2,7.2,cube59_cluster0,234,2.5392220112400703,FF,89.27696125383754,10.588468754256617,10.304337269887236
2025-09-15,701519,701519,641355,MIN,NYY,8,2,2,2,CH,CH,R,R,B,Ball,89.4,89.4,-1.37,-1.37,0.47,0.47,1949.0,1949.0,239.0,239.0,9,6.5,6.5,-1.03,-1.03,5.6,5.6,cube67_cluster0,835,1.405582203351244,CH,90.86602419473125,13.606542467363951,8.526706287157376
2025-09-15,693312,693312,621020,PIT,CHC,8,1,0,2,CU,CU,R,R,B,Ball,87.8,87.8,0.74,0.74,-1.14,-1.14,2822.0,2822.0,42.0,42.0,2,7.1,7.1,-1.03,-1.03,5.87,5.87,cube2_cluster0,105,2.027119612106644,CU,79.2443297084492,-9.955174138547218,-13.302302310391848
2025-09-15,641793,641793,695336,STL,CIN,2,1,0,0,FF,FF,R,R,X,"Thomas Saggese grounds into a double play, shortstop Elly De La Cruz to second baseman Matt McLain to first baseman Sal Stewart. Nolan Arenado out at 2nd. Thomas Saggese out at 1st.",91.4,91.4,-0.53,-0.53,1.4,1.4,2058.0,2058.0,207.0,207.0,8,6.3,6.3,-0.45,-0.45,6.28,6.28,cube59_cluster0,234,1.6666230217667124,FF,89.27696125383754,10.588468754256617,10.304337269887236
2025-09-15,688497,688497,808982,AZ,SF,8,2,0,1,FF,FF,R,R,S,Foul,89.3,89.3,0.19,0.19,1.49,1.49,2264.0,2264.0,180.0,180.0,7,6.9,6.9,0.08,0.08,6.32,6.32,cube50_cluster0,37,2.6185051077667403,SL,89.4318003898919,-0.37548710296403526,10.18704890209373
2025-09-15,671212,671212,665926,TB,TOR,3,1,0,0,SL,SL,R,R,S,Swinging Strike,92.2,92.2,0.1,0.1,0.22,0.22,2661.0,2661.0,168.0,168.0,7,6.4,6.4,-1.09,-1.09,5.84,5.84,cube32_cluster0,191,1.3022907724728818,SL,86.80283260847423,-3.994445228339661,3.088972714840957
2025-09-15,647336,647336,687462,PIT,CHC,8,1,2,0,FF,FF,R,R,S,Foul,94.4,94.4,-0.84,-0.84,1.36,1.36,2624.0,2624.0,221.0,221.0,8,6.4,6.4,-2.74,-2.74,5.64,5.64,cube61_cluster0,650,1.383823421133736,FF,93.56609940362357,10.767633610073183,11.615865923476361
2025-09-15,686218,686218,664056,LAD,PHI,3,0,1,1,SL,SL,R,R,B,Ball,87.6,87.6,0.52,0.52,0.45,0.45,2381.0,2381.0,200.0,200.0,8,6.6,6.6,-1.14,-1.14,5.34,5.34,cube42_cluster0,221,1.578739679679993,FC,88.14517513894621,-2.9372479967817404,6.184306080936519
2025-09-15,676775,676775,672695,AZ,SF,8,2,0,1,FF,FF,R,R,B,Ball,95.5,95.5,-0.44,-0.44,1.19,1.19,2278.0,2278.0,219.0,219.0,8,6.0,6.0,-1.24,-1.24,6.19,6.19,cube50_cluster0,37,1.0888436897168918,SL,89.4318003898919,-0.37548710296403526,10.18704890209373
2025-09-15,669920,669920,696030,HOU,TEX,2,2,1,1,SI,SI,R,R,B,Ball,91.7,91.7,-1.34,-1.34,0.26,0.26,2054.0,2054.0,245.0,245.0,9,6.4,6.4,-1.86,-1.86,5.6,5.6,cube67_cluster0,835,0.8387804921252282,CH,90.86602419473125,13.606542467363951,8.526706287157376
2025-09-15,683004,683004,673237,HOU,TEX,2,0,1,0,SI,SI,R,R,S,Foul,96.5,96.5,-1.36,-1.36,0.98,0.98,2383.0,2383.0,217.0,217.0,8,6.8,6.8,-1.18,-1.18,5.59,5.59,cube61_cluster0,650,1.536524123314848,FF,93.56609940362357,10.767633610073183,11.615865923476361
2025-09-15,669461,669461,670770,STL,CIN,3,1,0,0,SL,SL,L,L,B,Ball,88.1,88.1,-0.3,0.3,0.24,0.24,2814.0,2814.0,240.0,120.0,5,6.4,6.4,0.62,-0.62,6.48,6.48,cube31_cluster0,31,1.6333186183911517,SL,85.53907999105853,-4.021504116996385,3.5159534946310442
2025-09-15,677952,677952,650489,PIT,CHC,2,2,2,0,SL,SL,R,R,S,Called Strike,92.6,92.6,0.01,0.01,0.66,0.66,2629.0,2629.0,212.0,212.0,8,6.3,6.3,-1.17,-1.17,6.21,6.21,cube50_cluster0,37,1.0636117240856175,SL,89.4318003898919,-0.37548710296403526,10.18704890209373
2025-09-15,681517,681517,701398,STL,CIN,9,1,1,2,FF,FF,R,R,S,Foul,96.2,96.2,-0.06,-0.06,1.56,1.56,2419.0,2419.0,205.0,205.0,8,7.1,7.1,-1.94,-1.94,5.73,5.73,cube62_cluster1,11,1.4455656859402553,FF,95.54242544913883,5.728019039608564,15.221051570629365
2025-09-15,592791,592791,669261,PIT,CHC,2,2,3,2,CU,CU,R,R,S,Foul,79.7,79.7,0.7,0.7,-0.79,-0.79,2554.0,2554.0,39.0,39.0,2,6.9,6.9,-1.06,-1.06,6.3,6.3,cube8_cluster0,47,1.5057528998755993,CU,78.44568855893485,-8.550382045687398,-9.675482721274784
2025-09-15,680732,680732,681297,CWS,BAL,3,1,0,2,CH,CH,R,R,S,Foul,89.1,89.1,-1.18,-1.18,0.62,0.62,1876.0,1876.0,234.0,234.0,9,7.2,7.2,-2.36,-2.36,6.01,6.01,cube67_cluster0,835,1.68723993085,CH,90.86602419473125,13.606542467363951,8.526706287157376
2025-09-15,680730,680730,542303,WSH,ATL,2,2,1,1,CU,CU,L,L,S,Foul,77.7,77.7,-0.49,0.49,-0.98,-0.98,2367.0,2367.0,336.0,24.0,2,6.8,6.8,1.69,-1.69,6.26,6.26,cube8_cluster1,5,0.8660813408379964,CU,76.99877318439641,-5.367173817726275,-11.507933500365382
2025-09-15,668678,668678,672275,AZ,SF,3,0,1,1,FF,FF,R,R,S,Called Strike,94.3,94.3,-0.46,-0.46,1.39,1.39,2345.0,2345.0,216.0,216.0,8,6.4,6.4,-3.06,-3.06,5.95,5.95,cube61_cluster0,650,1.7060970173350847,FF,93.56609940362357,10.767633610073183,11.615865923476361
2025-09-15,607074,607074,686797,MIN,NYY,2,2,0,0,SL,SL,L,L,S,Swinging Strike,86.9,86.9,-0.34,0.34,0.18,0.18,2613.0,2613.0,269.0,91.0,4,6.0,6.0,2.51,-2.51,6.1,6.1,cube24_cluster0,201,1.4013981655223364,SL,85.05707893868184,-5.4676349917482,1.0599892053755027
2025-09-15,678024,678024,694212,CWS,BAL,8,0,1,0,FF,FF,R,R,S,Foul,94.0,94.0,-0.44,-0.44,1.14,1.14,2137.0,2137.0,229.0,229.0,9,6.5,6.5,-1.79,-1.79,5.8,5.8,cube60_cluster0,1088,0.7002295231781287,FF,92.17053866131751,10.618556738155133,11.426031596706425
2025-09-15,675911,675911,686611,WSH,ATL,2,2,3,2,FF,FF,R,R,S,Foul,96.2,96.2,-0.63,-0.63,1.59,1.59,2348.0,2348.0,210.0,210.0,8,7.1,7.1,-1.77,-1.77,5.84,5.84,cube61_cluster0,650,1.5412420450582922,FF,93.56609940362357,10.767633610073183,11.615865923476361
2025-09-15,678906,678906,677950,AZ,SF,2,1,1,2,CU,CU,R,R,X,"Alek Thomas grounds out, third baseman Matt Chapman to first baseman Rafael Devers.",85.2,85.2,1.44,1.44,-0.64,-0.64,2823.0,2823.0,33.0,33.0,2,6.4,6.4,-2.21,-2.21,5.63,5.63,cube10_cluster0,173,0.7925121921053131,ST,82.08401130843858,-12.249969959417843,-5.792755621368389
2025-09-15,624133,624133,642020,LAD,PHI,3,0,0,0,FF,FF,L,L,S,Foul Bunt,91.5,91.5,0.47,-0.47,0.79,0.79,1854.0,1854.0,128.0,232.0,9,6.2,6.2,2.49,-2.49,5.5,5.5,cube67_cluster0,835,1.2811796150903856,CH,90.86602419473125,13.606542467363951,8.526706287157376
2025-09-15,680573,680573,676609,MIN,NYY,2,2,0,1,FS,FS,R,R,S,Swinging Strike,85.7,85.7,-1.03,-1.03,0.42,0.42,1067.0,1067.0,217.0,217.0,8,6.9,6.9,-1.12,-1.12,6.39,6.39,cube59_cluster1,5,1.2404650304130338,SL,84.79163597246126,7.451913253012047,2.269996213425129
2025-09-15,608650,608650,678554,CWS,BAL,9,1,0,0,CH,CH,L,L,X,Curtis Mead flies out to right fielder Tyler O'Neill.,85.2,85.2,1.02,-1.02,0.64,0.64,1217.0,1217.0,120.0,240.0,9,6.2,6.2,1.94,-1.94,6.23,6.23,cube66_cluster0,197,1.1311501897127525,CH,86.84077917182076,12.525512574763452,6.567520411131463
2025-09-15,680694,680694,805367,CWS,BAL,2,1,0,0,SI,SI,R,R,B,Ball,94.9,94.9,-1.12,-1.12,0.92,0.92,2177.0,2177.0,201.0,201.0,8,6.5,6.5,-0.91,-0.91,6.28,6.28,cube59_cluster0,234,1.3632618600599316,FF,89.27696125383754,10.588468754256617,10.304337269887236
2025-09-15,676742,676742,650489,PIT,CHC,6,2,3,0,FF,FF,R,R,S,Called Strike,94.1,94.1,-0.71,-0.71,1.35,1.35,2452.0,2452.0,215.0,215.0,8,6.4,6.4,-2.89,-2.89,6.06,6.06,cube61_cluster0,650,1.5946393823658582,FF,93.56609940362357,10.767633610073183,11.615865923476361
2025-09-15,829272,829272,673490,WSH,ATL,7,2,3,0,FF,FF,L,L,S,Called Strike,92.5,92.5,0.84,-0.84,1.44,1.44,2249.0,2249.0,138.0,222.0,8,6.4,6.4,1.68,-1.68,5.53,5.53,cube61_cluster0,650,1.0067485283060418,FF,93.56609940362357,10.767633610073183,11.615865923476361
2025-09-15,675911,675911,686611,WSH,ATL,2,2,2,2,CU,CU,R,R,B,Ball,77.8,77.8,0.96,0.96,-0.82,-0.82,2732.0,2732.0,55.0,55.0,3,7.0,7.0,-1.77,-1.77,5.96,5.96,cube9_cluster0,353,1.4268336729868276,CU,81.04977735376619,-10.683603137730767,-7.201930121038002
2025-09-15,702056,702056,656484,TB,TOR,2,1,0,1,FS,FS,R,R,S,Foul,83.3,83.3,-0.74,-0.74,0.58,0.58,1479.0,1479.0,217.0,217.0,8,6.1,6.1,-0.46,-0.46,7.19,7.19,cube59_cluster0,234,2.766077992513784,FF,89.27696125383754,10.588468754256617,10.304337269887236
2025-09-15,701519,701519,641355,MIN,NYY,8,2,2,2,FC,FC,R,R,S,Foul,94.2,94.2,0.15,0.15,0.92,0.92,2527.0,2527.0,201.0,201.0,8,6.2,6.2,-1.13,-1.13,5.87,5.87,cube51_cluster0,242,1.1866577237615539,FC,90.51269321530226,-0.30860007748352697,10.065859987082858
2025-09-15,693312,693312,621020,PIT,CHC,8,1,0,1,CU,CU,R,R,S,Called Strike,87.2,87.2,0.67,0.67,-1.08,-1.08,2752.0,2752.0,35.0,35.0,2,7.1,7.1,-1.07,-1.07,5.94,5.94,cube2_cluster0,105,1.9582514611305164,CU,79.2443297084492,-9.955174138547218,-13.302302310391848
2025-09-15,680573,680573,676609,MIN,NYY,2,2,0,0,CU,CU,R,R,S,Called Strike,79.6,79.6,0.73,0.73,-0.74,-0.74,2471.0,2471.0,36.0,36.0,2,6.5,6.5,-1.3,-1.3,6.43,6.43,cube8_cluster0,47,0.879873248613835,CU,78.44568855893485,-8.550382045687398,-9.675482721274784
2025-09-15,688497,688497,808982,AZ,SF,8,2,0,0,CU,CU,R,R,S,Called Strike,75.0,75.0,0.1,0.1,-0.64,-0.64,2005.0,2005.0,12.0,12.0,1,6.6,6.6,-0.03,-0.03,6.37,6.37,cube8_cluster0,47,2.4211660113483426,CU,78.44568855893485,-8.550382045687398,-9.675482721274784
2025-09-15,686218,686218,664056,LAD,PHI,3,0,0,1,FF,FF,R,R,B,Ball,95.8,95.8,-0.7,-0.7,1.39,1.39,2496.0,2496.0,210.0,210.0,8,6.7,6.7,-0.83,-0.83,5.54,5.54,cube60_cluster0,1088,1.9486517060695188,FF,92.17053866131751,10.618556738155133,11.426031596706425
2025-09-15,669920,669920,696030,HOU,TEX,2,2,0,1,SI,SI,R,R,B,Ball,91.6,91.6,-1.48,-1.48,0.26,0.26,2077.0,2077.0,249.0,249.0,9,6.4,6.4,-1.88,-1.88,5.48,5.48,cube67_cluster0,835,1.027565286882449,CH,90.86602419473125,13.606542467363951,8.526706287157376
2025-09-15,683004,683004,673237,HOU,TEX,2,0,0,0,FF,FF,R,R,B,Ball,96.8,96.8,-0.87,-0.87,1.52,1.52,2429.0,2429.0,216.0,216.0,8,6.8,6.8,-1.18,-1.18,5.56,5.56,cube61_cluster0,650,1.679297858559766,FF,93.56609940362357,10.767633610073183,11.615865923476361
2025-09-15,681517,681517,701398,STL,CIN,9,1,1,1,FF,FF,R,R,S,Foul Tip,96.7,96.7,-0.2,-0.2,1.46,1.46,2401.0,2401.0,200.0,200.0,8,7.2,7.2,-2.1,-2.1,5.74,5.74,cube62_cluster1,11,1.1575199139294767,FF,95.54242544913883,5.728019039608564,15.221051570629365
2025-09-15,671212,671212,623168,TB,TOR,3,0,3,2,SL,SL,R,R,S,Tyler Heineman strikes out swinging.,92.8,92.8,0.49,0.49,0.14,0.14,2696.0,2696.0,177.0,177.0,7,6.5,6.5,-0.96,-0.96,5.82,5.82,cube32_cluster0,191,1.5375562314440228,SL,86.80283260847423,-3.994445228339661,3.088972714840957
2025-09-15,680732,680732,681297,CWS,BAL,3,1,0,1,KC,KC,R,R,S,Called Strike,82.4,82.4,0.47,0.47,-1.28,-1.28,2544.0,2544.0,17.0,17.0,2,7.1,7.1,-2.24,-2.24,6.19,6.19,cube8_cluster1,5,1.766830490823941,CU,76.99877318439641,-5.367173817726275,-11.507933500365382
2025-09-15,668678,668678,672275,AZ,SF,3,0,1,0,FF,FF,R,R,S,Called Strike,93.7,93.7,-0.21,-0.21,1.47,1.47,2207.0,2207.0,211.0,211.0,8,6.5,6.5,-3.1,-3.1,5.98,5.98,cube62_cluster1,11,1.7185727376659095,FF,95.54242544913883,5.728019039608564,15.221051570629365
2025-09-15,680730,680730,542303,WSH,ATL,2,2,1,0,FS,FS,L,L,S,Called Strike,85.1,85.1,0.66,-0.66,0.35,0.35,862.0,862.0,146.0,214.0,8,7.0,7.0,1.4,-1.4,6.25,6.25,cube59_cluster1,5,1.25174707223722,SL,84.79163597246126,7.451913253012047,2.269996213425129
2025-09-15,647336,647336,687462,PIT,CHC,8,1,1,0,FF,FF,R,R,B,Ball,94.3,94.3,-0.96,-0.96,1.32,1.32,2682.0,2682.0,231.0,231.0,9,6.4,6.4,-2.74,-2.74,5.71,5.71,cube61_cluster0,650,1.4675595008429365,FF,93.56609940362357,10.767633610073183,11.615865923476361
2025-09-15,680755,680755,666139,TB,TOR,11,2,1,2,SL,SL,R,R,S,Josh Lowe strikes out swinging.,86.9,86.9,0.28,0.28,0.13,0.13,2474.0,2474.0,159.0,159.0,6,5.5,5.5,0.72,0.72,6.59,6.59,cube15_cluster1,4,2.7776902720504477,SL,83.959314171123,-4.504801604278075,-1.7933590909090908
2025-09-15,592791,592791,669261,PIT,CHC,2,2,2,2,CH,CH,R,R,B,Ball,83.5,83.5,-1.17,-1.17,0.72,0.72,1791.0,1791.0,230.0,230.0,9,6.8,6.8,-1.17,-1.17,6.22,6.22,cube66_cluster0,197,1.4185341417478603,CH,86.84077917182076,12.525512574763452,6.567520411131463
2025-09-15,669461,669461,680574,STL,CIN,3,1,1,1,CU,CU,L,L,X,Matt McLain singles on a sharp line drive to left fielder Alec Burleson.,78.5,78.5,-0.63,0.63,-1.68,-1.68,3043.0,3043.0,333.0,27.0,2,6.3,6.3,0.43,-0.43,6.67,6.67,cube1_cluster0,11,1.4731159740956437,CU,80.41940225841523,-7.8151704354474925,-14.345667881001397
2025-09-15,641793,641793,571448,STL,CIN,2,1,0,0,SL,SL,R,R,X,Nolan Arenado singles on a line drive to left fielder Austin Hays. Willson Contreras scores.,86.5,86.5,0.03,0.03,0.61,0.61,2139.0,2139.0,194.0,194.0,7,6.1,6.1,-0.63,-0.63,6.31,6.31,cube50_cluster0,37,1.1035150253540404,SL,89.4318003898919,-0.37548710296403526,10.18704890209373
2025-09-15,678906,678906,677950,AZ,SF,2,1,1,2,FF,FF,R,R,S,Foul,93.9,93.9,-0.72,-0.72,0.96,0.96,2652.0,2652.0,233.0,233.0,9,6.3,6.3,-2.34,-2.34,5.34,5.34,cube61_cluster0,650,1.2581459177826793,FF,93.56609940362357,10.767633610073183,11.615865923476361
2025-09-15,678024,678024,694212,CWS,BAL,8,0,0,0,CH,CH,R,R,B,Ball,86.5,86.5,-1.17,-1.17,0.11,0.11,1496.0,1496.0,246.0,246.0,9,6.3,6.3,-1.68,-1.68,5.9,5.9,cube66_cluster0,197,0.7281237914729647,CH,86.84077917182076,12.525512574763452,6.567520411131463
2025-09-15,624133,624133,681624,LAD,PHI,3,0,1,1,FC,FC,L,L,X,Andy Pages doubles (24) on a line drive to left fielder Brandon Marsh.,86.2,86.2,-0.4,0.4,0.34,0.34,2077.0,2077.0,174.0,186.0,7,6.1,6.1,2.26,-2.26,5.69,5.69,cube42_cluster0,221,1.2105429819692326,FC,88.14517513894621,-2.9372479967817404,6.184306080936519
2025-09-15,829272,829272,673490,WSH,ATL,7,2,2,0,CH,CH,L,L,B,Ball,83.4,83.4,1.43,-1.43,0.78,0.78,1736.0,1736.0,118.0,242.0,9,6.4,6.4,1.73,-1.73,5.5,5.5,cube67_cluster0,835,1.2239692297170357,CH,90.86602419473125,13.606542467363951,8.526706287157376
2025-09-15,607074,607074,676812,MIN,NYY,2,1,0,2,CH,CH,L,L,X,Carson McCusker pops out to second baseman Jazz Chisholm Jr.,84.8,84.8,1.13,-1.13,0.5,0.5,1904.0,1904.0,131.0,229.0,9,6.2,6.2,2.33,-2.33,6.19,6.19,cube67_cluster0,835,1.3169523951958575,CH,90.86602419473125,13.606542467363951,8.526706287157376
2025-09-15,677952,677952,650489,PIT,CHC,2,2,1,0,CH,CH,R,R,B,Ball In Dirt,92.5,92.5,-1.37,-1.37,0.49,0.49,2110.0,2110.0,223.0,223.0,8,6.3,6.3,-1.16,-1.16,6.08,6.08,cube59_cluster0,234,1.0637459100620759,FF,89.27696125383754,10.588468754256617,10.304337269887236
2025-09-15,680694,680694,700337,CWS,BAL,2,0,0,2,FF,FF,R,R,S,Edgar Quero strikes out swinging.,94.3,94.3,0.24,0.24,1.33,1.33,2450.0,2450.0,190.0,190.0,7,6.3,6.3,-0.64,-0.64,6.66,6.66,cube50_cluster0,37,1.6030493052109476,SL,89.4318003898919,-0.37548710296403526,10.18704890209373
2025-09-15,676775,676775,672695,AZ,SF,8,2,0,0,FS,FS,R,R,S,Swinging Strike,88.8,88.8,-1.14,-1.14,0.31,0.31,1406.0,1406.0,242.0,242.0,9,6.3,6.3,-1.61,-1.61,6.09,6.09,cube66_cluster0,197,0.6319279451148002,CH,86.84077917182076,12.525512574763452,6.567520411131463
2025-09-15,676742,676742,650489,PIT,CHC,6,2,2,0,FF,FF,R,R,B,Ball,95.2,95.2,-0.64,-0.64,1.39,1.39,2513.0,2513.0,218.0,218.0,8,6.4,6.4,-3.09,-3.09,6.12,6.12,cube61_cluster0,650,1.928092109245929,FF,93.56609940362357,10.767633610073183,11.615865923476361
2025-09-15,608650,608650,695657,CWS,BAL,9,0,0,2,FF,FF,L,L,S,Colson Montgomery strikes out swinging.,94.5,94.5,0.5,-0.5,1.36,1.36,2223.0,2223.0,154.0,206.0,8,6.2,6.2,2.08,-2.08,6.3,6.3,cube60_cluster0,1088,1.2843091749047348,FF,92.17053866131751,10.618556738155133,11.426031596706425
2025-09-15,829272,829272,673490,WSH,ATL,7,2,1,0,FF,FF,L,L,B,Ball,91.8,91.8,0.77,-0.77,1.45,1.45,2327.0,2327.0,137.0,223.0,8,6.3,6.3,1.62,-1.62,5.55,5.55,cube60_cluster0,1088,1.093532714615226,FF,92.17053866131751,10.618556738155133,11.426031596706425
2025-09-15,702056,702056,656484,TB,TOR,2,1,0,0,FF,FF,R,R,S,Called Strike,94.8,94.8,-0.23,-0.23,1.67,1.67,2298.0,2298.0,198.0,198.0,8,6.2,6.2,-0.5,-0.5,7.05,7.05,cube50_cluster0,37,2.327000434557577,SL,89.4318003898919,-0.37548710296403526,10.18704890209373
2025-09-15,701519,701519,641355,MIN,NYY,8,2,2,2,CH,CH,R,R,S,Foul,89.4,89.4,-1.32,-1.32,0.04,0.04,1997.0,1997.0,233.0,233.0,9,6.6,6.6,-1.14,-1.14,5.6,5.6,cube67_cluster0,835,1.5865680504943611,CH,90.86602419473125,13.606542467363951,8.526706287157376
2025-09-15,671212,671212,623168,TB,TOR,3,0,2,2,FS,FS,R,R,B,Ball,93.6,93.6,-1.09,-1.09,0.24,0.24,2054.0,2054.0,233.0,233.0,9,6.5,6.5,-1.2,-1.2,5.75,5.75,cube67_cluster0,835,1.3167048324969757,CH,90.86602419473125,13.606542467363951,8.526706287157376
2025-09-15,693312,693312,621020,PIT,CHC,8,1,0,0,FF,FF,R,R,S,Foul Tip,98.0,98.0,-0.52,-0.52,1.46,1.46,2327.0,2327.0,213.0,213.0,8,7.2,7.2,-1.07,-1.07,5.96,5.96,cube60_cluster0,1088,2.1447544397904856,FF,92.17053866131751,10.618556738155133,11.426031596706425
2025-09-15,608650,608650,695657,CWS,BAL,9,0,0,1,FF,FF,L,L,S,Swinging Strike,94.0,94.0,0.25,-0.25,1.42,1.42,2193.0,2193.0,158.0,202.0,8,6.1,6.1,1.82,-1.82,6.38,6.38,cube50_cluster0,37,1.2992718378638393,SL,89.4318003898919,-0.37548710296403526,10.18704890209373
2025-09-15,683004,683004,605170,HOU,TEX,1,2,3,1,SI,SI,R,R,X,"Victor Caratini grounds out, second baseman Dylan Moore to first baseman Jake Burger.",95.9,95.9,-1.13,-1.13,1.11,1.11,2342.0,2342.0,214.0,214.0,8,6.7,6.7,-1.21,-1.21,5.65,5.65,cube60_cluster0,1088,1.297069566678616,FF,92.17053866131751,10.618556738155133,11.426031596706425
2025-09-15,647336,647336,687462,PIT,CHC,8,1,0,0,SV,SV,R,R,B,Ball,81.1,81.1,1.05,1.05,-0.63,-0.63,2986.0,2986.0,59.0,59.0,3,6.0,6.0,-2.62,-2.62,5.77,5.77,cube3_cluster1,7,0.7709928819000132,CU,81.211572836182,-17.52205244065557,-6.477636799325996
2025-09-15,669920,669920,696030,HOU,TEX,2,2,0,0,SI,SI,R,R,S,Called Strike,92.3,92.3,-1.38,-1.38,0.15,0.15,2118.0,2118.0,246.0,246.0,9,6.7,6.7,-1.8,-1.8,5.58,5.58,cube67_cluster0,835,1.2041286314853143,CH,90.86602419473125,13.606542467363951,8.526706287157376
2025-09-15,686218,686218,664056,LAD,PHI,3,0,0,0,FF,FF,R,R,S,Called Strike,94.9,94.9,-0.96,-0.96,1.36,1.36,2384.0,2384.0,212.0,212.0,8,6.7,6.7,-0.82,-0.82,5.52,5.52,cube60_cluster0,1088,1.8301421678724712,FF,92.17053866131751,10.618556738155133,11.426031596706425
2025-09-15,669461,669461,680574,STL,CIN,3,1,0,1,CU,CU,L,L,B,Ball,77.8,77.8,-0.69,0.69,-1.58,-1.58,3026.0,3026.0,333.0,27.0,2,6.3,6.3,0.65,-0.65,6.66,6.66,cube1_cluster0,11,1.2969179604244427,CU,80.41940225841523,-7.8151704354474925,-14.345667881001397
2025-09-15,676742,676742,650489,PIT,CHC,6,2,1,0,FF,FF,R,R,B,Ball,96.3,96.3,-0.81,-0.81,1.27,1.27,2444.0,2444.0,221.0,221.0,8,6.4,6.4,-3.1,-3.1,5.94,5.94,cube61_cluster0,650,1.682955443607019,FF,93.56609940362357,10.767633610073183,11.615865923476361
2025-09-15,681517,681517,701398,STL,CIN,9,1,1,0,SL,SL,R,R,S,Foul,93.4,93.4,0.26,0.26,0.69,0.69,2476.0,2476.0,186.0,186.0,7,7.0,7.0,-2.26,-2.26,5.56,5.56,cube53_cluster0,8,0.8066751243651872,SI,91.16707579412035,-0.6192274009804568,10.282725378849129
2025-09-15,678024,678024,691723,CWS,BAL,8,0,3,2,SI,SI,R,R,B,Coby Mayo walks.,95.1,95.1,-1.35,-1.35,0.28,0.28,2010.0,2010.0,216.0,216.0,8,6.2,6.2,-1.59,-1.59,5.92,5.92,cube67_cluster0,835,1.107015586507131,CH,90.86602419473125,13.606542467363951,8.526706287157376
2025-09-15,680755,680755,666139,TB,TOR,11,2,0,2,FF,FF,R,R,B,Ball,95.5,95.5,-0.32,-0.32,1.36,1.36,2216.0,2216.0,202.0,202.0,8,5.4,5.4,0.66,0.66,6.63,6.63,cube50_cluster0,37,3.2692114428706205,SL,89.4318003898919,-0.37548710296403526,10.18704890209373
2025-09-15,680732,680732,681297,CWS,BAL,3,1,0,0,FF,FF,R,R,S,Swinging Strike,96.1,96.1,-0.34,-0.34,1.51,1.51,2555.0,2555.0,200.0,200.0,8,7.2,7.2,-2.13,-2.13,6.33,6.33,cube62_cluster1,11,1.9069504111603686,FF,95.54242544913883,5.728019039608564,15.221051570629365
2025-09-15,607074,607074,676812,MIN,NYY,2,1,0,1,CH,CH,L,L,S,Swinging Strike,84.3,84.3,1.32,-1.32,0.36,0.36,1628.0,1628.0,128.0,232.0,9,6.2,6.2,2.26,-2.26,6.24,6.24,cube66_cluster0,197,1.216223908299368,CH,86.84077917182076,12.525512574763452,6.567520411131463
2025-09-15,624133,624133,681624,LAD,PHI,3,0,0,1,FF,FF,L,L,B,Ball,90.5,90.5,0.11,-0.11,0.89,0.89,1925.0,1925.0,138.0,222.0,8,5.9,5.9,2.49,-2.49,5.64,5.64,cube51_cluster0,242,1.6828834613203472,FC,90.51269321530226,-0.30860007748352697,10.065859987082858
2025-09-15,680730,680730,542303,WSH,ATL,2,2,0,0,FF,FF,L,L,B,Ball,92.5,92.5,0.44,-0.44,1.74,1.74,2134.0,2134.0,161.0,199.0,8,6.9,6.9,1.22,-1.22,6.42,6.42,cube60_cluster0,1088,2.065093247702273,FF,92.17053866131751,10.618556738155133,11.426031596706425
2025-09-15,668678,668678,672275,AZ,SF,3,0,0,0,CH,CH,R,R,B,Ball,84.7,84.7,-1.1,-1.1,0.56,0.56,1467.0,1467.0,231.0,231.0,9,6.4,6.4,-3.27,-3.27,5.89,5.89,cube67_cluster0,835,2.3133942582106495,CH,90.86602419473125,13.606542467363951,8.526706287157376
2025-09-15,680694,680694,700337,CWS,BAL,2,0,0,1,SI,SI,R,R,S,Swinging Strike,93.3,93.3,-0.91,-0.91,1.19,1.19,2114.0,2114.0,198.0,198.0,8,6.4,6.4,-1.08,-1.08,6.4,6.4,cube59_cluster0,234,1.1759542250109147,FF,89.27696125383754,10.588468754256617,10.304337269887236
2025-09-15,680573,680573,641857,MIN,NYY,2,1,1,1,FS,FS,R,R,X,"Ryan McMahon grounds into a force out, second baseman Luke Keaschall to shortstop Brooks Lee. Paul Goldschmidt out at 2nd. Ryan McMahon to 1st.",86.7,86.7,-0.87,-0.87,0.72,0.72,1134.0,1134.0,221.0,221.0,8,7.0,7.0,-1.44,-1.44,6.25,6.25,cube59_cluster1,5,1.2527749957968133,SL,84.79163597246126,7.451913253012047,2.269996213425129
2025-09-15,678906,678906,677950,AZ,SF,2,1,0,2,CU,CU,R,R,B,Ball,84.6,84.6,1.2,1.2,-0.82,-0.82,2835.0,2835.0,41.0,41.0,2,6.3,6.3,-2.14,-2.14,5.71,5.71,cube3_cluster0,7,0.8189062706722655,CU,81.18692210282288,-11.451773936938942,-10.945698317474191
2025-09-15,676775,676775,664983,AZ,SF,8,2,1,2,FS,FS,R,R,X,Jake McCarthy doubles (6) on a line drive to left fielder Heliot Ramos.,90.5,90.5,-1.21,-1.21,0.4,0.4,1618.0,1618.0,239.0,239.0,9,6.2,6.2,-1.45,-1.45,6.0,6.0,cube66_cluster0,197,0.5735888993685545,CH,86.84077917182076,12.525512574763452,6.567520411131463
2025-09-15,596133,596133,668885,MIN,NYY,7,1,3,2,FF,FF,R,R,X,Austin Martin doubles (7) on a ground ball to left fielder Cody Bellinger. Brooks Lee scores. Edouard Julien scores. Byron Buxton scores.,95.6,95.6,-0.85,-0.85,1.46,1.46,2387.0,2387.0,213.0,213.0,8,6.2,6.2,-1.4,-1.4,5.39,5.39,cube60_cluster0,1088,1.5175970301396404,FF,92.17053866131751,10.618556738155133,11.426031596706425
2025-09-15,592791,592791,669261,PIT,CHC,2,2,1,2,FF,FF,R,R,B,Ball,93.3,93.3,-0.37,-0.37,1.43,1.43,2290.0,2290.0,206.0,206.0,8,6.8,6.8,-1.01,-1.01,6.12,6.12,cube60_cluster0,1088,1.7104777898187171,FF,92.17053866131751,10.618556738155133,11.426031596706425
2025-09-15,688497,688497,687551,AZ,SF,8,1,0,2,FS,FS,R,R,S,Drew Gilbert strikes out swinging.,85.4,85.4,-0.73,-0.73,0.51,0.51,1517.0,1517.0,221.0,221.0,8,6.6,6.6,-0.38,-0.38,6.4,6.4,cube59_cluster1,5,1.780842395498551,SL,84.79163597246126,7.451913253012047,2.269996213425129
2025-09-15,677952,677952,650489,PIT,CHC,2,2,0,0,FF,FF,R,R,B,Ball,98.0,98.0,-0.68,-0.68,1.42,1.42,2445.0,2445.0,218.0,218.0,8,6.1,6.1,-0.92,-0.92,6.24,6.24,cube50_cluster0,37,1.6960363773055491,SL,89.4318003898919,-0.37548710296403526,10.18704890209373
2025-09-15,641793,641793,663457,STL,CIN,2,0,1,2,FF,FF,R,R,X,"Lars Nootbaar grounds out, shortstop Elly De La Cruz to first baseman Sal Stewart.",91.8,91.8,-0.7,-0.7,1.19,1.19,2021.0,2021.0,213.0,213.0,8,6.2,6.2,-0.54,-0.54,6.3,6.3,cube59_cluster0,234,1.3627802927983583,FF,89.27696125383754,10.588468754256617,10.304337269887236
2025-09-15,675911,675911,686611,WSH,ATL,2,2,1,2,SL,SL,R,R,B,Ball,85.1,85.1,0.25,0.25,0.26,0.26,2330.0,2330.0,141.0,141.0,6,7.1,7.1,-1.76,-1.76,5.83,5.83,cube33_cluster0,94,1.165760161702484,SL,87.30386197983206,-4.155245122339746,2.874909281221629
2025-09-15,647336,647336,669707,PIT,CHC,8,0,0,1,SI,SI,R,R,X,"Jared Triolo grounds out, shortstop Dansby Swanson to first baseman Michael Busch.",93.1,93.1,-1.56,-1.56,0.67,0.67,2423.0,2423.0,226.0,226.0,9,6.5,6.5,-2.59,-2.59,5.73,5.73,cube68_cluster0,637,1.0709216207118222,FF,92.88295797031044,13.980317543503329,9.180920892722085
2025-09-15,596133,596133,668885,MIN,NYY,7,1,2,2,FF,FF,R,R,B,Ball,95.8,95.8,-0.44,-0.44,1.76,1.76,2393.0,2393.0,199.0,199.0,8,6.2,6.2,-1.34,-1.34,5.54,5.54,cube60_cluster0,1088,1.767292172145499,FF,92.17053866131751,10.618556738155133,11.426031596706425
2025-09-15,701519,701519,641355,MIN,NYY,8,2,2,2,CH,CH,R,R,S,Foul,88.8,88.8,-1.16,-1.16,-0.1,-0.1,2028.0,2028.0,237.0,237.0,9,6.3,6.3,-1.21,-1.21,5.57,5.57,cube67_cluster0,835,1.639219594374109,CH,90.86602419473125,13.606542467363951,8.526706287157376
2025-09-15,608650,608650,695657,CWS,BAL,9,0,0,0,FF,FF,L,L,S,Called Strike,93.0,93.0,0.06,-0.06,1.39,1.39,2068.0,2068.0,152.0,208.0,8,6.2,6.2,1.89,-1.89,6.43,6.43,cube50_cluster0,37,1.36868093038043,SL,89.4318003898919,-0.37548710296403526,10.18704890209373
2025-09-15,680573,680573,641857,MIN,NYY,2,1,0,1,FF,FF,R,R,B,Ball,92.8,92.8,-0.37,-0.37,1.69,1.69,2313.0,2313.0,202.0,202.0,8,6.6,6.6,-1.39,-1.39,6.5,6.5,cube50_cluster0,37,1.7179022173014118,SL,89.4318003898919,-0.37548710296403526,10.18704890209373
2025-09-15,671212,671212,623168,TB,TOR,3,0,2,1,SL,SL,R,R,S,Foul,90.2,90.2,0.37,0.37,0.22,0.22,2541.0,2541.0,156.0,156.0,6,6.4,6.4,-0.98,-0.98,5.77,5.77,cube32_cluster0,191,1.1690628261080824,SL,86.80283260847423,-3.994445228339661,3.088972714840957
2025-09-15,678906,678906,677950,AZ,SF,2,1,0,1,CU,CU,R,R,S,Foul,82.3,82.3,1.36,1.36,-0.89,-0.89,2598.0,2598.0,43.0,43.0,2,6.2,6.2,-2.16,-2.16,5.58,5.58,cube10_cluster0,173,0.9030645744502847,ST,82.08401130843858,-12.249969959417843,-5.792755621368389
2025-09-15,592791,592791,669261,PIT,CHC,2,2,1,2,CH,CH,R,R,S,Foul,85.4,85.4,-1.33,-1.33,0.86,0.86,1979.0,1979.0,226.0,226.0,9,6.7,6.7,-1.12,-1.12,6.21,6.21,cube59_cluster0,234,1.3283355275857516,FF,89.27696125383754,10.588468754256617,10.304337269887236
2025-09-15,683004,683004,605170,HOU,TEX,1,2,2,1,SL,SL,R,R,B,Ball,85.9,85.9,0.46,0.46,0.2,0.2,2474.0,2474.0,115.0,115.0,5,6.6,6.6,-1.35,-1.35,5.78,5.78,cube32_cluster0,191,0.7502710653230575,SL,86.80283260847423,-3.994445228339661,3.088972714840957
2025-09-15,829272,829272,673490,WSH,ATL,7,2,0,0,FF,FF,L,L,B,Ball,93.2,93.2,0.82,-0.82,1.39,1.39,2195.0,2195.0,141.0,219.0,8,6.2,6.2,1.52,-1.52,5.62,5.62,cube60_cluster0,1088,0.9569288170493846,FF,92.17053866131751,10.618556738155133,11.426031596706425
2025-09-15,669461,669461,680574,STL,CIN,3,1,0,0,FF,FF,L,L,S,Swinging Strike,95.4,95.4,0.59,-0.59,1.47,1.47,2211.0,2211.0,145.0,215.0,8,6.4,6.4,0.32,-0.32,6.68,6.68,cube50_cluster0,37,2.1608862074468607,SL,89.4318003898919,-0.37548710296403526,10.18704890209373
2025-09-15,681517,681517,701398,STL,CIN,9,1,0,0,SL,SL,R,R,B,Ball,93.8,93.8,0.37,0.37,0.55,0.55,2462.0,2462.0,181.0,181.0,7,7.2,7.2,-2.22,-2.22,5.56,5.56,cube53_cluster0,8,0.8512221476305886,SI,91.16707579412035,-0.6192274009804568,10.282725378849129
2025-09-15,680755,680755,666139,TB,TOR,11,2,0,1,FF,FF,R,R,S,Swinging Strike,95.4,95.4,-0.26,-0.26,1.46,1.46,2250.0,2250.0,199.0,199.0,8,5.6,5.6,0.73,0.73,6.65,6.65,cube50_cluster0,37,3.2623132442765095,SL,89.4318003898919,-0.37548710296403526,10.18704890209373
2025-09-15,641793,641793,663457,STL,CIN,2,0,1,1,FS,FS,R,R,S,Swinging Strike,84.1,84.1,-1.09,-1.09,0.31,0.31,1087.0,1087.0,241.0,241.0,9,6.1,6.1,-0.74,-0.74,6.12,6.12,cube59_cluster1,5,1.5804787178247455,SL,84.79163597246126,7.451913253012047,2.269996213425129
2025-09-15,680694,680694,700337,CWS,BAL,2,0,0,0,SI,SI,R,R,S,Called Strike,92.9,92.9,-1.24,-1.24,1.01,1.01,2023.0,2023.0,199.0,199.0,8,6.3,6.3,-1.07,-1.07,6.45,6.45,cube59_cluster0,234,1.075801070836761,FF,89.27696125383754,10.588468754256617,10.304337269887236
2025-09-15,680730,680730,686948,WSH,ATL,2,1,2,2,CU,CU,L,L,X,Drake Baldwin flies out to center fielder Robert Hassell III.,79.9,79.9,0.24,-0.24,-0.71,-0.71,2444.0,2444.0,332.0,28.0,2,7.1,7.1,1.62,-1.62,6.3,6.3,cube8_cluster1,5,1.6153669543129239,CU,76.99877318439641,-5.367173817726275,-11.507933500365382
2025-09-15,686218,686218,642215,LAD,PHI,2,2,0,0,FF,FF,R,R,X,Weston Wilson flies out to right fielder Teoscar Hernández.,93.4,93.4,-0.45,-0.45,1.43,1.43,2298.0,2298.0,208.0,208.0,8,6.5,6.5,-1.04,-1.04,5.47,5.47,cube60_cluster0,1088,1.6185306596200426,FF,92.17053866131751,10.618556738155133,11.426031596706425
2025-09-15,688497,688497,687551,AZ,SF,8,1,0,1,CU,CU,R,R,S,Foul,74.4,74.4,0.41,0.41,-0.99,-0.99,2022.0,2022.0,8.0,8.0,1,6.6,6.6,-0.05,-0.05,6.47,6.47,cube8_cluster0,47,2.3659095694406878,CU,78.44568855893485,-8.550382045687398,-9.675482721274784
2025-09-15,677952,677952,621020,PIT,CHC,2,1,0,2,SL,SL,R,R,X,Dansby Swanson flies out to center fielder Jack Suwinski.,93.4,93.4,0.15,0.15,0.52,0.52,2797.0,2797.0,178.0,178.0,7,6.3,6.3,-1.02,-1.02,6.23,6.23,cube41_cluster0,33,1.4537011830873585,FC,87.52410341975036,-2.728102441946197,5.90336268676447
2025-09-15,668678,668678,671218,AZ,SF,2,2,0,0,FF,FF,R,R,X,Heliot Ramos flies out to right fielder Corbin Carroll.,94.1,94.1,-0.24,-0.24,1.34,1.34,2319.0,2319.0,210.0,210.0,8,6.5,6.5,-2.83,-2.83,5.96,5.96,cube52_cluster0,159,1.4865927442193196,FC,90.76795186341266,-0.1350320156357884,9.625773571373404
2025-09-15,678024,678024,691723,CWS,BAL,8,0,3,2,SI,SI,R,R,S,Foul,94.3,94.3,-1.25,-1.25,0.33,0.33,2144.0,2144.0,202.0,202.0,8,6.3,6.3,-1.46,-1.46,5.92,5.92,cube60_cluster0,1088,1.1492108066556785,FF,92.17053866131751,10.618556738155133,11.426031596706425
2025-09-15,693312,693312,691718,PIT,CHC,8,0,2,2,CU,CU,R,R,S,Pete Crow-Armstrong strikes out swinging.,85.2,85.2,0.56,0.56,-1.21,-1.21,2745.0,2745.0,36.0,36.0,2,7.1,7.1,-1.0,-1.0,5.96,5.96,cube2_cluster0,105,1.9160242343753773,CU,79.2443297084492,-9.955174138547218,-13.302302310391848
2025-09-15,687377,687377,542303,WSH,ATL,9,2,2,2,SI,SI,R,R,S,Marcell Ozuna strikes out swinging.,96.6,96.6,-1.09,-1.09,1.22,1.22,2510.0,2510.0,216.0,216.0,8,6.5,6.5,-1.77,-1.77,6.51,6.51,cube60_cluster0,1088,1.6592563570694048,FF,92.17053866131751,10.618556738155133,11.426031596706425
2025-09-15,680732,680732,694212,CWS,BAL,3,1,3,2,KC,KC,R,R,B,Samuel Basallo walks.,83.5,83.5,0.37,0.37,-1.08,-1.08,2603.0,2603.0,24.0,24.0,2,7.0,7.0,-2.27,-2.27,6.15,6.15,cube8_cluster1,5,1.7611474045810385,CU,76.99877318439641,-5.367173817726275,-11.507933500365382
2025-09-15,676775,676775,664983,AZ,SF,8,2,1,2,FF,FF,R,R,S,Foul,97.5,97.5,-0.56,-0.56,1.19,1.19,2370.0,2370.0,227.0,227.0,9,6.2,6.2,-1.34,-1.34,6.19,6.19,cube60_cluster0,1088,1.3195218838869571,FF,92.17053866131751,10.618556738155133,11.426031596706425
2025-09-15,607074,607074,676812,MIN,NYY,2,1,0,0,FF,FF,L,L,S,Called Strike,93.7,93.7,0.71,-0.71,1.51,1.51,2389.0,2389.0,143.0,217.0,8,6.1,6.1,2.12,-2.12,6.39,6.39,cube66_cluster1,5,1.257312516323437,FF,93.24252622389831,13.00015635891318,12.382567932373675
2025-09-15,669920,669920,666969,HOU,TEX,2,1,3,2,CH,CH,R,R,S,Adolis García strikes out swinging.,81.3,81.3,-1.7,-1.7,0.14,0.14,1989.0,1989.0,254.0,254.0,9,6.8,6.8,-1.38,-1.38,5.58,5.58,cube67_cluster0,835,1.93570582378402,CH,90.86602419473125,13.606542467363951,8.526706287157376
2025-09-15,702056,702056,663743,TB,TOR,2,0,0,1,FF,FF,R,R,X,"Nick Fortes grounds out, shortstop Andrés Giménez to first baseman Vladimir Guerrero Jr.",94.8,94.8,-0.26,-0.26,1.68,1.68,2299.0,2299.0,196.0,196.0,8,6.3,6.3,-0.64,-0.64,7.12,7.12,cube50_cluster0,37,2.3701077657323704,SL,89.4318003898919,-0.37548710296403526,10.18704890209373
2025-09-15,676742,676742,650489,PIT,CHC,6,2,0,0,CH,CH,R,R,B,Ball,90.8,90.8,-1.27,-1.27,0.27,0.27,1572.0,1572.0,235.0,235.0,9,6.5,6.5,-3.07,-3.07,5.99,5.99,cube67_cluster0,835,1.9861655470377626,CH,90.86602419473125,13.606542467363951,8.526706287157376
2025-09-15,664747,664747,656180,WSH,ATL,9,2,0,2,SL,SL,R,R,S,Riley Adams strikes out swinging.,89.2,89.2,0.43,0.43,0.22,0.22,2737.0,2737.0,112.0,112.0,5,7.6,7.6,-2.24,-2.24,5.11,5.11,cube44_cluster0,4,1.4045962895855941,SL,88.0675369146225,-0.9960050653074227,7.359635027078688
2025-09-15,675911,675911,686611,WSH,ATL,2,2,1,1,SL,SL,R,R,S,Swinging Strike,84.5,84.5,0.56,0.56,0.23,0.23,2327.0,2327.0,151.0,151.0,6,6.9,6.9,-1.87,-1.87,5.84,5.84,cube33_cluster0,94,0.913293792683998,SL,87.30386197983206,-4.155245122339746,2.874909281221629
2025-09-15,624133,624133,681624,LAD,PHI,3,0,0,0,FC,FC,L,L,S,Called Strike,86.3,86.3,-0.35,0.35,0.46,0.46,2045.0,2045.0,159.0,201.0,8,6.0,6.0,2.52,-2.52,5.64,5.64,cube43_cluster0,136,1.5585199307250468,FC,88.90138768099045,-2.867416747399959,6.084565347981601
2025-09-15,678024,678024,691723,CWS,BAL,8,0,2,2,ST,ST,R,R,B,Ball,81.6,81.6,1.3,1.3,-0.34,-0.34,2532.0,2532.0,52.0,52.0,3,6.1,6.1,-1.52,-1.52,5.98,5.98,cube9_cluster0,353,0.870090847534924,CU,81.04977735376619,-10.683603137730767,-7.201930121038002
2025-09-15,702056,702056,663743,TB,TOR,2,0,0,0,SL,SL,R,R,S,Called Strike,86.3,86.3,-0.23,-0.23,0.38,0.38,2169.0,2169.0,210.0,210.0,8,6.0,6.0,-0.5,-0.5,7.25,7.25,cube50_cluster0,37,2.364640303597782,SL,89.4318003898919,-0.37548710296403526,10.18704890209373
2025-09-15,701519,701519,641355,MIN,NYY,8,2,2,2,FF,FF,R,R,S,Foul,95.4,95.4,-0.65,-0.65,1.02,1.02,2444.0,2444.0,216.0,216.0,8,6.3,6.3,-0.94,-0.94,5.97,5.97,cube60_cluster0,1088,1.439315989310857,FF,92.17053866131751,10.618556738155133,11.426031596706425
2025-09-15,675911,675911,686611,WSH,ATL,2,2,0,1,FF,FF,R,R,B,Ball,97.0,97.0,-0.82,-0.82,1.48,1.48,2380.0,2380.0,211.0,211.0,8,7.1,7.1,-1.66,-1.66,5.9,5.9,cube61_cluster0,650,1.5505391010599137,FF,93.56609940362357,10.767633610073183,11.615865923476361
2025-09-15,693312,693312,691718,PIT,CHC,8,0,2,1,CU,CU,R,R,S,Swinging Strike,84.7,84.7,0.55,0.55,-0.89,-0.89,2626.0,2626.0,34.0,34.0,2,7.0,7.0,-1.07,-1.07,5.9,5.9,cube2_cluster0,105,1.764633625895543,CU,79.2443297084492,-9.955174138547218,-13.302302310391848
2025-09-15,671212,671212,623168,TB,TOR,3,0,1,1,FF,FF,R,R,B,Ball,98.2,98.2,-0.91,-0.91,1.16,1.16,2662.0,2662.0,220.0,220.0,8,6.4,6.4,-1.03,-1.03,5.79,5.79,cube60_cluster0,1088,1.7669477868028085,FF,92.17053866131751,10.618556738155133,11.426031596706425
2025-09-15,688497,688497,687551,AZ,SF,8,1,0,0,FF,FF,R,R,S,Called Strike,89.4,89.4,0.11,0.11,1.23,1.23,2253.0,2253.0,189.0,189.0,7,6.8,6.8,-0.27,-0.27,6.31,6.31,cube50_cluster0,37,2.0206537984910664,SL,89.4318003898919,-0.37548710296403526,10.18704890209373
2025-09-15,647336,647336,669707,PIT,CHC,8,0,0,0,FF,FF,R,R,S,Called Strike,93.0,93.0,-0.71,-0.71,1.23,1.23,2579.0,2579.0,230.0,230.0,9,6.4,6.4,-2.53,-2.53,5.71,5.71,cube61_cluster0,650,1.1099736763281538,FF,93.56609940362357,10.767633610073183,11.615865923476361
2025-09-15,687377,687377,542303,WSH,ATL,9,2,1,2,FF,FF,R,R,B,Ball,97.7,97.7,-0.49,-0.49,1.47,1.47,2607.0,2607.0,213.0,213.0,8,6.5,6.5,-1.64,-1.64,6.52,6.52,cube50_cluster0,37,1.9383725722067064,SL,89.4318003898919,-0.37548710296403526,10.18704890209373
2025-09-15,669920,669920,666969,HOU,TEX,2,1,2,2,ST,ST,R,R,B,Ball,80.9,80.9,1.27,1.27,-0.47,-0.47,2726.0,2726.0,59.0,59.0,3,6.5,6.5,-1.81,-1.81,5.5,5.5,cube10_cluster0,173,0.6860941897960242,ST,82.08401130843858,-12.249969959417843,-5.792755621368389
2025-09-15,596133,596133,668885,MIN,NYY,7,1,2,2,CH,CH,R,R,S,Foul,90.0,90.0,-1.32,-1.32,0.48,0.48,1907.0,1907.0,221.0,221.0,8,6.2,6.2,-1.51,-1.51,5.5,5.5,cube67_cluster0,835,0.9685570538985291,CH,90.86602419473125,13.606542467363951,8.526706287157376
2025-09-15,683004,683004,605170,HOU,TEX,1,2,1,1,CU,CU,R,R,B,Ball,82.8,82.8,0.21,0.21,-0.97,-0.97,2681.0,2681.0,21.0,21.0,2,6.5,6.5,-1.11,-1.11,5.93,5.93,cube2_cluster0,105,1.1806315741282556,CU,79.2443297084492,-9.955174138547218,-13.302302310391848
2025-09-15,680755,680755,666139,TB,TOR,11,2,0,0,SL,SL,R,R,S,Foul,86.6,86.6,0.21,0.21,0.29,0.29,2427.0,2427.0,169.0,169.0,7,5.5,5.5,0.57,0.57,6.59,6.59,cube15_cluster1,4,2.747928002049399,SL,83.959314171123,-4.504801604278075,-1.7933590909090908
2025-09-15,641793,641793,663457,STL,CIN,2,0,1,0,SI,SI,R,R,S,Called Strike,91.5,91.5,-1.14,-1.14,1.09,1.09,1995.0,1995.0,213.0,213.0,8,6.3,6.3,-0.79,-0.79,6.08,6.08,cube59_cluster0,234,1.0367881532249552,FF,89.27696125383754,10.588468754256617,10.304337269887236
2025-09-15,680732,680732,694212,CWS,BAL,3,1,2,2,FF,FF,R,R,B,Ball,98.1,98.1,-0.53,-0.53,1.58,1.58,2744.0,2744.0,203.0,203.0,8,7.2,7.2,-2.27,-2.27,6.18,6.18,cube62_cluster1,11,1.8358880760930953,FF,95.54242544913883,5.728019039608564,15.221051570629365
2025-09-15,592791,592791,669261,PIT,CHC,2,2,0,2,CH,CH,R,R,B,Ball,84.7,84.7,-1.48,-1.48,0.35,0.35,1670.0,1670.0,237.0,237.0,9,6.7,6.7,-1.26,-1.26,6.15,6.15,cube66_cluster0,197,1.1831683757082712,CH,86.84077917182076,12.525512574763452,6.567520411131463
2025-09-15,680730,680730,686948,WSH,ATL,2,1,2,1,FF,FF,L,L,S,Swinging Strike,90.9,90.9,0.32,-0.32,1.72,1.72,2089.0,2089.0,169.0,191.0,7,6.8,6.8,1.09,-1.09,6.57,6.57,cube50_cluster0,37,2.0288312615592132,SL,89.4318003898919,-0.37548710296403526,10.18704890209373
2025-09-15,829272,829272,645277,WSH,ATL,7,1,0,1,KC,KC,L,L,X,Ozzie Albies grounds out to first baseman Josh Bell.,74.7,74.7,-0.44,0.44,-1.75,-1.75,2508.0,2508.0,346.0,14.0,1,6.1,6.1,1.3,-1.3,5.82,5.82,cube1_cluster1,12,1.0285719525490375,SL,75.6473201147479,-7.778794447221829,-14.516224951759256
2025-09-15,680573,680573,641857,MIN,NYY,2,1,0,0,FF,FF,R,R,S,Foul,91.6,91.6,-0.14,-0.14,1.48,1.48,2098.0,2098.0,201.0,201.0,8,6.7,6.7,-1.41,-1.41,6.44,6.44,cube50_cluster0,37,1.5836985810934439,SL,89.4318003898919,-0.37548710296403526,10.18704890209373
2025-09-15,676742,676742,621020,PIT,CHC,6,1,2,1,FF,FF,R,R,X,Dansby Swanson flies out to right fielder Bryan Reynolds.,94.9,94.9,-0.61,-0.61,1.26,1.26,2562.0,2562.0,221.0,221.0,8,6.5,6.5,-3.04,-3.04,5.93,5.93,cube61_cluster0,650,1.6815272569909652,FF,93.56609940362357,10.767633610073183,11.615865923476361
2025-09-15,678906,678906,677950,AZ,SF,2,1,0,0,FF,FF,R,R,S,Called Strike,94.1,94.1,-1.04,-1.04,0.85,0.85,2510.0,2510.0,232.0,232.0,9,6.2,6.2,-2.25,-2.25,5.35,5.35,cube61_cluster0,650,1.1099368716213005,FF,93.56609940362357,10.767633610073183,11.615865923476361
2025-09-15,668678,668678,805811,AZ,SF,2,1,3,2,FF,FF,R,R,X,Bryce Eldridge grounds out to first baseman Ildemaro Vargas.,94.2,94.2,-0.28,-0.28,1.38,1.38,2415.0,2415.0,212.0,212.0,8,6.5,6.5,-3.06,-3.06,5.91,5.91,cube62_cluster1,11,1.6050228374498472,FF,95.54242544913883,5.728019039608564,15.221051570629365
2025-09-15,686218,686218,681082,LAD,PHI,2,2,3,1,FF,FF,R,R,B,Bryson Stott walks.,94.7,94.7,-0.87,-0.87,1.49,1.49,2448.0,2448.0,213.0,213.0,8,6.5,6.5,-1.17,-1.17,5.36,5.36,cube61_cluster0,650,1.679939479713876,FF,93.56609940362357,10.767633610073183,11.615865923476361
2025-09-15,677952,677952,621020,PIT,CHC,2,1,0,1,SI,SI,R,R,S,Swinging Strike,98.0,98.0,-1.56,-1.56,0.56,0.56,2282.0,2282.0,220.0,220.0,8,6.3,6.3,-0.99,-0.99,6.12,6.12,cube59_cluster0,234,1.7027306330342973,FF,89.27696125383754,10.588468754256617,10.304337269887236
2025-09-15,680694,680694,643217,CWS,BAL,1,2,1,2,CU,CU,R,R,S,"Andrew Benintendi strikes out swinging, catcher Samuel Basallo to first baseman Ryan Mountcastle.",85.0,85.0,0.03,0.03,-0.98,-0.98,2689.0,2689.0,27.0,27.0,2,6.5,6.5,-1.04,-1.04,6.46,6.46,cube1_cluster0,11,1.4092062874211628,CU,80.41940225841523,-7.8151704354474925,-14.345667881001397
2025-09-15,676775,676775,664983,AZ,SF,8,2,0,2,FS,FS,R,R,B,Ball,89.4,89.4,-0.72,-0.72,0.02,0.02,1405.0,1405.0,240.0,240.0,9,6.1,6.1,-1.56,-1.56,6.14,6.14,cube66_cluster0,197,1.0831361296807633,CH,86.84077917182076,12.525512574763452,6.567520411131463
2025-09-15,681517,681517,669720,STL,CIN,9,1,0,0,SL,SL,R,R,X,Austin Hays singles on a ground ball to third baseman Nolan Arenado. TJ Friedl to 3rd. Noelvi Marte to 2nd.,93.8,93.8,0.23,0.23,0.65,0.65,2430.0,2430.0,185.0,185.0,7,7.0,7.0,-2.24,-2.24,5.59,5.59,cube53_cluster0,8,0.8623747251649871,SI,91.16707579412035,-0.6192274009804568,10.282725378849129
2025-09-15,669461,669461,663647,STL,CIN,3,0,1,2,CU,CU,L,L,S,Ke'Bryan Hayes strikes out swinging.,79.1,79.1,-0.62,0.62,-1.58,-1.58,3035.0,3035.0,331.0,29.0,2,6.3,6.3,0.56,-0.56,6.61,6.61,cube1_cluster0,11,1.2533926779059115,CU,80.41940225841523,-7.8151704354474925,-14.345667881001397
2025-09-15,664747,664747,656180,WSH,ATL,9,2,0,1,SL,SL,R,R,S,Swinging Strike,88.9,88.9,0.27,0.27,0.33,0.33,2608.0,2608.0,153.0,153.0,6,7.7,7.7,-2.3,-2.3,5.2,5.2,cube44_cluster0,4,1.0441826863717423,SL,88.0675369146225,-0.9960050653074227,7.359635027078688
2025-09-15,624133,624133,571970,LAD,PHI,2,2,1,2,SL,SL,L,L,S,Max Muncy strikes out swinging.,80.6,80.6,-0.76,0.76,0.48,0.48,2176.0,2176.0,282.0,78.0,4,6.4,6.4,2.35,-2.35,5.47,5.47,cube25_cluster0,134,1.129436336296048,SL,84.71727501905048,-6.356816171388189,1.485555081783951
2025-09-15,608650,608650,672820,CWS,BAL,8,2,1,2,CU,CU,L,L,S,Lenyn Sosa strikes out swinging.,76.6,76.6,-0.31,0.31,-0.85,-0.85,1977.0,1977.0,343.0,17.0,2,6.1,6.1,1.64,-1.64,6.41,6.41,cube8_cluster1,5,1.1319282271380608,CU,76.99877318439641,-5.367173817726275,-11.507933500365382
2025-09-15,607074,607074,670242,MIN,NYY,2,1,3,2,SI,SI,L,L,B,Matt Wallner walks.,92.9,92.9,1.0,-1.0,0.43,0.43,2184.0,2184.0,131.0,229.0,9,6.0,6.0,2.38,-2.38,6.22,6.22,cube59_cluster2,6,1.0492485893613823,FF,93.07150817165655,13.135553184666456,11.807015565535274
2025-09-15,676742,676742,621020,PIT,CHC,6,1,1,1,CH,CH,R,R,B,Ball,90.0,90.0,-1.16,-1.16,0.38,0.38,1634.0,1634.0,237.0,237.0,9,6.5,6.5,-2.94,-2.94,6.0,6.0,cube67_cluster0,835,1.7309514384887827,CH,90.86602419473125,13.606542467363951,8.526706287157376
2025-09-15,829272,829272,645277,WSH,ATL,7,1,0,0,FF,FF,L,L,S,Foul,93.3,93.3,0.57,-0.57,1.4,1.4,2221.0,2221.0,144.0,216.0,8,6.3,6.3,1.6,-1.6,5.6,5.6,cube60_cluster0,1088,0.9896629556130345,FF,92.17053866131751,10.618556738155133,11.426031596706425
2025-09-15,592791,592791,669261,PIT,CHC,2,2,0,1,CU,CU,R,R,S,Foul,82.1,82.1,0.6,0.6,-0.53,-0.53,2615.0,2615.0,43.0,43.0,2,6.8,6.8,-1.18,-1.18,6.26,6.26,cube15_cluster0,23,1.4309854965272526,CU,82.92103283413093,-3.9398978499082826,-3.816941770346403
2025-09-15,701519,701519,641355,MIN,NYY,8,2,1,2,CH,CH,R,R,B,Ball,88.0,88.0,-1.2,-1.2,0.18,0.18,1866.0,1866.0,237.0,237.0,9,6.2,6.2,-1.02,-1.02,5.55,5.55,cube66_cluster0,197,1.4623347243333182,CH,86.84077917182076,12.525512574763452,6.567520411131463
2025-09-15,671212,671212,623168,TB,TOR,3,0,0,1,FS,FS,R,R,B,Ball,93.4,93.4,-1.24,-1.24,0.12,0.12,2099.0,2099.0,231.0,231.0,9,6.5,6.5,-1.14,-1.14,5.78,5.78,cube67_cluster0,835,1.4988315942434705,CH,90.86602419473125,13.606542467363951,8.526706287157376
2025-09-15,693312,693312,691718,PIT,CHC,8,0,1,1,FF,FF,R,R,B,Ball,98.1,98.1,-0.42,-0.42,1.43,1.43,2256.0,2256.0,214.0,214.0,8,7.0,7.0,-1.22,-1.22,6.04,6.04,cube60_cluster0,1088,1.8156692331870237,FF,92.17053866131751,10.618556738155133,11.426031596706425
2025-09-15,608650,608650,672820,CWS,BAL,8,2,0,2,FC,FC,L,L,B,Ball,87.4,87.4,-0.33,0.33,0.3,0.3,2190.0,2190.0,185.0,175.0,7,6.5,6.5,1.84,-1.84,6.23,6.23,cube42_cluster0,221,0.860681015376931,FC,88.14517513894621,-2.9372479967817404,6.184306080936519
2025-09-15,596133,596133,668885,MIN,NYY,7,1,1,2,FF,FF,R,R,B,Ball,97.2,97.2,-0.68,-0.68,1.71,1.71,2479.0,2479.0,206.0,206.0,8,6.2,6.2,-1.33,-1.33,5.52,5.52,cube60_cluster0,1088,1.7915210002319921,FF,92.17053866131751,10.618556738155133,11.426031596706425
2025-09-15,664747,664747,656180,WSH,ATL,9,2,0,0,SL,SL,R,R,S,Called Strike,86.6,86.6,0.32,0.32,0.36,0.36,2547.0,2547.0,129.0,129.0,5,7.6,7.6,-2.32,-2.32,5.21,5.21,cube44_cluster0,4,1.0825435182807852,SL,88.0675369146225,-0.9960050653074227,7.359635027078688
2025-09-15,687377,687377,542303,WSH,ATL,9,2,1,1,CH,CH,R,R,S,Foul,86.0,86.0,-0.38,-0.38,1.23,1.23,1995.0,1995.0,223.0,223.0,8,6.6,6.6,-1.97,-1.97,6.38,6.38,cube60_cluster0,1088,1.5399696991156924,FF,92.17053866131751,10.618556738155133,11.426031596706425
2025-09-15,686218,686218,681082,LAD,PHI,2,2,3,0,FF,FF,R,R,S,Called Strike,93.1,93.1,-0.83,-0.83,1.46,1.46,2392.0,2392.0,212.0,212.0,8,6.6,6.6,-1.18,-1.18,5.38,5.38,cube61_cluster0,650,1.5991232859336182,FF,93.56609940362357,10.767633610073183,11.615865923476361
2025-09-15,669920,669920,666969,HOU,TEX,2,1,2,1,CH,CH,R,R,S,Swinging Strike,80.4,80.4,-1.4,-1.4,0.27,0.27,1689.0,1689.0,265.0,265.0,10,6.5,6.5,-1.49,-1.49,5.69,5.69,cube66_cluster0,197,1.2875920547055357,CH,86.84077917182076,12.525512574763452,6.567520411131463
2025-09-15,683004,683004,605170,HOU,TEX,1,2,1,0,CH,CH,R,R,S,Foul,90.3,90.3,-1.09,-1.09,0.38,0.38,1385.0,1385.0,229.0,229.0,9,6.7,6.7,-1.36,-1.36,5.73,5.73,cube59_cluster1,5,1.0526533810095158,SL,84.79163597246126,7.451913253012047,2.269996213425129
2025-09-15,669461,669461,663647,STL,CIN,3,0,1,1,FF,FF,L,L,S,Foul,94.5,94.5,0.62,-0.62,1.44,1.44,2133.0,2133.0,146.0,214.0,8,6.5,6.5,0.61,-0.61,6.52,6.52,cube50_cluster0,37,1.8777517755731397,SL,89.4318003898919,-0.37548710296403526,10.18704890209373
2025-09-15,641793,641793,663457,STL,CIN,2,0,0,0,SI,SI,R,R,B,Ball,90.4,90.4,-1.2,-1.2,1.06,1.06,1903.0,1903.0,215.0,215.0,8,6.2,6.2,-0.79,-0.79,6.07,6.07,cube59_cluster0,234,0.9745383651284464,FF,89.27696125383754,10.588468754256617,10.304337269887236
2025-09-15,688497,688497,669477,AZ,SF,8,0,2,2,SL,SL,R,R,S,Casey Schmitt called out on strikes.,83.0,83.0,0.51,0.51,0.14,0.14,2241.0,2241.0,110.0,110.0,5,6.6,6.6,-0.43,-0.43,6.3,6.3,cube23_cluster0,18,1.4854783260696725,SL,84.2588963468347,-3.122612334195792,-0.3482418990887928
2025-09-15,680732,680732,694212,CWS,BAL,3,1,1,2,CH,CH,R,R,B,Ball,87.7,87.7,-1.3,-1.3,0.29,0.29,1806.0,1806.0,232.0,232.0,9,7.3,7.3,-2.35,-2.35,5.94,5.94,cube62_cluster0,6,1.783010334097114,SI,91.86488600736307,15.76720396342299,6.059817485939492
2025-09-15,607074,607074,670242,MIN,NYY,2,1,2,2,FF,FF,L,L,B,Ball,93.8,93.8,1.01,-1.01,1.29,1.29,2308.0,2308.0,142.0,218.0,8,6.1,6.1,2.16,-2.16,6.44,6.44,cube66_cluster1,5,1.0009616388092917,FF,93.24252622389831,13.00015635891318,12.382567932373675
2025-09-15,680730,680730,686948,WSH,ATL,2,1,1,1,FF,FF,L,L,B,Ball,92.1,92.1,0.32,-0.32,1.63,1.63,2127.0,2127.0,159.0,201.0,8,7.1,7.1,1.8,-1.8,6.23,6.23,cube60_cluster0,1088,1.9228221488485355,FF,92.17053866131751,10.618556738155133,11.426031596706425
2025-09-15,668678,668678,805811,AZ,SF,2,1,2,2,CH,CH,R,R,B,Ball,84.9,84.9,-1.05,-1.05,0.25,0.25,1618.0,1618.0,229.0,229.0,9,6.5,6.5,-3.27,-3.27,5.84,5.84,cube61_cluster1,4,2.2129126784056172,FF,90.06345506345505,6.430047483380817,11.373038073038074
2025-09-15,702056,702056,663968,TB,TOR,1,2,0,0,SL,SL,R,R,X,"Jake Mangum grounds out, shortstop Andrés Giménez to first baseman Vladimir Guerrero Jr.",88.1,88.1,-0.24,-0.24,0.43,0.43,2187.0,2187.0,207.0,207.0,8,5.9,5.9,-0.57,-0.57,7.16,7.16,cube50_cluster0,37,2.149207506740522,SL,89.4318003898919,-0.37548710296403526,10.18704890209373
2025-09-15,624133,624133,571970,LAD,PHI,2,2,1,1,SL,SL,L,L,S,Swinging Strike,81.9,81.9,-0.56,0.56,0.47,0.47,2217.0,2217.0,258.0,102.0,4,6.3,6.3,2.25,-2.25,5.49,5.49,cube25_cluster0,134,1.0205186016406071,SL,84.71727501905048,-6.356816171388189,1.485555081783951
2025-09-15,680694,680694,643217,CWS,BAL,1,2,1,1,SL,SL,R,R,S,Foul,86.2,86.2,1.28,1.28,-0.06,-0.06,2587.0,2587.0,57.0,57.0,3,6.7,6.7,-1.5,-1.5,6.19,6.19,cube16_cluster0,307,1.462699584891437,ST,82.89780592219195,-9.539303936916792,-1.0521378651219842
2025-09-15,680573,680573,502671,MIN,NYY,2,1,1,0,FS,FS,R,R,X,Paul Goldschmidt singles on a line drive to left fielder Austin Martin.,85.9,85.9,-0.7,-0.7,0.79,0.79,949.0,949.0,225.0,225.0,9,6.8,6.8,-1.48,-1.48,6.37,6.37,cube59_cluster1,5,1.4813305074349474,SL,84.79163597246126,7.451913253012047,2.269996213425129
2025-09-15,678906,678906,545121,AZ,SF,2,0,0,1,FF,FF,R,R,X,"Ildemaro Vargas grounds out, second baseman Casey Schmitt to first baseman Rafael Devers.",93.0,93.0,-0.64,-0.64,0.93,0.93,2532.0,2532.0,243.0,243.0,9,6.3,6.3,-2.31,-2.31,5.36,5.36,cube61_cluster0,650,1.0937953421491207,FF,93.56609940362357,10.767633610073183,11.615865923476361
2025-09-15,647336,647336,694377,PIT,CHC,7,2,1,2,SV,SV,R,R,X,"Nick Yorke grounds into a force out, third baseman Matt Shaw to second baseman Nico Hoerner. Joey Bart out at 2nd.",81.4,81.4,1.18,1.18,-0.76,-0.76,3058.0,3058.0,52.0,52.0,3,6.2,6.2,-2.53,-2.53,5.84,5.84,cube3_cluster0,7,0.823041321696757,CU,81.18692210282288,-11.451773936938942,-10.945698317474191
2025-09-15,678024,678024,691723,CWS,BAL,8,0,2,1,SI,SI,R,R,S,Foul,94.4,94.4,-1.51,-1.51,0.19,0.19,2207.0,2207.0,217.0,217.0,8,6.3,6.3,-1.68,-1.68,5.87,5.87,cube67_cluster0,835,1.248934333460503,CH,90.86602419473125,13.606542467363951,8.526706287157376
2025-09-15,641302,641302,669236,CWS,BAL,6,2,2,2,FF,FF,L,L,X,Jeremiah Jackson flies out to right fielder Mike Tauchman.,92.0,92.0,0.89,-0.89,1.4,1.4,2441.0,2441.0,142.0,218.0,8,6.4,6.4,2.02,-2.02,5.53,5.53,cube61_cluster0,650,0.8741546919759928,FF,93.56609940362357,10.767633610073183,11.615865923476361
2025-09-15,677952,677952,621020,PIT,CHC,2,1,0,0,SI,SI,R,R,S,Swinging Strike,97.2,97.2,-1.39,-1.39,0.74,0.74,2431.0,2431.0,216.0,216.0,8,6.2,6.2,-0.85,-0.85,6.27,6.27,cube59_cluster0,234,1.7884655008297659,FF,89.27696125383754,10.588468754256617,10.304337269887236
2025-09-15,680755,680755,691406,TB,TOR,11,1,2,2,FF,FF,R,R,S,Junior Caminero strikes out swinging.,95.2,95.2,-0.22,-0.22,1.45,1.45,2267.0,2267.0,199.0,199.0,8,5.6,5.6,0.73,0.73,6.65,6.65,cube50_cluster0,37,3.2482771705954465,SL,89.4318003898919,-0.37548710296403526,10.18704890209373
2025-09-15,676775,676775,664983,AZ,SF,8,2,0,1,FF,FF,R,R,S,Swinging Strike,96.7,96.7,-0.71,-0.71,1.29,1.29,2319.0,2319.0,228.0,228.0,9,6.1,6.1,-1.42,-1.42,6.19,6.19,cube60_cluster0,1088,1.2561751092078857,FF,92.17053866131751,10.618556738155133,11.426031596706425
2025-09-15,681517,681517,609280,STL,CIN,9,0,3,2,FF,FF,R,R,S,Miguel Andujar strikes out swinging.,96.8,96.8,-0.38,-0.38,1.49,1.49,2404.0,2404.0,202.0,202.0,8,7.3,7.3,-1.99,-1.99,5.69,5.69,cube62_cluster1,11,1.2416129086331196,FF,95.54242544913883,5.728019039608564,15.221051570629365
2025-09-15,675911,675911,686611,WSH,ATL,2,2,0,0,FF,FF,R,R,S,Called Strike,96.6,96.6,-0.74,-0.74,1.59,1.59,2334.0,2334.0,212.0,212.0,8,7.1,7.1,-1.72,-1.72,5.92,5.92,cube61_cluster0,650,1.5977460147721436,FF,93.56609940362357,10.767633610073183,11.615865923476361
2025-09-15,701519,701519,641355,MIN,NYY,8,2,1,1,FF,FF,R,R,S,Foul Tip,95.9,95.9,-0.59,-0.59,1.36,1.36,2321.0,2321.0,212.0,212.0,8,6.6,6.6,-0.62,-0.62,6.02,6.02,cube60_cluster0,1088,1.8991544108260359,FF,92.17053866131751,10.618556738155133,11.426031596706425
2025-09-15,592791,592791,669261,PIT,CHC,2,2,0,0,FF,FF,R,R,S,Called Strike,92.8,92.8,-0.56,-0.56,1.7,1.7,2326.0,2326.0,211.0,211.0,8,6.8,6.8,-1.11,-1.11,6.13,6.13,cube60_cluster0,1088,1.7840194288996023,FF,92.17053866131751,10.618556738155133,11.426031596706425
2025-09-15,608650,608650,672820,CWS,BAL,8,2,0,1,CH,CH,L,L,S,Foul,85.5,85.5,1.21,-1.21,0.52,0.52,1239.0,1239.0,119.0,241.0,9,6.2,6.2,2.01,-2.01,6.29,6.29,cube66_cluster0,197,1.201895588390483,CH,86.84077917182076,12.525512574763452,6.567520411131463
2025-09-15,596133,596133,668885,MIN,NYY,7,1,0,2,CH,CH,R,R,B,Ball In Dirt,90.3,90.3,-1.13,-1.13,0.72,0.72,2097.0,2097.0,224.0,224.0,8,6.2,6.2,-1.54,-1.54,5.43,5.43,cube67_cluster0,835,0.9939459631969597,CH,90.86602419473125,13.606542467363951,8.526706287157376
2025-09-15,647336,647336,694377,PIT,CHC,7,2,1,1,FF,FF,R,R,S,Foul,95.3,95.3,-0.54,-0.54,1.33,1.33,2620.0,2620.0,220.0,220.0,8,6.4,6.4,-2.56,-2.56,5.66,5.66,cube61_cluster0,650,1.2994089944719447,FF,93.56609940362357,10.767633610073183,11.615865923476361
2025-09-15,669920,669920,666969,HOU,TEX,2,1,1,1,FF,FF,R,R,B,Ball,91.9,91.9,-0.9,-0.9,1.27,1.27,2246.0,2246.0,235.0,235.0,9,6.4,6.4,-1.38,-1.38,5.91,5.91,cube60_cluster0,1088,0.7757588878463514,FF,92.17053866131751,10.618556738155133,11.426031596706425
2025-09-15,687377,687377,542303,WSH,ATL,9,2,0,1,SI,SI,R,R,B,Ball,95.2,95.2,-1.16,-1.16,0.85,0.85,2363.0,2363.0,211.0,211.0,8,6.5,6.5,-1.86,-1.86,6.48,6.48,cube60_cluster0,1088,1.395063384063646,FF,92.17053866131751,10.618556738155133,11.426031596706425
2025-09-15,686218,686218,681082,LAD,PHI,2,2,2,0,SL,SL,R,R,B,Ball,85.5,85.5,0.19,0.19,0.19,0.19,2423.0,2423.0,206.0,206.0,8,6.7,6.7,-1.25,-1.25,5.23,5.23,cube43_cluster0,136,1.6832654322373604,FC,88.90138768099045,-2.867416747399959,6.084565347981601
2025-09-15,676775,676775,664983,AZ,SF,8,2,0,0,FF,FF,R,R,S,Called Strike,96.3,96.3,-0.62,-0.62,1.23,1.23,2216.0,2216.0,224.0,224.0,8,6.1,6.1,-1.48,-1.48,6.17,6.17,cube60_cluster0,1088,1.1164157990979662,FF,92.17053866131751,10.618556738155133,11.426031596706425
2025-09-15,683004,683004,605170,HOU,TEX,1,2,0,0,CU,CU,R,R,B,Ball,81.1,81.1,0.3,0.3,-0.98,-0.98,2646.0,2646.0,32.0,32.0,2,6.3,6.3,-1.18,-1.18,5.92,5.92,cube2_cluster0,105,0.8948209384057212,CU,79.2443297084492,-9.955174138547218,-13.302302310391848
2025-09-15,661395,661395,605141,LAD,PHI,9,2,2,2,SI,SI,R,R,X,Mookie Betts flies out to center fielder Harrison Bader.,99.1,99.1,-1.19,-1.19,0.25,0.25,1702.0,1702.0,238.0,238.0,9,6.2,6.2,-2.27,-2.27,5.89,5.89,cube67_cluster0,835,1.4561570862389863,CH,90.86602419473125,13.606542467363951,8.526706287157376
2025-09-15,669461,669461,663647,STL,CIN,3,0,0,1,CH,CH,L,L,B,Ball,87.9,87.9,1.39,-1.39,0.75,0.75,1864.0,1864.0,133.0,227.0,9,6.0,6.0,0.88,-0.88,6.42,6.42,cube59_cluster0,234,1.117886887267981,FF,89.27696125383754,10.588468754256617,10.304337269887236
2025-09-15,681517,681517,609280,STL,CIN,9,0,2,2,SL,SL,R,R,B,Ball,93.5,93.5,0.5,0.5,0.36,0.36,2392.0,2392.0,178.0,178.0,7,7.1,7.1,-2.17,-2.17,5.55,5.55,cube53_cluster0,8,1.1511267302088388,SI,91.16707579412035,-0.6192274009804568,10.282725378849129
2025-09-15,680755,680755,691406,TB,TOR,11,1,2,1,SL,SL,R,R,S,Called Strike,87.1,87.1,0.29,0.29,0.22,0.22,2421.0,2421.0,122.0,122.0,5,5.5,5.5,0.72,0.72,6.65,6.65,cube15_cluster1,4,2.702127292843254,SL,83.959314171123,-4.504801604278075,-1.7933590909090908
2025-09-15,688497,688497,669477,AZ,SF,8,0,2,1,SL,SL,R,R,S,Swinging Strike,82.4,82.4,0.33,0.33,0.19,0.19,2202.0,2202.0,122.0,122.0,5,6.6,6.6,-0.4,-0.4,6.31,6.31,cube31_cluster0,31,1.5567208823958902,SL,85.53907999105853,-4.021504116996385,3.5159534946310442
2025-09-15,680732,680732,694212,CWS,BAL,3,1,0,2,FF,FF,R,R,B,Ball,99.3,99.3,-0.47,-0.47,1.46,1.46,2735.0,2735.0,202.0,202.0,8,7.1,7.1,-2.17,-2.17,6.24,6.24,cube62_cluster1,11,1.969572392553575,FF,95.54242544913883,5.728019039608564,15.221051570629365
2025-09-15,676742,676742,621020,PIT,CHC,6,1,1,0,FF,FF,R,R,S,Foul,94.9,94.9,-0.39,-0.39,1.41,1.41,2452.0,2452.0,213.0,213.0,8,6.5,6.5,-3.05,-3.05,5.95,5.95,cube62_cluster1,11,1.6381756195666586,FF,95.54242544913883,5.728019039608564,15.221051570629365
2025-09-15,678906,678906,545121,AZ,SF,2,0,0,0,ST,ST,R,R,S,Called Strike,84.0,84.0,1.02,1.02,0.02,0.02,2686.0,2686.0,58.0,58.0,3,6.2,6.2,-2.44,-2.44,5.41,5.41,cube17_cluster0,230,0.5787876309058799,ST,83.28054719292679,-11.37879274055619,0.1522002590525712
2025-09-15,668678,668678,805811,AZ,SF,2,1,1,2,CH,CH,R,R,B,Ball,85.4,85.4,-0.84,-0.84,0.37,0.37,1525.0,1525.0,226.0,226.0,9,6.4,6.4,-3.33,-3.33,5.83,5.83,cube61_cluster1,4,2.2310203580137347,FF,90.06345506345505,6.430047483380817,11.373038073038074
2025-09-15,680730,680730,686948,WSH,ATL,2,1,0,1,CU,CU,L,L,B,Ball,78.0,78.0,-0.17,0.17,-0.84,-0.84,2347.0,2347.0,332.0,28.0,2,6.7,6.7,1.56,-1.56,6.28,6.28,cube8_cluster1,5,0.8681491395812061,CU,76.99877318439641,-5.367173817726275,-11.507933500365382
2025-09-15,641302,641302,669236,CWS,BAL,6,2,2,1,CH,CH,L,L,S,Foul,84.5,84.5,0.81,-0.81,0.27,0.27,1477.0,1477.0,123.0,237.0,9,6.4,6.4,2.17,-2.17,5.23,5.23,cube66_cluster0,197,1.798517787214423,CH,86.84077917182076,12.525512574763452,6.567520411131463
2025-09-15,664192,664192,682998,AZ,SF,6,2,3,2,SI,SI,L,L,X,Corbin Carroll lines out to left fielder Heliot Ramos.,93.7,93.7,0.98,-0.98,0.94,0.94,2280.0,2280.0,143.0,217.0,8,6.4,6.4,2.45,-2.45,5.53,5.53,cube61_cluster0,650,0.6078965337427362,FF,93.56609940362357,10.767633610073183,11.615865923476361
2025-09-15,702056,702056,666139,TB,TOR,1,1,2,1,FF,FF,R,R,X,"Josh Lowe grounds out, shortstop Andrés Giménez to first baseman Vladimir Guerrero Jr. Yandy Díaz to 3rd. Junior Caminero to 2nd.",94.0,94.0,-0.32,-0.32,1.66,1.66,2252.0,2252.0,197.0,197.0,8,6.3,6.3,-0.24,-0.24,7.05,7.05,cube50_cluster0,37,2.5286449412759158,SL,89.4318003898919,-0.37548710296403526,10.18704890209373
2025-09-15,680694,680694,643217,CWS,BAL,1,2,1,0,FF,FF,R,R,S,Swinging Strike,93.6,93.6,-0.05,-0.05,1.42,1.42,2281.0,2281.0,192.0,192.0,7,6.4,6.4,-1.05,-1.05,6.57,6.57,cube50_cluster0,37,1.302976894790905,SL,89.4318003898919,-0.37548710296403526,10.18704890209373
2025-09-15,680573,680573,502671,MIN,NYY,2,1,0,0,SL,SL,R,R,B,Ball,85.3,85.3,0.26,0.26,0.59,0.59,2211.0,2211.0,183.0,183.0,7,6.7,6.7,-1.49,-1.49,6.32,6.32,cube41_cluster0,33,1.1678269437954527,FC,87.52410341975036,-2.728102441946197,5.90336268676447
2025-09-15,677952,677952,691718,PIT,CHC,2,0,1,0,CH,CH,R,R,X,Pete Crow-Armstrong flies out to right fielder Bryan Reynolds.,92.8,92.8,-1.31,-1.31,0.63,0.63,2153.0,2153.0,231.0,231.0,9,6.5,6.5,-1.22,-1.22,6.15,6.15,cube59_cluster0,234,1.1572359770369072,FF,89.27696125383754,10.588468754256617,10.304337269887236
2025-09-15,671212,671212,623168,TB,TOR,3,0,0,0,SL,SL,R,R,S,Foul,92.7,92.7,0.32,0.32,0.51,0.51,2549.0,2549.0,200.0,200.0,8,6.3,6.3,-1.14,-1.14,5.76,5.76,cube42_cluster0,221,1.2451805661697617,FC,88.14517513894621,-2.9372479967817404,6.184306080936519
2025-09-15,607074,607074,670242,MIN,NYY,2,1,2,1,FF,FF,L,L,S,Foul,94.1,94.1,1.18,-1.18,1.4,1.4,2345.0,2345.0,145.0,215.0,8,6.2,6.2,2.09,-2.09,6.41,6.41,cube66_cluster1,5,1.2435007112147767,FF,93.24252622389831,13.00015635891318,12.382567932373675
2025-09-15,678024,678024,691723,CWS,BAL,8,0,1,1,ST,ST,R,R,B,Ball,79.6,79.6,1.56,1.56,-0.07,-0.07,2471.0,2471.0,55.0,55.0,3,5.9,5.9,-1.6,-1.6,5.94,5.94,cube16_cluster0,307,1.3532844354232154,ST,82.89780592219195,-9.539303936916792,-1.0521378651219842
2025-09-15,624133,624133,571970,LAD,PHI,2,2,0,1,SI,SI,L,L,B,Ball,90.7,90.7,1.39,-1.39,0.26,0.26,1932.0,1932.0,136.0,224.0,8,6.2,6.2,2.16,-2.16,5.6,5.6,cube67_cluster0,835,0.9197580640600611,CH,90.86602419473125,13.606542467363951,8.526706287157376
2025-09-15,641793,641793,575929,STL,CIN,2,0,2,2,FF,FF,R,R,X,Willson Contreras doubles (31) on a sharp line drive to left fielder Austin Hays.,91.7,91.7,-0.43,-0.43,1.61,1.61,2090.0,2090.0,208.0,208.0,8,6.2,6.2,-0.41,-0.41,6.3,6.3,cube50_cluster0,37,1.8358635359532478,SL,89.4318003898919,-0.37548710296403526,10.18704890209373
2025-09-15,829272,829272,660670,WSH,ATL,7,0,3,2,CH,CH,L,L,S,Ronald Acuña Jr. strikes out swinging.,83.8,83.8,1.35,-1.35,0.6,0.6,1582.0,1582.0,124.0,236.0,9,6.2,6.2,1.76,-1.76,5.61,5.61,cube66_cluster0,197,0.9251025803717174,CH,86.84077917182076,12.525512574763452,6.567520411131463
2025-09-15,693312,693312,691718,PIT,CHC,8,0,1,0,FF,FF,R,R,S,Foul,99.7,99.7,-0.6,-0.6,1.5,1.5,2421.0,2421.0,214.0,214.0,8,7.1,7.1,-1.15,-1.15,6.02,6.02,cube60_cluster0,1088,2.117482900781052,FF,92.17053866131751,10.618556738155133,11.426031596706425
2025-09-15,675911,675911,657557,WSH,ATL,2,1,2,2,FF,FF,R,R,S,Paul DeJong strikes out on a foul tip.,97.4,97.4,-0.68,-0.68,1.46,1.46,2284.0,2284.0,210.0,210.0,8,7.0,7.0,-1.63,-1.63,5.87,5.87,cube61_cluster0,650,1.4396909333707983,FF,93.56609940362357,10.767633610073183,11.615865923476361
2025-09-15,664747,664747,686611,WSH,ATL,9,2,3,0,FF,FF,R,R,B,Dylan Crews walks. Daylen Lile to 2nd.,91.3,91.3,-0.95,-0.95,1.19,1.19,2570.0,2570.0,227.0,227.0,9,7.9,7.9,-2.27,-2.27,4.97,4.97,cube62_cluster0,6,1.8691416105849972,SI,91.86488600736307,15.76720396342299,6.059817485939492
2025-09-15,829272,829272,660670,WSH,ATL,7,0,3,2,FF,FF,L,L,S,Foul,93.0,93.0,0.76,-0.76,1.49,1.49,2282.0,2282.0,141.0,219.0,8,6.3,6.3,1.56,-1.56,5.56,5.56,cube60_cluster0,1088,1.1092385674067056,FF,92.17053866131751,10.618556738155133,11.426031596706425
2025-09-15,702056,702056,666139,TB,TOR,1,1,1,1,SL,SL,R,R,B,Ball,88.6,88.6,-0.26,-0.26,0.54,0.54,2195.0,2195.0,206.0,206.0,8,6.0,6.0,-0.59,-0.59,7.17,7.17,cube50_cluster0,37,2.0880496451523087,SL,89.4318003898919,-0.37548710296403526,10.18704890209373
2025-09-15,701519,701519,641355,MIN,NYY,8,2,0,1,FF,FF,R,R,B,Ball,96.1,96.1,-0.52,-0.52,1.49,1.49,2375.0,2375.0,216.0,216.0,8,6.2,6.2,-0.89,-0.89,6.08,6.08,cube50_cluster0,37,1.584955026165025,SL,89.4318003898919,-0.37548710296403526,10.18704890209373
2025-09-15,693312,693312,691718,PIT,CHC,8,0,0,0,CU,CU,R,R,B,Ball,83.2,83.2,0.67,0.67,-0.95,-0.95,2581.0,2581.0,45.0,45.0,3,6.7,6.7,-1.37,-1.37,6.07,6.07,cube2_cluster0,105,1.131793416568793,CU,79.2443297084492,-9.955174138547218,-13.302302310391848
2025-09-15,647336,647336,694377,PIT,CHC,7,2,1,0,FF,FF,R,R,S,Foul,95.2,95.2,-0.87,-0.87,1.47,1.47,2699.0,2699.0,224.0,224.0,8,6.5,6.5,-2.63,-2.63,5.62,5.62,cube61_cluster0,650,1.4672215584541957,FF,93.56609940362357,10.767633610073183,11.615865923476361
2025-09-15,608650,608650,672820,CWS,BAL,8,2,0,0,FF,FF,L,L,S,Foul,95.0,95.0,0.45,-0.45,1.63,1.63,2259.0,2259.0,152.0,208.0,8,6.3,6.3,1.96,-1.96,6.28,6.28,cube60_cluster0,1088,1.4568510580923384,FF,92.17053866131751,10.618556738155133,11.426031596706425
2025-09-15,669920,669920,666969,HOU,TEX,2,1,0,1,FF,FF,R,R,B,Ball,92.0,92.0,-0.9,-0.9,1.24,1.24,2258.0,2258.0,239.0,239.0,9,6.3,6.3,-1.38,-1.38,5.88,5.88,cube60_cluster0,1088,0.78486157799733,FF,92.17053866131751,10.618556738155133,11.426031596706425
2025-09-15,596133,596133,668885,MIN,NYY,7,1,0,1,FF,FF,R,R,S,Foul,96.3,96.3,-0.65,-0.65,1.67,1.67,2471.0,2471.0,206.0,206.0,8,6.1,6.1,-1.42,-1.42,5.54,5.54,cube60_cluster0,1088,1.710017884925695,FF,92.17053866131751,10.618556738155133,11.426031596706425
2025-09-15,686218,686218,681082,LAD,PHI,2,2,1,0,FF,FF,R,R,B,Ball,94.7,94.7,-0.76,-0.76,1.48,1.48,2421.0,2421.0,211.0,211.0,8,6.7,6.7,-1.12,-1.12,5.4,5.4,cube61_cluster0,650,1.7079062974841894,FF,93.56609940362357,10.767633610073183,11.615865923476361
2025-09-15,641793,641793,575929,STL,CIN,2,0,1,2,FS,FS,R,R,B,Ball,84.2,84.2,-1.49,-1.49,-0.41,-0.41,1382.0,1382.0,239.0,239.0,9,6.2,6.2,-0.58,-0.58,6.15,6.15,cube59_cluster1,5,2.0041989682668366,SL,84.79163597246126,7.451913253012047,2.269996213425129
2025-09-15,669461,669461,663647,STL,CIN,3,0,0,0,FC,FC,L,L,S,Called Strike,90.3,90.3,0.3,-0.3,1.34,1.34,2487.0,2487.0,151.0,209.0,8,6.3,6.3,0.64,-0.64,6.59,6.59,cube50_cluster0,37,1.5069715853229564,SL,89.4318003898919,-0.37548710296403526,10.18704890209373
2025-09-15,681517,681517,609280,STL,CIN,9,0,2,1,SL,SL,R,R,S,Foul,92.2,92.2,0.32,0.32,0.5,0.5,2211.0,2211.0,186.0,186.0,7,7.0,7.0,-2.17,-2.17,5.57,5.57,cube43_cluster0,136,1.0005803617282032,FC,88.90138768099045,-2.867416747399959,6.084565347981601
2025-09-15,661395,661395,605141,LAD,PHI,9,2,1,2,KC,KC,R,R,B,Ball,89.6,89.6,0.26,0.26,-0.83,-0.83,2596.0,2596.0,37.0,37.0,2,6.1,6.1,-2.28,-2.28,5.84,5.84,cube9_cluster0,353,1.4877640189460608,CU,81.04977735376619,-10.683603137730767,-7.201930121038002
2025-09-15,680755,680755,691406,TB,TOR,11,1,1,1,CU,CU,R,R,B,Ball,81.1,81.1,0.23,0.23,-1.44,-1.44,2496.0,2496.0,20.0,20.0,2,5.4,5.4,0.65,0.65,6.59,6.59,cube1_cluster0,11,2.67153085825797,CU,80.41940225841523,-7.8151704354474925,-14.345667881001397
2025-09-15,680732,680732,694212,CWS,BAL,3,1,0,2,KC,KC,R,R,S,Foul,84.0,84.0,-0.01,-0.01,-1.14,-1.14,2549.0,2549.0,24.0,24.0,2,7.3,7.3,-2.41,-2.41,6.16,6.16,cube8_cluster1,5,2.214775301470141,CU,76.99877318439641,-5.367173817726275,-11.507933500365382
2025-09-15,680730,680730,686948,WSH,ATL,2,1,0,0,FF,FF,L,L,S,Called Strike,92.5,92.5,0.59,-0.59,1.38,1.38,2116.0,2116.0,162.0,198.0,8,7.1,7.1,1.51,-1.51,6.21,6.21,cube60_cluster0,1088,1.7006668125660906,FF,92.17053866131751,10.618556738155133,11.426031596706425
2025-09-15,687377,687377,542303,WSH,ATL,9,2,0,0,SI,SI,R,R,S,Called Strike,96.8,96.8,-1.46,-1.46,0.95,0.95,2562.0,2562.0,210.0,210.0,8,6.6,6.6,-1.79,-1.79,6.56,6.56,cube60_cluster0,1088,1.9049086087358147,FF,92.17053866131751,10.618556738155133,11.426031596706425
2025-09-15,668678,668678,805811,AZ,SF,2,1,1,1,CH,CH,R,R,S,Swinging Strike,85.3,85.3,-0.91,-0.91,0.37,0.37,1601.0,1601.0,228.0,228.0,9,6.4,6.4,-3.28,-3.28,5.84,5.84,cube61_cluster1,4,2.170474363428297,FF,90.06345506345505,6.430047483380817,11.373038073038074
2025-09-15,641302,641302,669236,CWS,BAL,6,2,1,1,FF,FF,L,L,B,Ball,91.4,91.4,0.89,-0.89,1.24,1.24,2362.0,2362.0,141.0,219.0,8,6.4,6.4,2.01,-2.01,5.42,5.42,cube61_cluster0,650,0.7515802523064287,FF,93.56609940362357,10.767633610073183,11.615865923476361
2025-09-15,680694,680694,643217,CWS,BAL,1,2,0,0,SI,SI,R,R,B,Ball,95.3,95.3,-0.58,-0.58,1.25,1.25,2174.0,2174.0,191.0,191.0,7,6.6,6.6,-0.98,-0.98,6.4,6.4,cube50_cluster0,37,1.5878043134435782,SL,89.4318003898919,-0.37548710296403526,10.18704890209373
2025-09-15,688497,688497,669477,AZ,SF,8,0,1,1,CU,CU,R,R,B,Ball,74.5,74.5,0.06,0.06,-0.76,-0.76,2059.0,2059.0,11.0,11.0,1,6.8,6.8,0.02,0.02,6.39,6.39,cube8_cluster0,47,2.595244551675335,CU,78.44568855893485,-8.550382045687398,-9.675482721274784
2025-09-15,664747,664747,686611,WSH,ATL,9,2,2,0,FF,FF,R,R,B,Ball,93.0,93.0,-0.94,-0.94,1.21,1.21,2543.0,2543.0,222.0,222.0,8,7.9,7.9,-2.13,-2.13,4.91,4.91,cube62_cluster0,6,1.9471471190552854,SI,91.86488600736307,15.76720396342299,6.059817485939492
2025-09-15,676775,676775,543510,AZ,SF,8,1,3,2,FS,FS,R,R,X,"James McCann grounds out, third baseman Matt Chapman to first baseman Rafael Devers.",90.1,90.1,-1.51,-1.51,-0.02,-0.02,1656.0,1656.0,238.0,238.0,9,6.3,6.3,-1.46,-1.46,6.04,6.04,cube66_cluster0,197,1.101158280871786,CH,86.84077917182076,12.525512574763452,6.567520411131463
2025-09-15,607074,607074,670242,MIN,NYY,2,1,1,1,SL,SL,L,L,B,Ball,89.1,89.1,-0.02,0.02,0.5,0.5,2657.0,2657.0,144.0,216.0,8,6.1,6.1,2.46,-2.46,6.2,6.2,cube51_cluster0,242,1.4931183583257384,FC,90.51269321530226,-0.30860007748352697,10.065859987082858
2025-09-15,671212,671212,676391,TB,TOR,2,2,1,0,SL,SL,R,R,X,Ernie Clement pops out to second baseman Brandon Lowe.,91.7,91.7,0.29,0.29,0.2,0.2,2666.0,2666.0,151.0,151.0,6,6.4,6.4,-1.01,-1.01,5.83,5.83,cube32_cluster0,191,1.2798985604731774,SL,86.80283260847423,-3.994445228339661,3.088972714840957
2025-09-15,664192,664192,682998,AZ,SF,6,2,2,2,FF,FF,L,L,B,Ball,92.8,92.8,0.55,-0.55,1.01,1.01,2330.0,2330.0,150.0,210.0,8,6.1,6.1,2.44,-2.44,5.74,5.74,cube61_cluster0,650,1.116920426998692,FF,93.56609940362357,10.767633610073183,11.615865923476361
2025-09-15,624133,624133,571970,LAD,PHI,2,2,0,0,SI,SI,L,L,S,Called Strike,89.8,89.8,1.14,-1.14,0.32,0.32,1967.0,1967.0,145.0,215.0,8,6.1,6.1,2.2,-2.2,5.59,5.59,cube67_cluster0,835,0.9568839795934568,CH,90.86602419473125,13.606542467363951,8.526706287157376
2025-09-15,592791,592791,693304,PIT,CHC,2,1,0,1,FC,FC,R,R,X,Nick Gonzales flies out to right fielder Willi Castro.,86.8,86.8,0.55,0.55,0.49,0.49,2687.0,2687.0,153.0,153.0,6,6.6,6.6,-1.07,-1.07,6.18,6.18,cube31_cluster0,31,1.2638890347612783,SL,85.53907999105853,-4.021504116996385,3.5159534946310442
2025-09-15,687863,687863,694377,PIT,CHC,9,2,3,2,SL,SL,R,R,B,Nick Yorke walks.,87.3,87.3,0.67,0.67,0.55,0.55,2543.0,2543.0,80.0,80.0,4,7.4,7.4,-2.71,-2.71,5.6,5.6,cube33_cluster1,4,1.0571745854613985,CU,87.03806300600712,-4.169347463186675,3.7905776736134102
2025-09-15,677952,677952,691718,PIT,CHC,2,0,0,0,CU,CU,R,R,B,Ball,84.7,84.7,0.54,0.54,-1.2,-1.2,2689.0,2689.0,38.0,38.0,2,6.0,6.0,-0.93,-0.93,6.47,6.47,cube1_cluster0,11,0.7416379993089778,CU,80.41940225841523,-7.8151704354474925,-14.345667881001397
2025-09-15,683004,683004,676694,HOU,TEX,1,1,2,2,FF,FF,R,R,S,Jake Meyers called out on strikes.,97.1,97.1,-0.83,-0.83,1.43,1.43,2456.0,2456.0,214.0,214.0,8,6.7,6.7,-1.26,-1.26,5.66,5.66,cube61_cluster0,650,1.5217144280591577,FF,93.56609940362357,10.767633610073183,11.615865923476361
2025-09-15,680573,680573,665862,MIN,NYY,2,0,0,2,SL,SL,R,R,S,Jazz Chisholm Jr. strikes out swinging.,85.9,85.9,0.63,0.63,0.76,0.76,2198.0,2198.0,183.0,183.0,7,6.5,6.5,-1.49,-1.49,6.34,6.34,cube41_cluster0,33,1.0297871688827238,FC,87.52410341975036,-2.728102441946197,5.90336268676447
2025-09-15,678906,678906,677942,AZ,SF,1,2,2,2,ST,ST,R,R,S,Blaze Alexander strikes out swinging.,85.2,85.2,1.33,1.33,0.06,0.06,2722.0,2722.0,48.0,48.0,3,6.6,6.6,-2.13,-2.13,5.43,5.43,cube17_cluster0,230,0.7735099669992055,ST,83.28054719292679,-11.37879274055619,0.1522002590525712
2025-09-15,676742,676742,621020,PIT,CHC,6,1,0,0,SL,SL,R,R,B,Ball,85.5,85.5,0.26,0.26,0.11,0.11,2531.0,2531.0,111.0,111.0,5,6.2,6.2,-3.01,-3.01,6.21,6.21,cube25_cluster0,134,1.8279614744320887,SL,84.71727501905048,-6.356816171388189,1.485555081783951
2025-09-15,675911,675911,657557,WSH,ATL,2,1,1,2,CU,CU,R,R,B,Ball,79.3,79.3,0.73,0.73,-0.78,-0.78,2732.0,2732.0,57.0,57.0,3,7.3,7.3,-1.74,-1.74,5.83,5.83,cube10_cluster0,173,1.807261952968852,ST,82.08401130843858,-12.249969959417843,-5.792755621368389
2025-09-15,678024,678024,691723,CWS,BAL,8,0,1,0,SI,SI,R,R,S,Called Strike,94.0,94.0,-1.19,-1.19,0.34,0.34,2235.0,2235.0,219.0,219.0,8,6.4,6.4,-1.65,-1.65,5.91,5.91,cube60_cluster0,1088,1.0166732660810507,FF,92.17053866131751,10.618556738155133,11.426031596706425
2025-09-15,702056,702056,666139,TB,TOR,1,1,1,0,FF,FF,R,R,S,Swinging Strike,95.6,95.6,-0.38,-0.38,1.76,1.76,2338.0,2338.0,197.0,197.0,8,6.1,6.1,-0.28,-0.28,7.11,7.11,cube50_cluster0,37,2.6682374066610306,SL,89.4318003898919,-0.37548710296403526,10.18704890209373
2025-09-15,701519,701519,641355,MIN,NYY,8,2,0,0,CH,CH,R,R,S,Called Strike,87.9,87.9,-1.29,-1.29,0.26,0.26,1750.0,1750.0,238.0,238.0,9,6.4,6.4,-1.16,-1.16,5.59,5.59,cube66_cluster0,197,1.1921232412779634,CH,86.84077917182076,12.525512574763452,6.567520411131463
2025-09-15,675911,675911,657557,WSH,ATL,2,1,1,1,CU,CU,R,R,S,Swinging Strike,77.3,77.3,1.12,1.12,-0.63,-0.63,2725.0,2725.0,59.0,59.0,3,6.9,6.9,-1.81,-1.81,5.91,5.91,cube9_cluster0,353,1.2632778709466153,CU,81.04977735376619,-10.683603137730767,-7.201930121038002
2025-09-15,678024,678024,691723,CWS,BAL,8,0,0,0,SI,SI,R,R,B,Ball,93.6,93.6,-1.28,-1.28,0.31,0.31,2186.0,2186.0,207.0,207.0,8,6.0,6.0,-1.62,-1.62,5.83,5.83,cube67_cluster0,835,1.2784293064008012,CH,90.86602419473125,13.606542467363951,8.526706287157376
2025-09-15,671212,671212,676391,TB,TOR,2,2,0,0,FF,FF,R,R,B,Ball,98.4,98.4,-0.5,-0.5,1.21,1.21,2631.0,2631.0,213.0,213.0,8,6.2,6.2,-0.91,-0.91,5.86,5.86,cube50_cluster0,37,1.8707824401595983,SL,89.4318003898919,-0.37548710296403526,10.18704890209373
2025-09-15,688497,688497,669477,AZ,SF,8,0,0,1,CU,CU,R,R,B,Ball,72.7,72.7,0.14,0.14,-0.83,-0.83,1929.0,1929.0,8.0,8.0,1,6.6,6.6,0.31,0.31,6.49,6.49,cube8_cluster0,47,2.927759733697757,CU,78.44568855893485,-8.550382045687398,-9.675482721274784
2025-09-15,592791,592791,693304,PIT,CHC,2,1,0,0,ST,ST,R,R,S,Swinging Strike,80.9,80.9,1.19,1.19,-0.18,-0.18,2780.0,2780.0,58.0,58.0,3,6.7,6.7,-1.24,-1.24,6.19,6.19,cube9_cluster0,353,1.5050475776743701,CU,81.04977735376619,-10.683603137730767,-7.201930121038002
2025-09-15,596133,596133,668885,MIN,NYY,7,1,0,0,FF,FF,R,R,S,Swinging Strike,97.0,97.0,-0.46,-0.46,1.7,1.7,2528.0,2528.0,206.0,206.0,8,6.1,6.1,-1.42,-1.42,5.53,5.53,cube60_cluster0,1088,1.8770588194334976,FF,92.17053866131751,10.618556738155133,11.426031596706425
2025-09-15,687863,687863,694377,PIT,CHC,9,2,3,1,SL,SL,R,R,S,Called Strike,87.4,87.4,0.36,0.36,0.75,0.75,2657.0,2657.0,96.0,96.0,4,7.2,7.2,-2.71,-2.71,5.61,5.61,cube33_cluster1,4,1.1242780113603388,CU,87.03806300600712,-4.169347463186675,3.7905776736134102
2025-09-15,647336,647336,694377,PIT,CHC,7,2,0,0,SV,SV,R,R,B,Ball,82.9,82.9,0.94,0.94,-0.46,-0.46,2991.0,2991.0,55.0,55.0,3,6.1,6.1,-2.57,-2.57,5.79,5.79,cube3_cluster1,7,0.8691084871714815,CU,81.211572836182,-17.52205244065557,-6.477636799325996
2025-09-15,669920,669920,666969,HOU,TEX,2,1,0,0,SI,SI,R,R,S,Called Strike,91.0,91.0,-1.45,-1.45,0.09,0.09,2114.0,2114.0,252.0,252.0,9,6.4,6.4,-1.52,-1.52,5.57,5.57,cube67_cluster0,835,1.2898159657351405,CH,90.86602419473125,13.606542467363951,8.526706287157376
2025-09-15,686218,686218,681082,LAD,PHI,2,2,0,0,CU,CU,R,R,B,Ball,75.4,75.4,1.09,1.09,-1.23,-1.23,2585.0,2585.0,38.0,38.0,2,6.4,6.4,-0.88,-0.88,5.57,5.57,cube2_cluster0,105,1.442817908736429,CU,79.2443297084492,-9.955174138547218,-13.302302310391848
2025-09-15,641793,641793,575929,STL,CIN,2,0,1,1,FF,FF,R,R,S,Called Strike,91.2,91.2,-0.5,-0.5,1.52,1.52,2138.0,2138.0,209.0,209.0,8,6.2,6.2,-0.56,-0.56,6.24,6.24,cube50_cluster0,37,1.6172445847587011,SL,89.4318003898919,-0.37548710296403526,10.18704890209373
2025-09-15,683004,683004,676694,HOU,TEX,1,1,1,2,CU,CU,R,R,B,Ball,84.4,84.4,0.02,0.02,-0.66,-0.66,2599.0,2599.0,19.0,19.0,2,6.6,6.6,-1.1,-1.1,5.92,5.92,cube15_cluster0,23,1.4779176225633646,CU,82.92103283413093,-3.9398978499082826,-3.816941770346403
2025-09-15,681517,681517,609280,STL,CIN,9,0,1,1,ST,ST,R,R,B,Ball,87.0,87.0,1.15,1.15,0.59,0.59,2533.0,2533.0,89.0,89.0,4,6.9,6.9,-2.31,-2.31,5.64,5.64,cube25_cluster0,134,1.243819360428691,SL,84.71727501905048,-6.356816171388189,1.485555081783951
2025-09-15,680755,680755,691406,TB,TOR,11,1,1,0,SL,SL,R,R,S,Called Strike,87.6,87.6,0.24,0.24,0.52,0.52,2361.0,2361.0,179.0,179.0,7,5.5,5.5,0.69,0.69,6.55,6.55,cube15_cluster1,4,3.0122851144993743,SL,83.959314171123,-4.504801604278075,-1.7933590909090908
2025-09-15,680732,680732,694212,CWS,BAL,3,1,0,2,FF,FF,R,R,S,Foul,98.5,98.5,-0.31,-0.31,1.53,1.53,2743.0,2743.0,204.0,204.0,8,6.9,6.9,-2.31,-2.31,6.23,6.23,cube62_cluster1,11,1.9765396995491478,FF,95.54242544913883,5.728019039608564,15.221051570629365
2025-09-15,607074,607074,670242,MIN,NYY,2,1,0,1,SI,SI,L,L,B,Ball,91.3,91.3,1.48,-1.48,0.71,0.71,2138.0,2138.0,131.0,229.0,9,6.1,6.1,2.38,-2.38,6.33,6.33,cube59_cluster2,6,1.0560716528988012,FF,93.07150817165655,13.135553184666456,11.807015565535274
2025-09-15,829272,829272,660670,WSH,ATL,7,0,3,1,CH,CH,L,L,S,Swinging Strike,83.8,83.8,1.3,-1.3,0.79,0.79,1740.0,1740.0,131.0,229.0,9,6.2,6.2,1.55,-1.55,5.62,5.62,cube66_cluster0,197,1.0054236075855638,CH,86.84077917182076,12.525512574763452,6.567520411131463
2025-09-15,668678,668678,805811,AZ,SF,2,1,0,1,CH,CH,R,R,B,Ball,85.1,85.1,-0.82,-0.82,0.33,0.33,1478.0,1478.0,221.0,221.0,8,6.3,6.3,-3.26,-3.26,5.84,5.84,cube67_cluster0,835,2.361547478824035,CH,90.86602419473125,13.606542467363951,8.526706287157376
2025-09-15,641302,641302,669236,CWS,BAL,6,2,0,1,CH,CH,L,L,B,Ball In Dirt,85.1,85.1,1.3,-1.3,0.26,0.26,1615.0,1615.0,120.0,240.0,9,6.5,6.5,2.16,-2.16,5.22,5.22,cube67_cluster0,835,1.670597258428907,CH,90.86602419473125,13.606542467363951,8.526706287157376
2025-09-15,693312,693312,608348,PIT,CHC,7,2,2,2,FF,FF,R,R,X,Carson Kelly lines out to center fielder Jack Suwinski.,98.6,98.6,-0.48,-0.48,1.47,1.47,2382.0,2382.0,209.0,209.0,8,7.2,7.2,-1.04,-1.04,6.06,6.06,cube60_cluster0,1088,2.253919603533375,FF,92.17053866131751,10.618556738155133,11.426031596706425
2025-09-15,687377,687377,686948,WSH,ATL,9,2,0,2,SL,SL,R,R,X,Drake Baldwin homers (16) on a fly ball to right field. Ozzie Albies scores.,88.1,88.1,0.31,0.31,0.27,0.27,2248.0,2248.0,196.0,196.0,8,6.7,6.7,-1.91,-1.91,6.48,6.48,cube42_cluster0,221,1.3835950286965568,FC,88.14517513894621,-2.9372479967817404,6.184306080936519
2025-09-15,680573,680573,665862,MIN,NYY,2,0,0,1,FF,FF,R,R,S,Called Strike,91.0,91.0,-0.16,-0.16,1.44,1.44,2171.0,2171.0,205.0,205.0,8,6.5,6.5,-1.28,-1.28,6.5,6.5,cube50_cluster0,37,1.2819120511195314,SL,89.4318003898919,-0.37548710296403526,10.18704890209373
2025-09-15,680730,680730,673490,WSH,ATL,2,0,0,0,FF,FF,L,L,X,"Ha-Seong Kim grounds out, third baseman Paul DeJong to first baseman Josh Bell.",90.6,90.6,0.38,-0.38,1.78,1.78,2118.0,2118.0,165.0,195.0,8,7.0,7.0,1.24,-1.24,6.43,6.43,cube60_cluster0,1088,2.2210523057778584,FF,92.17053866131751,10.618556738155133,11.426031596706425
2025-09-15,664747,664747,686611,WSH,ATL,9,2,1,0,FF,FF,R,R,B,Ball,93.4,93.4,-0.91,-0.91,1.21,1.21,2614.0,2614.0,225.0,225.0,9,7.8,7.8,-2.26,-2.26,4.94,4.94,cube62_cluster0,6,1.8753369917191836,SI,91.86488600736307,15.76720396342299,6.059817485939492
2025-09-15,680694,680694,678554,CWS,BAL,1,2,1,2,SI,SI,R,R,X,Curtis Mead singles on a line drive to right fielder Tyler O'Neill. Mike Tauchman scores. Colson Montgomery to 3rd.,95.4,95.4,-0.38,-0.38,1.29,1.29,2185.0,2185.0,193.0,193.0,7,6.4,6.4,-0.71,-0.71,6.58,6.58,cube50_cluster0,37,1.584131997414827,SL,89.4318003898919,-0.37548710296403526,10.18704890209373
2025-09-15,677952,677952,608348,PIT,CHC,2,0,0,1,SL,SL,R,R,X,Carson Kelly singles on a line drive to center fielder Jack Suwinski.,93.9,93.9,0.37,0.37,0.64,0.64,2647.0,2647.0,198.0,198.0,8,5.9,5.9,-0.98,-0.98,6.44,6.44,cube50_cluster0,37,1.296830415000097,SL,89.4318003898919,-0.37548710296403526,10.18704890209373
2025-09-15,676742,676742,691718,PIT,CHC,6,1,1,1,FF,FF,R,R,X,Pete Crow-Armstrong homers (29) on a fly ball to right center field.,95.7,95.7,-0.51,-0.51,1.29,1.29,2507.0,2507.0,205.0,205.0,8,6.5,6.5,-3.09,-3.09,6.06,6.06,cube62_cluster1,11,1.7771061308682683,FF,95.54242544913883,5.728019039608564,15.221051570629365
2025-09-15,664192,664192,682998,AZ,SF,6,2,2,1,SI,SI,L,L,S,Called Strike,93.2,93.2,1.21,-1.21,0.74,0.74,2359.0,2359.0,154.0,206.0,8,6.1,6.1,2.39,-2.39,5.75,5.75,cube61_cluster0,650,1.1447680179232498,FF,93.56609940362357,10.767633610073183,11.615865923476361
2025-09-15,678906,678906,677942,AZ,SF,1,2,2,1,ST,ST,R,R,S,Foul,85.4,85.4,0.83,0.83,-0.05,-0.05,2656.0,2656.0,54.0,54.0,3,6.5,6.5,-2.28,-2.28,5.43,5.43,cube17_cluster0,230,0.410076915315857,ST,83.28054719292679,-11.37879274055619,0.1522002590525712
2025-09-15,624133,624133,500743,LAD,PHI,2,2,0,2,FF,FF,L,L,X,Miguel Rojas singles on a ground ball to right fielder Max Kepler.,92.3,92.3,0.37,-0.37,0.92,0.92,1961.0,1961.0,137.0,223.0,8,6.2,6.2,2.4,-2.4,5.52,5.52,cube61_cluster0,650,1.2738310443300873,FF,93.56609940362357,10.767633610073183,11.615865923476361
2025-09-15,661395,661395,605141,LAD,PHI,9,2,0,2,FF,FF,R,R,B,Ball,101.8,101.8,-1.23,-1.23,0.88,0.88,2041.0,2041.0,235.0,235.0,9,6.0,6.0,-2.33,-2.33,5.84,5.84,cube66_cluster1,5,1.5747619530306163,FF,93.24252622389831,13.00015635891318,12.382567932373675
2025-09-15,669461,669461,682829,STL,CIN,2,2,1,2,CU,CU,L,L,S,Elly De La Cruz called out on strikes.,79.8,79.8,-0.24,0.24,-1.43,-1.43,3058.0,3058.0,337.0,23.0,2,6.3,6.3,0.5,-0.5,6.68,6.68,cube1_cluster0,11,1.3991684625567185,CU,80.41940225841523,-7.8151704354474925,-14.345667881001397
2025-09-15,676775,676775,543510,AZ,SF,8,1,3,1,SI,SI,R,R,S,Called Strike,95.4,95.4,-0.93,-0.93,0.44,0.44,2349.0,2349.0,219.0,219.0,8,6.2,6.2,-1.38,-1.38,6.11,6.11,cube60_cluster0,1088,1.2262072794569538,FF,92.17053866131751,10.618556738155133,11.426031596706425
2025-09-15,608650,608650,691019,CWS,BAL,8,1,1,2,FF,FF,L,L,S,Kyle Teel strikes out swinging.,95.2,95.2,0.74,-0.74,1.41,1.41,2147.0,2147.0,155.0,205.0,8,6.5,6.5,1.79,-1.79,6.29,6.29,cube60_cluster0,1088,1.14956359169392,FF,92.17053866131751,10.618556738155133,11.426031596706425
2025-09-15,702056,702056,666139,TB,TOR,1,1,0,0,FF,FF,R,R,B,Ball,96.0,96.0,-0.13,-0.13,1.72,1.72,2366.0,2366.0,195.0,195.0,8,6.3,6.3,-0.37,-0.37,7.08,7.08,cube50_cluster0,37,2.5480422693206113,SL,89.4318003898919,-0.37548710296403526,10.18704890209373
2025-09-15,693312,693312,608348,PIT,CHC,7,2,1,2,SL,SL,R,R,B,Ball In Dirt,91.7,91.7,0.38,0.38,-0.18,-0.18,2580.0,2580.0,134.0,134.0,5,7.2,7.2,-1.02,-1.02,5.99,5.99,cube32_cluster0,191,1.9582280709759818,SL,86.80283260847423,-3.994445228339661,3.088972714840957
2025-09-15,688497,688497,669477,AZ,SF,8,0,0,0,SL,SL,R,R,S,Swinging Strike,84.0,84.0,0.29,0.29,0.51,0.51,2040.0,2040.0,152.0,152.0,6,6.5,6.5,-0.31,-0.31,6.44,6.44,cube31_cluster0,31,1.6995874483050817,SL,85.53907999105853,-4.021504116996385,3.5159534946310442
2025-09-15,687863,687863,694377,PIT,CHC,9,2,2,1,SL,SL,R,R,B,Ball In Dirt,87.8,87.8,0.68,0.68,0.5,0.5,2625.0,2625.0,112.0,112.0,5,7.4,7.4,-2.66,-2.66,5.52,5.52,cube33_cluster1,4,0.8960357553129812,CU,87.03806300600712,-4.169347463186675,3.7905776736134102
2025-09-15,687377,687377,686948,WSH,ATL,9,2,0,1,FF,FF,R,R,S,Foul,96.7,96.7,-0.75,-0.75,1.5,1.5,2637.0,2637.0,212.0,212.0,8,6.5,6.5,-1.81,-1.81,6.51,6.51,cube60_cluster0,1088,1.9564329687796431,FF,92.17053866131751,10.618556738155133,11.426031596706425
2025-09-15,661395,661395,605141,LAD,PHI,9,2,0,1,SI,SI,R,R,S,Foul,99.4,99.4,-1.2,-1.2,-0.05,-0.05,1854.0,1854.0,241.0,241.0,9,6.2,6.2,-2.25,-2.25,5.72,5.72,cube67_cluster0,835,1.6112938715031617,CH,90.86602419473125,13.606542467363951,8.526706287157376
2025-09-15,664747,664747,686611,WSH,ATL,9,2,0,0,SL,SL,R,R,B,Ball,87.3,87.3,0.22,0.22,0.37,0.37,2804.0,2804.0,176.0,176.0,7,7.6,7.6,-2.32,-2.32,5.15,5.15,cube44_cluster0,4,0.9973504789927664,SL,88.0675369146225,-0.9960050653074227,7.359635027078688
2025-09-15,683004,683004,676694,HOU,TEX,1,1,1,1,SL,SL,R,R,S,Called Strike,83.6,83.6,0.32,0.32,-0.06,-0.06,2564.0,2564.0,25.0,25.0,2,6.5,6.5,-1.13,-1.13,5.93,5.93,cube15_cluster0,23,1.2025810150609704,CU,82.92103283413093,-3.9398978499082826,-3.816941770346403
2025-09-15,669461,669461,682829,STL,CIN,2,2,1,1,FF,FF,L,L,S,Called Strike,95.7,95.7,0.27,-0.27,1.41,1.41,2180.0,2180.0,153.0,207.0,8,6.4,6.4,0.44,-0.44,6.61,6.61,cube50_cluster0,37,1.8814706440007412,SL,89.4318003898919,-0.37548710296403526,10.18704890209373
2025-09-15,681517,681517,609280,STL,CIN,9,0,0,1,FF,FF,R,R,B,Ball,96.4,96.4,-0.28,-0.28,1.46,1.46,2286.0,2286.0,199.0,199.0,8,7.0,7.0,-2.12,-2.12,5.73,5.73,cube62_cluster1,11,1.1654745802168076,FF,95.54242544913883,5.728019039608564,15.221051570629365
2025-09-15,641793,641793,575929,STL,CIN,2,0,1,0,SI,SI,R,R,S,Swinging Strike,91.0,91.0,-1.02,-1.02,1.23,1.23,2112.0,2112.0,210.0,210.0,8,6.2,6.2,-0.74,-0.74,6.14,6.14,cube59_cluster0,234,1.1543017067873933,FF,89.27696125383754,10.588468754256617,10.304337269887236
2025-09-15,680755,680755,691406,TB,TOR,11,1,0,0,SL,SL,R,R,B,Ball,87.7,87.7,0.19,0.19,0.25,0.25,2347.0,2347.0,178.0,178.0,7,5.6,5.6,0.64,0.64,6.64,6.64,cube15_cluster1,4,2.887454722296295,SL,83.959314171123,-4.504801604278075,-1.7933590909090908
2025-09-15,680732,680732,694212,CWS,BAL,3,1,0,2,KC,KC,R,R,S,Foul,83.4,83.4,0.33,0.33,-1.19,-1.19,2545.0,2545.0,25.0,25.0,2,7.1,7.1,-2.23,-2.23,6.18,6.18,cube8_cluster1,5,1.7889744213013326,CU,76.99877318439641,-5.367173817726275,-11.507933500365382
2025-09-15,668678,668678,805811,AZ,SF,2,1,0,0,FF,FF,R,R,S,Swinging Strike,93.6,93.6,-0.24,-0.24,1.56,1.56,2350.0,2350.0,208.0,208.0,8,6.4,6.4,-3.04,-3.04,6.0,6.0,cube62_cluster1,11,1.8733708831424614,FF,95.54242544913883,5.728019039608564,15.221051570629365
2025-09-15,641302,641302,669236,CWS,BAL,6,2,0,0,CH,CH,L,L,S,Swinging Strike,84.3,84.3,1.09,-1.09,0.26,0.26,1571.0,1571.0,123.0,237.0,9,6.3,6.3,2.2,-2.2,5.28,5.28,cube67_cluster0,835,1.6894331452288567,CH,90.86602419473125,13.606542467363951,8.526706287157376
2025-09-15,680694,680694,678554,CWS,BAL,1,2,0,2,SL,SL,R,R,B,Ball,86.6,86.6,0.74,0.74,0.19,0.19,2623.0,2623.0,50.0,50.0,3,6.6,6.6,-1.22,-1.22,6.28,6.28,cube23_cluster0,18,1.3028672484089505,SL,84.2588963468347,-3.122612334195792,-0.3482418990887928
2025-09-15,624133,624133,500743,LAD,PHI,2,2,0,1,CU,CU,L,L,S,Swinging Strike,73.6,73.6,-1.16,1.16,-0.54,-0.54,2121.0,2121.0,307.0,53.0,3,6.2,6.2,2.08,-2.08,5.61,5.61,cube9_cluster0,353,1.6068097235839542,CU,81.04977735376619,-10.683603137730767,-7.201930121038002
2025-09-15,680730,680730,645277,WSH,ATL,1,2,3,1,FF,FF,L,L,X,Ozzie Albies flies out to right fielder Dylan Crews.,92.8,92.8,0.8,-0.8,1.56,1.56,2298.0,2298.0,158.0,202.0,8,7.2,7.2,1.43,-1.43,6.23,6.23,cube60_cluster0,1088,1.9810725928087023,FF,92.17053866131751,10.618556738155133,11.426031596706425
2025-09-15,680573,680573,665862,MIN,NYY,2,0,0,0,FS,FS,R,R,S,Foul,83.2,83.2,-0.5,-0.5,0.43,0.43,842.0,842.0,234.0,234.0,9,6.6,6.6,-1.46,-1.46,6.4,6.4,cube59_cluster1,5,1.4570749541263521,SL,84.79163597246126,7.451913253012047,2.269996213425129
2025-09-15,678024,678024,687637,CWS,BAL,7,2,2,1,CH,CH,R,R,X,"Dylan Beavers grounds out, pitcher Mike Vasil to first baseman Lenyn Sosa.",86.3,86.3,-1.18,-1.18,0.47,0.47,1573.0,1573.0,239.0,239.0,9,6.6,6.6,-1.64,-1.64,5.93,5.93,cube66_cluster0,197,0.6597157915007031,CH,86.84077917182076,12.525512574763452,6.567520411131463
2025-09-15,664192,664192,682998,AZ,SF,6,2,1,1,SI,SI,L,L,B,Ball,92.3,92.3,0.74,-0.74,0.78,0.78,2172.0,2172.0,153.0,207.0,8,6.1,6.1,2.57,-2.57,5.74,5.74,cube61_cluster0,650,1.1974274317933165,FF,93.56609940362357,10.767633610073183,11.615865923476361
2025-09-15,678906,678906,677942,AZ,SF,1,2,2,0,ST,ST,R,R,S,Called Strike,85.3,85.3,0.96,0.96,0.4,0.4,2765.0,2765.0,66.0,66.0,3,6.5,6.5,-2.38,-2.38,5.42,5.42,cube17_cluster0,230,0.7453456498447855,ST,83.28054719292679,-11.37879274055619,0.1522002590525712
2025-09-15,607074,607074,670242,MIN,NYY,2,1,0,0,SI,SI,L,L,S,Foul,90.9,90.9,1.49,-1.49,0.85,0.85,2251.0,2251.0,137.0,223.0,8,6.2,6.2,2.27,-2.27,6.34,6.34,cube59_cluster2,6,1.1494605926356993,FF,93.07150817165655,13.135553184666456,11.807015565535274
2025-09-15,592791,592791,457705,PIT,CHC,2,0,3,2,SI,SI,R,R,X,Andrew McCutchen flies out to center fielder Pete Crow-Armstrong.,94.5,94.5,-0.93,-0.93,1.29,1.29,2257.0,2257.0,204.0,204.0,8,6.8,6.8,-1.0,-1.0,6.07,6.07,cube60_cluster0,1088,1.5137093136821644,FF,92.17053866131751,10.618556738155133,11.426031596706425
2025-09-15,701519,701519,592450,MIN,NYY,8,2,3,0,FC,FC,R,R,B,Aaron Judge walks.,92.3,92.3,0.5,0.5,0.65,0.65,2538.0,2538.0,178.0,178.0,7,6.2,6.2,-2.6,-2.6,6.07,6.07,cube42_cluster0,221,1.3951137388537385,FC,88.14517513894621,-2.9372479967817404,6.184306080936519
2025-09-15,686218,686218,596146,LAD,PHI,2,1,3,2,FF,FF,R,R,S,Max Kepler strikes out swinging.,95.8,95.8,-1.04,-1.04,1.44,1.44,2466.0,2466.0,213.0,213.0,8,6.5,6.5,-1.12,-1.12,5.34,5.34,cube61_cluster0,650,1.750216974717916,FF,93.56609940362357,10.767633610073183,11.615865923476361
2025-09-15,677952,677952,608348,PIT,CHC,2,0,0,0,FF,FF,R,R,S,Called Strike,97.6,97.6,-0.3,-0.3,1.38,1.38,2423.0,2423.0,211.0,211.0,8,6.3,6.3,-0.55,-0.55,6.5,6.5,cube50_cluster0,37,1.7874070191575264,SL,89.4318003898919,-0.37548710296403526,10.18704890209373
2025-09-15,676742,676742,691718,PIT,CHC,6,1,0,1,FF,FF,R,R,B,Ball,96.5,96.5,-0.63,-0.63,1.21,1.21,2504.0,2504.0,208.0,208.0,8,6.1,6.1,-3.21,-3.21,6.02,6.02,cube66_cluster1,5,1.7764661005385793,FF,93.24252622389831,13.00015635891318,12.382567932373675
2025-09-15,687911,687911,666969,HOU,TEX,8,2,0,2,FF,FF,L,L,X,"Adolis García grounds out, shortstop Jeremy Peña to first baseman Christian Walker.",93.0,93.0,0.5,-0.5,1.12,1.12,2025.0,2025.0,143.0,217.0,8,6.5,6.5,2.69,-2.69,5.6,5.6,cube61_cluster0,650,1.12028002162978,FF,93.56609940362357,10.767633610073183,11.615865923476361
2025-09-15,676775,676775,543510,AZ,SF,8,1,2,1,FS,FS,R,R,B,Ball,90.0,90.0,-1.49,-1.49,-0.04,-0.04,1629.0,1629.0,238.0,238.0,9,6.4,6.4,-1.4,-1.4,6.12,6.12,cube66_cluster0,197,1.1651200346984163,CH,86.84077917182076,12.525512574763452,6.567520411131463
2025-09-15,671212,671212,662139,TB,TOR,2,1,3,2,SL,SL,R,R,S,Daulton Varsho called out on strikes.,91.9,91.9,0.42,0.42,0.2,0.2,2687.0,2687.0,142.0,142.0,6,6.3,6.3,-1.15,-1.15,5.85,5.85,cube32_cluster0,191,1.185676271120911,SL,86.80283260847423,-3.994445228339661,3.088972714840957
2025-09-15,669920,669920,669394,HOU,TEX,2,0,2,2,ST,ST,R,R,S,Jake Burger strikes out swinging.,79.2,79.2,1.56,1.56,-0.3,-0.3,2746.0,2746.0,59.0,59.0,3,6.4,6.4,-1.97,-1.97,5.46,5.46,cube10_cluster0,173,0.9155173391084248,ST,82.08401130843858,-12.249969959417843,-5.792755621368389
2025-09-15,668933,668933,687363,STL,CIN,7,1,0,2,FC,FC,R,R,S,Victor Scott II strikes out on a foul tip.,94.8,94.8,0.46,0.46,0.62,0.62,2522.0,2522.0,189.0,189.0,7,5.5,5.5,-0.33,-0.33,6.47,6.47,cube50_cluster0,37,2.0482090453973747,SL,89.4318003898919,-0.37548710296403526,10.18704890209373
2025-09-15,608650,608650,691019,CWS,BAL,8,1,1,1,FF,FF,L,L,S,Swinging Strike,95.8,95.8,0.58,-0.58,1.46,1.46,2176.0,2176.0,150.0,210.0,8,6.4,6.4,1.86,-1.86,6.24,6.24,cube60_cluster0,1088,1.1739589736671083,FF,92.17053866131751,10.618556738155133,11.426031596706425
2025-09-15,647336,647336,663698,PIT,CHC,7,2,3,2,FF,FF,R,R,B,Joey Bart walks. Andrew McCutchen to 2nd.,95.9,95.9,-0.58,-0.58,1.45,1.45,2644.0,2644.0,229.0,229.0,9,6.5,6.5,-2.65,-2.65,5.55,5.55,cube61_cluster0,650,1.4519996978314182,FF,93.56609940362357,10.767633610073183,11.615865923476361
2025-09-15,596133,596133,621439,MIN,NYY,7,1,3,2,CH,CH,R,R,B,Byron Buxton walks. Edouard Julien to 2nd.,88.9,88.9,-1.21,-1.21,0.39,0.39,2019.0,2019.0,221.0,221.0,8,6.2,6.2,-1.57,-1.57,5.51,5.51,cube67_cluster0,835,0.9757477892056325,CH,90.86602419473125,13.606542467363951,8.526706287157376
2025-09-15,675911,675911,657557,WSH,ATL,2,1,0,1,SL,SL,R,R,B,Ball,84.5,84.5,0.35,0.35,0.32,0.32,2299.0,2299.0,195.0,195.0,8,7.0,7.0,-1.95,-1.95,5.86,5.86,cube43_cluster0,136,1.1704366013985161,FC,88.90138768099045,-2.867416747399959,6.084565347981601
2025-09-15,829272,829272,660670,WSH,ATL,7,0,2,1,FF,FF,L,L,B,Ball,92.8,92.8,0.78,-0.78,1.34,1.34,2333.0,2333.0,144.0,216.0,8,6.4,6.4,1.66,-1.66,5.55,5.55,cube61_cluster0,650,0.942705455288032,FF,93.56609940362357,10.767633610073183,11.615865923476361
2025-09-15,701519,701519,592450,MIN,NYY,8,2,2,0,FC,FC,R,R,B,Ball,91.5,91.5,0.52,0.52,0.56,0.56,2526.0,2526.0,171.0,171.0,7,6.5,6.5,-2.4,-2.4,6.12,6.12,cube42_cluster0,221,1.1464114951702344,FC,88.14517513894621,-2.9372479967817404,6.184306080936519
2025-09-15,680694,680694,678554,CWS,BAL,1,2,0,1,SL,SL,R,R,S,Foul Tip,86.5,86.5,0.79,0.79,0.01,0.01,2660.0,2660.0,38.0,38.0,2,6.5,6.5,-1.18,-1.18,6.39,6.39,cube15_cluster0,23,1.2944045975541296,CU,82.92103283413093,-3.9398978499082826,-3.816941770346403
2025-09-15,693312,693312,608348,PIT,CHC,7,2,1,2,FF,FF,R,R,S,Foul,99.1,99.1,-0.59,-0.59,1.27,1.27,2472.0,2472.0,207.0,207.0,8,7.2,7.2,-0.96,-0.96,5.95,5.95,cube60_cluster0,1088,2.264918657023904,FF,92.17053866131751,10.618556738155133,11.426031596706425
2025-09-15,671212,671212,662139,TB,TOR,2,1,2,2,FF,FF,R,R,B,Ball,99.3,99.3,-0.6,-0.6,1.33,1.33,2611.0,2611.0,220.0,220.0,8,6.3,6.3,-1.21,-1.21,5.82,5.82,cube60_cluster0,1088,1.7060916142847498,FF,92.17053866131751,10.618556738155133,11.426031596706425
2025-09-15,687911,687911,666969,HOU,TEX,8,2,0,1,FF,FF,L,L,S,Swinging Strike,92.1,92.1,0.27,-0.27,1.22,1.22,2191.0,2191.0,154.0,206.0,8,6.4,6.4,2.68,-2.68,5.59,5.59,cube52_cluster0,159,1.10779028812647,FC,90.76795186341266,-0.1350320156357884,9.625773571373404
2025-09-15,687863,687863,694377,PIT,CHC,9,2,1,1,FF,FF,R,R,B,Ball,95.0,95.0,-0.1,-0.1,1.32,1.32,2284.0,2284.0,202.0,202.0,8,7.5,7.5,-2.51,-2.51,5.56,5.56,cube62_cluster1,11,0.7898104538223808,FF,95.54242544913883,5.728019039608564,15.221051570629365
2025-09-15,647336,647336,663698,PIT,CHC,7,2,3,1,FF,FF,R,R,S,Foul,95.6,95.6,-0.58,-0.58,1.28,1.28,2686.0,2686.0,215.0,215.0,8,6.4,6.4,-2.56,-2.56,5.61,5.61,cube61_cluster0,650,1.3720934873268336,FF,93.56609940362357,10.767633610073183,11.615865923476361
2025-09-15,669920,669920,669394,HOU,TEX,2,0,2,1,SI,SI,R,R,S,Called Strike,90.7,90.7,-1.47,-1.47,0.15,0.15,2074.0,2074.0,251.0,251.0,9,6.3,6.3,-1.56,-1.56,5.52,5.52,cube67_cluster0,835,1.2280692335089596,CH,90.86602419473125,13.606542467363951,8.526706287157376
2025-09-15,687377,687377,686948,WSH,ATL,9,2,0,0,SL,SL,R,R,S,Swinging Strike,87.8,87.8,0.11,0.11,0.34,0.34,2255.0,2255.0,214.0,214.0,8,6.5,6.5,-2.04,-2.04,6.52,6.52,cube42_cluster0,221,1.4200969423122605,FC,88.14517513894621,-2.9372479967817404,6.184306080936519
2025-09-15,608650,608650,691019,CWS,BAL,8,1,1,0,FF,FF,L,L,S,Swinging Strike,95.0,95.0,0.48,-0.48,1.5,1.5,2256.0,2256.0,151.0,209.0,8,6.2,6.2,1.94,-1.94,6.26,6.26,cube60_cluster0,1088,1.3244775681619603,FF,92.17053866131751,10.618556738155133,11.426031596706425
2025-09-15,686218,686218,596146,LAD,PHI,2,1,3,1,SL,SL,R,R,S,Called Strike,85.5,85.5,0.16,0.16,0.25,0.25,2329.0,2329.0,185.0,185.0,7,6.4,6.4,-1.23,-1.23,5.24,5.24,cube42_cluster0,221,1.6209367071047094,FC,88.14517513894621,-2.9372479967817404,6.184306080936519
2025-09-15,683004,683004,676694,HOU,TEX,1,1,0,1,SL,SL,R,R,B,Ball,88.2,88.2,0.38,0.38,0.32,0.32,2578.0,2578.0,139.0,139.0,6,6.6,6.6,-1.38,-1.38,5.7,5.7,cube32_cluster0,191,0.8254247434487647,SL,86.80283260847423,-3.994445228339661,3.088972714840957
2025-09-15,669461,669461,682829,STL,CIN,2,2,0,1,CH,CH,L,L,B,Ball,89.3,89.3,1.44,-1.44,0.88,0.88,1705.0,1705.0,133.0,227.0,9,6.4,6.4,0.73,-0.73,6.44,6.44,cube59_cluster0,234,1.463972668045352,FF,89.27696125383754,10.588468754256617,10.304337269887236
2025-09-15,641793,641793,575929,STL,CIN,2,0,0,0,SL,SL,R,R,B,Ball,86.4,86.4,0.15,0.15,0.72,0.72,2291.0,2291.0,195.0,195.0,8,6.1,6.1,-0.65,-0.65,6.3,6.3,cube50_cluster0,37,0.9967491842020877,SL,89.4318003898919,-0.37548710296403526,10.18704890209373
2025-09-15,681517,681517,609280,STL,CIN,9,0,0,0,SI,SI,R,R,S,Foul,96.4,96.4,-0.91,-0.91,1.29,1.29,2304.0,2304.0,206.0,206.0,8,7.2,7.2,-1.97,-1.97,5.67,5.67,cube62_cluster1,11,1.2835201729294565,FF,95.54242544913883,5.728019039608564,15.221051570629365
2025-09-15,668933,668933,687363,STL,CIN,7,1,0,1,FC,FC,R,R,S,Foul,95.6,95.6,-0.02,-0.02,0.99,0.99,2493.0,2493.0,202.0,202.0,8,5.4,5.4,-0.24,-0.24,6.42,6.42,cube50_cluster0,37,2.1513011975735,SL,89.4318003898919,-0.37548710296403526,10.18704890209373
2025-09-15,592791,592791,457705,PIT,CHC,2,0,3,2,SI,SI,R,R,S,Foul,94.2,94.2,-0.92,-0.92,1.32,1.32,2263.0,2263.0,204.0,204.0,8,6.9,6.9,-1.06,-1.06,6.11,6.11,cube60_cluster0,1088,1.5922835313674983,FF,92.17053866131751,10.618556738155133,11.426031596706425
2025-09-15,680732,680732,694212,CWS,BAL,3,1,0,1,CH,CH,R,R,S,Swinging Strike,87.3,87.3,-0.97,-0.97,0.67,0.67,1786.0,1786.0,233.0,233.0,9,7.2,7.2,-2.28,-2.28,6.03,6.03,cube67_cluster0,835,1.742650544885012,CH,90.86602419473125,13.606542467363951,8.526706287157376
2025-09-15,680730,680730,645277,WSH,ATL,1,2,2,1,FF,FF,L,L,B,Ball,93.1,93.1,0.66,-0.66,1.28,1.28,2273.0,2273.0,157.0,203.0,8,6.8,6.8,1.54,-1.54,6.38,6.38,cube60_cluster0,1088,1.4443365593366044,FF,92.17053866131751,10.618556738155133,11.426031596706425
2025-09-15,664192,664192,682998,AZ,SF,6,2,1,0,SI,SI,L,L,S,Called Strike,92.6,92.6,0.99,-0.99,0.74,0.74,2222.0,2222.0,148.0,212.0,8,6.2,6.2,2.31,-2.31,5.81,5.81,cube60_cluster0,1088,0.9185437206329192,FF,92.17053866131751,10.618556738155133,11.426031596706425
2025-09-15,678906,678906,677942,AZ,SF,1,2,1,0,ST,ST,R,R,B,Ball,86.2,86.2,0.76,0.76,0.22,0.22,2747.0,2747.0,69.0,69.0,3,6.5,6.5,-2.22,-2.22,5.4,5.4,cube17_cluster0,230,0.6915195057652622,ST,83.28054719292679,-11.37879274055619,0.1522002590525712
2025-09-15,668678,668678,656305,AZ,SF,2,0,1,2,FF,FF,R,R,X,Matt Chapman pops out to second baseman Ketel Marte.,92.5,92.5,-0.04,-0.04,1.5,1.5,2342.0,2342.0,203.0,203.0,8,6.3,6.3,-2.96,-2.96,6.12,6.12,cube52_cluster0,159,1.8818583953213563,FC,90.76795186341266,-0.1350320156357884,9.625773571373404
2025-09-15,641302,641302,702616,CWS,BAL,6,2,3,2,CH,CH,L,L,X,Jackson Holliday doubles (21) on a line drive to right fielder Mike Tauchman.,83.9,83.9,1.15,-1.15,0.16,0.16,1462.0,1462.0,116.0,244.0,9,6.2,6.2,2.22,-2.22,5.31,5.31,cube66_cluster0,197,1.7460992828311988,CH,86.84077917182076,12.525512574763452,6.567520411131463
2025-09-15,624133,624133,500743,LAD,PHI,2,2,0,0,SI,SI,L,L,S,Called Strike,90.7,90.7,0.89,-0.89,0.4,0.4,2015.0,2015.0,142.0,218.0,8,6.3,6.3,2.28,-2.28,5.48,5.48,cube68_cluster0,637,0.9263934472814271,FF,92.88295797031044,13.980317543503329,9.180920892722085
2025-09-15,678024,678024,687637,CWS,BAL,7,2,1,1,CU,CU,R,R,B,Ball In Dirt,81.9,81.9,0.67,0.67,-1.19,-1.19,2440.0,2440.0,31.0,31.0,2,6.6,6.6,-1.36,-1.36,6.03,6.03,cube2_cluster0,105,1.0935260728920555,CU,79.2443297084492,-9.955174138547218,-13.302302310391848
2025-09-15,607074,607074,668904,MIN,NYY,2,0,3,1,FF,FF,L,L,X,Royce Lewis lines out sharply to left fielder Cody Bellinger.,94.2,94.2,0.95,-0.95,1.28,1.28,2366.0,2366.0,145.0,215.0,8,6.2,6.2,2.09,-2.09,6.44,6.44,cube66_cluster1,5,1.2084051632557031,FF,93.24252622389831,13.00015635891318,12.382567932373675
2025-09-15,702056,702056,691406,TB,TOR,1,1,3,2,FS,FS,R,R,B,Junior Caminero walks.,85.2,85.2,-0.97,-0.97,0.45,0.45,1628.0,1628.0,218.0,218.0,8,6.1,6.1,-0.43,-0.43,7.17,7.17,cube59_cluster0,234,2.619705957672739,FF,89.27696125383754,10.588468754256617,10.304337269887236
2025-09-15,688497,688497,672275,AZ,SF,7,2,2,2,FF,FF,R,R,S,Patrick Bailey called out on strikes.,90.0,90.0,0.13,0.13,1.47,1.47,2191.0,2191.0,185.0,185.0,7,6.8,6.8,-0.05,-0.05,6.35,6.35,cube50_cluster0,37,2.374913360654316,SL,89.4318003898919,-0.37548710296403526,10.18704890209373
2025-09-15,681676,681676,682829,STL,CIN,8,1,3,2,CH,CH,R,R,B,Elly De La Cruz walks. Sal Stewart to 3rd. Tyler Stephenson to 2nd.,87.2,87.2,-1.23,-1.23,0.35,0.35,1424.0,1424.0,232.0,232.0,9,6.5,6.5,-1.85,-1.85,5.84,5.84,cube66_cluster0,197,0.8073133329124692,CH,86.84077917182076,12.525512574763452,6.567520411131463
2025-09-15,680755,680755,664040,TB,TOR,11,0,2,2,FF,FF,R,R,S,Brandon Lowe strikes out swinging.,95.7,95.7,-0.36,-0.36,1.33,1.33,2310.0,2310.0,202.0,202.0,8,5.6,5.6,0.49,0.49,6.61,6.61,cube50_cluster0,37,2.9345461359487204,SL,89.4318003898919,-0.37548710296403526,10.18704890209373
2025-09-15,661395,661395,605141,LAD,PHI,9,2,0,0,SI,SI,R,R,S,Called Strike,98.1,98.1,-1.17,-1.17,0.09,0.09,1797.0,1797.0,237.0,237.0,9,6.1,6.1,-2.26,-2.26,5.83,5.83,cube67_cluster0,835,1.471252250340697,CH,90.86602419473125,13.606542467363951,8.526706287157376
2025-09-15,676775,676775,543510,AZ,SF,8,1,1,1,FF,FF,R,R,B,Ball,94.9,94.9,-0.72,-0.72,1.26,1.26,2235.0,2235.0,228.0,228.0,9,6.3,6.3,-1.46,-1.46,6.1,6.1,cube60_cluster0,1088,0.8788551647649878,FF,92.17053866131751,10.618556738155133,11.426031596706425
2025-09-15,680573,680573,519317,MIN,NYY,1,2,2,2,SL,SL,R,R,S,Giancarlo Stanton called out on strikes.,85.4,85.4,0.41,0.41,0.09,0.09,2252.0,2252.0,151.0,151.0,6,6.6,6.6,-1.4,-1.4,6.31,6.31,cube31_cluster0,31,0.8581629995107708,SL,85.53907999105853,-4.021504116996385,3.5159534946310442
2025-09-15,677952,677952,694208,PIT,CHC,1,2,2,2,FF,FF,R,R,S,Moisés Ballesteros strikes out on a foul tip.,98.4,98.4,-0.81,-0.81,1.4,1.4,2509.0,2509.0,217.0,217.0,8,6.5,6.5,-0.79,-0.79,6.25,6.25,cube60_cluster0,1088,2.0199966506805924,FF,92.17053866131751,10.618556738155133,11.426031596706425
2025-09-15,664747,664747,657557,WSH,ATL,9,1,1,2,FF,FF,R,R,S,Paul DeJong strikes out swinging.,95.6,95.6,-0.68,-0.68,1.22,1.22,2664.0,2664.0,223.0,223.0,8,7.8,7.8,-2.24,-2.24,4.95,4.95,cube53_cluster0,8,1.9145532670540872,SI,91.16707579412035,-0.6192274009804568,10.282725378849129
2025-09-15,676742,676742,691718,PIT,CHC,6,1,0,0,FF,FF,R,R,S,Swinging Strike,96.8,96.8,-0.44,-0.44,0.94,0.94,2262.0,2262.0,215.0,215.0,8,6.7,6.7,-3.14,-3.14,5.94,5.94,cube62_cluster1,11,1.4154356113188276,FF,95.54242544913883,5.728019039608564,15.221051570629365
2025-09-15,656546,656546,663743,TB,TOR,9,2,2,2,SL,SL,R,R,S,Nick Fortes strikes out swinging.,86.7,86.7,0.17,0.17,0.32,0.32,2576.0,2576.0,37.0,37.0,2,6.4,6.4,-2.13,-2.13,5.84,5.84,cube24_cluster0,201,1.0705073022828975,SL,85.05707893868184,-5.4676349917482,1.0599892053755027
2025-09-15,675911,675911,657557,WSH,ATL,2,1,0,0,FF,FF,R,R,S,Called Strike,96.2,96.2,-1.1,-1.1,1.38,1.38,2340.0,2340.0,210.0,210.0,8,7.0,7.0,-1.68,-1.68,5.93,5.93,cube61_cluster0,650,1.3681738796335328,FF,93.56609940362357,10.767633610073183,11.615865923476361
2025-09-15,829272,829272,660670,WSH,ATL,7,0,2,0,CH,CH,L,L,S,Called Strike,82.2,82.2,1.23,-1.23,0.6,0.6,1538.0,1538.0,126.0,234.0,9,6.2,6.2,1.78,-1.78,5.64,5.64,cube66_cluster0,197,0.9373751623012938,CH,86.84077917182076,12.525512574763452,6.567520411131463
2025-09-15,596133,596133,621439,MIN,NYY,7,1,3,1,FF,FF,R,R,S,Foul,96.7,96.7,-0.77,-0.77,1.53,1.53,2366.0,2366.0,204.0,204.0,8,6.1,6.1,-1.48,-1.48,5.53,5.53,cube60_cluster0,1088,1.4761961673944277,FF,92.17053866131751,10.618556738155133,11.426031596706425
2025-09-15,656546,656546,663743,TB,TOR,9,2,1,2,FF,FF,R,R,B,Ball,94.3,94.3,-0.9,-0.9,1.56,1.56,2452.0,2452.0,217.0,217.0,8,6.5,6.5,-1.99,-1.99,5.89,5.89,cube61_cluster0,650,1.1264945195477274,FF,93.56609940362357,10.767633610073183,11.615865923476361
2025-09-15,702056,702056,691406,TB,TOR,1,1,2,2,FF,FF,R,R,B,Ball In Dirt,96.3,96.3,-0.37,-0.37,1.61,1.61,2362.0,2362.0,196.0,196.0,8,6.3,6.3,-0.33,-0.33,7.02,7.02,cube50_cluster0,37,2.4788197556039315,SL,89.4318003898919,-0.37548710296403526,10.18704890209373
2025-09-15,596133,596133,621439,MIN,NYY,7,1,2,1,FF,FF,R,R,B,Ball,96.4,96.4,-0.66,-0.66,1.57,1.57,2497.0,2497.0,207.0,207.0,8,6.2,6.2,-1.49,-1.49,5.55,5.55,cube60_cluster0,1088,1.574307841482575,FF,92.17053866131751,10.618556738155133,11.426031596706425
2025-09-15,693312,693312,608348,PIT,CHC,7,2,1,1,SL,SL,R,R,S,Called Strike,90.7,90.7,0.33,0.33,0.2,0.2,2554.0,2554.0,130.0,130.0,5,6.9,6.9,-1.02,-1.02,6.06,6.06,cube32_cluster0,191,1.4312158762772498,SL,86.80283260847423,-3.994445228339661,3.088972714840957
2025-09-15,671212,671212,662139,TB,TOR,2,1,1,2,FF,FF,R,R,B,Ball,98.7,98.7,-0.72,-0.72,1.08,1.08,2609.0,2609.0,218.0,218.0,8,6.4,6.4,-1.07,-1.07,5.82,5.82,cube60_cluster0,1088,1.664386486803527,FF,92.17053866131751,10.618556738155133,11.426031596706425
2025-09-15,647336,647336,663698,PIT,CHC,7,2,2,1,SV,SV,R,R,B,Ball,82.6,82.6,0.94,0.94,-0.82,-0.82,3067.0,3067.0,49.0,49.0,3,6.4,6.4,-2.6,-2.6,5.75,5.75,cube3_cluster0,7,0.9397193567102398,CU,81.18692210282288,-11.451773936938942,-10.945698317474191
2025-09-15,687911,687911,666969,HOU,TEX,8,2,0,0,FF,FF,L,L,S,Called Strike,92.0,92.0,0.51,-0.51,1.25,1.25,2067.0,2067.0,148.0,212.0,8,6.5,6.5,2.72,-2.72,5.61,5.61,cube61_cluster0,650,1.167608239075211,FF,93.56609940362357,10.767633610073183,11.615865923476361
2025-09-15,608650,608650,691019,CWS,BAL,8,1,0,0,FC,FC,L,L,B,Ball,87.2,87.2,-0.29,0.29,0.52,0.52,2093.0,2093.0,188.0,172.0,7,6.3,6.3,1.83,-1.83,6.46,6.46,cube41_cluster0,33,1.0165786811601047,FC,87.52410341975036,-2.728102441946197,5.90336268676447
2025-09-15,669920,669920,669394,HOU,TEX,2,0,1,1,CH,CH,R,R,B,Ball,80.0,80.0,-1.37,-1.37,0.15,0.15,1682.0,1682.0,268.0,268.0,10,6.5,6.5,-1.43,-1.43,5.66,5.66,cube66_cluster0,197,1.4118612182748718,CH,86.84077917182076,12.525512574763452,6.567520411131463
2025-09-15,686218,686218,596146,LAD,PHI,2,1,2,1,FF,FF,R,R,B,Ball,94.8,94.8,-1.0,-1.0,1.54,1.54,2457.0,2457.0,213.0,213.0,8,6.5,6.5,-1.19,-1.19,5.33,5.33,cube61_cluster0,650,1.7217612740203714,FF,93.56609940362357,10.767633610073183,11.615865923476361
2025-09-15,683004,683004,676694,HOU,TEX,1,1,0,0,CU,CU,R,R,S,Called Strike,82.0,82.0,0.24,0.24,-0.81,-0.81,2663.0,2663.0,38.0,38.0,2,6.4,6.4,-1.25,-1.25,5.9,5.9,cube2_cluster0,105,1.0458985309271698,CU,79.2443297084492,-9.955174138547218,-13.302302310391848
2025-09-15,669461,669461,682829,STL,CIN,2,2,0,0,CU,CU,L,L,S,Swinging Strike,79.3,79.3,-0.46,0.46,-1.66,-1.66,2933.0,2933.0,335.0,25.0,2,6.3,6.3,0.53,-0.53,6.72,6.72,cube1_cluster0,11,1.3967039489780124,CU,80.41940225841523,-7.8151704354474925,-14.345667881001397
2025-09-15,681676,681676,682829,STL,CIN,8,1,3,1,SL,SL,R,R,S,Swinging Strike,86.9,86.9,0.33,0.33,0.13,0.13,2639.0,2639.0,156.0,156.0,6,6.2,6.2,-1.84,-1.84,5.92,5.92,cube32_cluster0,191,0.7621599814251063,SL,86.80283260847423,-3.994445228339661,3.088972714840957
2025-09-15,680755,680755,664040,TB,TOR,11,0,1,2,SL,SL,R,R,B,Ball,87.4,87.4,0.18,0.18,0.19,0.19,2361.0,2361.0,187.0,187.0,7,5.6,5.6,0.64,0.64,6.58,6.58,cube15_cluster1,4,2.8743609106333277,SL,83.959314171123,-4.504801604278075,-1.7933590909090908
2025-09-15,668933,668933,687363,STL,CIN,7,1,0,0,FC,FC,R,R,S,Called Strike,96.2,96.2,0.09,0.09,0.95,0.95,2524.0,2524.0,190.0,190.0,7,5.5,5.5,-0.36,-0.36,6.38,6.38,cube50_cluster0,37,1.9703133070611458,SL,89.4318003898919,-0.37548710296403526,10.18704890209373
2025-09-15,680732,680732,694212,CWS,BAL,3,1,0,0,KC,KC,R,R,S,Foul,82.3,82.3,0.27,0.27,-1.03,-1.03,2535.0,2535.0,22.0,22.0,2,7.0,7.0,-2.14,-2.14,6.26,6.26,cube8_cluster1,5,1.4855326324301132,CU,76.99877318439641,-5.367173817726275,-11.507933500365382
2025-09-15,668678,668678,656305,AZ,SF,2,0,0,2,SL,SL,R,R,B,Ball,87.1,87.1,0.46,0.46,0.33,0.33,2360.0,2360.0,142.0,142.0,6,6.4,6.4,-3.0,-3.0,5.94,5.94,cube33_cluster0,94,1.4056074847726823,SL,87.30386197983206,-4.155245122339746,2.874909281221629
2025-09-15,661395,661395,660271,LAD,PHI,9,2,3,1,FF,FF,R,R,B,Shohei Ohtani walks.,102.6,102.6,-0.92,-0.92,1.11,1.11,2112.0,2112.0,233.0,233.0,9,6.0,6.0,-2.07,-2.07,5.98,5.98,cube66_cluster1,5,1.5012354973749806,FF,93.24252622389831,13.00015635891318,12.382567932373675
2025-09-15,688497,688497,672275,AZ,SF,7,2,1,2,FF,FF,R,R,B,Ball,90.0,90.0,0.23,0.23,1.52,1.52,2196.0,2196.0,179.0,179.0,7,6.9,6.9,0.1,0.1,6.33,6.33,cube50_cluster0,37,2.66826974074944,SL,89.4318003898919,-0.37548710296403526,10.18704890209373
2025-09-15,680730,680730,645277,WSH,ATL,1,2,2,0,CU,CU,L,L,S,Called Strike,80.0,80.0,-0.27,0.27,-0.76,-0.76,2413.0,2413.0,332.0,28.0,2,6.9,6.9,1.68,-1.68,6.19,6.19,cube8_cluster1,5,1.2127438402446005,CU,76.99877318439641,-5.367173817726275,-11.507933500365382
2025-09-15,680694,680694,678554,CWS,BAL,1,2,0,0,SL,SL,R,R,S,Foul,85.5,85.5,1.11,1.11,-0.04,-0.04,2579.0,2579.0,46.0,46.0,3,6.3,6.3,-1.08,-1.08,6.49,6.49,cube15_cluster0,23,1.291844369504245,CU,82.92103283413093,-3.9398978499082826,-3.816941770346403
2025-09-15,701519,701519,592450,MIN,NYY,8,2,1,0,CH,CH,R,R,B,Ball,89.1,89.1,-1.23,-1.23,0.4,0.4,1861.0,1861.0,240.0,240.0,9,6.4,6.4,-2.97,-2.97,5.7,5.7,cube68_cluster0,637,1.4627104496232035,FF,92.88295797031044,13.980317543503329,9.180920892722085
2025-09-15,683175,683175,695336,STL,CIN,8,2,2,2,FF,FF,R,R,X,"Thomas Saggese grounds out, shortstop Elly De La Cruz to first baseman Sal Stewart.",99.2,99.2,-0.69,-0.69,1.22,1.22,2457.0,2457.0,223.0,223.0,8,6.0,6.0,-1.44,-1.44,5.81,5.81,cube60_cluster0,1088,1.4456511290385738,FF,92.17053866131751,10.618556738155133,11.426031596706425
2025-09-15,664747,664747,657557,WSH,ATL,9,1,0,2,SL,SL,R,R,B,Ball In Dirt,89.1,89.1,0.18,0.18,0.46,0.46,2567.0,2567.0,190.0,190.0,7,7.6,7.6,-2.25,-2.25,5.07,5.07,cube44_cluster0,4,0.7132235100795917,SL,88.0675369146225,-0.9960050653074227,7.359635027078688
2025-09-15,681517,681517,682622,STL,CIN,9,0,1,1,SL,SL,R,R,X,Noelvi Marte singles on a line drive to center fielder Victor Scott II. TJ Friedl to 2nd.,92.3,92.3,0.26,0.26,0.44,0.44,2404.0,2404.0,180.0,180.0,7,7.1,7.1,-2.29,-2.29,5.66,5.66,cube53_cluster0,8,0.9467482465110076,SI,91.16707579412035,-0.6192274009804568,10.282725378849129
2025-09-15,680573,680573,519317,MIN,NYY,1,2,1,2,FS,FS,R,R,B,Ball In Dirt,86.5,86.5,-0.84,-0.84,0.87,0.87,1304.0,1304.0,213.0,213.0,8,7.0,7.0,-1.23,-1.23,6.28,6.28,cube59_cluster1,5,1.400679386999552,SL,84.79163597246126,7.451913253012047,2.269996213425129
2025-09-15,676742,676742,608348,PIT,CHC,6,0,0,0,FF,FF,R,R,X,"Carson Kelly grounds out, third baseman Jared Triolo to first baseman Spencer Horwitz.",95.5,95.5,-0.62,-0.62,1.38,1.38,2536.0,2536.0,215.0,215.0,8,6.3,6.3,-3.13,-3.13,6.08,6.08,cube66_cluster1,5,1.9276432002893333,FF,93.24252622389831,13.00015635891318,12.382567932373675
2025-09-15,676263,676263,656941,LAD,PHI,7,2,0,0,FF,FF,L,L,X,Kyle Schwarber flies out sharply to center fielder Andy Pages.,93.1,93.1,0.46,-0.46,1.61,1.61,2437.0,2437.0,156.0,204.0,8,6.9,6.9,2.1,-2.1,5.81,5.81,cube61_cluster0,650,1.3473304459769722,FF,93.56609940362357,10.767633610073183,11.615865923476361
2025-09-15,664192,664192,682998,AZ,SF,6,2,0,0,SI,SI,L,L,B,Ball,91.9,91.9,0.94,-0.94,0.95,0.95,2201.0,2201.0,154.0,206.0,8,6.0,6.0,2.18,-2.18,5.99,5.99,cube66_cluster1,5,0.9465605132669908,FF,93.24252622389831,13.00015635891318,12.382567932373675
2025-09-15,678906,678906,677942,AZ,SF,1,2,0,0,SI,SI,R,R,B,Ball,93.2,93.2,-1.12,-1.12,0.28,0.28,2383.0,2383.0,230.0,230.0,9,6.5,6.5,-2.33,-2.33,5.41,5.41,cube68_cluster0,637,0.9348197421406331,FF,92.88295797031044,13.980317543503329,9.180920892722085
2025-09-15,607074,607074,668904,MIN,NYY,2,0,2,1,SI,SI,L,L,B,Ball,93.0,93.0,1.32,-1.32,0.8,0.8,2259.0,2259.0,137.0,223.0,8,6.1,6.1,2.35,-2.35,6.26,6.26,cube59_cluster2,6,0.8959409195943582,FF,93.07150817165655,13.135553184666456,11.807015565535274
2025-09-15,687863,687863,694377,PIT,CHC,9,2,0,1,SL,SL,R,R,B,Ball,85.1,85.1,0.86,0.86,0.43,0.43,2623.0,2623.0,73.0,73.0,3,7.1,7.1,-2.72,-2.72,5.59,5.59,cube33_cluster1,4,1.2892878106020074,CU,87.03806300600712,-4.169347463186675,3.7905776736134102
2025-09-15,657424,657424,682998,AZ,SF,6,0,1,1,SI,SI,L,L,X,Corbin Carroll doubles (30) on a line drive to center fielder Jung Hoo Lee.,92.0,92.0,0.97,-0.97,1.34,1.34,2202.0,2202.0,148.0,212.0,8,6.4,6.4,2.42,-2.42,6.12,6.12,cube60_cluster0,1088,1.1821830204608774,FF,92.17053866131751,10.618556738155133,11.426031596706425
2025-09-15,641793,641793,676475,STL,CIN,1,2,0,1,SI,SI,R,R,X,"Alec Burleson grounds out, third baseman Ke'Bryan Hayes to first baseman Sal Stewart.",91.9,91.9,-1.38,-1.38,0.88,0.88,2042.0,2042.0,214.0,214.0,8,6.2,6.2,-0.82,-0.82,6.05,6.05,cube59_cluster0,234,1.0689146141966075,FF,89.27696125383754,10.588468754256617,10.304337269887236
2025-09-15,678024,678024,687637,CWS,BAL,7,2,0,1,FF,FF,R,R,B,Ball,94.3,94.3,-0.67,-0.67,0.95,0.95,2217.0,2217.0,215.0,215.0,8,6.4,6.4,-1.72,-1.72,5.86,5.86,cube60_cluster0,1088,0.39769535659535943,FF,92.17053866131751,10.618556738155133,11.426031596706425
2025-09-15,624133,624133,669743,LAD,PHI,2,1,0,0,SI,SI,L,L,X,"Alex Call grounds out, shortstop Bryson Stott to first baseman Bryce Harper.",91.3,91.3,0.97,-0.97,0.25,0.25,1967.0,1967.0,134.0,226.0,9,6.1,6.1,2.37,-2.37,5.51,5.51,cube67_cluster0,835,1.1737032116519273,CH,90.86602419473125,13.606542467363951,8.526706287157376
2025-09-15,677952,677952,694208,PIT,CHC,1,2,1,2,SL,SL,R,R,B,Ball,93.5,93.5,-0.03,-0.03,0.55,0.55,2666.0,2666.0,196.0,196.0,8,6.3,6.3,-0.97,-0.97,6.15,6.15,cube50_cluster0,37,1.2986202268910552,SL,89.4318003898919,-0.37548710296403526,10.18704890209373
2025-09-15,687377,687377,673490,WSH,ATL,9,1,2,2,FF,FF,R,R,S,Ha-Seong Kim strikes out swinging.,96.1,96.1,-0.69,-0.69,1.41,1.41,2588.0,2588.0,212.0,212.0,8,6.7,6.7,-1.65,-1.65,6.41,6.41,cube60_cluster0,1088,1.7951352478360447,FF,92.17053866131751,10.618556738155133,11.426031596706425
2025-09-15,681911,681911,596146,LAD,PHI,8,2,0,2,SL,SL,L,L,S,Max Kepler called out on strikes.,87.0,87.0,-0.41,0.41,0.48,0.48,2410.0,2410.0,222.0,138.0,6,6.4,6.4,0.15,-0.15,6.14,6.14,cube31_cluster0,31,1.6963340019687851,SL,85.53907999105853,-4.021504116996385,3.5159534946310442
2025-09-15,676775,676775,543510,AZ,SF,8,1,0,1,FS,FS,R,R,B,Ball,90.6,90.6,-1.17,-1.17,0.33,0.33,1633.0,1633.0,244.0,244.0,9,6.4,6.4,-1.42,-1.42,5.97,5.97,cube66_cluster0,197,0.6769320317712977,CH,86.84077917182076,12.525512574763452,6.567520411131463
2025-09-15,592791,592791,457705,PIT,CHC,2,0,3,2,FC,FC,R,R,S,Foul,85.6,85.6,0.55,0.55,0.23,0.23,2694.0,2694.0,141.0,141.0,6,6.6,6.6,-1.21,-1.21,6.19,6.19,cube32_cluster0,191,1.1605540728192703,SL,86.80283260847423,-3.994445228339661,3.088972714840957
2025-09-15,675911,675911,671277,WSH,ATL,2,0,3,2,CU,CU,R,R,S,Luis García Jr. strikes out swinging.,78.2,78.2,0.65,0.65,-0.74,-0.74,2655.0,2655.0,59.0,59.0,3,6.9,6.9,-1.85,-1.85,5.83,5.83,cube9_cluster0,353,1.2224804397671085,CU,81.04977735376619,-10.683603137730767,-7.201930121038002
2025-09-15,641302,641302,702616,CWS,BAL,6,2,3,1,SI,SI,L,L,S,Foul,91.2,91.2,1.3,-1.3,0.43,0.43,2062.0,2062.0,131.0,229.0,9,6.3,6.3,2.18,-2.18,5.28,5.28,cube68_cluster0,637,0.8843208986360531,FF,92.88295797031044,13.980317543503329,9.180920892722085
2025-09-15,595345,595345,680737,HOU,TEX,6,2,0,2,SL,SL,L,L,S,Michael Helman strikes out swinging.,80.9,80.9,-0.66,0.66,0.78,0.78,2627.0,2627.0,288.0,72.0,3,6.3,6.3,3.18,-3.18,5.9,5.9,cube17_cluster0,230,1.8441523201616608,ST,83.28054719292679,-11.37879274055619,0.1522002590525712
2025-09-15,829272,829272,660670,WSH,ATL,7,0,1,0,CH,CH,L,L,B,Ball,81.3,81.3,1.27,-1.27,0.52,0.52,1552.0,1552.0,125.0,235.0,9,6.2,6.2,1.91,-1.91,5.69,5.69,cube66_cluster0,197,1.0172574526724416,CH,86.84077917182076,12.525512574763452,6.567520411131463
2025-09-15,702056,702056,691406,TB,TOR,1,1,1,2,SL,SL,R,R,B,Ball,88.0,88.0,-0.01,-0.01,0.33,0.33,2236.0,2236.0,211.0,211.0,8,5.9,5.9,-0.41,-0.41,7.15,7.15,cube50_cluster0,37,2.2651784192828597,SL,89.4318003898919,-0.37548710296403526,10.18704890209373
2025-09-15,675911,675911,671277,WSH,ATL,2,0,2,2,SL,SL,R,R,B,Ball,84.0,84.0,0.44,0.44,0.26,0.26,2272.0,2272.0,151.0,151.0,6,7.0,7.0,-1.82,-1.82,5.83,5.83,cube33_cluster0,94,1.0923292915497462,SL,87.30386197983206,-4.155245122339746,2.874909281221629
2025-09-15,701519,701519,592450,MIN,NYY,8,2,0,0,FC,FC,R,R,B,Ball,91.4,91.4,0.44,0.44,0.64,0.64,2472.0,2472.0,170.0,170.0,7,6.0,6.0,-2.17,-2.17,6.27,6.27,cube42_cluster0,221,1.2328735366607677,FC,88.14517513894621,-2.9372479967817404,6.184306080936519
2025-09-15,596133,596133,621439,MIN,NYY,7,1,1,1,FC,FC,R,R,B,Ball,93.7,93.7,-0.13,-0.13,0.66,0.66,2473.0,2473.0,199.0,199.0,8,6.0,6.0,-1.43,-1.43,5.5,5.5,cube51_cluster0,242,1.2658437357951329,FC,90.51269321530226,-0.30860007748352697,10.065859987082858
2025-09-15,669704,669704,643217,CWS,BAL,6,2,1,1,FC,FC,R,R,X,"Andrew Benintendi grounds out, first baseman Ryan Mountcastle to pitcher Kade Strowd.",90.0,90.0,0.63,0.63,0.11,0.11,2572.0,2572.0,113.0,113.0,5,6.2,6.2,-1.2,-1.2,5.8,5.8,cube32_cluster0,191,1.1012258756122077,SL,86.80283260847423,-3.994445228339661,3.088972714840957
2025-09-15,693312,693312,608348,PIT,CHC,7,2,0,1,FF,FF,R,R,B,Ball,97.8,97.8,-0.62,-0.62,1.23,1.23,2412.0,2412.0,210.0,210.0,8,7.0,7.0,-1.03,-1.03,6.1,6.1,cube60_cluster0,1088,1.9011615073415102,FF,92.17053866131751,10.618556738155133,11.426031596706425
2025-09-15,671212,671212,662139,TB,TOR,2,1,1,1,SL,SL,R,R,S,Foul,91.4,91.4,0.31,0.31,0.28,0.28,2754.0,2754.0,150.0,150.0,6,6.5,6.5,-1.15,-1.15,5.81,5.81,cube32_cluster0,191,1.2630479161474868,SL,86.80283260847423,-3.994445228339661,3.088972714840957
2025-09-15,647336,647336,663698,PIT,CHC,7,2,2,0,FF,FF,R,R,S,Called Strike,95.0,95.0,-0.56,-0.56,1.27,1.27,2599.0,2599.0,227.0,227.0,9,6.2,6.2,-2.59,-2.59,5.66,5.66,cube61_cluster0,650,1.390109493788085,FF,93.56609940362357,10.767633610073183,11.615865923476361
2025-09-15,688497,688497,672275,AZ,SF,7,2,1,2,FF,FF,R,R,S,Foul,89.9,89.9,0.11,0.11,1.63,1.63,2243.0,2243.0,180.0,180.0,7,6.8,6.8,-0.01,-0.01,6.4,6.4,cube50_cluster0,37,2.5161687437303075,SL,89.4318003898919,-0.37548710296403526,10.18704890209373
2025-09-15,677952,677952,694208,PIT,CHC,1,2,0,2,CU,CU,R,R,B,Ball In Dirt,85.7,85.7,0.55,0.55,-1.15,-1.15,2745.0,2745.0,32.0,32.0,2,6.2,6.2,-0.92,-0.92,6.31,6.31,cube1_cluster0,11,0.7342888566900537,CU,80.41940225841523,-7.8151704354474925,-14.345667881001397
2025-09-15,687863,687863,694377,PIT,CHC,9,2,0,0,SL,SL,R,R,S,Foul,87.2,87.2,0.74,0.74,0.53,0.53,2615.0,2615.0,96.0,96.0,4,7.3,7.3,-2.82,-2.82,5.62,5.62,cube33_cluster1,4,0.9957471370373443,CU,87.03806300600712,-4.169347463186675,3.7905776736134102
2025-09-15,687377,687377,673490,WSH,ATL,9,1,1,2,SI,SI,R,R,B,Ball In Dirt,96.3,96.3,-1.38,-1.38,1.03,1.03,2652.0,2652.0,210.0,210.0,8,6.6,6.6,-1.7,-1.7,6.48,6.48,cube60_cluster0,1088,1.8820258000987167,FF,92.17053866131751,10.618556738155133,11.426031596706425
2025-09-15,669920,669920,669394,HOU,TEX,2,0,1,0,SI,SI,R,R,S,Called Strike,89.8,89.8,-1.52,-1.52,0.15,0.15,1956.0,1956.0,250.0,250.0,9,6.6,6.6,-1.43,-1.43,5.61,5.61,cube67_cluster0,835,1.2955514234783376,CH,90.86602419473125,13.606542467363951,8.526706287157376
2025-09-15,686218,686218,596146,LAD,PHI,2,1,1,1,FF,FF,R,R,B,Ball,95.6,95.6,-1.05,-1.05,1.39,1.39,2446.0,2446.0,214.0,214.0,8,6.6,6.6,-1.19,-1.19,5.29,5.29,cube61_cluster0,650,1.6586203285715908,FF,93.56609940362357,10.767633610073183,11.615865923476361
2025-09-15,683175,683175,695336,STL,CIN,8,2,1,2,ST,ST,R,R,B,Ball,83.5,83.5,1.22,1.22,-0.01,-0.01,2291.0,2291.0,64.0,64.0,3,5.9,5.9,-1.93,-1.93,5.51,5.51,cube16_cluster0,307,1.1596600037732037,ST,82.89780592219195,-9.539303936916792,-1.0521378651219842
2025-09-15,681911,681911,596146,LAD,PHI,8,2,0,1,SL,SL,L,L,S,Swinging Strike,86.3,86.3,-0.57,0.57,0.42,0.42,2436.0,2436.0,197.0,163.0,6,6.2,6.2,0.04,-0.04,6.08,6.08,cube15_cluster1,4,1.8244962076585136,SL,83.959314171123,-4.504801604278075,-1.7933590909090908
2025-09-15,681676,681676,682829,STL,CIN,8,1,3,0,FF,FF,R,R,S,Called Strike,95.2,95.2,-0.92,-0.92,1.49,1.49,2276.0,2276.0,203.0,203.0,8,6.3,6.3,-1.58,-1.58,5.89,5.89,cube60_cluster0,1088,0.9763645155048013,FF,92.17053866131751,10.618556738155133,11.426031596706425
2025-09-15,681517,681517,682622,STL,CIN,9,0,1,0,SI,SI,R,R,S,Foul,95.9,95.9,-1.06,-1.06,1.07,1.07,2350.0,2350.0,208.0,208.0,8,7.1,7.1,-1.85,-1.85,5.7,5.7,cube61_cluster0,650,1.120309762739305,FF,93.56609940362357,10.767633610073183,11.615865923476361
2025-09-15,680755,680755,664040,TB,TOR,11,0,1,2,CU,CU,R,R,S,Foul,80.1,80.1,0.38,0.38,-1.61,-1.61,2528.0,2528.0,23.0,23.0,2,5.6,5.6,0.64,0.64,6.61,6.61,cube1_cluster0,11,2.5291072479172794,CU,80.41940225841523,-7.8151704354474925,-14.345667881001397
2025-09-15,641793,641793,676475,STL,CIN,1,2,0,0,FS,FS,R,R,S,Called Strike,82.1,82.1,-0.73,-0.73,-0.21,-0.21,987.0,987.0,251.0,251.0,9,6.0,6.0,-0.68,-0.68,6.18,6.18,cube59_cluster1,5,1.8879990135209725,SL,84.79163597246126,7.451913253012047,2.269996213425129
2025-09-15,595345,595345,680737,HOU,TEX,6,2,0,1,FF,FF,L,L,S,Called Strike,89.9,89.9,0.55,-0.55,1.42,1.42,2237.0,2237.0,142.0,218.0,8,6.2,6.2,3.28,-3.28,6.02,6.02,cube66_cluster1,5,1.935972782401601,FF,93.24252622389831,13.00015635891318,12.382567932373675
2025-09-15,668678,668678,656305,AZ,SF,2,0,0,1,FF,FF,R,R,S,Called Strike,92.3,92.3,-0.3,-0.3,1.48,1.48,2264.0,2264.0,212.0,212.0,8,6.4,6.4,-2.99,-2.99,6.08,6.08,cube61_cluster0,650,1.8568504090217584,FF,93.56609940362357,10.767633610073183,11.615865923476361
2025-09-15,678024,678024,687637,CWS,BAL,7,2,0,0,CH,CH,R,R,S,Called Strike,86.9,86.9,-1.03,-1.03,0.35,0.35,1471.0,1471.0,247.0,247.0,9,6.3,6.3,-1.66,-1.66,5.87,5.87,cube66_cluster0,197,0.47649213178250327,CH,86.84077917182076,12.525512574763452,6.567520411131463
2025-09-15,664076,664076,662139,TB,TOR,7,2,0,2,ST,ST,L,L,X,Daulton Varsho lines out sharply to right fielder Josh Lowe.,81.1,81.1,-1.05,1.05,-0.55,-0.55,2888.0,2888.0,299.0,61.0,3,5.8,5.8,1.37,-1.37,5.0,5.0,cube3_cluster1,7,1.923191407086564,CU,81.211572836182,-17.52205244065557,-6.477636799325996
2025-09-15,680730,680730,645277,WSH,ATL,1,2,1,0,CU,CU,L,L,B,Ball,79.8,79.8,-0.16,0.16,-0.96,-0.96,2389.0,2389.0,348.0,12.0,1,6.9,6.9,1.28,-1.28,6.25,6.25,cube8_cluster1,5,1.337938955340878,CU,76.99877318439641,-5.367173817726275,-11.507933500365382
2025-09-15,641302,641302,702616,CWS,BAL,6,2,3,0,SI,SI,L,L,S,Called Strike,91.2,91.2,1.31,-1.31,0.64,0.64,2019.0,2019.0,137.0,223.0,8,6.4,6.4,2.12,-2.12,5.35,5.35,cube68_cluster0,637,0.6582508935696373,FF,92.88295797031044,13.980317543503329,9.180920892722085
2025-09-15,664192,664192,606466,AZ,SF,6,1,0,0,FF,FF,L,L,X,"Ketel Marte grounds out, shortstop Willy Adames to first baseman Rafael Devers.",92.0,92.0,0.15,-0.15,1.2,1.2,2215.0,2215.0,155.0,205.0,8,6.0,6.0,2.25,-2.25,6.08,6.08,cube51_cluster0,242,1.1433754321474563,FC,90.51269321530226,-0.30860007748352697,10.065859987082858
2025-09-15,687911,687911,669394,HOU,TEX,8,1,2,2,SI,SI,L,L,X,"Jake Burger grounds out, second baseman Jose Altuve to first baseman Christian Walker.",91.7,91.7,1.07,-1.07,0.55,0.55,1979.0,1979.0,146.0,214.0,8,6.6,6.6,2.77,-2.77,5.54,5.54,cube68_cluster0,637,0.8807511817869649,FF,92.88295797031044,13.980317543503329,9.180920892722085
2025-09-15,607074,607074,668904,MIN,NYY,2,0,1,1,FF,FF,L,L,B,Ball,93.5,93.5,1.02,-1.02,1.34,1.34,2340.0,2340.0,147.0,213.0,8,6.2,6.2,2.04,-2.04,6.43,6.43,cube66_cluster1,5,1.2351965968504501,FF,93.24252622389831,13.00015635891318,12.382567932373675
2025-09-15,680573,680573,519317,MIN,NYY,1,2,0,2,FF,FF,R,R,B,Ball,93.1,93.1,-0.01,-0.01,1.46,1.46,2220.0,2220.0,197.0,197.0,8,6.8,6.8,-1.2,-1.2,6.43,6.43,cube50_cluster0,37,1.6718141645064895,SL,89.4318003898919,-0.37548710296403526,10.18704890209373
2025-09-15,664747,664747,657557,WSH,ATL,9,1,0,1,SL,SL,R,R,S,Foul,89.3,89.3,0.14,0.14,0.39,0.39,2718.0,2718.0,166.0,166.0,7,7.6,7.6,-2.28,-2.28,5.18,5.18,cube44_cluster0,4,0.8788632443231865,SL,88.0675369146225,-0.9960050653074227,7.359635027078688
2025-09-15,680694,680694,695657,CWS,BAL,1,2,1,0,CU,CU,R,R,X,Colson Montgomery singles on a line drive to center fielder Colton Cowser. Mike Tauchman to 2nd.,83.3,83.3,0.43,0.43,-1.1,-1.1,2566.0,2566.0,34.0,34.0,2,6.5,6.5,-1.07,-1.07,6.49,6.49,cube1_cluster0,11,1.2595426433412644,CU,80.41940225841523,-7.8151704354474925,-14.345667881001397
2025-09-15,676742,676742,694208,PIT,CHC,5,2,3,2,CH,CH,R,R,X,"Moisés Ballesteros grounds out, second baseman Nick Yorke to first baseman Spencer Horwitz.",92.9,92.9,-1.3,-1.3,0.1,0.1,1864.0,1864.0,241.0,241.0,9,6.3,6.3,-3.08,-3.08,5.96,5.96,cube67_cluster0,835,1.9067485804103521,CH,90.86602419473125,13.606542467363951,8.526706287157376
2025-09-15,669461,669461,663886,STL,CIN,2,1,0,1,FF,FF,L,L,X,Tyler Stephenson flies out sharply to center fielder Victor Scott II.,96.5,96.5,0.42,-0.42,1.45,1.45,2199.0,2199.0,152.0,208.0,8,6.4,6.4,0.51,-0.51,6.63,6.63,cube50_cluster0,37,1.9364135537269014,SL,89.4318003898919,-0.37548710296403526,10.18704890209373
2025-09-15,621381,621381,500743,LAD,PHI,8,2,3,2,FF,FF,L,L,X,Miguel Rojas flies out to center fielder Harrison Bader.,90.8,90.8,0.82,-0.82,1.33,1.33,2512.0,2512.0,141.0,219.0,8,6.1,6.1,1.6,-1.6,5.41,5.41,cube61_cluster0,650,1.485368600397716,FF,93.56609940362357,10.767633610073183,11.615865923476361
2025-09-15,608650,608650,643565,CWS,BAL,8,0,2,2,CH,CH,L,L,X,Mike Tauchman flies out to shortstop Gunnar Henderson.,86.7,86.7,1.19,-1.19,0.66,0.66,1239.0,1239.0,122.0,238.0,9,6.3,6.3,1.94,-1.94,6.21,6.21,cube66_cluster0,197,1.06974757861178,CH,86.84077917182076,12.525512574763452,6.567520411131463
2025-09-15,502085,502085,571970,LAD,PHI,10,2,2,2,KC,KC,R,R,X,Max Muncy grounds out to first baseman Bryce Harper.,86.6,86.6,0.67,0.67,-0.95,-0.95,2776.0,2776.0,44.0,44.0,2,6.3,6.3,-2.8,-2.8,5.77,5.77,cube10_cluster0,173,1.3731368219375435,ST,82.08401130843858,-12.249969959417843,-5.792755621368389
2025-09-15,661395,661395,660271,LAD,PHI,9,2,2,1,FF,FF,R,R,B,Ball,101.6,101.6,-0.93,-0.93,0.94,0.94,2064.0,2064.0,232.0,232.0,9,6.1,6.1,-2.16,-2.16,6.01,6.01,cube60_cluster0,1088,1.377170647520573,FF,92.17053866131751,10.618556738155133,11.426031596706425
2025-09-15,683004,683004,572233,HOU,TEX,1,1,0,0,FF,FF,R,R,B,Christian Walker hit by pitch.,95.4,95.4,-0.92,-0.92,1.54,1.54,2336.0,2336.0,219.0,219.0,8,6.8,6.8,-1.33,-1.33,5.68,5.68,cube61_cluster0,650,1.463637087799614,FF,93.56609940362357,10.767633610073183,11.615865923476361
2025-09-15,680732,680732,691723,CWS,BAL,3,0,2,2,SL,SL,R,R,S,Coby Mayo called out on strikes.,89.6,89.6,0.42,0.42,0.42,0.42,2487.0,2487.0,158.0,158.0,6,7.0,7.0,-2.23,-2.23,6.23,6.23,cube33_cluster0,94,1.418295067912223,SL,87.30386197983206,-4.155245122339746,2.874909281221629
2025-09-15,676775,676775,543510,AZ,SF,8,1,0,0,SL,SL,R,R,S,Foul Tip,90.3,90.3,0.02,0.02,0.37,0.37,2345.0,2345.0,221.0,221.0,8,6.2,6.2,-1.52,-1.52,6.05,6.05,cube41_cluster0,33,0.8900128801535871,FC,87.52410341975036,-2.728102441946197,5.90336268676447
2025-09-15,592791,592791,457705,PIT,CHC,2,0,2,2,ST,ST,R,R,B,Ball,81.9,81.9,1.56,1.56,0.15,0.15,2871.0,2871.0,57.0,57.0,3,6.9,6.9,-1.11,-1.11,6.19,6.19,cube9_cluster0,353,2.192427831352381,CU,81.04977735376619,-10.683603137730767,-7.201930121038002
2025-09-15,678906,678906,672515,AZ,SF,1,1,1,2,ST,ST,R,R,S,Gabriel Moreno strikes out swinging.,85.1,85.1,1.66,1.66,0.0,0.0,2824.0,2824.0,58.0,58.0,3,6.4,6.4,-2.42,-2.42,5.4,5.4,cube17_cluster0,230,1.044346206349798,ST,83.28054719292679,-11.37879274055619,0.1522002590525712
2025-09-15,676263,676263,664056,LAD,PHI,7,1,1,2,SL,SL,L,L,S,Harrison Bader strikes out swinging.,90.0,90.0,-0.25,0.25,0.4,0.4,2415.0,2415.0,180.0,180.0,7,6.6,6.6,1.47,-1.47,5.91,5.91,cube42_cluster0,221,0.6962627049151228,FC,88.14517513894621,-2.9372479967817404,6.184306080936519
2025-09-15,681892,681892,641857,MIN,NYY,7,2,3,2,ST,ST,L,L,S,Ryan McMahon called out on strikes.,83.3,83.3,-1.14,1.14,-0.38,-0.38,2484.0,2484.0,308.0,52.0,3,7.2,7.2,2.71,-2.71,5.59,5.59,cube17_cluster0,230,1.5816135077233504,ST,83.28054719292679,-11.37879274055619,0.1522002590525712
2025-09-15,668933,668933,699625,STL,CIN,7,0,0,2,SL,SL,R,R,S,Jimmy Crooks strikes out swinging.,87.9,87.9,0.56,0.56,-0.13,-0.13,2816.0,2816.0,32.0,32.0,2,5.6,5.6,-0.32,-0.32,6.26,6.26,cube15_cluster1,4,1.4402168965042577,SL,83.959314171123,-4.504801604278075,-1.7933590909090908
2025-09-15,657424,657424,682998,AZ,SF,6,0,1,0,SL,SL,L,L,S,Called Strike,84.1,84.1,-0.39,0.39,0.1,0.1,2321.0,2321.0,258.0,102.0,4,6.5,6.5,2.6,-2.6,6.06,6.06,cube25_cluster0,134,1.220650601225238,SL,84.71727501905048,-6.356816171388189,1.485555081783951
2025-09-15,624133,624133,518692,LAD,PHI,2,0,2,2,SL,SL,L,L,S,Freddie Freeman strikes out swinging.,79.8,79.8,-0.74,0.74,0.58,0.58,2178.0,2178.0,278.0,82.0,4,6.1,6.1,2.3,-2.3,5.5,5.5,cube25_cluster0,134,1.43881290855321,SL,84.71727501905048,-6.356816171388189,1.485555081783951
2025-09-15,621051,621051,691723,CWS,BAL,6,2,3,1,FF,FF,R,R,B,Coby Mayo walks.,95.0,95.0,-0.66,-0.66,1.42,1.42,2524.0,2524.0,209.0,209.0,8,6.9,6.9,-2.11,-2.11,5.81,5.81,cube61_cluster0,650,1.1834563800702245,FF,93.56609940362357,10.767633610073183,11.615865923476361
2025-09-15,607455,607455,547180,LAD,PHI,1,1,3,2,SI,SI,L,L,B,Bryce Harper walks.,97.0,97.0,1.01,-1.01,0.82,0.82,2204.0,2204.0,138.0,222.0,8,6.4,6.4,2.57,-2.57,5.36,5.36,cube68_cluster0,637,0.7817859176093706,FF,92.88295797031044,13.980317543503329,9.180920892722085
2025-09-15,829272,829272,660670,WSH,ATL,7,0,0,0,KC,KC,L,L,B,Ball,73.0,73.0,-0.13,0.13,-1.57,-1.57,2759.0,2759.0,347.0,13.0,1,6.0,6.0,1.27,-1.27,5.84,5.84,cube1_cluster1,12,1.2290157067086682,SL,75.6473201147479,-7.778794447221829,-14.516224951759256
2025-09-15,656546,656546,663743,TB,TOR,9,2,1,1,SL,SL,R,R,S,Foul,86.4,86.4,0.09,0.09,0.35,0.35,2613.0,2613.0,121.0,121.0,5,6.3,6.3,-2.14,-2.14,5.89,5.89,cube33_cluster0,94,0.8910149825132693,SL,87.30386197983206,-4.155245122339746,2.874909281221629
2025-09-15,702056,702056,691406,TB,TOR,1,1,1,2,FF,FF,R,R,S,Foul,96.2,96.2,-0.34,-0.34,1.62,1.62,2285.0,2285.0,198.0,198.0,8,6.1,6.1,-0.58,-0.58,7.08,7.08,cube50_cluster0,37,2.339342850218009,SL,89.4318003898919,-0.37548710296403526,10.18704890209373
2025-09-15,621051,621051,691723,CWS,BAL,6,2,2,1,ST,ST,R,R,B,Ball,81.4,81.4,1.44,1.44,-0.3,-0.3,2823.0,2823.0,41.0,41.0,2,6.8,6.8,-2.45,-2.45,5.76,5.76,cube10_cluster0,173,1.0085201632974272,ST,82.08401130843858,-12.249969959417843,-5.792755621368389
2025-09-15,675911,675911,671277,WSH,ATL,2,0,2,1,SL,SL,R,R,S,Swinging Strike,85.4,85.4,0.52,0.52,0.2,0.2,2203.0,2203.0,173.0,173.0,7,7.0,7.0,-1.9,-1.9,5.75,5.75,cube33_cluster0,94,1.163178382627832,SL,87.30386197983206,-4.155245122339746,2.874909281221629
2025-09-15,592791,592791,457705,PIT,CHC,2,0,2,1,FF,FF,R,R,S,Foul,92.5,92.5,-0.52,-0.52,1.35,1.35,2346.0,2346.0,203.0,203.0,8,6.9,6.9,-1.07,-1.07,6.12,6.12,cube60_cluster0,1088,1.6879482823522063,FF,92.17053866131751,10.618556738155133,11.426031596706425
2025-09-15,671212,671212,662139,TB,TOR,2,1,0,1,FS,FS,R,R,B,Ball,93.5,93.5,-1.05,-1.05,0.26,0.26,2053.0,2053.0,239.0,239.0,9,6.4,6.4,-1.22,-1.22,5.78,5.78,cube67_cluster0,835,1.2697127305391411,CH,90.86602419473125,13.606542467363951,8.526706287157376
2025-09-15,693312,693312,608348,PIT,CHC,7,2,0,0,FF,FF,R,R,S,Called Strike,97.7,97.7,-0.55,-0.55,1.38,1.38,2443.0,2443.0,211.0,211.0,8,7.1,7.1,-0.89,-0.89,6.17,6.17,cube60_cluster0,1088,2.235489668188782,FF,92.17053866131751,10.618556738155133,11.426031596706425
2025-09-15,688497,688497,672275,AZ,SF,7,2,0,2,FF,FF,R,R,B,Ball,90.7,90.7,0.03,0.03,1.44,1.44,2297.0,2297.0,179.0,179.0,7,6.7,6.7,0.17,0.17,6.34,6.34,cube50_cluster0,37,2.503405713569548,SL,89.4318003898919,-0.37548710296403526,10.18704890209373
2025-09-15,687911,687911,669394,HOU,TEX,8,1,2,2,ST,ST,L,L,S,Foul,79.7,79.7,-1.61,1.61,0.18,0.18,1985.0,1985.0,289.0,71.0,3,6.5,6.5,2.77,-2.77,5.58,5.58,cube17_cluster1,4,1.8034984852886458,CU,78.95917169292895,-10.024787945860975,-3.9433667010451945
2025-09-15,647336,647336,663698,PIT,CHC,7,2,1,0,FF,FF,R,R,B,Ball,95.1,95.1,-0.78,-0.78,1.23,1.23,2516.0,2516.0,225.0,225.0,9,6.3,6.3,-2.63,-2.63,5.63,5.63,cube61_cluster0,650,1.1498154641312535,FF,93.56609940362357,10.767633610073183,11.615865923476361
2025-09-15,687377,687377,673490,WSH,ATL,9,1,1,2,CH,CH,R,R,S,Foul,85.3,85.3,-0.67,-0.67,1.19,1.19,1857.0,1857.0,225.0,225.0,9,6.5,6.5,-1.95,-1.95,6.42,6.42,cube59_cluster0,234,1.4058470135536707,FF,89.27696125383754,10.588468754256617,10.304337269887236
2025-09-15,669920,669920,669394,HOU,TEX,2,0,0,0,SI,SI,R,R,B,Ball,88.9,88.9,-1.56,-1.56,0.22,0.22,2014.0,2014.0,247.0,247.0,9,6.2,6.2,-1.55,-1.55,5.65,5.65,cube67_cluster0,835,1.1610990483818915,CH,90.86602419473125,13.606542467363951,8.526706287157376
2025-09-15,596133,596133,621439,MIN,NYY,7,1,1,0,CH,CH,R,R,S,Called Strike,88.8,88.8,-1.09,-1.09,0.32,0.32,1887.0,1887.0,219.0,219.0,8,6.2,6.2,-1.53,-1.53,5.5,5.5,cube67_cluster0,835,1.066469503532352,CH,90.86602419473125,13.606542467363951,8.526706287157376
2025-09-15,608650,608650,643565,CWS,BAL,8,0,1,2,FC,FC,L,L,B,Ball,86.9,86.9,0.14,-0.14,0.14,0.14,2196.0,2196.0,224.0,136.0,6,6.6,6.6,1.85,-1.85,6.33,6.33,cube32_cluster0,191,1.18387010038992,SL,86.80283260847423,-3.994445228339661,3.088972714840957
2025-09-15,686218,686218,596146,LAD,PHI,2,1,0,1,CH,CH,R,R,B,Ball,84.8,84.8,-0.93,-0.93,0.52,0.52,1076.0,1076.0,260.0,260.0,10,6.3,6.3,-1.01,-1.01,5.49,5.49,cube59_cluster1,5,1.4180444000015748,SL,84.79163597246126,7.451913253012047,2.269996213425129
2025-09-15,683175,683175,695336,STL,CIN,8,2,1,2,FF,FF,R,R,S,Foul,98.8,98.8,-0.74,-0.74,1.49,1.49,2401.0,2401.0,223.0,223.0,8,6.1,6.1,-1.4,-1.4,5.81,5.81,cube60_cluster0,1088,1.453873863666891,FF,92.17053866131751,10.618556738155133,11.426031596706425
2025-09-15,669704,669704,643217,CWS,BAL,6,2,0,1,CU,CU,R,R,B,Ball,82.0,82.0,1.28,1.28,-1.2,-1.2,3068.0,3068.0,50.0,50.0,3,6.2,6.2,-1.26,-1.26,5.82,5.82,cube2_cluster0,105,1.1326829251141013,CU,79.2443297084492,-9.955174138547218,-13.302302310391848
2025-09-15,607455,607455,547180,LAD,PHI,1,1,3,1,SI,SI,L,L,S,Foul,96.4,96.4,1.29,-1.29,0.61,0.61,2153.0,2153.0,135.0,225.0,9,6.3,6.3,2.75,-2.75,5.41,5.41,cube68_cluster0,637,0.9669140778823416,FF,92.88295797031044,13.980317543503329,9.180920892722085
2025-09-15,595345,595345,680737,HOU,TEX,6,2,0,0,SL,SL,L,L,S,Foul,82.2,82.2,-0.34,0.34,0.91,0.91,2453.0,2453.0,268.0,92.0,4,6.1,6.1,3.38,-3.38,5.91,5.91,cube25_cluster0,134,2.2291622318104203,SL,84.71727501905048,-6.356816171388189,1.485555081783951
2025-09-15,681911,681911,596146,LAD,PHI,8,2,0,0,FF,FF,L,L,S,Foul,93.0,93.0,0.52,-0.52,1.64,1.64,2538.0,2538.0,163.0,197.0,8,6.2,6.2,0.21,-0.21,5.94,5.94,cube50_cluster0,37,2.2518701573755817,SL,89.4318003898919,-0.37548710296403526,10.18704890209373
2025-09-15,681892,681892,641857,MIN,NYY,7,2,2,2,ST,ST,L,L,B,Ball,83.7,83.7,-1.09,1.09,-0.39,-0.39,2467.0,2467.0,312.0,48.0,3,7.3,7.3,2.71,-2.71,5.49,5.49,cube18_cluster0,19,1.7074379058024303,ST,82.39979834504943,-13.544589222277772,1.1739775938238428
2025-09-15,681676,681676,682829,STL,CIN,8,1,2,0,CH,CH,R,R,B,Ball,87.0,87.0,-1.35,-1.35,0.65,0.65,1573.0,1573.0,228.0,228.0,9,6.4,6.4,-1.74,-1.74,5.77,5.77,cube66_cluster0,197,0.6591227064062034,CH,86.84077917182076,12.525512574763452,6.567520411131463
2025-09-15,669461,669461,663886,STL,CIN,2,1,0,0,SL,SL,L,L,S,Foul Tip,88.7,88.7,-0.26,0.26,0.4,0.4,2651.0,2651.0,208.0,152.0,6,6.4,6.4,0.55,-0.55,6.6,6.6,cube31_cluster0,31,1.529177448340735,SL,85.53907999105853,-4.021504116996385,3.5159534946310442
2025-09-15,681517,681517,682622,STL,CIN,9,0,0,0,ST,ST,R,R,B,Ball,88.2,88.2,1.21,1.21,0.4,0.4,2660.0,2660.0,79.0,79.0,4,7.1,7.1,-2.33,-2.33,5.73,5.73,cube25_cluster0,134,1.5270448223991584,SL,84.71727501905048,-6.356816171388189,1.485555081783951
2025-09-15,502085,502085,571970,LAD,PHI,10,2,1,2,KC,KC,R,R,B,Ball,86.8,86.8,0.8,0.8,-0.67,-0.67,2826.0,2826.0,43.0,43.0,2,6.3,6.3,-2.88,-2.88,5.63,5.63,cube10_cluster0,173,1.2684991724818533,ST,82.08401130843858,-12.249969959417843,-5.792755621368389
2025-09-15,664076,664076,662139,TB,TOR,7,2,0,1,SI,SI,L,L,S,Foul,96.6,96.6,1.44,-1.44,0.6,0.6,2473.0,2473.0,137.0,223.0,8,5.9,5.9,1.28,-1.28,5.12,5.12,cube61_cluster0,650,2.2257542070238143,FF,93.56609940362357,10.767633610073183,11.615865923476361
2025-09-15,680755,680755,664040,TB,TOR,11,0,0,2,FF,FF,R,R,B,Ball,94.8,94.8,-0.4,-0.4,1.44,1.44,2230.0,2230.0,206.0,206.0,8,5.5,5.5,0.45,0.45,6.6,6.6,cube50_cluster0,37,2.9737417851097354,SL,89.4318003898919,-0.37548710296403526,10.18704890209373
2025-09-15,668933,668933,699625,STL,CIN,7,0,0,1,SL,SL,R,R,S,Foul,88.1,88.1,0.59,0.59,-0.17,-0.17,2863.0,2863.0,51.0,51.0,3,5.6,5.6,-0.52,-0.52,6.27,6.27,cube15_cluster1,4,1.362514235008511,SL,83.959314171123,-4.504801604278075,-1.7933590909090908
2025-09-15,607074,607074,668904,MIN,NYY,2,0,0,1,FF,FF,L,L,B,Ball,93.3,93.3,1.04,-1.04,1.39,1.39,2366.0,2366.0,146.0,214.0,8,6.2,6.2,2.06,-2.06,6.46,6.46,cube66_cluster1,5,1.2767290031970393,FF,93.24252622389831,13.00015635891318,12.382567932373675
2025-09-15,680732,680732,691723,CWS,BAL,3,0,2,1,SL,SL,R,R,S,Foul,88.2,88.2,0.61,0.61,0.19,0.19,2671.0,2671.0,144.0,144.0,6,7.0,7.0,-2.32,-2.32,6.22,6.22,cube33_cluster0,94,1.4784435217348253,SL,87.30386197983206,-4.155245122339746,2.874909281221629
2025-09-15,668678,668678,656305,AZ,SF,2,0,0,0,FF,FF,R,R,S,Called Strike,93.3,93.3,-0.28,-0.28,1.56,1.56,2391.0,2391.0,208.0,208.0,8,6.5,6.5,-2.93,-2.93,6.03,6.03,cube62_cluster1,11,1.7398266310978798,FF,95.54242544913883,5.728019039608564,15.221051570629365
2025-09-15,686973,686973,664040,TB,TOR,8,2,0,0,FF,FF,R,R,X,"Brandon Lowe grounds out, shortstop Andrés Giménez to first baseman Vladimir Guerrero Jr.",97.5,97.5,-0.85,-0.85,1.12,1.12,2109.0,2109.0,224.0,224.0,8,6.9,6.9,-3.13,-3.13,5.31,5.31,cube62_cluster1,11,1.1738132311918983,FF,95.54242544913883,5.728019039608564,15.221051570629365
2025-09-15,680730,680730,645277,WSH,ATL,1,2,0,0,FF,FF,L,L,B,Ball,92.4,92.4,0.52,-0.52,1.56,1.56,2034.0,2034.0,158.0,202.0,8,6.8,6.8,0.98,-0.98,6.45,6.45,cube59_cluster0,234,1.9139252814279677,FF,89.27696125383754,10.588468754256617,10.304337269887236
2025-09-15,641302,641302,702616,CWS,BAL,6,2,2,0,FF,FF,L,L,B,Ball,92.3,92.3,0.6,-0.6,1.28,1.28,2239.0,2239.0,137.0,223.0,8,6.5,6.5,1.99,-1.99,5.47,5.47,cube61_cluster0,650,0.7081168283391399,FF,93.56609940362357,10.767633610073183,11.615865923476361
2025-09-15,829272,829272,621566,WSH,ATL,7,0,0,2,FF,FF,L,L,X,Matt Olson doubles (38) on a ground ball to left fielder James Wood. Nacho Alvarez Jr. scores. Jurickson Profar to 3rd.,92.4,92.4,0.86,-0.86,1.28,1.28,2241.0,2241.0,140.0,220.0,8,6.3,6.3,1.74,-1.74,5.57,5.57,cube60_cluster0,1088,0.8140288736521816,FF,92.17053866131751,10.618556738155133,11.426031596706425
2025-09-15,680694,680694,695657,CWS,BAL,1,2,0,0,FF,FF,R,R,B,Ball,94.3,94.3,0.15,0.15,1.28,1.28,2434.0,2434.0,181.0,181.0,7,6.3,6.3,-1.05,-1.05,6.56,6.56,cube50_cluster0,37,1.2176853226608761,SL,89.4318003898919,-0.37548710296403526,10.18704890209373
2025-09-15,683004,683004,514888,HOU,TEX,1,0,2,0,FF,FF,R,R,X,Jose Altuve pops out to first baseman Jake Burger.,96.6,96.6,-0.8,-0.8,1.6,1.6,2438.0,2438.0,218.0,218.0,8,6.7,6.7,-1.24,-1.24,5.61,5.61,cube61_cluster0,650,1.6407898108646388,FF,93.56609940362357,10.767633610073183,11.615865923476361
2025-09-15,664747,664747,657557,WSH,ATL,9,1,0,0,SL,SL,R,R,S,Called Strike,88.1,88.1,0.34,0.34,0.53,0.53,2651.0,2651.0,170.0,170.0,7,7.6,7.6,-2.33,-2.33,5.11,5.11,cube44_cluster0,4,0.7953849597218979,SL,88.0675369146225,-0.9960050653074227,7.359635027078688
2025-09-15,680573,680573,519317,MIN,NYY,1,2,0,1,FS,FS,R,R,S,Called Strike,86.7,86.7,-0.73,-0.73,0.62,0.62,953.0,953.0,213.0,213.0,8,6.9,6.9,-1.19,-1.19,6.39,6.39,cube59_cluster1,5,1.3831067015623872,SL,84.79163597246126,7.451913253012047,2.269996213425129
2025-09-15,687863,687863,665833,PIT,CHC,9,1,3,2,SL,SL,R,R,X,"Oneil Cruz grounds out, third baseman Matt Shaw to first baseman Michael Busch. Nick Gonzales to 3rd. Jack Suwinski to 2nd.",85.2,85.2,0.65,0.65,0.59,0.59,2570.0,2570.0,102.0,102.0,4,7.3,7.3,-2.76,-2.76,5.56,5.56,cube33_cluster1,4,0.8869441122972576,CU,87.03806300600712,-4.169347463186675,3.7905776736134102
2025-09-15,678024,678024,663624,CWS,BAL,7,1,2,0,SI,SI,R,R,X,Ryan Mountcastle lines out sharply to right fielder Mike Tauchman.,94.7,94.7,-1.28,-1.28,0.57,0.57,2075.0,2075.0,213.0,213.0,8,6.5,6.5,-1.62,-1.62,5.89,5.89,cube67_cluster0,835,0.8494374130069908,CH,90.86602419473125,13.606542467363951,8.526706287157376
2025-09-15,666711,666711,545121,AZ,SF,6,0,2,2,FF,FF,R,R,X,"Ildemaro Vargas singles on a sharp ground ball to right fielder Drew Gilbert. Corbin Carroll scores. Gabriel Moreno scores. Ildemaro Vargas out at 2nd on the throw, right fielder Drew Gilbert to first baseman Rafael Devers to shortstop Willy Adames to second baseman Casey Schmitt. Blaze Alexander to 3rd.",100.4,100.4,-0.58,-0.58,1.06,1.06,2333.0,2333.0,215.0,215.0,8,5.3,5.3,-0.93,-0.93,5.97,5.97,cube50_cluster0,37,2.2378881240430344,SL,89.4318003898919,-0.37548710296403526,10.18704890209373
2025-09-15,664192,664192,672695,AZ,SF,6,1,1,2,FF,FF,L,L,X,Geraldo Perdomo triples (5) on a sharp line drive to center fielder Jung Hoo Lee. Jake McCarthy scores.,91.8,91.8,0.5,-0.5,1.07,1.07,2085.0,2085.0,137.0,223.0,8,6.3,6.3,2.7,-2.7,5.71,5.71,cube61_cluster0,650,1.1902134885177413,FF,93.56609940362357,10.767633610073183,11.615865923476361
2025-09-15,663574,663574,669357,STL,CIN,7,2,1,2,FF,FF,R,R,X,"Nolan Gorman grounds out, second baseman Matt McLain to first baseman Sal Stewart.",95.7,95.7,-1.29,-1.29,0.76,0.76,2356.0,2356.0,234.0,234.0,9,6.1,6.1,-2.52,-2.52,5.08,5.08,cube68_cluster0,637,1.3648453212746545,FF,92.88295797031044,13.980317543503329,9.180920892722085
2025-09-15,624133,624133,518692,LAD,PHI,2,0,1,2,SL,SL,L,L,B,Ball,79.1,79.1,-0.63,0.63,0.59,0.59,2105.0,2105.0,276.0,84.0,4,6.0,6.0,2.3,-2.3,5.55,5.55,cube25_cluster0,134,1.6598755070503872,SL,84.71727501905048,-6.356816171388189,1.485555081783951
2025-09-15,701519,701519,663757,MIN,NYY,8,2,3,2,SL,SL,R,R,B,Trent Grisham walks.,85.9,85.9,0.45,0.45,-0.16,-0.16,2294.0,2294.0,98.0,98.0,4,6.5,6.5,-0.69,-0.69,5.91,5.91,cube15_cluster1,4,1.1777264383795472,SL,83.959314171123,-4.504801604278075,-1.7933590909090908
2025-09-15,677952,677952,694208,PIT,CHC,1,2,0,1,CU,CU,R,R,S,Foul,84.8,84.8,0.92,0.92,-1.06,-1.06,2827.0,2827.0,42.0,42.0,2,6.2,6.2,-0.79,-0.79,6.41,6.41,cube1_cluster0,11,0.7914264209552151,CU,80.41940225841523,-7.8151704354474925,-14.345667881001397
2025-09-15,661395,661395,660271,LAD,PHI,9,2,1,1,FF,FF,R,R,B,Ball,102.4,102.4,-0.93,-0.93,1.15,1.15,2139.0,2139.0,231.0,231.0,9,5.9,5.9,-2.25,-2.25,5.99,5.99,cube66_cluster1,5,1.3468021296147314,FF,93.24252622389831,13.00015635891318,12.382567932373675
2025-09-15,676742,676742,694208,PIT,CHC,5,2,2,2,FF,FF,R,R,B,Ball,98.6,98.6,-0.48,-0.48,1.45,1.45,2635.0,2635.0,212.0,212.0,8,6.3,6.3,-3.17,-3.17,5.91,5.91,cube62_cluster1,11,2.110004025074541,FF,95.54242544913883,5.728019039608564,15.221051570629365
2025-09-15,678906,678906,672515,AZ,SF,1,1,0,2,FF,FF,R,R,B,Ball,95.3,95.3,-0.71,-0.71,1.24,1.24,2570.0,2570.0,233.0,233.0,9,6.6,6.6,-2.25,-2.25,5.5,5.5,cube61_cluster0,650,0.9423041360939629,FF,93.56609940362357,10.767633610073183,11.615865923476361
2025-09-15,669276,669276,665953,WSH,ATL,8,2,3,2,CH,CH,L,L,X,Andrés Chaparro flies out to left fielder Jurickson Profar.,87.5,87.5,1.13,-1.13,1.44,1.44,1669.0,1669.0,140.0,220.0,8,6.5,6.5,1.74,-1.74,6.4,6.4,cube59_cluster0,234,1.5019180882915473,FF,89.27696125383754,10.588468754256617,10.304337269887236
2025-09-15,676263,676263,664056,LAD,PHI,7,1,1,1,SL,SL,L,L,S,Swinging Strike,88.3,88.3,-0.18,0.18,0.2,0.2,2253.0,2253.0,207.0,153.0,6,6.7,6.7,1.35,-1.35,5.88,5.88,cube32_cluster0,191,0.8742531930069157,SL,86.80283260847423,-3.994445228339661,3.088972714840957
2025-09-15,641793,641793,671056,STL,CIN,1,1,3,2,SI,SI,R,R,S,Iván Herrera strikes out swinging.,91.5,91.5,-1.32,-1.32,0.84,0.84,2021.0,2021.0,213.0,213.0,8,6.3,6.3,-0.74,-0.74,6.0,6.0,cube59_cluster0,234,1.1559703716779257,FF,89.27696125383754,10.588468754256617,10.304337269887236
2025-09-15,657424,657424,682998,AZ,SF,6,0,0,0,SL,SL,L,L,B,Ball,84.7,84.7,-0.35,0.35,0.09,0.09,2271.0,2271.0,258.0,102.0,4,6.3,6.3,2.33,-2.33,6.17,6.17,cube24_cluster0,201,1.0962588759879703,SL,85.05707893868184,-5.4676349917482,1.0599892053755027
2025-09-15,621381,621381,500743,LAD,PHI,8,2,2,2,FF,FF,L,L,B,Ball,92.2,92.2,0.96,-0.96,1.28,1.28,2545.0,2545.0,135.0,225.0,9,5.9,5.9,1.81,-1.81,5.33,5.33,cube61_cluster0,650,1.6599410886967498,FF,93.56609940362357,10.767633610073183,11.615865923476361
2025-09-15,676775,676775,678489,AZ,SF,8,0,1,1,FS,FS,R,R,X,Jorge Barrosa lines out sharply to right fielder Drew Gilbert.,88.9,88.9,-1.21,-1.21,0.18,0.18,1399.0,1399.0,239.0,239.0,9,6.4,6.4,-1.55,-1.55,6.08,6.08,cube66_cluster0,197,0.805263401200445,CH,86.84077917182076,12.525512574763452,6.567520411131463
2025-09-15,656546,656546,663743,TB,TOR,9,2,1,0,FF,FF,R,R,S,Called Strike,93.8,93.8,-0.96,-0.96,1.54,1.54,2485.0,2485.0,215.0,215.0,8,6.5,6.5,-2.25,-2.25,5.9,5.9,cube61_cluster0,650,1.1476119791282962,FF,93.56609940362357,10.767633610073183,11.615865923476361
2025-09-15,829272,829272,621566,WSH,ATL,7,0,0,1,FF,FF,L,L,S,Foul,92.4,92.4,0.85,-0.85,1.39,1.39,2249.0,2249.0,143.0,217.0,8,6.3,6.3,1.74,-1.74,5.56,5.56,cube60_cluster0,1088,0.9350764987326784,FF,92.17053866131751,10.618556738155133,11.426031596706425
2025-09-15,656546,656546,663743,TB,TOR,9,2,0,0,SL,SL,R,R,B,Ball,84.5,84.5,0.32,0.32,0.25,0.25,2588.0,2588.0,82.0,82.0,4,6.2,6.2,-2.28,-2.28,5.92,5.92,cube24_cluster0,201,0.9008588825248095,SL,85.05707893868184,-5.4676349917482,1.0599892053755027
2025-09-15,675911,675911,671277,WSH,ATL,2,0,1,1,CH,CH,R,R,B,Ball,86.5,86.5,-1.42,-1.42,0.5,0.5,2017.0,2017.0,230.0,230.0,9,7.1,7.1,-1.9,-1.9,5.7,5.7,cube67_cluster0,835,1.4739277690839767,CH,90.86602419473125,13.606542467363951,8.526706287157376
2025-09-15,702056,702056,691406,TB,TOR,1,1,1,2,FS,FS,R,R,S,Foul,85.0,85.0,-0.93,-0.93,0.41,0.41,1548.0,1548.0,218.0,218.0,8,5.9,5.9,-0.53,-0.53,7.19,7.19,cube59_cluster0,234,2.6909104311706744,FF,89.27696125383754,10.588468754256617,10.304337269887236
2025-09-15,701519,701519,663757,MIN,NYY,8,2,3,1,FF,FF,R,R,S,Called Strike,94.9,94.9,-0.41,-0.41,1.22,1.22,2339.0,2339.0,212.0,212.0,8,6.1,6.1,-0.73,-0.73,6.15,6.15,cube50_cluster0,37,1.3052787592279809,SL,89.4318003898919,-0.37548710296403526,10.18704890209373
2025-09-15,621051,621051,691723,CWS,BAL,6,2,2,0,FF,FF,R,R,S,Foul,94.0,94.0,-0.26,-0.26,1.47,1.47,2458.0,2458.0,195.0,195.0,8,6.9,6.9,-2.14,-2.14,5.91,5.91,cube62_cluster1,11,1.4266328383277944,FF,95.54242544913883,5.728019039608564,15.221051570629365
2025-09-15,671212,671212,662139,TB,TOR,2,1,0,0,SL,SL,R,R,S,Called Strike,89.2,89.2,0.5,0.5,-0.1,-0.1,2718.0,2718.0,101.0,101.0,4,6.5,6.5,-1.17,-1.17,5.81,5.81,cube24_cluster0,201,1.231595244455571,SL,85.05707893868184,-5.4676349917482,1.0599892053755027
2025-09-15,688497,688497,672275,AZ,SF,7,2,0,1,FS,FS,R,R,S,Swinging Strike,83.7,83.7,-1.2,-1.2,0.29,0.29,1394.0,1394.0,224.0,224.0,8,6.5,6.5,-0.52,-0.52,6.33,6.33,cube59_cluster1,5,1.599177458739566,SL,84.79163597246126,7.451913253012047,2.269996213425129
2025-09-15,687911,687911,669394,HOU,TEX,8,1,2,2,FF,FF,L,L,S,Foul,91.8,91.8,0.57,-0.57,1.26,1.26,2159.0,2159.0,141.0,219.0,8,6.6,6.6,2.85,-2.85,5.5,5.5,cube61_cluster0,650,1.2350254355018366,FF,93.56609940362357,10.767633610073183,11.615865923476361
2025-09-15,608650,608650,643565,CWS,BAL,8,0,1,2,CH,CH,L,L,S,Foul,85.7,85.7,0.8,-0.8,0.43,0.43,1109.0,1109.0,120.0,240.0,9,6.1,6.1,1.89,-1.89,6.42,6.42,cube66_cluster0,197,1.5379422987722025,CH,86.84077917182076,12.525512574763452,6.567520411131463
2025-09-15,687863,687863,665833,PIT,CHC,9,1,3,1,SL,SL,R,R,S,Swinging Strike,87.0,87.0,0.72,0.72,0.65,0.65,2652.0,2652.0,86.0,86.0,4,7.2,7.2,-2.68,-2.68,5.59,5.59,cube33_cluster1,4,1.1922354968994129,CU,87.03806300600712,-4.169347463186675,3.7905776736134102
2025-09-15,596133,596133,621439,MIN,NYY,7,1,0,0,FC,FC,R,R,B,Ball,93.6,93.6,0.26,0.26,1.15,1.15,2514.0,2514.0,201.0,201.0,8,6.1,6.1,-1.48,-1.48,5.59,5.59,cube51_cluster0,242,1.1594556697296219,FC,90.51269321530226,-0.30860007748352697,10.065859987082858
2025-09-15,687377,687377,673490,WSH,ATL,9,1,0,2,CH,CH,R,R,B,Ball In Dirt,85.9,85.9,-1.15,-1.15,1.02,1.02,2043.0,2043.0,231.0,231.0,9,6.6,6.6,-2.16,-2.16,6.24,6.24,cube60_cluster0,1088,1.3009521424115116,FF,92.17053866131751,10.618556738155133,11.426031596706425
2025-09-15,647336,647336,663698,PIT,CHC,7,2,0,0,SV,SV,R,R,B,Ball,83.3,83.3,0.57,0.57,-0.86,-0.86,2861.0,2861.0,35.0,35.0,2,6.2,6.2,-2.65,-2.65,5.78,5.78,cube3_cluster0,7,1.113690346737764,CU,81.18692210282288,-11.451773936938942,-10.945698317474191
2025-09-15,657424,657424,606466,AZ,SF,5,2,1,1,CH,CH,L,L,X,"Ketel Marte grounds out, shortstop Willy Adames to first baseman Rafael Devers.",84.8,84.8,0.56,-0.56,0.45,0.45,1147.0,1147.0,130.0,230.0,9,6.4,6.4,2.37,-2.37,5.99,5.99,cube66_cluster0,197,1.6408150098012484,CH,86.84077917182076,12.525512574763452,6.567520411131463
2025-09-15,686218,686218,596146,LAD,PHI,2,1,0,0,FF,FF,R,R,S,Called Strike,94.8,94.8,-0.67,-0.67,1.62,1.62,2432.0,2432.0,212.0,212.0,8,6.6,6.6,-1.03,-1.03,5.53,5.53,cube60_cluster0,1088,1.7979630714823231,FF,92.17053866131751,10.618556738155133,11.426031596706425
2025-09-15,607455,607455,547180,LAD,PHI,1,1,2,1,SL,SL,L,L,B,Ball,86.2,86.2,-0.47,0.47,-0.11,-0.11,2475.0,2475.0,323.0,37.0,2,6.3,6.3,2.56,-2.56,5.41,5.41,cube17_cluster0,230,0.9202198041832795,ST,83.28054719292679,-11.37879274055619,0.1522002590525712
2025-09-15,683175,683175,695336,STL,CIN,8,2,0,2,ST,ST,R,R,B,Ball,85.7,85.7,1.43,1.43,-0.16,-0.16,2533.0,2533.0,47.0,47.0,3,6.2,6.2,-1.67,-1.67,5.6,5.6,cube16_cluster0,307,1.0191286975641094,ST,82.89780592219195,-9.539303936916792,-1.0521378651219842
2025-09-15,669704,669704,643217,CWS,BAL,6,2,0,0,FC,FC,R,R,S,Called Strike,91.7,91.7,0.46,0.46,0.54,0.54,2575.0,2575.0,161.0,161.0,6,6.3,6.3,-1.26,-1.26,5.91,5.91,cube42_cluster0,221,1.0580492927355445,FC,88.14517513894621,-2.9372479967817404,6.184306080936519
2025-09-15,641793,641793,671056,STL,CIN,1,1,3,2,FF,FF,R,R,S,Foul,93.7,93.7,-0.55,-0.55,1.46,1.46,2102.0,2102.0,213.0,213.0,8,6.4,6.4,-0.63,-0.63,6.05,6.05,cube59_cluster0,234,1.6421798303189803,FF,89.27696125383754,10.588468754256617,10.304337269887236
2025-09-15,683004,683004,514888,HOU,TEX,1,0,1,0,SL,SL,R,R,B,Ball,89.6,89.6,0.4,0.4,0.5,0.5,2551.0,2551.0,156.0,156.0,6,6.8,6.8,-1.3,-1.3,5.7,5.7,cube32_cluster0,191,1.1791846171148614,SL,86.80283260847423,-3.994445228339661,3.088972714840957
2025-09-15,681892,681892,641857,MIN,NYY,7,2,1,2,ST,ST,L,L,B,Ball,84.7,84.7,-1.01,1.01,-0.33,-0.33,2484.0,2484.0,314.0,46.0,3,7.3,7.3,2.44,-2.44,5.47,5.47,cube17_cluster0,230,1.6526928823842657,ST,83.28054719292679,-11.37879274055619,0.1522002590525712
2025-09-15,681676,681676,682829,STL,CIN,8,1,1,0,CH,CH,R,R,B,Ball,87.1,87.1,-1.17,-1.17,0.82,0.82,1398.0,1398.0,231.0,231.0,9,6.4,6.4,-1.99,-1.99,5.8,5.8,cube66_cluster0,197,0.9272531685923624,CH,86.84077917182076,12.525512574763452,6.567520411131463
2025-09-15,669276,669276,665953,WSH,ATL,8,2,3,2,FF,FF,L,L,S,Foul,94.8,94.8,0.48,-0.48,1.74,1.74,2406.0,2406.0,158.0,202.0,8,6.3,6.3,1.52,-1.52,6.63,6.63,cube50_cluster0,37,1.7942481638058347,SL,89.4318003898919,-0.37548710296403526,10.18704890209373
2025-09-15,668933,668933,699625,STL,CIN,7,0,0,0,FC,FC,R,R,S,Called Strike,95.3,95.3,0.29,0.29,0.71,0.71,2445.0,2445.0,190.0,190.0,7,5.5,5.5,-0.25,-0.25,6.5,6.5,cube50_cluster0,37,2.0536519955798274,SL,89.4318003898919,-0.37548710296403526,10.18704890209373
2025-09-15,680755,680755,664040,TB,TOR,11,0,0,1,SL,SL,R,R,S,Foul,86.6,86.6,0.36,0.36,0.13,0.13,2364.0,2364.0,159.0,159.0,6,5.5,5.5,0.54,0.54,6.6,6.6,cube15_cluster1,4,2.6355931745421395,SL,83.959314171123,-4.504801604278075,-1.7933590909090908
2025-09-15,607074,607074,668904,MIN,NYY,2,0,0,0,FF,FF,L,L,S,Swinging Strike,93.3,93.3,1.18,-1.18,1.37,1.37,2392.0,2392.0,147.0,213.0,8,6.2,6.2,2.07,-2.07,6.46,6.46,cube66_cluster1,5,1.278966078921594,FF,93.24252622389831,13.00015635891318,12.382567932373675
2025-09-15,680732,680732,691723,CWS,BAL,3,0,1,1,KC,KC,R,R,B,Ball,81.0,81.0,0.06,0.06,-1.2,-1.2,2630.0,2630.0,18.0,18.0,2,7.1,7.1,-2.13,-2.13,6.28,6.28,cube8_cluster1,5,1.719260497084848,CU,76.99877318439641,-5.367173817726275,-11.507933500365382
2025-09-15,641302,641302,702616,CWS,BAL,6,2,1,0,SI,SI,L,L,B,Ball,92.0,92.0,1.32,-1.32,0.64,0.64,2116.0,2116.0,137.0,223.0,8,6.2,6.2,2.12,-2.12,5.31,5.31,cube68_cluster0,637,0.8733406840988204,FF,92.88295797031044,13.980317543503329,9.180920892722085
2025-09-15,701487,701487,502671,MIN,NYY,9,2,1,1,CH,CH,R,R,X,"Paul Goldschmidt grounds out softly, pitcher Pierson Ohl to first baseman Edouard Julien.",81.5,81.5,-0.83,-0.83,0.69,0.69,2200.0,2200.0,253.0,253.0,9,6.4,6.4,-0.92,-0.92,5.99,5.99,cube59_cluster0,234,1.4864786401050991,FF,89.27696125383754,10.588468754256617,10.304337269887236
2025-09-15,666711,666711,545121,AZ,SF,6,0,1,2,SL,SL,R,R,B,Ball In Dirt,92.2,92.2,0.47,0.47,-0.16,-0.16,2706.0,2706.0,108.0,108.0,5,5.6,5.6,-1.05,-1.05,5.96,5.96,cube16_cluster1,3,1.30688939478991,SL,84.62908556149733,-4.066402139037433,-1.9111454545454545
2025-09-15,680573,680573,519317,MIN,NYY,1,2,0,0,SL,SL,R,R,S,Called Strike,84.7,84.7,0.47,0.47,0.17,0.17,2210.0,2210.0,178.0,178.0,7,6.6,6.6,-1.49,-1.49,6.18,6.18,cube31_cluster0,31,1.0258417442154877,SL,85.53907999105853,-4.021504116996385,3.5159534946310442
2025-09-15,680730,680730,660670,WSH,ATL,1,0,2,2,FS,FS,L,L,X,"Ronald Acuña Jr. grounds into a double play, third baseman Paul DeJong to second baseman Luis García Jr. to first baseman Josh Bell. Jurickson Profar to 3rd. Matt Olson out at 2nd. Ronald Acuña Jr. out at 1st.",86.0,86.0,0.68,-0.68,1.19,1.19,873.0,873.0,145.0,215.0,8,6.9,6.9,1.64,-1.64,6.21,6.21,cube59_cluster1,5,1.9097911807183112,SL,84.79163597246126,7.451913253012047,2.269996213425129
2025-09-15,592791,592791,457705,PIT,CHC,2,0,2,0,FF,FF,R,R,S,Foul,92.0,92.0,-0.51,-0.51,1.5,1.5,2339.0,2339.0,204.0,204.0,8,6.8,6.8,-1.2,-1.2,6.22,6.22,cube60_cluster0,1088,1.6500859759085165,FF,92.17053866131751,10.618556738155133,11.426031596706425
2025-09-15,688297,688297,680574,STL,CIN,7,1,0,0,SI,SI,R,R,X,Matt McLain hits a ground-rule double (17) on a line drive to right field. Tyler Stephenson scores. Elly De La Cruz scores.,95.9,95.9,-1.51,-1.51,0.53,0.53,1918.0,1918.0,254.0,254.0,9,6.9,6.9,-1.76,-1.76,5.0,5.0,cube68_cluster0,637,1.5770610807988659,FF,92.88295797031044,13.980317543503329,9.180920892722085
2025-09-15,669920,669920,592626,HOU,TEX,1,2,2,1,SI,SI,R,R,X,"Joc Pederson grounds out, second baseman Jose Altuve to first baseman Christian Walker.",91.7,91.7,-1.38,-1.38,0.43,0.43,2124.0,2124.0,244.0,244.0,9,6.4,6.4,-1.69,-1.69,5.65,5.65,cube67_cluster0,835,0.7941124152824365,CH,90.86602419473125,13.606542467363951,8.526706287157376
2025-09-15,664192,664192,672695,AZ,SF,6,1,1,2,FF,FF,L,L,S,Foul,93.0,93.0,0.47,-0.47,1.06,1.06,2353.0,2353.0,144.0,216.0,8,6.2,6.2,2.59,-2.59,5.7,5.7,cube61_cluster0,650,1.12168413087556,FF,93.56609940362357,10.767633610073183,11.615865923476361
2025-09-15,669461,669461,701398,STL,CIN,2,1,2,0,FF,FF,L,L,X,Sal Stewart homers (4) on a fly ball to left field.,95.5,95.5,0.64,-0.64,1.39,1.39,2164.0,2164.0,153.0,207.0,8,6.6,6.6,0.52,-0.52,6.64,6.64,cube50_cluster0,37,2.086540840898465,SL,89.4318003898919,-0.37548710296403526,10.18704890209373
2025-09-15,678906,678906,672515,AZ,SF,1,1,0,1,ST,ST,R,R,S,Foul,84.5,84.5,1.56,1.56,0.09,0.09,2758.0,2758.0,58.0,58.0,3,6.5,6.5,-2.39,-2.39,5.42,5.42,cube17_cluster0,230,0.8513963021101049,ST,83.28054719292679,-11.37879274055619,0.1522002590525712
2025-09-15,624133,624133,518692,LAD,PHI,2,0,1,1,CU,CU,L,L,S,Called Strike,74.6,74.6,-0.88,0.88,-0.7,-0.7,2087.0,2087.0,309.0,51.0,3,6.1,6.1,2.23,-2.23,5.66,5.66,cube9_cluster0,353,1.6419498332023985,CU,81.04977735376619,-10.683603137730767,-7.201930121038002
2025-09-15,664294,664294,664023,PIT,CHC,9,2,1,2,SL,SL,R,R,X,Ian Happ flies out to left fielder Tommy Pham.,84.3,84.3,-0.07,-0.07,-0.02,-0.02,2165.0,2165.0,288.0,288.0,11,6.3,6.3,-1.06,-1.06,6.0,6.0,cube41_cluster0,33,1.9026258681366184,FC,87.52410341975036,-2.728102441946197,5.90336268676447
2025-09-15,663893,663893,666139,TB,TOR,6,2,2,2,KC,KC,L,L,X,"Josh Lowe grounds out, second baseman Ernie Clement to first baseman Vladimir Guerrero Jr.",86.3,86.3,-0.59,0.59,-0.97,-0.97,2181.0,2181.0,334.0,26.0,2,5.7,5.7,1.91,-1.91,6.23,6.23,cube8_cluster0,47,1.6555176541620937,CU,78.44568855893485,-8.550382045687398,-9.675482721274784
2025-09-15,664076,664076,662139,TB,TOR,7,2,0,0,ST,ST,L,L,S,Called Strike,79.9,79.9,-1.4,1.4,0.01,0.01,2826.0,2826.0,296.0,64.0,3,5.8,5.8,1.45,-1.45,5.03,5.03,cube3_cluster1,7,1.9560970323490745,CU,81.211572836182,-17.52205244065557,-6.477636799325996
2025-09-15,678024,678024,663624,CWS,BAL,7,1,1,0,SI,SI,R,R,B,Ball,95.2,95.2,-1.18,-1.18,0.42,0.42,2109.0,2109.0,230.0,230.0,9,6.6,6.6,-1.5,-1.5,5.93,5.93,cube60_cluster0,1088,1.090676182383679,FF,92.17053866131751,10.618556738155133,11.426031596706425
2025-09-15,700669,700669,680574,STL,CIN,9,2,3,2,SL,SL,R,R,X,Matt McLain flies out to right fielder Nathan Church.,87.9,87.9,-0.3,-0.3,-0.19,-0.19,2393.0,2393.0,60.0,60.0,3,6.4,6.4,-1.59,-1.59,6.12,6.12,cube23_cluster0,18,1.0904447467779539,SL,84.2588963468347,-3.122612334195792,-0.3482418990887928
2025-09-15,663574,663574,669357,STL,CIN,7,2,0,2,FF,FF,R,R,B,Ball,95.8,95.8,-1.24,-1.24,0.83,0.83,2369.0,2369.0,231.0,231.0,9,6.2,6.2,-2.52,-2.52,5.1,5.1,cube68_cluster0,637,1.2419718315019945,FF,92.88295797031044,13.980317543503329,9.180920892722085
2025-09-15,595345,595345,666969,HOU,TEX,6,1,2,2,FF,FF,L,L,X,"Adolis García grounds out, second baseman Jose Altuve to first baseman Christian Walker.",92.3,92.3,0.41,-0.41,1.29,1.29,2046.0,2046.0,139.0,221.0,8,6.2,6.2,3.27,-3.27,5.98,5.98,cube61_cluster1,4,1.9265343396848724,FF,90.06345506345505,6.430047483380817,11.373038073038074
2025-09-15,677952,677952,694208,PIT,CHC,1,2,0,0,FF,FF,R,R,S,Foul Tip,97.1,97.1,-1.06,-1.06,1.35,1.35,2404.0,2404.0,222.0,222.0,8,6.4,6.4,-1.0,-1.0,6.11,6.11,cube60_cluster0,1088,1.547707446940247,FF,92.17053866131751,10.618556738155133,11.426031596706425
2025-09-15,693312,693312,694208,PIT,CHC,7,1,0,2,FF,FF,R,R,S,Moisés Ballesteros strikes out swinging.,98.8,98.8,-0.45,-0.45,1.34,1.34,2396.0,2396.0,213.0,213.0,8,7.1,7.1,-0.94,-0.94,6.06,6.06,cube60_cluster0,1088,2.1698366164458016,FF,92.17053866131751,10.618556738155133,11.426031596706425
2025-09-15,689147,689147,606192,LAD,PHI,7,2,0,2,ST,ST,R,R,S,Teoscar Hernández strikes out swinging.,87.5,87.5,0.64,0.64,-0.22,-0.22,2896.0,2896.0,60.0,60.0,3,6.2,6.2,-1.54,-1.54,5.47,5.47,cube16_cluster0,307,1.3880944059115627,ST,82.89780592219195,-9.539303936916792,-1.0521378651219842
2025-09-15,686973,686973,650490,TB,TOR,8,2,3,0,SI,SI,R,R,B,Yandy Díaz walks.,97.5,97.5,-1.4,-1.4,0.87,0.87,2112.0,2112.0,223.0,223.0,8,6.7,6.7,-2.9,-2.9,5.4,5.4,cube68_cluster0,637,1.0731711551388856,FF,92.88295797031044,13.980317543503329,9.180920892722085
2025-09-15,681911,681911,805249,LAD,PHI,8,2,3,0,FF,FF,L,L,B,Otto Kemp walks.,92.5,92.5,0.46,-0.46,1.81,1.81,2508.0,2508.0,167.0,193.0,7,6.4,6.4,0.26,-0.26,5.9,5.9,cube50_cluster0,37,2.3842105931926003,SL,89.4318003898919,-0.37548710296403526,10.18704890209373
2025-09-15,676775,676775,678489,AZ,SF,8,0,0,1,FS,FS,R,R,B,Ball,88.1,88.1,-1.2,-1.2,0.12,0.12,1402.0,1402.0,236.0,236.0,9,6.4,6.4,-1.62,-1.62,5.98,5.98,cube66_cluster0,197,0.8134860693007901,CH,86.84077917182076,12.525512574763452,6.567520411131463
2025-09-15,680694,680694,672820,CWS,BAL,1,1,0,2,SL,SL,R,R,S,Lenyn Sosa strikes out swinging.,87.1,87.1,0.72,0.72,-0.33,-0.33,2579.0,2579.0,26.0,26.0,2,6.4,6.4,-1.01,-1.01,6.39,6.39,cube15_cluster0,23,1.1231963185918683,CU,82.92103283413093,-3.9398978499082826,-3.816941770346403
2025-09-15,661395,661395,660271,LAD,PHI,9,2,0,1,FF,FF,R,R,B,Ball,102.2,102.2,-1.28,-1.28,0.97,0.97,2069.0,2069.0,233.0,233.0,9,6.2,6.2,-2.21,-2.21,5.92,5.92,cube60_cluster0,1088,1.462635748557829,FF,92.17053866131751,10.618556738155133,11.426031596706425
2025-09-15,676742,676742,694208,PIT,CHC,5,2,2,1,FF,FF,R,R,S,Foul,96.5,96.5,-0.23,-0.23,1.4,1.4,2486.0,2486.0,212.0,212.0,8,6.4,6.4,-3.19,-3.19,5.91,5.91,cube62_cluster1,11,1.846020157426545,FF,95.54242544913883,5.728019039608564,15.221051570629365
2025-09-15,668678,668678,646240,AZ,SF,1,2,3,2,CH,CH,R,R,S,Rafael Devers strikes out swinging.,85.8,85.8,-0.95,-0.95,0.26,0.26,1559.0,1559.0,227.0,227.0,9,6.5,6.5,-3.23,-3.23,5.75,5.75,cube61_cluster1,4,2.1837727010083516,FF,90.06345506345505,6.430047483380817,11.373038073038074
2025-09-15,664747,664747,671277,WSH,ATL,9,0,2,2,SL,SL,R,R,S,Luis García Jr. called out on strikes.,87.9,87.9,0.3,0.3,0.42,0.42,2644.0,2644.0,178.0,178.0,7,7.5,7.5,-2.33,-2.33,5.12,5.12,cube44_cluster0,4,0.6699218430815275,SL,88.0675369146225,-0.9960050653074227,7.359635027078688
2025-09-15,676263,676263,664056,LAD,PHI,7,1,1,0,SL,SL,L,L,S,Called Strike,89.4,89.4,-0.36,0.36,0.27,0.27,2374.0,2374.0,178.0,182.0,7,6.6,6.6,1.5,-1.5,5.9,5.9,cube42_cluster0,221,0.7281237737352733,FC,88.14517513894621,-2.9372479967817404,6.184306080936519
2025-09-15,621381,621381,500743,LAD,PHI,8,2,2,1,SL,SL,L,L,S,Foul,80.9,80.9,-0.43,0.43,0.44,0.44,2606.0,2606.0,239.0,121.0,5,6.0,6.0,1.69,-1.69,5.49,5.49,cube24_cluster0,201,1.3241927410543906,SL,85.05707893868184,-5.4676349917482,1.0599892053755027
2025-09-15,681517,681517,670770,STL,CIN,9,0,3,0,FF,FF,R,R,B,TJ Friedl walks.,95.1,95.1,-0.46,-0.46,1.46,1.46,2414.0,2414.0,199.0,199.0,8,7.0,7.0,-2.11,-2.11,5.72,5.72,cube62_cluster1,11,1.1690879520083564,FF,95.54242544913883,5.728019039608564,15.221051570629365
2025-09-15,502085,502085,571970,LAD,PHI,10,2,0,2,KC,KC,R,R,B,Ball,87.7,87.7,0.38,0.38,-0.78,-0.78,2763.0,2763.0,31.0,31.0,2,6.4,6.4,-2.77,-2.77,5.7,5.7,cube10_cluster0,173,1.4089244104404595,ST,82.08401130843858,-12.249969959417843,-5.792755621368389
2025-09-15,702056,702056,691406,TB,TOR,1,1,1,1,FF,FF,R,R,S,Swinging Strike,95.5,95.5,-0.17,-0.17,1.72,1.72,2404.0,2404.0,192.0,192.0,7,6.1,6.1,-0.45,-0.45,7.14,7.14,cube50_cluster0,37,2.5358455661783386,SL,89.4318003898919,-0.37548710296403526,10.18704890209373
2025-09-15,621051,621051,691723,CWS,BAL,6,2,1,0,ST,ST,R,R,B,Ball,81.9,81.9,1.48,1.48,-0.12,-0.12,2632.0,2632.0,50.0,50.0,3,6.6,6.6,-2.66,-2.66,5.7,5.7,cube17_cluster0,230,0.9324272749374832,ST,83.28054719292679,-11.37879274055619,0.1522002590525712
2025-09-15,675911,675911,671277,WSH,ATL,2,0,0,1,CH,CH,R,R,B,Ball,85.7,85.7,-1.19,-1.19,0.61,0.61,2143.0,2143.0,227.0,227.0,9,6.9,6.9,-1.92,-1.92,5.79,5.79,cube67_cluster0,835,1.2095798055199942,CH,90.86602419473125,13.606542467363951,8.526706287157376
2025-09-15,701519,701519,663757,MIN,NYY,8,2,2,1,FF,FF,R,R,B,Ball,96.2,96.2,-0.42,-0.42,1.41,1.41,2338.0,2338.0,211.0,211.0,8,6.1,6.1,-1.0,-1.0,6.13,6.13,cube50_cluster0,37,1.3677364505961207,SL,89.4318003898919,-0.37548710296403526,10.18704890209373
2025-09-15,701487,701487,502671,MIN,NYY,9,2,0,1,FC,FC,R,R,B,Ball,86.7,86.7,0.11,0.11,0.92,0.92,2312.0,2312.0,213.0,213.0,8,6.3,6.3,-0.93,-0.93,5.91,5.91,cube50_cluster0,37,1.0532444957673386,SL,89.4318003898919,-0.37548710296403526,10.18704890209373
2025-09-15,700669,700669,680574,STL,CIN,9,2,3,2,FF,FF,R,R,S,Foul,97.1,97.1,-0.64,-0.64,1.25,1.25,2061.0,2061.0,215.0,215.0,8,6.3,6.3,-1.55,-1.55,6.21,6.21,cube60_cluster0,1088,1.0818642487536705,FF,92.17053866131751,10.618556738155133,11.426031596706425
2025-09-15,693312,693312,694208,PIT,CHC,7,1,0,1,FF,FF,R,R,S,Foul,98.1,98.1,-0.72,-0.72,1.54,1.54,2249.0,2249.0,214.0,214.0,8,7.2,7.2,-0.93,-0.93,6.05,6.05,cube60_cluster0,1088,2.243741829072028,FF,92.17053866131751,10.618556738155133,11.426031596706425
2025-09-15,689147,689147,606192,LAD,PHI,7,2,0,1,ST,ST,R,R,S,Foul,86.9,86.9,0.76,0.76,-0.02,-0.02,2938.0,2938.0,59.0,59.0,3,6.0,6.0,-1.69,-1.69,5.46,5.46,cube16_cluster0,307,1.4333152226865615,ST,82.89780592219195,-9.539303936916792,-1.0521378651219842
2025-09-15,688497,688497,672275,AZ,SF,7,2,0,0,CU,CU,R,R,S,Called Strike,74.2,74.2,0.25,0.25,-0.72,-0.72,1942.0,1942.0,12.0,12.0,1,6.5,6.5,0.08,0.08,6.4,6.4,cube8_cluster0,47,2.5162966812699903,CU,78.44568855893485,-8.550382045687398,-9.675482721274784
2025-09-15,656222,656222,656305,AZ,SF,9,2,3,1,FF,FF,L,L,X,Matt Chapman pops out to second baseman Ketel Marte.,92.2,92.2,0.27,-0.27,1.47,1.47,2093.0,2093.0,150.0,210.0,8,6.3,6.3,1.3,-1.3,5.87,5.87,cube60_cluster0,1088,1.2497197135506688,FF,92.17053866131751,10.618556738155133,11.426031596706425
2025-09-15,678024,678024,663624,CWS,BAL,7,1,0,0,FF,FF,R,R,B,Ball,95.3,95.3,-0.68,-0.68,0.86,0.86,2206.0,2206.0,218.0,218.0,8,6.1,6.1,-1.79,-1.79,5.86,5.86,cube60_cluster0,1088,0.6933647918681727,FF,92.17053866131751,10.618556738155133,11.426031596706425
2025-09-15,687911,687911,669394,HOU,TEX,8,1,2,2,FF,FF,L,L,S,Foul,92.2,92.2,0.55,-0.55,1.19,1.19,2078.0,2078.0,141.0,219.0,8,6.6,6.6,2.8,-2.8,5.52,5.52,cube61_cluster0,650,1.1969966797120752,FF,93.56609940362357,10.767633610073183,11.615865923476361
2025-09-15,687863,687863,665833,PIT,CHC,9,1,2,1,SL,SL,R,R,B,Ball,87.1,87.1,0.84,0.84,0.22,0.22,2595.0,2595.0,67.0,67.0,3,7.3,7.3,-2.66,-2.66,5.62,5.62,cube33_cluster1,4,1.27190324646972,CU,87.03806300600712,-4.169347463186675,3.7905776736134102
2025-09-15,687377,687377,673490,WSH,ATL,9,1,0,1,FF,FF,R,R,S,Swinging Strike,96.9,96.9,-0.48,-0.48,1.53,1.53,2662.0,2662.0,209.0,209.0,8,6.5,6.5,-1.77,-1.77,6.52,6.52,cube51_cluster0,242,2.0296905460282155,FC,90.51269321530226,-0.30860007748352697,10.065859987082858
2025-09-15,686973,686973,650490,TB,TOR,8,2,2,0,SL,SL,R,R,B,Ball,93.0,93.0,0.2,0.2,0.93,0.93,2408.0,2408.0,206.0,206.0,8,6.9,6.9,-3.1,-3.1,5.41,5.41,cube53_cluster0,8,1.1112439836388528,SI,91.16707579412035,-0.6192274009804568,10.282725378849129
2025-09-15,608650,608650,643565,CWS,BAL,8,0,1,1,FF,FF,L,L,S,Foul,94.1,94.1,0.76,-0.76,1.24,1.24,1983.0,1983.0,154.0,206.0,8,6.2,6.2,1.99,-1.99,6.36,6.36,cube60_cluster0,1088,1.2313836303968466,FF,92.17053866131751,10.618556738155133,11.426031596706425
2025-09-15,669920,669920,592626,HOU,TEX,1,2,1,1,CH,CH,R,R,B,Ball,80.9,80.9,-1.44,-1.44,-0.03,-0.03,1799.0,1799.0,273.0,273.0,10,6.8,6.8,-1.48,-1.48,5.6,5.6,cube66_cluster0,197,1.8646189787308394,CH,86.84077917182076,12.525512574763452,6.567520411131463
2025-09-15,683175,683175,695336,STL,CIN,8,2,0,1,ST,ST,R,R,S,Swinging Strike,87.1,87.1,1.47,1.47,-0.08,-0.08,2601.0,2601.0,53.0,53.0,3,5.9,5.9,-1.77,-1.77,5.63,5.63,cube16_cluster0,307,1.2587425850437874,ST,82.89780592219195,-9.539303936916792,-1.0521378651219842
2025-09-15,595345,595345,666969,HOU,TEX,6,1,1,2,SL,SL,L,L,B,Ball,82.4,82.4,-0.96,0.96,0.19,0.19,2565.0,2565.0,285.0,75.0,4,6.2,6.2,3.18,-3.18,5.93,5.93,cube17_cluster0,230,1.515651123598717,ST,83.28054719292679,-11.37879274055619,0.1522002590525712
2025-09-15,683004,683004,514888,HOU,TEX,1,0,0,0,SL,SL,R,R,B,Ball,88.1,88.1,0.54,0.54,0.42,0.42,2394.0,2394.0,182.0,182.0,7,6.7,6.7,-1.41,-1.41,5.75,5.75,cube42_cluster0,221,0.9539021566706222,FC,88.14517513894621,-2.9372479967817404,6.184306080936519
2025-09-15,607455,607455,547180,LAD,PHI,1,1,2,0,SI,SI,L,L,S,Swinging Strike,96.3,96.3,1.34,-1.34,0.57,0.57,2169.0,2169.0,136.0,224.0,8,6.5,6.5,2.7,-2.7,5.44,5.44,cube68_cluster0,637,0.7951906989355018,FF,92.88295797031044,13.980317543503329,9.180920892722085
2025-09-15,681911,681911,805249,LAD,PHI,8,2,2,0,SL,SL,L,L,B,Ball,85.0,85.0,-0.67,0.67,0.44,0.44,2446.0,2446.0,207.0,153.0,6,6.4,6.4,0.15,-0.15,6.15,6.15,cube31_cluster0,31,1.7351021220668772,SL,85.53907999105853,-4.021504116996385,3.5159534946310442
2025-09-15,681892,681892,641857,MIN,NYY,7,2,0,2,SI,SI,L,L,B,Ball,95.7,95.7,1.45,-1.45,0.79,0.79,2380.0,2380.0,138.0,222.0,8,7.3,7.3,2.2,-2.2,5.74,5.74,cube62_cluster0,6,1.2894601515391069,SI,91.86488600736307,15.76720396342299,6.059817485939492
2025-09-15,681676,681676,682829,STL,CIN,8,1,0,0,SL,SL,R,R,B,Ball,86.1,86.1,0.28,0.28,-0.06,-0.06,2649.0,2649.0,87.0,87.0,4,6.2,6.2,-1.94,-1.94,5.94,5.94,cube24_cluster0,201,0.7178369831077146,SL,85.05707893868184,-5.4676349917482,1.0599892053755027
2025-09-15,669461,669461,701398,STL,CIN,2,1,1,0,CU,CU,L,L,B,Ball,78.9,78.9,-0.72,0.72,-1.4,-1.4,3034.0,3034.0,338.0,22.0,2,6.4,6.4,0.56,-0.56,6.64,6.64,cube1_cluster0,11,1.2965382252470234,CU,80.41940225841523,-7.8151704354474925,-14.345667881001397
2025-09-15,681517,681517,670770,STL,CIN,9,0,2,0,SL,SL,R,R,B,Ball,90.8,90.8,0.53,0.53,0.45,0.45,2375.0,2375.0,173.0,173.0,7,6.7,6.7,-2.32,-2.32,5.65,5.65,cube43_cluster0,136,0.5201844566021503,FC,88.90138768099045,-2.867416747399959,6.084565347981601
2025-09-15,669276,669276,665953,WSH,ATL,8,2,3,2,SL,SL,L,L,S,Foul,84.6,84.6,-0.25,0.25,0.51,0.51,2095.0,2095.0,163.0,197.0,8,6.4,6.4,1.73,-1.73,6.45,6.45,cube41_cluster0,33,1.0784080253072033,FC,87.52410341975036,-2.728102441946197,5.90336268676447
2025-09-15,641793,641793,671056,STL,CIN,1,1,2,2,FS,FS,R,R,B,Ball,83.7,83.7,-1.22,-1.22,0.26,0.26,1145.0,1145.0,244.0,244.0,9,6.3,6.3,-0.43,-0.43,6.05,6.05,cube59_cluster1,5,1.5947868654232151,SL,84.79163597246126,7.451913253012047,2.269996213425129
2025-09-15,680755,680755,664040,TB,TOR,11,0,0,0,FF,FF,R,R,S,Called Strike,92.3,92.3,-0.17,-0.17,1.19,1.19,2192.0,2192.0,203.0,203.0,8,5.6,5.6,0.49,0.49,6.63,6.63,cube50_cluster0,37,2.8081314099878023,SL,89.4318003898919,-0.37548710296403526,10.18704890209373
2025-09-15,680732,680732,691723,CWS,BAL,3,0,0,1,FF,FF,R,R,B,Ball,96.2,96.2,-0.65,-0.65,1.48,1.48,2761.0,2761.0,198.0,198.0,8,6.9,6.9,-2.19,-2.19,6.38,6.38,cube61_cluster0,650,2.1736229396066213,FF,93.56609940362357,10.767633610073183,11.615865923476361
2025-09-15,592791,592791,457705,PIT,CHC,2,0,1,0,ST,ST,R,R,B,Ball,79.8,79.8,1.3,1.3,-0.02,-0.02,2697.0,2697.0,56.0,56.0,3,6.7,6.7,-1.22,-1.22,6.2,6.2,cube9_cluster0,353,1.630468091335449,CU,81.04977735376619,-10.683603137730767,-7.201930121038002
2025-09-15,680730,680730,660670,WSH,ATL,1,0,1,2,FF,FF,L,L,B,Ball,92.7,92.7,0.28,-0.28,1.66,1.66,2229.0,2229.0,164.0,196.0,8,7.0,7.0,1.02,-1.02,6.41,6.41,cube50_cluster0,37,2.164199171971828,SL,89.4318003898919,-0.37548710296403526,10.18704890209373
2025-09-15,668678,668678,646240,AZ,SF,1,2,2,2,FF,FF,R,R,B,Ball,95.5,95.5,-0.34,-0.34,1.17,1.17,2237.0,2237.0,210.0,210.0,8,6.3,6.3,-2.99,-2.99,6.03,6.03,cube61_cluster0,650,1.7169564773778054,FF,93.56609940362357,10.767633610073183,11.615865923476361
2025-09-15,680694,680694,672820,CWS,BAL,1,1,0,1,SL,SL,R,R,S,Foul,86.5,86.5,0.73,0.73,0.21,0.21,2579.0,2579.0,57.0,57.0,3,6.6,6.6,-1.12,-1.12,6.34,6.34,cube23_cluster0,18,1.2545557681174146,SL,84.2588963468347,-3.122612334195792,-0.3482418990887928
2025-09-15,641302,641302,702616,CWS,BAL,6,2,0,0,ST,ST,L,L,B,Ball,80.5,80.5,-1.27,1.27,0.39,0.39,2585.0,2585.0,276.0,84.0,4,6.1,6.1,2.28,-2.28,5.09,5.09,cube17_cluster0,230,1.3007595772552858,ST,83.28054719292679,-11.37879274055619,0.1522002590525712
2025-09-15,686218,686218,805249,LAD,PHI,2,0,0,1,SL,SL,R,R,X,"Otto Kemp grounds out, third baseman Max Muncy to first baseman Freddie Freeman.",85.9,85.9,0.18,0.18,0.23,0.23,2354.0,2354.0,168.0,168.0,7,6.5,6.5,-1.18,-1.18,5.37,5.37,cube32_cluster0,191,1.391562334636918,SL,86.80283260847423,-3.994445228339661,3.088972714840957
2025-09-15,666711,666711,545121,AZ,SF,6,0,1,1,FF,FF,R,R,S,Called Strike,99.8,99.8,-0.46,-0.46,1.27,1.27,2318.0,2318.0,212.0,212.0,8,5.7,5.7,-1.09,-1.09,5.99,5.99,cube50_cluster0,37,1.7642720844669313,SL,89.4318003898919,-0.37548710296403526,10.18704890209373
2025-09-15,624133,624133,518692,LAD,PHI,2,0,0,1,SI,SI,L,L,B,Ball,90.6,90.6,1.08,-1.08,0.26,0.26,1912.0,1912.0,137.0,223.0,8,6.0,6.0,2.35,-2.35,5.51,5.51,cube67_cluster0,835,1.2387944768048773,CH,90.86602419473125,13.606542467363951,8.526706287157376
2025-09-15,680573,680573,641355,MIN,NYY,1,1,0,2,FS,FS,R,R,X,Cody Bellinger pops out to shortstop Brooks Lee.,84.9,84.9,-0.37,-0.37,0.55,0.55,639.0,639.0,231.0,231.0,9,6.8,6.8,-1.46,-1.46,6.24,6.24,cube59_cluster1,5,1.675640009266112,SL,84.79163597246126,7.451913253012047,2.269996213425129
2025-09-15,664294,664294,664023,PIT,CHC,9,2,0,2,FF,FF,R,R,B,Ball,94.3,94.3,-0.78,-0.78,1.37,1.37,2340.0,2340.0,209.0,209.0,8,6.4,6.4,-0.83,-0.83,6.17,6.17,cube50_cluster0,37,1.6241868385406004,SL,89.4318003898919,-0.37548710296403526,10.18704890209373
2025-09-15,664192,664192,672695,AZ,SF,6,1,1,1,SI,SI,L,L,S,Foul,91.5,91.5,1.09,-1.09,1.19,1.19,2329.0,2329.0,163.0,197.0,8,6.2,6.2,2.29,-2.29,6.09,6.09,cube60_cluster0,1088,1.1158222073369437,FF,92.17053866131751,10.618556738155133,11.426031596706425
2025-09-15,671212,671212,676914,TB,TOR,2,1,0,1,SL,SL,R,R,X,Davis Schneider singles on a sharp ground ball to left fielder Chandler Simpson.,91.9,91.9,0.32,0.32,0.13,0.13,2788.0,2788.0,133.0,133.0,5,6.4,6.4,-1.05,-1.05,5.73,5.73,cube32_cluster0,191,1.448655562968608,SL,86.80283260847423,-3.994445228339661,3.088972714840957
2025-09-15,502085,502085,571970,LAD,PHI,10,2,0,1,FC,FC,R,R,S,Foul,93.3,93.3,0.21,0.21,1.16,1.16,2719.0,2719.0,198.0,198.0,8,6.5,6.5,-2.8,-2.8,5.75,5.75,cube52_cluster0,159,1.3644857141350601,FC,90.76795186341266,-0.1350320156357884,9.625773571373404
2025-09-15,668933,668933,695336,STL,CIN,7,0,1,1,FC,FC,R,R,X,Thomas Saggese singles on a line drive to right fielder Noelvi Marte. Nolan Arenado to 3rd.,95.4,95.4,0.19,0.19,0.84,0.84,2540.0,2540.0,195.0,195.0,8,5.6,5.6,-0.3,-0.3,6.38,6.38,cube50_cluster0,37,1.910806007767214,SL,89.4318003898919,-0.37548710296403526,10.18704890209373
2025-09-15,678906,678906,672515,AZ,SF,1,1,0,0,ST,ST,R,R,S,Called Strike,85.0,85.0,1.23,1.23,0.04,0.04,2782.0,2782.0,60.0,60.0,3,6.4,6.4,-2.28,-2.28,5.4,5.4,cube17_cluster0,230,0.6479485187946187,ST,83.28054719292679,-11.37879274055619,0.1522002590525712
2025-09-15,657756,657756,682928,WSH,ATL,8,0,1,1,CH,CH,R,R,X,CJ Abrams singles on a ground ball to center fielder Michael Harris II. Riley Adams scores. Robert Hassell III to 3rd.,82.6,82.6,-1.3,-1.3,-0.06,-0.06,2152.0,2152.0,277.0,277.0,10,6.4,6.4,-3.01,-3.01,5.08,5.08,cube62_cluster3,8,1.4545374943901057,CH,91.8214393403368,16.622861920271486,3.070316846938506
2025-09-15,647336,647336,669261,PIT,CHC,7,1,0,1,FF,FF,R,R,X,Jack Suwinski flies out to left fielder Ian Happ.,96.7,96.7,-0.81,-0.81,1.23,1.23,2640.0,2640.0,226.0,226.0,9,6.3,6.3,-2.64,-2.64,5.6,5.6,cube61_cluster0,650,1.368906730088079,FF,93.56609940362357,10.767633610073183,11.615865923476361
2025-09-15,663893,663893,666139,TB,TOR,6,2,2,2,FC,FC,L,L,S,Foul,93.3,93.3,0.1,-0.1,0.51,0.51,2271.0,2271.0,119.0,241.0,9,5.8,5.8,2.06,-2.06,6.14,6.14,cube51_cluster0,242,1.414043868545448,FC,90.51269321530226,-0.30860007748352697,10.065859987082858
2025-09-15,622554,622554,656484,TB,TOR,7,2,3,0,FF,FF,R,R,X,"Tristan Gray grounds out, second baseman Ernie Clement to first baseman Vladimir Guerrero Jr.",96.7,96.7,-0.48,-0.48,1.2,1.2,2380.0,2380.0,215.0,215.0,8,6.6,6.6,-2.05,-2.05,5.36,5.36,cube61_cluster0,650,0.915754171377537,FF,93.56609940362357,10.767633610073183,11.615865923476361
2025-09-15,688297,688297,663647,STL,CIN,7,0,0,0,SI,SI,R,R,X,"Ke'Bryan Hayes grounds out, shortstop Thomas Saggese to first baseman Willson Contreras. Tyler Stephenson to 3rd. Elly De La Cruz to 2nd.",96.8,96.8,-1.54,-1.54,0.46,0.46,1924.0,1924.0,253.0,253.0,9,7.0,7.0,-1.68,-1.68,5.1,5.1,cube68_cluster0,637,1.6614242487330009,FF,92.88295797031044,13.980317543503329,9.180920892722085
2025-09-15,607074,607074,807712,MIN,NYY,1,2,2,2,CH,CH,L,L,X,"Luke Keaschall grounds out, third baseman Ryan McMahon to first baseman Paul Goldschmidt.",85.4,85.4,1.45,-1.45,0.4,0.4,1745.0,1745.0,131.0,229.0,9,6.1,6.1,2.43,-2.43,6.27,6.27,cube66_cluster0,197,1.5241820066563199,CH,86.84077917182076,12.525512574763452,6.567520411131463
2025-09-15,663574,663574,669357,STL,CIN,7,2,0,2,FF,FF,R,R,S,Foul,95.4,95.4,-1.05,-1.05,1.18,1.18,2251.0,2251.0,233.0,233.0,9,6.2,6.2,-2.52,-2.52,5.1,5.1,cube68_cluster0,637,1.286162476888702,FF,92.88295797031044,13.980317543503329,9.180920892722085
2025-09-15,664747,664747,671277,WSH,ATL,9,0,2,2,SL,SL,R,R,S,Foul,85.2,85.2,0.13,0.13,0.42,0.42,2564.0,2564.0,183.0,183.0,7,7.6,7.6,-2.53,-2.53,5.17,5.17,cube44_cluster0,4,0.913741833434281,SL,88.0675369146225,-0.9960050653074227,7.359635027078688
2025-09-15,676775,676775,678489,AZ,SF,8,0,0,0,FF,FF,R,R,S,Called Strike,95.8,95.8,-0.57,-0.57,1.12,1.12,2266.0,2266.0,230.0,230.0,9,6.1,6.1,-1.48,-1.48,6.16,6.16,cube60_cluster0,1088,1.0841249824037997,FF,92.17053866131751,10.618556738155133,11.426031596706425
2025-09-15,677952,677952,664023,PIT,CHC,1,1,1,2,CU,CU,R,R,S,Ian Happ strikes out swinging.,84.8,84.8,0.65,0.65,-1.09,-1.09,2749.0,2749.0,36.0,36.0,2,6.1,6.1,-0.85,-0.85,6.36,6.36,cube1_cluster0,11,0.6084861457693272,CU,80.41940225841523,-7.8151704354474925,-14.345667881001397
2025-09-15,669704,669704,678554,CWS,BAL,6,1,2,2,FF,FF,R,R,S,Curtis Mead strikes out on a foul tip.,94.9,94.9,0.23,0.23,1.18,1.18,2212.0,2212.0,203.0,203.0,8,6.3,6.3,-1.08,-1.08,5.96,5.96,cube50_cluster0,37,1.1682343064227412,SL,89.4318003898919,-0.37548710296403526,10.18704890209373
2025-09-15,661395,661395,660271,LAD,PHI,9,2,0,0,FF,FF,R,R,S,Swinging Strike,101.7,101.7,-1.1,-1.1,1.03,1.03,2103.0,2103.0,232.0,232.0,9,6.0,6.0,-2.19,-2.19,5.98,5.98,cube66_cluster1,5,1.3772723855118438,FF,93.24252622389831,13.00015635891318,12.382567932373675
2025-09-15,676742,676742,694208,PIT,CHC,5,2,1,1,FF,FF,R,R,B,Ball,97.4,97.4,-0.38,-0.38,1.35,1.35,2482.0,2482.0,216.0,216.0,8,6.4,6.4,-3.16,-3.16,5.79,5.79,cube62_cluster1,11,1.7417107196352224,FF,95.54242544913883,5.728019039608564,15.221051570629365
2025-09-15,664076,664076,676914,TB,TOR,7,1,3,2,SL,SL,L,L,S,Davis Schneider called out on strikes.,87.5,87.5,-0.41,0.41,-0.18,-0.18,2641.0,2641.0,273.0,87.0,4,5.8,5.8,1.33,-1.33,5.25,5.25,cube16_cluster1,3,1.6292060321573376,SL,84.62908556149733,-4.066402139037433,-1.9111454545454545
2025-09-15,656546,656546,663968,TB,TOR,9,2,3,0,FF,FF,R,R,B,Jake Mangum walks.,94.1,94.1,-0.99,-0.99,1.49,1.49,2479.0,2479.0,219.0,219.0,8,6.4,6.4,-2.1,-2.1,5.81,5.81,cube61_cluster0,650,1.0443869270808752,FF,93.56609940362357,10.767633610073183,11.615865923476361
2025-09-15,657424,657424,606466,AZ,SF,5,2,0,1,CH,CH,L,L,B,Ball,85.7,85.7,1.23,-1.23,0.5,0.5,1312.0,1312.0,138.0,222.0,8,6.4,6.4,2.36,-2.36,6.02,6.02,cube66_cluster0,197,1.3159621298265256,CH,86.84077917182076,12.525512574763452,6.567520411131463
2025-09-15,676263,676263,664056,LAD,PHI,7,1,0,0,FF,FF,L,L,B,Ball,94.0,94.0,0.36,-0.36,1.63,1.63,2495.0,2495.0,156.0,204.0,8,6.8,6.8,0.89,-0.89,5.82,5.82,cube60_cluster0,1088,2.0481386979064147,FF,92.17053866131751,10.618556738155133,11.426031596706425
2025-09-15,641329,641329,543807,TB,TOR,8,2,1,2,SL,SL,R,R,S,George Springer strikes out swinging.,90.7,90.7,0.59,0.59,0.2,0.2,2447.0,2447.0,148.0,148.0,6,6.5,6.5,-0.34,-0.34,6.59,6.59,cube31_cluster0,31,1.7213650644550884,SL,85.53907999105853,-4.021504116996385,3.5159534946310442
2025-09-15,621381,621381,500743,LAD,PHI,8,2,2,0,FF,FF,L,L,S,Called Strike,91.3,91.3,1.18,-1.18,1.34,1.34,2481.0,2481.0,135.0,225.0,9,6.3,6.3,1.59,-1.59,5.27,5.27,cube61_cluster0,650,1.4230773738719245,FF,93.56609940362357,10.767633610073183,11.615865923476361
2025-09-15,596133,596133,666397,MIN,NYY,7,1,3,0,FF,FF,R,R,B,Edouard Julien walks.,95.9,95.9,-0.74,-0.74,1.56,1.56,2388.0,2388.0,204.0,204.0,8,6.1,6.1,-1.51,-1.51,5.57,5.57,cube60_cluster0,1088,1.4486919872411692,FF,92.17053866131751,10.618556738155133,11.426031596706425
2025-09-15,829272,829272,621566,WSH,ATL,7,0,0,0,FF,FF,L,L,S,Foul,92.9,92.9,0.8,-0.8,1.45,1.45,2148.0,2148.0,136.0,224.0,8,6.4,6.4,1.67,-1.67,5.59,5.59,cube60_cluster0,1088,0.9431112538986266,FF,92.17053866131751,10.618556738155133,11.426031596706425
2025-09-15,596133,596133,666397,MIN,NYY,7,1,2,0,FF,FF,R,R,B,Ball,96.2,96.2,-0.89,-0.89,1.45,1.45,2334.0,2334.0,206.0,206.0,8,6.1,6.1,-1.61,-1.61,5.52,5.52,cube60_cluster0,1088,1.325404687531319,FF,92.17053866131751,10.618556738155133,11.426031596706425
2025-09-15,621051,621051,691723,CWS,BAL,6,2,0,0,ST,ST,R,R,B,Ball,82.0,82.0,1.51,1.51,-0.32,-0.32,2697.0,2697.0,46.0,46.0,3,6.6,6.6,-2.45,-2.45,5.76,5.76,cube10_cluster0,173,0.8057430967998174,ST,82.08401130843858,-12.249969959417843,-5.792755621368389
2025-09-15,675911,675911,671277,WSH,ATL,2,0,0,0,CU,CU,R,R,S,Called Strike,76.9,76.9,1.01,1.01,-0.2,-0.2,2594.0,2594.0,60.0,60.0,3,7.0,7.0,-1.81,-1.81,5.93,5.93,cube10_cluster0,173,1.4661367388726936,ST,82.08401130843858,-12.249969959417843,-5.792755621368389
2025-09-15,656546,656546,663968,TB,TOR,9,2,2,0,SL,SL,R,R,B,Ball,87.4,87.4,-0.05,-0.05,0.58,0.58,2516.0,2516.0,204.0,204.0,8,6.4,6.4,-2.23,-2.23,5.86,5.86,cube43_cluster0,136,0.8387250434885535,FC,88.90138768099045,-2.867416747399959,6.084565347981601
2025-09-15,702056,702056,691406,TB,TOR,1,1,1,0,SL,SL,R,R,S,Foul,88.8,88.8,-0.18,-0.18,0.34,0.34,2282.0,2282.0,202.0,202.0,8,6.0,6.0,-0.55,-0.55,7.19,7.19,cube50_cluster0,37,2.2016637788669255,SL,89.4318003898919,-0.37548710296403526,10.18704890209373
2025-09-15,701519,701519,663757,MIN,NYY,8,2,2,0,CH,CH,R,R,S,Swinging Strike,86.6,86.6,-1.42,-1.42,0.28,0.28,1875.0,1875.0,236.0,236.0,9,6.6,6.6,-1.27,-1.27,5.69,5.69,cube66_cluster0,197,1.3191531845574205,CH,86.84077917182076,12.525512574763452,6.567520411131463
2025-09-15,701487,701487,502671,MIN,NYY,9,2,0,0,FF,FF,R,R,S,Called Strike,92.9,92.9,-0.72,-0.72,1.68,1.68,2385.0,2385.0,203.0,203.0,8,6.3,6.3,-0.94,-0.94,5.88,5.88,cube60_cluster0,1088,1.6881320628919738,FF,92.17053866131751,10.618556738155133,11.426031596706425
2025-09-15,700669,700669,680574,STL,CIN,9,2,2,2,CU,CU,R,R,B,Ball,84.1,84.1,0.35,0.35,-1.53,-1.53,2882.0,2882.0,20.0,20.0,2,6.2,6.2,-1.51,-1.51,6.25,6.25,cube2_cluster0,105,1.1813221667031364,CU,79.2443297084492,-9.955174138547218,-13.302302310391848
2025-09-15,656222,656222,656305,AZ,SF,9,2,3,0,FF,FF,L,L,S,Called Strike,92.7,92.7,0.55,-0.55,1.28,1.28,2110.0,2110.0,148.0,212.0,8,6.4,6.4,1.19,-1.19,5.87,5.87,cube60_cluster0,1088,1.0239289196930939,FF,92.17053866131751,10.618556738155133,11.426031596706425
2025-09-15,693312,693312,694208,PIT,CHC,7,1,0,0,FF,FF,R,R,S,Foul,98.1,98.1,-0.62,-0.62,1.38,1.38,2286.0,2286.0,220.0,220.0,8,7.0,7.0,-0.99,-0.99,6.06,6.06,cube60_cluster0,1088,1.9102130959546357,FF,92.17053866131751,10.618556738155133,11.426031596706425
2025-09-15,689147,689147,606192,LAD,PHI,7,2,0,0,FF,FF,R,R,S,Called Strike,98.3,98.3,-0.79,-0.79,1.31,1.31,2446.0,2446.0,223.0,223.0,8,6.3,6.3,-1.18,-1.18,5.82,5.82,cube60_cluster0,1088,1.4043439071859831,FF,92.17053866131751,10.618556738155133,11.426031596706425
2025-09-15,687911,687911,669394,HOU,TEX,8,1,2,1,ST,ST,L,L,S,Foul,79.3,79.3,-1.44,1.44,0.27,0.27,2216.0,2216.0,291.0,69.0,3,6.6,6.6,2.91,-2.91,5.58,5.58,cube17_cluster0,230,1.4521510631627144,ST,83.28054719292679,-11.37879274055619,0.1522002590525712
2025-09-15,671212,671212,676914,TB,TOR,2,1,0,0,FF,FF,R,R,S,Called Strike,97.9,97.9,-0.49,-0.49,1.06,1.06,2621.0,2621.0,221.0,221.0,8,6.2,6.2,-1.02,-1.02,5.91,5.91,cube50_cluster0,37,1.704279899310534,SL,89.4318003898919,-0.37548710296403526,10.18704890209373
2025-09-15,687863,687863,665833,PIT,CHC,9,1,2,0,SL,SL,R,R,S,Foul,86.6,86.6,0.47,0.47,0.58,0.58,2668.0,2668.0,80.0,80.0,4,7.3,7.3,-2.65,-2.65,5.6,5.6,cube33_cluster1,4,1.1558936690681256,CU,87.03806300600712,-4.169347463186675,3.7905776736134102
2025-09-15,669920,669920,592626,HOU,TEX,1,2,0,1,FF,FF,R,R,B,Ball,91.5,91.5,-1.32,-1.32,0.84,0.84,2292.0,2292.0,245.0,245.0,9,6.4,6.4,-1.79,-1.79,5.69,5.69,cube60_cluster0,1088,0.8162171026195385,FF,92.17053866131751,10.618556738155133,11.426031596706425
2025-09-15,687377,687377,673490,WSH,ATL,9,1,0,0,SI,SI,R,R,S,Called Strike,96.2,96.2,-1.27,-1.27,1.05,1.05,2532.0,2532.0,209.0,209.0,8,6.4,6.4,-1.93,-1.93,6.44,6.44,cube60_cluster0,1088,1.5858905636439506,FF,92.17053866131751,10.618556738155133,11.426031596706425
2025-09-15,502085,502085,571970,LAD,PHI,10,2,0,0,FC,FC,R,R,S,Called Strike,92.8,92.8,0.28,0.28,1.15,1.15,2804.0,2804.0,194.0,194.0,7,6.5,6.5,-2.74,-2.74,5.71,5.71,cube52_cluster0,159,1.433779779266597,FC,90.76795186341266,-0.1350320156357884,9.625773571373404
2025-09-15,647336,647336,669261,PIT,CHC,7,1,0,0,FF,FF,R,R,S,Foul,96.9,96.9,-0.83,-0.83,1.29,1.29,2667.0,2667.0,227.0,227.0,9,6.3,6.3,-2.73,-2.73,5.61,5.61,cube61_cluster0,650,1.5088534435821261,FF,93.56609940362357,10.767633610073183,11.615865923476361
2025-09-15,686973,686973,650490,TB,TOR,8,2,1,0,SI,SI,R,R,B,Ball,96.8,96.8,-1.25,-1.25,0.94,0.94,2120.0,2120.0,218.0,218.0,8,6.7,6.7,-2.78,-2.78,5.36,5.36,cube68_cluster0,637,0.9156241252867775,FF,92.88295797031044,13.980317543503329,9.180920892722085
2025-09-15,686218,686218,805249,LAD,PHI,2,0,0,0,FF,FF,R,R,S,Foul,94.7,94.7,-0.98,-0.98,1.52,1.52,2517.0,2517.0,208.0,208.0,8,6.5,6.5,-0.84,-0.84,5.55,5.55,cube60_cluster0,1088,1.9172195374094687,FF,92.17053866131751,10.618556738155133,11.426031596706425
2025-09-15,608650,608650,643565,CWS,BAL,8,0,0,1,FC,FC,L,L,B,Ball,85.9,85.9,-0.36,0.36,0.21,0.21,2137.0,2137.0,157.0,203.0,8,6.2,6.2,1.71,-1.71,6.42,6.42,cube41_cluster0,33,0.9530250821510129,FC,87.52410341975036,-2.728102441946197,5.90336268676447
2025-09-15,683175,683175,695336,STL,CIN,8,2,0,0,ST,ST,R,R,S,Swinging Strike,86.9,86.9,1.42,1.42,-0.04,-0.04,2487.0,2487.0,59.0,59.0,3,6.0,6.0,-1.84,-1.84,5.63,5.63,cube16_cluster0,307,1.07809561922538,ST,82.89780592219195,-9.539303936916792,-1.0521378651219842
2025-09-15,669704,669704,678554,CWS,BAL,6,1,2,1,ST,ST,R,R,S,Foul,83.4,83.4,1.23,1.23,-0.6,-0.6,2772.0,2772.0,64.0,64.0,3,6.0,6.0,-1.43,-1.43,5.73,5.73,cube9_cluster0,353,1.0748334081067568,CU,81.04977735376619,-10.683603137730767,-7.201930121038002
2025-09-15,641793,641793,671056,STL,CIN,1,1,2,1,SL,SL,R,R,S,Foul,88.9,88.9,-0.18,-0.18,0.62,0.62,2151.0,2151.0,204.0,204.0,8,6.2,6.2,-0.66,-0.66,6.18,6.18,cube50_cluster0,37,1.0697833688229001,SL,89.4318003898919,-0.37548710296403526,10.18704890209373
2025-09-15,669461,669461,701398,STL,CIN,2,1,0,0,FF,FF,L,L,B,Ball,96.2,96.2,0.89,-0.89,1.39,1.39,2214.0,2214.0,149.0,211.0,8,6.5,6.5,0.63,-0.63,6.54,6.54,cube59_cluster0,234,1.9553136067839698,FF,89.27696125383754,10.588468754256617,10.304337269887236
2025-09-15,607455,607455,547180,LAD,PHI,1,1,1,0,SL,SL,L,L,B,Ball,85.4,85.4,-0.6,0.6,0.01,0.01,2243.0,2243.0,312.0,48.0,3,6.2,6.2,2.76,-2.76,5.5,5.5,cube17_cluster0,230,1.214866938308001,ST,83.28054719292679,-11.37879274055619,0.1522002590525712
2025-09-15,681911,681911,805249,LAD,PHI,8,2,1,0,FF,FF,L,L,B,Ball,92.3,92.3,0.44,-0.44,1.77,1.77,2419.0,2419.0,170.0,190.0,7,6.2,6.2,0.28,-0.28,5.92,5.92,cube50_cluster0,37,2.210264459629931,SL,89.4318003898919,-0.37548710296403526,10.18704890209373
2025-09-15,681892,681892,641857,MIN,NYY,7,2,0,1,ST,ST,L,L,S,Swinging Strike,83.0,83.0,-1.04,1.04,0.03,0.03,2556.0,2556.0,313.0,47.0,3,7.0,7.0,2.49,-2.49,5.6,5.6,cube17_cluster0,230,1.0444986142630397,ST,83.28054719292679,-11.37879274055619,0.1522002590525712
2025-09-15,681517,681517,670770,STL,CIN,9,0,1,0,SL,SL,R,R,B,Ball,91.1,91.1,0.5,0.5,0.65,0.65,2421.0,2421.0,180.0,180.0,7,7.0,7.0,-2.29,-2.29,5.71,5.71,cube43_cluster0,136,0.9103301951212451,FC,88.90138768099045,-2.867416747399959,6.084565347981601
2025-09-15,669276,669276,665953,WSH,ATL,8,2,3,2,FF,FF,L,L,S,Foul,93.6,93.6,0.59,-0.59,1.9,1.9,2395.0,2395.0,161.0,199.0,8,6.2,6.2,1.45,-1.45,6.72,6.72,cube50_cluster0,37,1.9961972533526628,SL,89.4318003898919,-0.37548710296403526,10.18704890209373
2025-09-15,595345,595345,666969,HOU,TEX,6,1,1,2,FF,FF,L,L,S,Foul,92.8,92.8,0.47,-0.47,1.28,1.28,2243.0,2243.0,138.0,222.0,8,5.9,5.9,3.38,-3.38,5.92,5.92,cube66_cluster1,5,1.8307230909564765,FF,93.24252622389831,13.00015635891318,12.382567932373675
2025-09-15,668933,668933,695336,STL,CIN,7,0,1,0,FC,FC,R,R,S,Swinging Strike,94.7,94.7,0.33,0.33,0.55,0.55,2467.0,2467.0,189.0,189.0,7,5.5,5.5,-0.24,-0.24,6.45,6.45,cube50_cluster0,37,2.078777815933401,SL,89.4318003898919,-0.37548710296403526,10.18704890209373
2025-09-15,592791,592791,457705,PIT,CHC,2,0,0,0,FF,FF,R,R,B,Ball,92.4,92.4,-0.4,-0.4,1.59,1.59,2262.0,2262.0,204.0,204.0,8,6.8,6.8,-1.02,-1.02,6.13,6.13,cube60_cluster0,1088,1.7905340203157152,FF,92.17053866131751,10.618556738155133,11.426031596706425
2025-09-15,668678,668678,646240,AZ,SF,1,2,1,2,FF,FF,R,R,B,Ball,94.7,94.7,-0.31,-0.31,1.13,1.13,2270.0,2270.0,215.0,215.0,8,6.4,6.4,-2.98,-2.98,5.93,5.93,cube52_cluster0,159,1.5499878102395332,FC,90.76795186341266,-0.1350320156357884,9.625773571373404
2025-09-15,680732,680732,691723,CWS,BAL,3,0,0,0,KC,KC,R,R,S,Called Strike,78.2,78.2,0.36,0.36,-0.98,-0.98,2313.0,2313.0,17.0,17.0,2,7.0,7.0,-2.03,-2.03,6.33,6.33,cube8_cluster1,5,1.0988311905429011,CU,76.99877318439641,-5.367173817726275,-11.507933500365382
2025-09-15,641329,641329,543807,TB,TOR,8,2,1,1,CH,CH,R,R,S,Swinging Strike,87.3,87.3,-1.25,-1.25,0.68,0.68,1982.0,1982.0,222.0,222.0,8,6.5,6.5,-0.38,-0.38,6.62,6.62,cube59_cluster0,234,1.8879187606111059,FF,89.27696125383754,10.588468754256617,10.304337269887236
2025-09-15,680730,680730,660670,WSH,ATL,1,0,1,1,FS,FS,L,L,S,Swinging Strike,86.1,86.1,0.78,-0.78,0.62,0.62,713.0,713.0,140.0,220.0,8,7.0,7.0,1.68,-1.68,6.19,6.19,cube59_cluster1,5,1.687828766749763,SL,84.79163597246126,7.451913253012047,2.269996213425129
2025-09-15,680694,680694,672820,CWS,BAL,1,1,0,0,SL,SL,R,R,S,Called Strike,85.8,85.8,0.98,0.98,0.12,0.12,2603.0,2603.0,51.0,51.0,3,6.5,6.5,-1.21,-1.21,6.34,6.34,cube23_cluster0,18,1.3246853208351965,SL,84.2588963468347,-3.122612334195792,-0.3482418990887928
2025-09-15,687330,687330,664770,TB,TOR,11,2,2,1,FC,FC,R,R,X,"Nathan Lukes grounds out, second baseman Brandon Lowe to first baseman Yandy Díaz.",90.6,90.6,-0.3,-0.3,0.5,0.5,2240.0,2240.0,237.0,237.0,9,7.1,7.1,-1.72,-1.72,3.69,3.69,cube61_cluster2,4,2.5123678729292487,SI,91.72819039904783,16.422670491739225,0.9956202628660393
2025-09-15,666711,666711,545121,AZ,SF,6,0,0,1,FF,FF,R,R,B,Ball,100.8,100.8,-0.94,-0.94,0.86,0.86,2262.0,2262.0,214.0,214.0,8,5.5,5.5,-0.98,-0.98,5.97,5.97,cube59_cluster0,234,2.0198917792461715,FF,89.27696125383754,10.588468754256617,10.304337269887236
2025-09-15,688497,688497,671218,AZ,SF,7,1,1,1,FF,FF,R,R,X,Heliot Ramos lines out to right fielder Corbin Carroll.,89.6,89.6,0.06,0.06,1.28,1.28,2247.0,2247.0,182.0,182.0,7,6.8,6.8,0.08,0.08,6.35,6.35,cube50_cluster0,37,2.4165027250535838,SL,89.4318003898919,-0.37548710296403526,10.18704890209373
2025-09-15,680573,680573,641355,MIN,NYY,1,1,0,1,FF,FF,R,R,S,Foul,93.1,93.1,-0.63,-0.63,1.5,1.5,2289.0,2289.0,207.0,207.0,8,6.8,6.8,-1.33,-1.33,6.4,6.4,cube60_cluster0,1088,1.6917938897385474,FF,92.17053866131751,10.618556738155133,11.426031596706425
2025-09-15,683004,683004,621043,HOU,TEX,1,0,1,0,FF,FF,R,R,X,Carlos Correa singles on a soft ground ball to pitcher Jack Leiter. Jeremy Peña scores. Yordan Alvarez scores. Carlos Correa to 2nd. Throwing error by pitcher Jack Leiter.,95.7,95.7,-0.94,-0.94,1.37,1.37,2362.0,2362.0,224.0,224.0,8,6.7,6.7,-1.37,-1.37,5.53,5.53,cube61_cluster0,650,1.2758972042884864,FF,93.56609940362357,10.767633610073183,11.615865923476361
2025-09-15,680755,680755,650490,TB,TOR,11,0,0,2,CU,CU,R,R,X,Yandy Díaz singles on a ground ball to third baseman Ernie Clement. Chandler Simpson to 3rd.,81.6,81.6,0.57,0.57,-1.35,-1.35,2606.0,2606.0,18.0,18.0,2,5.3,5.3,0.78,0.78,6.76,6.76,cube1_cluster0,11,2.887392396206772,CU,80.41940225841523,-7.8151704354474925,-14.345667881001397
2025-09-15,664747,664747,671277,WSH,ATL,9,0,2,2,FF,FF,R,R,S,Foul,93.6,93.6,-0.92,-0.92,1.11,1.11,2511.0,2511.0,227.0,227.0,9,7.8,7.8,-2.45,-2.45,4.97,4.97,cube62_cluster0,6,1.6279683544722685,SI,91.86488600736307,15.76720396342299,6.059817485939492
2025-09-15,678024,678024,641933,CWS,BAL,7,1,2,1,SI,SI,R,R,X,Tyler O'Neill singles on a line drive to right fielder Mike Tauchman.,95.3,95.3,-1.24,-1.24,0.52,0.52,2091.0,2091.0,231.0,231.0,9,6.5,6.5,-1.53,-1.53,5.89,5.89,cube67_cluster0,835,0.950057045790676,CH,90.86602419473125,13.606542467363951,8.526706287157376
2025-09-15,664294,664294,664023,PIT,CHC,9,2,0,1,SL,SL,R,R,S,Swinging Strike,84.6,84.6,-0.21,-0.21,0.08,0.08,1969.0,1969.0,298.0,298.0,11,6.2,6.2,-1.04,-1.04,5.99,5.99,cube59_cluster0,234,1.9056006363472566,FF,89.27696125383754,10.588468754256617,10.304337269887236
2025-09-15,676775,676775,545121,AZ,SF,7,2,1,1,FS,FS,R,R,X,"Ildemaro Vargas grounds out, second baseman Casey Schmitt to first baseman Rafael Devers.",89.8,89.8,-1.05,-1.05,-0.23,-0.23,1417.0,1417.0,240.0,240.0,9,6.2,6.2,-1.52,-1.52,6.12,6.12,cube66_cluster0,197,1.2766501190515933,CH,86.84077917182076,12.525512574763452,6.567520411131463
2025-09-15,676263,676263,642215,LAD,PHI,7,1,2,0,FF,FF,L,L,X,Weston Wilson homers (5) on a fly ball to center field. Bryson Stott scores.,93.2,93.2,0.87,-0.87,1.54,1.54,2502.0,2502.0,158.0,202.0,8,6.9,6.9,1.08,-1.08,5.9,5.9,cube60_cluster0,1088,1.820394256802053,FF,92.17053866131751,10.618556738155133,11.426031596706425
2025-09-15,664192,664192,672695,AZ,SF,6,1,0,1,FF,FF,L,L,B,Ball,92.4,92.4,0.44,-0.44,1.23,1.23,2331.0,2331.0,147.0,213.0,8,6.2,6.2,2.73,-2.73,5.7,5.7,cube61_cluster0,650,1.3096609504569108,FF,93.56609940362357,10.767633610073183,11.615865923476361
2025-09-15,664126,664126,680718,TB,TOR,9,2,1,1,FF,FF,R,R,X,Addison Barger grounds out to first baseman Yandy Díaz.,97.9,97.9,-0.08,-0.08,1.52,1.52,2489.0,2489.0,192.0,192.0,7,6.5,6.5,0.05,0.05,6.9,6.9,cube50_cluster0,37,2.777666863135937,SL,89.4318003898919,-0.37548710296403526,10.18704890209373
2025-09-15,661395,661395,624424,LAD,PHI,9,1,2,1,SI,SI,R,R,X,"Michael Conforto grounds out, first baseman Bryce Harper to pitcher Jhoan Duran.",98.3,98.3,-1.15,-1.15,0.28,0.28,1791.0,1791.0,238.0,238.0,9,6.1,6.1,-2.31,-2.31,5.84,5.84,cube67_cluster0,835,1.3660067374351896,CH,90.86602419473125,13.606542467363951,8.526706287157376
2025-09-15,664076,664076,676914,TB,TOR,7,1,2,2,SL,SL,L,L,B,Ball,87.2,87.2,-0.57,0.57,-0.16,-0.16,2617.0,2617.0,264.0,96.0,4,5.9,5.9,1.52,-1.52,5.15,5.15,cube16_cluster0,307,1.7420714913032234,ST,82.89780592219195,-9.539303936916792,-1.0521378651219842
2025-09-15,650556,650556,683227,HOU,TEX,9,2,1,0,FF,FF,R,R,X,"Cody Freeman grounds into a force out, third baseman Carlos Correa to second baseman Mauricio Dubón. Ezequiel Duran out at 2nd.",96.5,96.5,-0.53,-0.53,1.38,1.38,2321.0,2321.0,219.0,219.0,8,6.6,6.6,-2.76,-2.76,5.51,5.51,cube62_cluster1,11,1.1897906215660363,FF,95.54242544913883,5.728019039608564,15.221051570629365
2025-09-15,663893,663893,666139,TB,TOR,6,2,1,2,KC,KC,L,L,B,Ball In Dirt,86.8,86.8,-0.17,0.17,-0.98,-0.98,1861.0,1861.0,338.0,22.0,2,5.9,5.9,1.91,-1.91,6.24,6.24,cube15_cluster0,23,1.9797568778024583,CU,82.92103283413093,-3.9398978499082826,-3.816941770346403
2025-09-15,641302,641302,681297,CWS,BAL,6,2,1,2,SI,SI,L,L,X,Colton Cowser homers (15) on a fly ball to left center field. Coby Mayo scores. Samuel Basallo scores.,93.1,93.1,1.24,-1.24,0.58,0.58,2200.0,2200.0,130.0,230.0,9,6.3,6.3,2.17,-2.17,5.25,5.25,cube68_cluster0,637,0.7725627743864301,FF,92.88295797031044,13.980317543503329,9.180920892722085
2025-09-15,607074,607074,807712,MIN,NYY,1,2,2,2,FF,FF,L,L,S,Foul,93.9,93.9,0.85,-0.85,1.59,1.59,2331.0,2331.0,144.0,216.0,8,6.0,6.0,2.12,-2.12,6.46,6.46,cube66_cluster1,5,1.1853611013828327,FF,93.24252622389831,13.00015635891318,12.382567932373675
2025-09-15,663574,663574,669357,STL,CIN,7,2,0,1,FF,FF,R,R,S,Swinging Strike,95.9,95.9,-1.07,-1.07,1.26,1.26,2422.0,2422.0,231.0,231.0,9,6.2,6.2,-2.47,-2.47,5.11,5.11,cube68_cluster0,637,1.4666472329401117,FF,92.88295797031044,13.980317543503329,9.180920892722085
2025-09-15,595014,595014,592206,LAD,PHI,10,2,0,0,SI,SI,R,R,X,Nick Castellanos flies out to right fielder Alex Call.,96.7,96.7,-1.53,-1.53,0.48,0.48,2366.0,2366.0,226.0,226.0,9,5.6,5.6,-2.68,-2.68,6.34,6.34,cube59_cluster2,6,1.1264261758640912,FF,93.07150817165655,13.135553184666456,11.807015565535274
2025-09-15,829272,829272,595777,WSH,ATL,7,0,0,1,KC,KC,L,L,B,Jurickson Profar hit by pitch. Nacho Alvarez Jr. to 2nd.,72.6,72.6,-0.67,0.67,-1.7,-1.7,2858.0,2858.0,341.0,19.0,2,6.2,6.2,1.2,-1.2,5.77,5.77,cube2_cluster0,105,1.3743158158627027,CU,79.2443297084492,-9.955174138547218,-13.302302310391848
2025-09-15,677952,677952,664023,PIT,CHC,1,1,1,1,SL,SL,R,R,S,Called Strike,93.9,93.9,-0.17,-0.17,0.93,0.93,2546.0,2546.0,207.0,207.0,8,6.2,6.2,-1.07,-1.07,6.17,6.17,cube50_cluster0,37,0.9700995265135184,SL,89.4318003898919,-0.37548710296403526,10.18704890209373
2025-09-15,624133,624133,518692,LAD,PHI,2,0,0,0,SL,SL,L,L,S,Called Strike,78.0,78.0,-0.73,0.73,0.56,0.56,2081.0,2081.0,267.0,93.0,4,5.9,5.9,2.37,-2.37,5.55,5.55,cube25_cluster0,134,1.8543193790564398,SL,84.71727501905048,-6.356816171388189,1.485555081783951
2025-09-15,688297,688297,682829,STL,CIN,7,0,3,2,FF,FF,R,R,B,Elly De La Cruz walks. Tyler Stephenson to 2nd.,96.5,96.5,-0.94,-0.94,0.74,0.74,2230.0,2230.0,237.0,237.0,9,6.8,6.8,-1.79,-1.79,5.01,5.01,cube68_cluster0,637,1.3181355749662909,FF,92.88295797031044,13.980317543503329,9.180920892722085
2025-09-15,681676,681676,663886,STL,CIN,8,1,3,2,SL,SL,R,R,B,Tyler Stephenson walks. Sal Stewart to 2nd.,88.1,88.1,0.28,0.28,0.11,0.11,2697.0,2697.0,84.0,84.0,4,6.3,6.3,-1.54,-1.54,5.92,5.92,cube24_cluster0,201,0.8253389581240379,SL,85.05707893868184,-5.4676349917482,1.0599892053755027
2025-09-15,622554,622554,656484,TB,TOR,7,2,2,0,FF,FF,R,R,B,Ball,97.4,97.4,-0.45,-0.45,1.32,1.32,2287.0,2287.0,219.0,219.0,8,6.5,6.5,-1.85,-1.85,5.4,5.4,cube61_cluster0,650,1.0457002776953244,FF,93.56609940362357,10.767633610073183,11.615865923476361
2025-09-15,678906,678906,682998,AZ,SF,1,0,2,2,FF,FF,R,R,S,Corbin Carroll strikes out swinging.,95.1,95.1,-0.98,-0.98,1.03,1.03,2573.0,2573.0,222.0,222.0,8,6.4,6.4,-2.33,-2.33,5.45,5.45,cube61_cluster0,650,0.9443113118905406,FF,93.56609940362357,10.767633610073183,11.615865923476361
2025-09-15,657756,657756,682928,WSH,ATL,8,0,1,0,FF,FF,R,R,S,Foul,93.1,93.1,-0.91,-0.91,1.32,1.32,2112.0,2112.0,231.0,231.0,9,6.3,6.3,-3.01,-3.01,5.31,5.31,cube68_cluster0,637,1.4480315680615965,FF,92.88295797031044,13.980317543503329,9.180920892722085
2025-09-15,676742,676742,694208,PIT,CHC,5,2,0,1,CH,CH,R,R,B,Ball,93.8,93.8,-1.27,-1.27,-0.05,-0.05,1677.0,1677.0,242.0,242.0,9,6.2,6.2,-3.13,-3.13,5.97,5.97,cube67_cluster0,835,2.198662915019863,CH,90.86602419473125,13.606542467363951,8.526706287157376
2025-09-15,657424,657424,606466,AZ,SF,5,2,0,0,FF,FF,L,L,S,Called Strike,91.6,91.6,0.22,-0.22,1.02,1.02,2233.0,2233.0,162.0,198.0,8,6.3,6.3,2.2,-2.2,6.31,6.31,cube51_cluster0,242,1.0857502576471232,FC,90.51269321530226,-0.30860007748352697,10.065859987082858
2025-09-15,621381,621381,500743,LAD,PHI,8,2,1,0,FF,FF,L,L,B,Ball,92.0,92.0,1.08,-1.08,1.4,1.4,2590.0,2590.0,134.0,226.0,9,6.1,6.1,1.66,-1.66,5.3,5.3,cube61_cluster0,650,1.6311433201264869,FF,93.56609940362357,10.767633610073183,11.615865923476361
2025-09-15,829272,829272,595777,WSH,ATL,7,0,0,0,CH,CH,L,L,S,Called Strike,82.2,82.2,1.23,-1.23,0.68,0.68,1670.0,1670.0,125.0,235.0,9,6.3,6.3,1.82,-1.82,5.63,5.63,cube66_cluster0,197,1.0063529517372147,CH,86.84077917182076,12.525512574763452,6.567520411131463
2025-09-15,656546,656546,663968,TB,TOR,9,2,1,0,FF,FF,R,R,B,Ball,94.7,94.7,-1.11,-1.11,1.45,1.45,2427.0,2427.0,222.0,222.0,8,6.3,6.3,-2.09,-2.09,5.91,5.91,cube61_cluster0,650,1.1396563493733607,FF,93.56609940362357,10.767633610073183,11.615865923476361
2025-09-15,702056,702056,691406,TB,TOR,1,1,0,0,SL,SL,R,R,B,Ball,88.6,88.6,-0.21,-0.21,0.38,0.38,2146.0,2146.0,210.0,210.0,8,6.0,6.0,-0.64,-0.64,7.19,7.19,cube50_cluster0,37,2.1597314295517984,SL,89.4318003898919,-0.37548710296403526,10.18704890209373
2025-09-15,701519,701519,663757,MIN,NYY,8,2,1,0,FF,FF,R,R,B,Ball,95.0,95.0,-0.44,-0.44,1.29,1.29,2334.0,2334.0,212.0,212.0,8,6.3,6.3,-0.85,-0.85,6.19,6.19,cube50_cluster0,37,1.3243822694929723,SL,89.4318003898919,-0.37548710296403526,10.18704890209373
2025-09-15,656222,656222,656305,AZ,SF,9,2,2,0,FF,FF,L,L,B,Ball,92.5,92.5,0.54,-0.54,1.31,1.31,2117.0,2117.0,145.0,215.0,8,6.4,6.4,1.08,-1.08,5.88,5.88,cube60_cluster0,1088,1.1652150927438274,FF,92.17053866131751,10.618556738155133,11.426031596706425
2025-09-15,700669,700669,680574,STL,CIN,9,2,1,2,FF,FF,R,R,B,Ball,97.1,97.1,-0.43,-0.43,1.34,1.34,2213.0,2213.0,208.0,208.0,8,6.3,6.3,-1.58,-1.58,6.16,6.16,cube60_cluster0,1088,1.1638107850176793,FF,92.17053866131751,10.618556738155133,11.426031596706425
2025-09-15,650556,650556,683227,HOU,TEX,9,2,0,0,FF,FF,R,R,B,Ball,97.5,97.5,-0.59,-0.59,1.42,1.42,2327.0,2327.0,217.0,217.0,8,6.8,6.8,-2.62,-2.62,5.53,5.53,cube62_cluster1,11,0.9063922502680778,FF,95.54242544913883,5.728019039608564,15.221051570629365
2025-09-15,688497,688497,671218,AZ,SF,7,1,1,0,SL,SL,R,R,S,Swinging Strike,83.1,83.1,0.55,0.55,0.47,0.47,2137.0,2137.0,134.0,134.0,5,6.5,6.5,-0.45,-0.45,6.41,6.41,cube31_cluster0,31,1.4761350599591707,SL,85.53907999105853,-4.021504116996385,3.5159534946310442
2025-09-15,688297,688297,682829,STL,CIN,7,0,3,2,SI,SI,R,R,S,Foul,95.9,95.9,-1.69,-1.69,0.3,0.3,2047.0,2047.0,251.0,251.0,9,6.7,6.7,-1.68,-1.68,4.93,4.93,cube61_cluster2,4,1.6930133740995672,SI,91.72819039904783,16.422670491739225,0.9956202628660393
2025-09-15,687911,687911,669394,HOU,TEX,8,1,2,0,FF,FF,L,L,S,Foul,90.6,90.6,0.56,-0.56,1.22,1.22,2103.0,2103.0,143.0,217.0,8,6.4,6.4,2.84,-2.84,5.63,5.63,cube61_cluster0,650,1.2948598945704446,FF,93.56609940362357,10.767633610073183,11.615865923476361
2025-09-15,687863,687863,665833,PIT,CHC,9,1,1,0,SL,SL,R,R,B,Ball,87.4,87.4,0.68,0.68,0.74,0.74,2682.0,2682.0,88.0,88.0,4,7.3,7.3,-2.68,-2.68,5.54,5.54,cube33_cluster1,4,1.2283753002941504,CU,87.03806300600712,-4.169347463186675,3.7905776736134102
2025-09-15,687330,687330,664770,TB,TOR,11,2,2,0,SI,SI,R,R,S,Foul,90.8,90.8,-1.5,-1.5,0.09,0.09,2209.0,2209.0,254.0,254.0,9,7.2,7.2,-1.39,-1.39,3.83,3.83,cube61_cluster2,4,2.281414456365627,SI,91.72819039904783,16.422670491739225,0.9956202628660393
2025-09-15,686973,686973,650490,TB,TOR,8,2,0,0,KC,KC,R,R,B,Ball,87.8,87.8,0.28,0.28,-0.49,-0.49,2428.0,2428.0,40.0,40.0,2,6.8,6.8,-2.79,-2.79,5.47,5.47,cube25_cluster0,134,1.4927912581051488,SL,84.71727501905048,-6.356816171388189,1.485555081783951
2025-09-15,669920,669920,592626,HOU,TEX,1,2,0,0,SI,SI,R,R,S,Called Strike,92.2,92.2,-1.49,-1.49,0.14,0.14,2105.0,2105.0,248.0,248.0,9,6.6,6.6,-1.63,-1.63,5.62,5.62,cube67_cluster0,835,1.2156968542205173,CH,90.86602419473125,13.606542467363951,8.526706287157376
2025-09-15,608650,608650,643565,CWS,BAL,8,0,0,0,FF,FF,L,L,S,Foul,93.5,93.5,0.45,-0.45,1.41,1.41,2185.0,2185.0,154.0,206.0,8,6.2,6.2,2.02,-2.02,6.42,6.42,cube60_cluster0,1088,1.4487754660344248,FF,92.17053866131751,10.618556738155133,11.426031596706425
2025-09-15,596133,596133,666397,MIN,NYY,7,1,1,0,CH,CH,R,R,B,Ball In Dirt,89.6,89.6,-1.16,-1.16,0.81,0.81,2129.0,2129.0,224.0,224.0,8,6.3,6.3,-1.59,-1.59,5.45,5.45,cube67_cluster0,835,0.9317661292245952,CH,90.86602419473125,13.606542467363951,8.526706287157376
2025-09-15,607455,607455,547180,LAD,PHI,1,1,0,0,SL,SL,L,L,B,Ball,86.7,86.7,-0.38,0.38,0.01,0.01,2468.0,2468.0,333.0,27.0,2,6.4,6.4,2.62,-2.62,5.38,5.38,cube17_cluster0,230,1.0488525684970798,ST,83.28054719292679,-11.37879274055619,0.1522002590525712
2025-09-15,669704,669704,678554,CWS,BAL,6,1,1,1,SI,SI,R,R,B,Ball,94.3,94.3,-0.87,-0.87,1.11,1.11,2211.0,2211.0,199.0,199.0,8,6.2,6.2,-1.23,-1.23,5.89,5.89,cube60_cluster0,1088,0.9290183391153761,FF,92.17053866131751,10.618556738155133,11.426031596706425
2025-09-15,641793,641793,671056,STL,CIN,1,1,1,1,FS,FS,R,R,B,Ball,82.4,82.4,-1.02,-1.02,0.14,0.14,878.0,878.0,250.0,250.0,9,5.9,5.9,-0.64,-0.64,6.26,6.26,cube59_cluster1,5,2.1392501627651774,SL,84.79163597246126,7.451913253012047,2.269996213425129
2025-09-15,683004,683004,621043,HOU,TEX,1,0,0,0,SL,SL,R,R,B,Ball,87.8,87.8,0.36,0.36,0.1,0.1,2421.0,2421.0,155.0,155.0,6,6.6,6.6,-1.34,-1.34,5.76,5.76,cube32_cluster0,191,0.7600196662107244,SL,86.80283260847423,-3.994445228339661,3.088972714840957
2025-09-15,681911,681911,805249,LAD,PHI,8,2,0,0,FF,FF,L,L,B,Ball,92.5,92.5,0.46,-0.46,1.61,1.61,2428.0,2428.0,168.0,192.0,7,6.5,6.5,0.21,-0.21,5.95,5.95,cube50_cluster0,37,2.2584893180330363,SL,89.4318003898919,-0.37548710296403526,10.18704890209373
2025-09-15,681892,681892,641857,MIN,NYY,7,2,0,0,SI,SI,L,L,S,Called Strike,94.3,94.3,1.33,-1.33,0.69,0.69,2336.0,2336.0,141.0,219.0,8,7.3,7.3,2.3,-2.3,5.76,5.76,cube62_cluster0,6,1.1531735415644193,SI,91.86488600736307,15.76720396342299,6.059817485939492
2025-09-15,681676,681676,663886,STL,CIN,8,1,2,2,SL,SL,R,R,B,Ball In Dirt,88.0,88.0,0.11,0.11,0.13,0.13,2681.0,2681.0,133.0,133.0,5,6.3,6.3,-1.81,-1.81,5.95,5.95,cube32_cluster0,191,0.7746807657664244,SL,86.80283260847423,-3.994445228339661,3.088972714840957
2025-09-15,595345,595345,666969,HOU,TEX,6,1,1,1,SL,SL,L,L,S,Foul,81.0,81.0,-0.7,0.7,0.57,0.57,2376.0,2376.0,284.0,76.0,4,6.0,6.0,3.28,-3.28,5.87,5.87,cube17_cluster0,230,1.9818085326666743,ST,83.28054719292679,-11.37879274055619,0.1522002590525712
2025-09-15,681517,681517,670770,STL,CIN,9,0,0,0,FF,FF,R,R,B,Ball,95.6,95.6,-0.52,-0.52,1.56,1.56,2325.0,2325.0,202.0,202.0,8,7.1,7.1,-2.08,-2.08,5.82,5.82,cube62_cluster1,11,1.2303526839396752,FF,95.54242544913883,5.728019039608564,15.221051570629365
2025-09-15,669276,669276,665953,WSH,ATL,8,2,3,2,CH,CH,L,L,S,Foul,86.5,86.5,1.47,-1.47,0.98,0.98,1853.0,1853.0,136.0,224.0,8,6.4,6.4,1.73,-1.73,6.46,6.46,cube59_cluster0,234,1.2452767057046894,FF,89.27696125383754,10.588468754256617,10.304337269887236
2025-09-15,680755,680755,650490,TB,TOR,11,0,0,1,SL,SL,R,R,S,Foul,87.3,87.3,0.31,0.31,0.08,0.08,2378.0,2378.0,139.0,139.0,6,5.4,5.4,0.57,0.57,6.68,6.68,cube15_cluster1,4,2.6999527572379125,SL,83.959314171123,-4.504801604278075,-1.7933590909090908
2025-09-15,668933,668933,695336,STL,CIN,7,0,0,0,FC,FC,R,R,B,Ball,95.4,95.4,0.27,0.27,0.65,0.65,2489.0,2489.0,192.0,192.0,7,5.5,5.5,-0.14,-0.14,6.47,6.47,cube50_cluster0,37,2.184605997655642,SL,89.4318003898919,-0.37548710296403526,10.18704890209373
2025-09-15,641329,641329,543807,TB,TOR,8,2,1,0,SL,SL,R,R,S,Called Strike,91.8,91.8,0.59,0.59,0.59,0.59,2392.0,2392.0,163.0,163.0,6,6.5,6.5,-0.34,-0.34,6.55,6.55,cube31_cluster0,31,1.795243688149335,SL,85.53907999105853,-4.021504116996385,3.5159534946310442
2025-09-15,680730,680730,660670,WSH,ATL,1,0,0,1,FF,FF,L,L,B,Ball,93.5,93.5,0.42,-0.42,1.54,1.54,2198.0,2198.0,165.0,195.0,8,6.9,6.9,1.21,-1.21,6.39,6.39,cube60_cluster0,1088,1.9164242118532255,FF,92.17053866131751,10.618556738155133,11.426031596706425
2025-09-15,668678,668678,646240,AZ,SF,1,2,1,1,FF,FF,R,R,S,Foul,94.2,94.2,-0.2,-0.2,1.38,1.38,2365.0,2365.0,207.0,207.0,8,6.4,6.4,-2.9,-2.9,6.0,6.0,cube52_cluster0,159,1.623892023647525,FC,90.76795186341266,-0.1350320156357884,9.625773571373404
2025-09-15,641302,641302,681297,CWS,BAL,6,2,1,2,ST,ST,L,L,S,Foul,82.9,82.9,-0.82,0.82,0.42,0.42,2512.0,2512.0,276.0,84.0,4,6.7,6.7,2.25,-2.25,5.14,5.14,cube25_cluster0,134,1.0213393665067871,SL,84.71727501905048,-6.356816171388189,1.485555081783951
2025-09-15,607074,607074,807712,MIN,NYY,1,2,1,2,FF,FF,L,L,B,Ball,94.1,94.1,0.89,-0.89,1.56,1.56,2294.0,2294.0,146.0,214.0,8,6.1,6.1,2.04,-2.04,6.44,6.44,cube66_cluster1,5,1.2743859216526325,FF,93.24252622389831,13.00015635891318,12.382567932373675
2025-09-15,701487,701487,665862,MIN,NYY,9,1,2,2,CH,CH,R,R,X,"Jazz Chisholm Jr. grounds out, shortstop Brooks Lee to first baseman Edouard Julien.",81.9,81.9,-1.06,-1.06,0.38,0.38,2134.0,2134.0,253.0,253.0,9,6.6,6.6,-0.89,-0.89,6.01,6.01,cube59_cluster0,234,1.7221346973892855,FF,89.27696125383754,10.588468754256617,10.304337269887236
2025-09-15,687377,687377,645277,WSH,ATL,9,1,1,0,FF,FF,R,R,X,Ozzie Albies singles on a line drive to center fielder Robert Hassell III.,96.3,96.3,-0.5,-0.5,1.57,1.57,2624.0,2624.0,211.0,211.0,8,6.4,6.4,-1.92,-1.92,6.55,6.55,cube51_cluster0,242,2.0325398580134553,FC,90.51269321530226,-0.30860007748352697,10.065859987082858
2025-09-15,686218,686218,669016,LAD,PHI,1,2,2,2,SL,SL,R,R,X,"Brandon Marsh grounds out, second baseman Miguel Rojas to first baseman Freddie Freeman.",87.1,87.1,0.32,0.32,0.44,0.44,2224.0,2224.0,189.0,189.0,7,6.5,6.5,-1.31,-1.31,5.33,5.33,cube42_cluster0,221,1.409791270423448,FC,88.14517513894621,-2.9372479967817404,6.184306080936519
2025-09-15,680573,680573,641355,MIN,NYY,1,1,0,0,FF,FF,R,R,S,Foul Tip,93.5,93.5,-0.25,-0.25,1.54,1.54,2211.0,2211.0,203.0,203.0,8,6.6,6.6,-1.29,-1.29,6.4,6.4,cube50_cluster0,37,1.5174890436701123,SL,89.4318003898919,-0.37548710296403526,10.18704890209373
2025-09-15,680732,680732,687637,CWS,BAL,2,2,1,0,FF,FF,R,R,X,Dylan Beavers flies out to left fielder Andrew Benintendi.,95.3,95.3,-0.34,-0.34,1.36,1.36,2527.0,2527.0,200.0,200.0,8,7.2,7.2,-2.32,-2.32,6.19,6.19,cube62_cluster1,11,1.5126188982713056,FF,95.54242544913883,5.728019039608564,15.221051570629365
2025-09-15,664747,664747,671277,WSH,ATL,9,0,1,2,FF,FF,R,R,B,Ball,95.5,95.5,-0.87,-0.87,1.11,1.11,2592.0,2592.0,222.0,222.0,8,7.7,7.7,-2.23,-2.23,5.0,5.0,cube62_cluster0,6,1.7158954034740146,SI,91.86488600736307,15.76720396342299,6.059817485939492
2025-09-15,664294,664294,664023,PIT,CHC,9,2,0,0,SL,SL,R,R,S,Called Strike,83.4,83.4,-0.14,-0.14,-0.07,-0.07,2091.0,2091.0,322.0,322.0,12,6.3,6.3,-1.15,-1.15,5.93,5.93,cube66_cluster0,197,2.31821385672987,CH,86.84077917182076,12.525512574763452,6.567520411131463
2025-09-15,675911,675911,695734,WSH,ATL,2,0,2,2,FF,FF,R,R,X,Daylen Lile homers (6) on a fly ball to right field.,96.1,96.1,-0.96,-0.96,1.44,1.44,2399.0,2399.0,213.0,213.0,8,7.0,7.0,-1.65,-1.65,5.87,5.87,cube61_cluster0,650,1.3826118199464223,FF,93.56609940362357,10.767633610073183,11.615865923476361
2025-09-15,671212,671212,680718,TB,TOR,2,0,2,0,FF,FF,R,R,X,Addison Barger flies out to center fielder Jake Mangum.,98.1,98.1,-0.82,-0.82,1.05,1.05,2660.0,2660.0,220.0,220.0,8,6.4,6.4,-1.16,-1.16,5.77,5.77,cube60_cluster0,1088,1.645179660070264,FF,92.17053866131751,10.618556738155133,11.426031596706425
2025-09-15,664192,664192,672695,AZ,SF,6,1,0,0,SI,SI,L,L,S,Called Strike,91.0,91.0,1.2,-1.2,0.93,0.93,2136.0,2136.0,147.0,213.0,8,6.3,6.3,2.78,-2.78,5.64,5.64,cube68_cluster0,637,1.0064090125073557,FF,92.88295797031044,13.980317543503329,9.180920892722085
2025-09-15,666808,666808,668904,MIN,NYY,7,1,2,1,SL,SL,R,R,X,"Royce Lewis lines into a double play, third baseman Ryan McMahon to first baseman Paul Goldschmidt. Luke Keaschall out at 1st.",87.3,87.3,0.81,0.81,-0.15,-0.15,2759.0,2759.0,68.0,68.0,3,6.8,6.8,-1.6,-1.6,5.43,5.43,cube10_cluster0,173,1.3857456236471297,ST,82.08401130843858,-12.249969959417843,-5.792755621368389
2025-09-15,664126,664126,680718,TB,TOR,9,2,1,0,FC,FC,R,R,S,Foul,91.7,91.7,0.47,0.47,0.67,0.67,2480.0,2480.0,134.0,134.0,5,5.8,5.8,-0.09,-0.09,7.14,7.14,cube31_cluster0,31,2.6556639947043164,SL,85.53907999105853,-4.021504116996385,3.5159534946310442
2025-09-15,678906,678906,682998,AZ,SF,1,0,2,2,FF,FF,R,R,S,Foul,94.7,94.7,-0.77,-0.77,1.09,1.09,2566.0,2566.0,235.0,235.0,9,6.5,6.5,-2.33,-2.33,5.43,5.43,cube61_cluster0,650,0.9326987757285187,FF,93.56609940362357,10.767633610073183,11.615865923476361
2025-09-15,664076,664076,676914,TB,TOR,7,1,2,2,FF,FF,L,L,S,Foul,97.4,97.4,0.6,-0.6,1.34,1.34,2341.0,2341.0,142.0,218.0,8,6.0,6.0,1.08,-1.08,5.39,5.39,cube60_cluster0,1088,1.8168244888433436,FF,92.17053866131751,10.618556738155133,11.426031596706425
2025-09-15,689147,689147,605141,LAD,PHI,7,2,0,1,FF,FF,R,R,X,Mookie Betts homers (19) on a fly ball to left center field.,98.3,98.3,-1.11,-1.11,1.01,1.01,2378.0,2378.0,229.0,229.0,9,6.3,6.3,-1.33,-1.33,5.77,5.77,cube60_cluster0,1088,1.148744200703197,FF,92.17053866131751,10.618556738155133,11.426031596706425
2025-09-15,663893,663893,666139,TB,TOR,6,2,1,1,KC,KC,L,L,S,Swinging Strike,87.0,87.0,-0.19,0.19,-0.74,-0.74,1906.0,1906.0,346.0,14.0,1,5.7,5.7,1.86,-1.86,6.34,6.34,cube15_cluster0,23,1.8876199642887819,CU,82.92103283413093,-3.9398978499082826,-3.816941770346403
2025-09-15,624133,624133,606192,LAD,PHI,1,2,0,0,SI,SI,L,L,X,Teoscar Hernández flies out to right fielder Max Kepler.,90.9,90.9,0.8,-0.8,0.7,0.7,1965.0,1965.0,134.0,226.0,9,6.1,6.1,2.29,-2.29,5.5,5.5,cube67_cluster0,835,0.9706252069425828,CH,90.86602419473125,13.606542467363951,8.526706287157376
2025-09-15,678024,678024,641933,CWS,BAL,7,1,1,1,ST,ST,R,R,B,Ball,81.8,81.8,1.43,1.43,-0.33,-0.33,2424.0,2424.0,48.0,48.0,3,6.5,6.5,-1.54,-1.54,5.88,5.88,cube9_cluster0,353,1.0050991603614519,CU,81.04977735376619,-10.683603137730767,-7.201930121038002
2025-09-15,621051,621051,687637,CWS,BAL,6,1,3,2,FF,FF,R,R,X,Dylan Beavers flies out to left fielder Andrew Benintendi.,94.7,94.7,-0.4,-0.4,1.68,1.68,2610.0,2610.0,197.0,197.0,8,6.9,6.9,-2.27,-2.27,5.81,5.81,cube62_cluster1,11,1.439246104688863,FF,95.54242544913883,5.728019039608564,15.221051570629365
2025-09-15,663574,663574,669357,STL,CIN,7,2,0,0,FF,FF,R,R,S,Foul,94.7,94.7,-0.88,-0.88,1.11,1.11,2338.0,2338.0,229.0,229.0,9,6.2,6.2,-2.45,-2.45,5.13,5.13,cube68_cluster0,637,1.2708891224956937,FF,92.88295797031044,13.980317543503329,9.180920892722085
2025-09-15,595014,595014,592663,LAD,PHI,10,1,3,2,ST,ST,R,R,X,J.T. Realmuto out on a sacrifice fly to right fielder Alex Call. Harrison Bader scores. Bryce Harper to 3rd.,85.5,85.5,1.17,1.17,-0.09,-0.09,2738.0,2738.0,42.0,42.0,2,5.5,5.5,-2.99,-2.99,6.23,6.23,cube3_cluster1,7,2.2192502574823734,CU,81.211572836182,-17.52205244065557,-6.477636799325996
2025-09-15,677952,677952,664023,PIT,CHC,1,1,0,1,FF,FF,R,R,B,Ball,98.0,98.0,-0.88,-0.88,1.32,1.32,2440.0,2440.0,227.0,227.0,9,6.4,6.4,-0.98,-0.98,6.15,6.15,cube60_cluster0,1088,1.6401748128011315,FF,92.17053866131751,10.618556738155133,11.426031596706425
2025-09-15,592791,592791,502054,PIT,CHC,1,2,0,0,FF,FF,R,R,X,Tommy Pham flies out to center fielder Pete Crow-Armstrong.,93.4,93.4,-0.64,-0.64,1.63,1.63,2353.0,2353.0,209.0,209.0,8,6.9,6.9,-1.25,-1.25,6.1,6.1,cube60_cluster0,1088,1.713021706689553,FF,92.17053866131751,10.618556738155133,11.426031596706425
2025-09-15,502085,502085,500743,LAD,PHI,10,1,0,0,FC,FC,R,R,X,Miguel Rojas pops out to shortstop Bryson Stott on the infield fly rule.,90.5,90.5,0.42,0.42,0.77,0.77,2697.0,2697.0,172.0,172.0,7,6.4,6.4,-2.66,-2.66,5.71,5.71,cube43_cluster0,136,1.1326061536708647,FC,88.90138768099045,-2.867416747399959,6.084565347981601
2025-09-15,693312,693312,664023,PIT,CHC,7,1,2,2,CU,CU,R,R,B,Ian Happ hit by pitch.,87.5,87.5,0.96,0.96,-0.91,-0.91,2818.0,2818.0,34.0,34.0,2,7.1,7.1,-0.96,-0.96,6.05,6.05,cube2_cluster0,105,2.0527558067293645,CU,79.2443297084492,-9.955174138547218,-13.302302310391848
2025-09-15,683175,683175,571448,STL,CIN,8,1,2,2,ST,ST,R,R,S,Nolan Arenado strikes out swinging.,86.5,86.5,1.33,1.33,0.02,0.02,2582.0,2582.0,62.0,62.0,3,6.1,6.1,-1.65,-1.65,5.66,5.66,cube16_cluster0,307,0.9961683010623914,ST,82.89780592219195,-9.539303936916792,-1.0521378651219842
2025-09-15,676775,676775,545121,AZ,SF,7,2,0,1,FS,FS,R,R,B,Ball,89.7,89.7,-0.84,-0.84,-0.13,-0.13,1513.0,1513.0,243.0,243.0,9,6.4,6.4,-1.43,-1.43,6.05,6.05,cube66_cluster0,197,1.1349861499642326,CH,86.84077917182076,12.525512574763452,6.567520411131463
2025-09-15,680694,680694,691019,CWS,BAL,1,0,1,2,SI,SI,R,R,S,Kyle Teel called out on strikes.,95.3,95.3,-0.97,-0.97,1.04,1.04,2254.0,2254.0,191.0,191.0,7,6.5,6.5,-0.84,-0.84,6.44,6.44,cube59_cluster0,234,1.6237837820132108,FF,89.27696125383754,10.588468754256617,10.304337269887236
2025-09-15,661395,661395,624424,LAD,PHI,9,1,1,1,FF,FF,R,R,B,Ball,101.7,101.7,-0.98,-0.98,1.17,1.17,2073.0,2073.0,231.0,231.0,9,6.1,6.1,-2.38,-2.38,5.92,5.92,cube66_cluster1,5,1.5385856723768465,FF,93.24252622389831,13.00015635891318,12.382567932373675
2025-09-15,657756,657756,682928,WSH,ATL,8,0,0,0,FC,FC,R,R,B,Ball,88.0,88.0,-0.02,-0.02,0.73,0.73,2418.0,2418.0,219.0,219.0,8,6.2,6.2,-3.33,-3.33,5.18,5.18,cube61_cluster1,4,1.7654803493891997,FF,90.06345506345505,6.430047483380817,11.373038073038074
2025-09-15,622554,622554,656484,TB,TOR,7,2,1,0,FF,FF,R,R,B,Ball,96.8,96.8,-0.39,-0.39,1.37,1.37,2375.0,2375.0,213.0,213.0,8,6.4,6.4,-1.98,-1.98,5.5,5.5,cube61_cluster0,650,1.0581384726290914,FF,93.56609940362357,10.767633610073183,11.615865923476361
2025-09-15,676742,676742,694208,PIT,CHC,5,2,0,0,FF,FF,R,R,S,Foul,97.1,97.1,-0.49,-0.49,1.42,1.42,2704.0,2704.0,218.0,218.0,8,6.3,6.3,-3.24,-3.24,5.9,5.9,cube62_cluster1,11,2.169222473200478,FF,95.54242544913883,5.728019039608564,15.221051570629365
2025-09-15,669461,669461,669720,STL,CIN,2,0,2,0,FC,FC,L,L,X,Austin Hays lines out to first baseman Willson Contreras.,92.9,92.9,-0.06,0.06,1.08,1.08,2453.0,2453.0,147.0,213.0,8,6.4,6.4,0.63,-0.63,6.58,6.58,cube50_cluster0,37,1.4139813349263282,SL,89.4318003898919,-0.37548710296403526,10.18704890209373
2025-09-15,666711,666711,677942,AZ,SF,6,0,3,2,SI,SI,R,R,B,Blaze Alexander walks. Corbin Carroll to 3rd. Gabriel Moreno to 2nd.,100.0,100.0,-1.17,-1.17,0.68,0.68,2373.0,2373.0,213.0,213.0,8,5.4,5.4,-0.84,-0.84,5.83,5.83,cube59_cluster0,234,2.3347128625398197,FF,89.27696125383754,10.588468754256617,10.304337269887236
2025-09-15,657424,657424,672695,AZ,SF,5,2,3,2,FF,FF,L,L,B,Geraldo Perdomo walks.,92.4,92.4,0.1,-0.1,1.05,1.05,2225.0,2225.0,168.0,192.0,7,6.2,6.2,2.07,-2.07,6.24,6.24,cube51_cluster0,242,0.9427372091797067,FC,90.51269321530226,-0.30860007748352697,10.065859987082858
2025-09-15,647336,647336,693304,PIT,CHC,7,0,2,2,SV,SV,R,R,S,Nick Gonzales strikes out swinging.,82.6,82.6,1.05,1.05,-1.13,-1.13,3121.0,3121.0,48.0,48.0,3,6.2,6.2,-2.49,-2.49,5.83,5.83,cube3_cluster0,7,0.8237315703169229,CU,81.18692210282288,-11.451773936938942,-10.945698317474191
2025-09-15,676263,676263,642215,LAD,PHI,7,1,1,0,SL,SL,L,L,B,Ball,88.8,88.8,-0.13,0.13,0.36,0.36,2348.0,2348.0,191.0,169.0,7,6.3,6.3,1.41,-1.41,5.95,5.95,cube42_cluster0,221,0.6439165279061887,FC,88.14517513894621,-2.9372479967817404,6.184306080936519
2025-09-15,621381,621381,500743,LAD,PHI,8,2,0,0,SL,SL,L,L,B,Ball,80.0,80.0,-0.45,0.45,0.32,0.32,2566.0,2566.0,266.0,94.0,4,6.2,6.2,1.67,-1.67,5.49,5.49,cube24_cluster0,201,1.0736734770711713,SL,85.05707893868184,-5.4676349917482,1.0599892053755027
2025-09-15,656546,656546,663968,TB,TOR,9,2,0,0,FS,FS,R,R,B,Ball,87.7,87.7,-1.24,-1.24,0.58,0.58,1493.0,1493.0,241.0,241.0,9,6.5,6.5,-2.23,-2.23,5.76,5.76,cube66_cluster0,197,1.1403481032290754,CH,86.84077917182076,12.525512574763452,6.567520411131463
2025-09-15,675911,675911,695734,WSH,ATL,2,0,1,2,SL,SL,R,R,B,Ball,84.7,84.7,0.48,0.48,0.15,0.15,2287.0,2287.0,145.0,145.0,6,7.1,7.1,-1.92,-1.92,5.74,5.74,cube33_cluster0,94,1.113402543708157,SL,87.30386197983206,-4.155245122339746,2.874909281221629
2025-09-15,701519,701519,663757,MIN,NYY,8,2,0,0,CH,CH,R,R,B,Ball,88.4,88.4,-1.59,-1.59,0.5,0.5,1929.0,1929.0,234.0,234.0,9,6.2,6.2,-1.03,-1.03,5.81,5.81,cube59_cluster0,234,1.2981708199217552,FF,89.27696125383754,10.588468754256617,10.304337269887236
2025-09-15,701487,701487,665862,MIN,NYY,9,1,2,1,CH,CH,R,R,S,Foul,81.5,81.5,-1.03,-1.03,0.58,0.58,2250.0,2250.0,253.0,253.0,9,6.4,6.4,-0.85,-0.85,5.96,5.96,cube59_cluster0,234,1.6343032750208912,FF,89.27696125383754,10.588468754256617,10.304337269887236
2025-09-15,621051,621051,687637,CWS,BAL,6,1,2,2,CH,CH,R,R,B,Ball,86.4,86.4,-1.07,-1.07,0.35,0.35,1383.0,1383.0,234.0,234.0,9,6.9,6.9,-2.53,-2.53,5.58,5.58,cube66_cluster0,197,1.9982438469689157,CH,86.84077917182076,12.525512574763452,6.567520411131463
2025-09-15,700669,700669,680574,STL,CIN,9,2,0,2,SL,SL,R,R,B,Ball In Dirt,88.5,88.5,-0.1,-0.1,0.08,0.08,2238.0,2238.0,294.0,294.0,11,6.5,6.5,-1.53,-1.53,6.16,6.16,cube51_cluster0,242,1.8682120616871671,FC,90.51269321530226,-0.30860007748352697,10.065859987082858
2025-09-15,656222,656222,656305,AZ,SF,9,2,1,0,CH,CH,L,L,B,Ball,87.5,87.5,1.38,-1.38,0.77,0.77,2089.0,2089.0,129.0,231.0,9,6.2,6.2,1.34,-1.34,5.81,5.81,cube59_cluster0,234,1.0003678543935774,FF,89.27696125383754,10.588468754256617,10.304337269887236
2025-09-15,693312,693312,664023,PIT,CHC,7,1,2,2,FF,FF,R,R,S,Foul,98.6,98.6,-0.49,-0.49,1.47,1.47,2394.0,2394.0,212.0,212.0,8,7.1,7.1,-1.08,-1.08,6.12,6.12,cube60_cluster0,1088,2.135221128477262,FF,92.17053866131751,10.618556738155133,11.426031596706425
2025-09-15,671212,671212,680718,TB,TOR,2,0,1,0,SL,SL,R,R,B,Ball,90.4,90.4,0.45,0.45,0.11,0.11,2536.0,2536.0,153.0,153.0,6,6.4,6.4,-1.28,-1.28,5.7,5.7,cube32_cluster0,191,0.9378214539820287,SL,86.80283260847423,-3.994445228339661,3.088972714840957
2025-09-15,689147,689147,605141,LAD,PHI,7,2,0,0,FF,FF,R,R,S,Called Strike,98.5,98.5,-1.04,-1.04,1.07,1.07,2325.0,2325.0,230.0,230.0,9,6.4,6.4,-1.16,-1.16,5.8,5.8,cube60_cluster0,1088,1.2359118911065468,FF,92.17053866131751,10.618556738155133,11.426031596706425
2025-09-15,688497,688497,671218,AZ,SF,7,1,0,0,FF,FF,R,R,B,Ball,89.8,89.8,0.14,0.14,1.63,1.63,2161.0,2161.0,180.0,180.0,7,6.8,6.8,-0.04,-0.04,6.37,6.37,cube50_cluster0,37,2.4979483557728805,SL,89.4318003898919,-0.37548710296403526,10.18704890209373
2025-09-15,688297,688297,682829,STL,CIN,7,0,2,2,FC,FC,R,R,B,Ball,88.6,88.6,0.51,0.51,0.22,0.22,2333.0,2333.0,103.0,103.0,4,7.1,7.1,-1.81,-1.81,4.89,4.89,cube44_cluster0,4,1.5652848041106888,SL,88.0675369146225,-0.9960050653074227,7.359635027078688
2025-09-15,687911,687911,669394,HOU,TEX,8,1,1,0,FF,FF,L,L,B,Ball,89.0,89.0,0.4,-0.4,1.11,1.11,2020.0,2020.0,146.0,214.0,8,6.5,6.5,2.88,-2.88,5.64,5.64,cube52_cluster0,159,1.462414162637673,FC,90.76795186341266,-0.1350320156357884,9.625773571373404
2025-09-15,687863,687863,665833,PIT,CHC,9,1,0,0,SL,SL,R,R,B,Ball,87.9,87.9,0.51,0.51,0.85,0.85,2709.0,2709.0,96.0,96.0,4,7.1,7.1,-2.7,-2.7,5.68,5.68,cube33_cluster1,4,1.3792066915211452,CU,87.03806300600712,-4.169347463186675,3.7905776736134102
2025-09-15,687377,687377,645277,WSH,ATL,9,1,0,0,FF,FF,R,R,B,Ball,95.9,95.9,-0.83,-0.83,1.42,1.42,2702.0,2702.0,212.0,212.0,8,6.2,6.2,-1.89,-1.89,6.53,6.53,cube66_cluster1,5,1.8009245613911826,FF,93.24252622389831,13.00015635891318,12.382567932373675
2025-09-15,687330,687330,664770,TB,TOR,11,2,1,0,FC,FC,R,R,B,Ball,89.5,89.5,-0.34,-0.34,0.78,0.78,2277.0,2277.0,238.0,238.0,9,7.0,7.0,-1.58,-1.58,3.76,3.76,cube61_cluster2,4,2.6001097015160934,SI,91.72819039904783,16.422670491739225,0.9956202628660393
2025-09-15,647336,647336,693304,PIT,CHC,7,0,2,1,SV,SV,R,R,S,Foul,84.3,84.3,0.67,0.67,-0.59,-0.59,2915.0,2915.0,68.0,68.0,3,6.3,6.3,-2.62,-2.62,5.77,5.77,cube10_cluster0,173,1.0958159346775849,ST,82.08401130843858,-12.249969959417843,-5.792755621368389
2025-09-15,686218,686218,669016,LAD,PHI,1,2,2,1,FF,FF,R,R,S,Foul,93.9,93.9,-0.6,-0.6,1.56,1.56,2310.0,2310.0,210.0,210.0,8,6.6,6.6,-1.16,-1.16,5.49,5.49,cube60_cluster0,1088,1.5965037028947002,FF,92.17053866131751,10.618556738155133,11.426031596706425
2025-09-15,596133,596133,666397,MIN,NYY,7,1,0,0,CH,CH,R,R,B,Ball,89.6,89.6,-1.2,-1.2,0.73,0.73,1993.0,1993.0,222.0,222.0,8,6.2,6.2,-1.71,-1.71,5.55,5.55,cube67_cluster0,835,0.6710370711733544,CH,90.86602419473125,13.606542467363951,8.526706287157376
2025-09-15,683175,683175,571448,STL,CIN,8,1,2,2,FF,FF,R,R,S,Foul,99.1,99.1,-0.59,-0.59,1.46,1.46,2524.0,2524.0,217.0,217.0,8,6.1,6.1,-1.37,-1.37,5.81,5.81,cube60_cluster0,1088,1.632187200586062,FF,92.17053866131751,10.618556738155133,11.426031596706425
2025-09-15,641793,641793,671056,STL,CIN,1,1,1,0,SI,SI,R,R,S,Called Strike,91.6,91.6,-1.21,-1.21,1.03,1.03,2053.0,2053.0,213.0,213.0,8,6.2,6.2,-0.74,-0.74,5.99,5.99,cube59_cluster0,234,1.1162430142935345,FF,89.27696125383754,10.588468754256617,10.304337269887236
2025-09-15,669704,669704,678554,CWS,BAL,6,1,1,0,FC,FC,R,R,S,Foul,90.5,90.5,0.48,0.48,0.44,0.44,2654.0,2654.0,129.0,129.0,5,6.3,6.3,-1.3,-1.3,5.87,5.87,cube32_cluster0,191,0.9788610402322989,SL,86.80283260847423,-3.994445228339661,3.088972714840957
2025-09-15,595345,595345,666969,HOU,TEX,6,1,0,1,FF,FF,L,L,B,Ball,92.9,92.9,0.52,-0.52,1.35,1.35,2203.0,2203.0,141.0,219.0,8,6.1,6.1,3.25,-3.25,6.0,6.0,cube66_cluster1,5,1.778057663387652,FF,93.24252622389831,13.00015635891318,12.382567932373675
2025-09-15,669461,669461,669720,STL,CIN,2,0,1,0,FF,FF,L,L,B,Ball,94.2,94.2,0.56,-0.56,1.38,1.38,2138.0,2138.0,150.0,210.0,8,6.5,6.5,0.45,-0.45,6.61,6.61,cube50_cluster0,37,1.9702029894720952,SL,89.4318003898919,-0.37548710296403526,10.18704890209373
2025-09-15,681676,681676,663886,STL,CIN,8,1,2,1,SL,SL,R,R,S,Swinging Strike,87.9,87.9,0.18,0.18,0.21,0.21,2723.0,2723.0,199.0,199.0,8,6.2,6.2,-1.7,-1.7,5.96,5.96,cube42_cluster0,221,1.0767820655464413,FC,88.14517513894621,-2.9372479967817404,6.184306080936519
2025-09-15,669276,669276,665953,WSH,ATL,8,2,3,1,CH,CH,L,L,S,Swinging Strike,85.8,85.8,1.37,-1.37,1.08,1.08,1776.0,1776.0,138.0,222.0,8,6.3,6.3,1.76,-1.76,6.47,6.47,cube59_cluster0,234,1.246558456829218,FF,89.27696125383754,10.588468754256617,10.304337269887236
2025-09-15,680755,680755,650490,TB,TOR,11,0,0,0,SL,SL,R,R,S,Called Strike,88.5,88.5,0.19,0.19,0.45,0.45,2340.0,2340.0,180.0,180.0,7,5.4,5.4,0.63,0.63,6.68,6.68,cube15_cluster1,4,3.1231305661896482,SL,83.959314171123,-4.504801604278075,-1.7933590909090908
2025-09-15,668678,668678,646240,AZ,SF,1,2,0,1,FF,FF,R,R,B,Ball,94.8,94.8,-0.2,-0.2,1.4,1.4,2417.0,2417.0,211.0,211.0,8,6.4,6.4,-3.15,-3.15,5.96,5.96,cube62_cluster1,11,1.8442271979925942,FF,95.54242544913883,5.728019039608564,15.221051570629365
2025-09-15,680732,680732,687637,CWS,BAL,2,2,0,0,KC,KC,R,R,B,Ball,79.1,79.1,0.44,0.44,-1.15,-1.15,2367.0,2367.0,27.0,27.0,2,6.9,6.9,-2.21,-2.21,6.23,6.23,cube8_cluster1,5,1.2112885114289504,CU,76.99877318439641,-5.367173817726275,-11.507933500365382
2025-09-15,595014,595014,592663,LAD,PHI,10,1,2,2,ST,ST,R,R,B,Ball,85.2,85.2,0.83,0.83,0.12,0.12,2754.0,2754.0,43.0,43.0,2,5.6,5.6,-2.87,-2.87,6.25,6.25,cube16_cluster0,307,2.12205426059622,ST,82.89780592219195,-9.539303936916792,-1.0521378651219842
2025-09-15,641329,641329,543807,TB,TOR,8,2,0,0,CH,CH,R,R,B,Ball,85.2,85.2,-1.31,-1.31,0.46,0.46,1859.0,1859.0,223.0,223.0,8,6.5,6.5,-0.61,-0.61,6.56,6.56,cube59_cluster0,234,1.765077835327271,FF,89.27696125383754,10.588468754256617,10.304337269887236
2025-09-15,680730,680730,660670,WSH,ATL,1,0,0,0,CU,CU,L,L,S,Called Strike,79.8,79.8,-0.38,0.38,-0.8,-0.8,2467.0,2467.0,337.0,23.0,2,7.0,7.0,1.54,-1.54,6.31,6.31,cube8_cluster1,5,1.2654040705142449,CU,76.99877318439641,-5.367173817726275,-11.507933500365382
2025-09-15,641302,641302,681297,CWS,BAL,6,2,1,2,FF,FF,L,L,S,Foul,92.8,92.8,0.79,-0.79,1.21,1.21,2252.0,2252.0,135.0,225.0,9,6.3,6.3,2.09,-2.09,5.47,5.47,cube61_cluster0,650,0.7167716875267719,FF,93.56609940362357,10.767633610073183,11.615865923476361
2025-09-15,666808,666808,668904,MIN,NYY,7,1,1,1,SL,SL,R,R,B,Ball,88.5,88.5,0.92,0.92,-0.01,-0.01,2798.0,2798.0,68.0,68.0,3,6.4,6.4,-1.47,-1.47,5.41,5.41,cube16_cluster0,307,1.4057262006003641,ST,82.89780592219195,-9.539303936916792,-1.0521378651219842
2025-09-15,666711,666711,677942,AZ,SF,6,0,2,2,SI,SI,R,R,B,Ball,100.5,100.5,-1.23,-1.23,0.64,0.64,2507.0,2507.0,217.0,217.0,8,5.5,5.5,-0.87,-0.87,5.86,5.86,cube59_cluster0,234,2.4201599239626925,FF,89.27696125383754,10.588468754256617,10.304337269887236
2025-09-15,607074,607074,807712,MIN,NYY,1,2,1,2,SL,SL,L,L,S,Foul,86.7,86.7,-0.45,0.45,0.18,0.18,2552.0,2552.0,255.0,105.0,5,5.8,5.8,2.61,-2.61,6.22,6.22,cube24_cluster0,201,1.7581748011446783,SL,85.05707893868184,-5.4676349917482,1.0599892053755027
2025-09-15,680694,680694,691019,CWS,BAL,1,0,0,2,SL,SL,R,R,B,Ball In Dirt,86.8,86.8,0.98,0.98,-0.05,-0.05,2643.0,2643.0,50.0,50.0,3,6.6,6.6,-1.18,-1.18,6.28,6.28,cube15_cluster0,23,1.433629894592109,CU,82.92103283413093,-3.9398978499082826,-3.816941770346403
2025-09-15,681911,681911,592206,LAD,PHI,8,1,0,2,SL,SL,L,L,X,Nick Castellanos lines out softly to first baseman Freddie Freeman.,86.4,86.4,-0.6,0.6,0.44,0.44,2369.0,2369.0,206.0,154.0,6,6.3,6.3,0.11,-0.11,6.09,6.09,cube31_cluster0,31,1.7439752044395924,SL,85.53907999105853,-4.021504116996385,3.5159534946310442
2025-09-15,681892,681892,502671,MIN,NYY,7,1,3,2,SI,SI,L,L,X,Paul Goldschmidt grounds out sharply to first baseman Edouard Julien.,94.3,94.3,1.28,-1.28,0.63,0.63,2391.0,2391.0,155.0,205.0,8,7.1,7.1,2.26,-2.26,5.65,5.65,cube62_cluster0,6,1.115245612627687,SI,91.86488600736307,15.76720396342299,6.059817485939492
2025-09-15,664747,664747,671277,WSH,ATL,9,0,0,2,SL,SL,R,R,B,Ball In Dirt,89.2,89.2,0.36,0.36,0.24,0.24,2828.0,2828.0,166.0,166.0,7,7.6,7.6,-2.19,-2.19,5.23,5.23,cube44_cluster0,4,1.1673904530053587,SL,88.0675369146225,-0.9960050653074227,7.359635027078688
2025-09-15,676742,676742,664023,PIT,CHC,5,1,2,1,SL,SL,R,R,X,Ian Happ flies out to center fielder Jack Suwinski.,86.2,86.2,0.23,0.23,0.14,0.14,2638.0,2638.0,91.0,91.0,4,6.1,6.1,-3.1,-3.1,6.19,6.19,cube25_cluster0,134,1.9580748677705608,SL,84.71727501905048,-6.356816171388189,1.485555081783951
2025-09-15,668933,668933,571448,STL,CIN,7,0,2,2,FC,FC,R,R,X,Nolan Arenado doubles (16) on a sharp line drive to right fielder Noelvi Marte.,96.0,96.0,0.25,0.25,0.76,0.76,2610.0,2610.0,190.0,190.0,7,5.4,5.4,-0.39,-0.39,6.51,6.51,cube50_cluster0,37,2.1585356226686976,SL,89.4318003898919,-0.37548710296403526,10.18704890209373
2025-09-15,664126,664126,680718,TB,TOR,9,2,0,0,SL,SL,R,R,B,Ball,85.1,85.1,0.62,0.62,-0.64,-0.64,2701.0,2701.0,45.0,45.0,3,6.4,6.4,-0.11,-0.11,7.17,7.17,cube1_cluster0,11,2.4202328956769716,CU,80.41940225841523,-7.8151704354474925,-14.345667881001397
2025-09-15,664294,664294,663538,PIT,CHC,9,1,1,1,SL,SL,R,R,X,Nico Hoerner lines out to shortstop Nick Gonzales.,84.1,84.1,-0.04,-0.04,-0.11,-0.11,1935.0,1935.0,299.0,299.0,11,6.2,6.2,-1.09,-1.09,6.02,6.02,cube66_cluster0,197,2.0949321653742263,CH,86.84077917182076,12.525512574763452,6.567520411131463
2025-09-15,664192,664192,664983,AZ,SF,6,1,3,1,SI,SI,L,L,X,Jake McCarthy reaches on a throwing error by second baseman Casey Schmitt.,91.6,91.6,1.0,-1.0,0.93,0.93,2201.0,2201.0,155.0,205.0,8,6.0,6.0,2.27,-2.27,5.86,5.86,cube60_cluster0,1088,1.0186182791382086,FF,92.17053866131751,10.618556738155133,11.426031596706425
2025-09-15,678906,678906,682998,AZ,SF,1,0,2,2,ST,ST,R,R,S,Foul,85.1,85.1,1.11,1.11,-0.07,-0.07,2816.0,2816.0,42.0,42.0,2,6.4,6.4,-2.37,-2.37,5.35,5.35,cube17_cluster0,230,0.7392406351655321,ST,83.28054719292679,-11.37879274055619,0.1522002590525712
2025-09-15,657612,657612,686797,MIN,NYY,8,2,0,2,SI,SI,L,L,X,"Brooks Lee grounds out, shortstop Anthony Volpe to first baseman Paul Goldschmidt.",89.0,89.0,1.22,-1.22,-0.56,-0.56,2081.0,2081.0,73.0,287.0,11,6.5,6.5,3.8,-3.8,2.83,2.83,cube62_cluster2,5,3.8206761000911342,SI,92.38546141014736,16.54853639339138,0.6145325739291951
2025-09-15,656945,656945,664056,LAD,PHI,9,2,0,0,SL,SL,L,L,X,Harrison Bader flies out to right fielder Alex Call.,90.5,90.5,-0.51,0.51,-0.01,-0.01,2542.0,2542.0,242.0,118.0,5,6.0,6.0,2.61,-2.61,5.08,5.08,cube25_cluster0,134,1.6197098779855885,SL,84.71727501905048,-6.356816171388189,1.485555081783951
2025-09-15,656457,656457,683002,CWS,BAL,1,2,0,1,ST,ST,L,L,X,Gunnar Henderson flies out sharply to center fielder Dominic Fletcher.,79.7,79.7,-1.28,1.28,0.03,0.03,2442.0,2442.0,294.0,66.0,3,5.8,5.8,4.01,-4.01,4.39,4.39,cube17_cluster1,4,2.4167321950885747,CU,78.95917169292895,-10.024787945860975,-3.9433667010451945
2025-09-15,650556,650556,677649,HOU,TEX,9,2,0,0,SL,SL,R,R,X,Ezequiel Duran singles on a line drive to right fielder Zach Cole. Jonah Heim to 2nd.,86.5,86.5,0.52,0.52,-0.31,-0.31,2938.0,2938.0,59.0,59.0,3,6.3,6.3,-2.89,-2.89,5.74,5.74,cube17_cluster0,230,1.449944089860001,ST,83.28054719292679,-11.37879274055619,0.1522002590525712
2025-09-15,641941,641941,671056,STL,CIN,9,2,2,2,FF,FF,R,R,X,"Iván Herrera grounds into a force out, shortstop Elly De La Cruz to second baseman Matt McLain. Brendan Donovan out at 2nd.",96.2,96.2,-0.66,-0.66,1.53,1.53,2631.0,2631.0,207.0,207.0,8,7.0,7.0,-1.6,-1.6,5.44,5.44,cube61_cluster0,650,1.6885985815968272,FF,93.56609940362357,10.767633610073183,11.615865923476361
2025-09-15,664076,664076,676914,TB,TOR,7,1,1,2,SL,SL,L,L,B,Ball,86.3,86.3,-0.53,0.53,-0.27,-0.27,2695.0,2695.0,280.0,80.0,4,6.0,6.0,1.36,-1.36,5.15,5.15,cube16_cluster0,307,1.7601477603667743,ST,82.89780592219195,-9.539303936916792,-1.0521378651219842
2025-09-15,663893,663893,666139,TB,TOR,6,2,0,1,SI,SI,L,L,B,Ball In Dirt,93.1,93.1,1.32,-1.32,0.01,0.01,2104.0,2104.0,123.0,237.0,9,5.6,5.6,2.33,-2.33,5.92,5.92,cube59_cluster2,6,1.675486199254243,FF,93.07150817165655,13.135553184666456,11.807015565535274
2025-09-15,624133,624133,605141,LAD,PHI,1,1,1,1,SI,SI,L,L,X,"Mookie Betts grounds out sharply, shortstop Bryson Stott to first baseman Bryce Harper.",90.3,90.3,1.01,-1.01,0.15,0.15,1937.0,1937.0,134.0,226.0,9,6.0,6.0,2.44,-2.44,5.52,5.52,cube67_cluster0,835,1.3842353462531176,CH,90.86602419473125,13.606542467363951,8.526706287157376
2025-09-15,678024,678024,641933,CWS,BAL,7,1,1,0,SI,SI,R,R,S,Foul,95.1,95.1,-1.24,-1.24,0.46,0.46,2163.0,2163.0,217.0,217.0,8,6.3,6.3,-1.5,-1.5,5.93,5.93,cube60_cluster0,1088,0.9834595969011062,FF,92.17053866131751,10.618556738155133,11.426031596706425
2025-09-15,607455,607455,656941,LAD,PHI,1,1,2,2,SL,SL,L,L,X,Kyle Schwarber homers (53) on a line drive to right center field.,86.3,86.3,-0.74,0.74,0.04,0.04,2372.0,2372.0,323.0,37.0,2,6.2,6.2,2.5,-2.5,5.54,5.54,cube17_cluster0,230,0.9348146164939398,ST,83.28054719292679,-11.37879274055619,0.1522002590525712
2025-09-15,592791,592791,668804,PIT,CHC,1,2,0,2,CU,CU,R,R,X,Bryan Reynolds singles on a ground ball to right fielder Willi Castro.,80.4,80.4,0.63,0.63,-0.75,-0.75,2478.0,2478.0,38.0,38.0,2,6.6,6.6,-1.17,-1.17,6.33,6.33,cube8_cluster0,47,0.9793302523904951,CU,78.44568855893485,-8.550382045687398,-9.675482721274784
2025-09-15,677952,677952,664023,PIT,CHC,1,1,0,0,SL,SL,R,R,S,Called Strike,93.7,93.7,0.01,0.01,0.77,0.77,2587.0,2587.0,206.0,206.0,8,6.3,6.3,-0.96,-0.96,6.23,6.23,cube50_cluster0,37,1.086959941085957,SL,89.4318003898919,-0.37548710296403526,10.18704890209373
2025-09-15,702056,702056,664040,TB,TOR,1,0,0,2,FS,FS,R,R,S,Brandon Lowe strikes out swinging.,83.7,83.7,-0.61,-0.61,0.3,0.3,1408.0,1408.0,224.0,224.0,8,5.8,5.8,-0.56,-0.56,7.26,7.26,cube59_cluster0,234,3.023553218109314,FF,89.27696125383754,10.588468754256617,10.304337269887236
2025-09-15,686973,686973,802415,TB,TOR,8,1,0,2,KC,KC,R,R,S,Chandler Simpson strikes out swinging.,88.5,88.5,0.14,0.14,-0.51,-0.51,2461.0,2461.0,29.0,29.0,2,6.6,6.6,-2.86,-2.86,5.55,5.55,cube25_cluster0,134,1.6062486716699225,SL,84.71727501905048,-6.356816171388189,1.485555081783951
2025-09-15,661395,661395,624424,LAD,PHI,9,1,0,1,SI,SI,R,R,B,Ball,99.6,99.6,-1.2,-1.2,0.03,0.03,1841.0,1841.0,247.0,247.0,9,6.1,6.1,-2.44,-2.44,5.74,5.74,cube67_cluster0,835,1.702623052631724,CH,90.86602419473125,13.606542467363951,8.526706287157376
2025-09-15,683004,683004,670541,HOU,TEX,1,0,3,2,FF,FF,R,R,B,Yordan Alvarez walks. Jeremy Peña to 2nd.,96.2,96.2,-0.73,-0.73,1.52,1.52,2378.0,2378.0,216.0,216.0,8,6.9,6.9,-1.25,-1.25,5.56,5.56,cube61_cluster0,650,1.6325834508679806,FF,93.56609940362357,10.767633610073183,11.615865923476361
2025-09-15,681517,681517,680574,STL,CIN,8,2,3,2,ST,ST,R,R,S,Matt McLain strikes out swinging.,88.7,88.7,1.03,1.03,0.39,0.39,2558.0,2558.0,85.0,85.0,4,7.1,7.1,-2.17,-2.17,5.69,5.69,cube25_cluster0,134,1.3791591310717188,SL,84.71727501905048,-6.356816171388189,1.485555081783951
2025-09-15,676775,676775,545121,AZ,SF,7,2,0,0,FF,FF,R,R,S,Called Strike,96.7,96.7,-0.62,-0.62,1.3,1.3,2337.0,2337.0,223.0,223.0,8,6.3,6.3,-1.48,-1.48,6.14,6.14,cube60_cluster0,1088,1.1198276987921025,FF,92.17053866131751,10.618556738155133,11.426031596706425
2025-09-15,680573,680573,592450,MIN,NYY,1,1,3,1,SL,SL,R,R,B,Aaron Judge walks.,86.6,86.6,0.59,0.59,0.76,0.76,2292.0,2292.0,175.0,175.0,7,6.8,6.8,-1.49,-1.49,6.34,6.34,cube42_cluster0,221,1.3678580532415365,FC,88.14517513894621,-2.9372479967817404,6.184306080936519
2025-09-15,622554,622554,656484,TB,TOR,7,2,0,0,ST,ST,R,R,B,Ball,83.9,83.9,0.98,0.98,0.48,0.48,2489.0,2489.0,73.0,73.0,3,6.4,6.4,-1.97,-1.97,5.51,5.51,cube25_cluster0,134,0.9263719085657175,SL,84.71727501905048,-6.356816171388189,1.485555081783951
2025-09-15,669920,669920,694671,HOU,TEX,1,1,1,2,CH,CH,R,R,S,Wyatt Langford strikes out swinging.,81.0,81.0,-1.7,-1.7,0.03,0.03,1909.0,1909.0,270.0,270.0,10,6.4,6.4,-1.47,-1.47,5.59,5.59,cube66_cluster0,197,1.775643125283831,CH,86.84077917182076,12.525512574763452,6.567520411131463
2025-09-15,663574,663574,676475,STL,CIN,7,2,1,1,SV,SV,R,R,B,Alec Burleson hit by pitch.,85.0,85.0,0.97,0.97,-0.69,-0.69,2176.0,2176.0,32.0,32.0,2,6.1,6.1,-2.41,-2.41,5.26,5.26,cube10_cluster0,173,1.6483562280385164,ST,82.08401130843858,-12.249969959417843,-5.792755621368389
2025-09-15,657756,657756,690987,WSH,ATL,8,0,3,2,CH,CH,R,R,B,Robert Hassell III walks. Riley Adams to 2nd.,82.6,82.6,-1.43,-1.43,-0.24,-0.24,2198.0,2198.0,275.0,275.0,10,6.3,6.3,-3.14,-3.14,5.03,5.03,cube62_cluster3,8,1.5901020063139666,CH,91.8214393403368,16.622861920271486,3.070316846938506
2025-09-15,676263,676263,642215,LAD,PHI,7,1,0,0,SL,SL,L,L,B,Ball,87.7,87.7,-0.09,0.09,0.41,0.41,2283.0,2283.0,180.0,180.0,7,6.7,6.7,1.3,-1.3,5.99,5.99,cube42_cluster0,221,0.9911831878748977,FC,88.14517513894621,-2.9372479967817404,6.184306080936519
2025-09-15,657424,657424,672695,AZ,SF,5,2,2,2,CH,CH,L,L,B,Ball,86.3,86.3,1.18,-1.18,0.48,0.48,1234.0,1234.0,133.0,227.0,9,6.5,6.5,2.55,-2.55,5.99,5.99,cube66_cluster0,197,1.6455032023781715,CH,86.84077917182076,12.525512574763452,6.567520411131463
2025-09-15,621381,621381,669743,LAD,PHI,8,1,2,2,FF,FF,L,L,S,Alex Call strikes out swinging.,93.1,93.1,1.08,-1.08,1.34,1.34,2534.0,2534.0,137.0,223.0,8,6.1,6.1,1.74,-1.74,5.35,5.35,cube61_cluster0,650,1.4466107341561396,FF,93.56609940362357,10.767633610073183,11.615865923476361
2025-09-15,608650,608650,572191,CWS,BAL,7,2,3,2,FF,FF,L,L,S,Michael A. Taylor strikes out swinging.,94.4,94.4,0.66,-0.66,1.52,1.52,2168.0,2168.0,150.0,210.0,8,6.4,6.4,2.04,-2.04,6.3,6.3,cube60_cluster0,1088,1.2845965924458433,FF,92.17053866131751,10.618556738155133,11.426031596706425
2025-09-15,829272,829272,805373,WSH,ATL,7,0,2,1,FF,FF,L,L,X,Nacho Alvarez Jr. singles on a line drive to left fielder James Wood.,91.9,91.9,0.7,-0.7,1.2,1.2,2121.0,2121.0,140.0,220.0,8,6.4,6.4,1.67,-1.67,5.49,5.49,cube60_cluster0,1088,0.8881465567352974,FF,92.17053866131751,10.618556738155133,11.426031596706425
2025-09-15,502085,502085,669743,LAD,PHI,10,1,3,2,KC,KC,R,R,B,Alex Call walks. Freddie Freeman to 2nd.,85.2,85.2,0.59,0.59,-0.99,-0.99,2684.0,2684.0,43.0,43.0,2,6.4,6.4,-2.8,-2.8,5.74,5.74,cube10_cluster0,173,1.3172358894963379,ST,82.08401130843858,-12.249969959417843,-5.792755621368389
2025-09-15,829272,829272,805373,WSH,ATL,7,0,1,1,FF,FF,L,L,B,Ball,92.6,92.6,0.76,-0.76,1.3,1.3,2077.0,2077.0,140.0,220.0,8,6.4,6.4,1.55,-1.55,5.61,5.61,cube60_cluster0,1088,0.8283814974630405,FF,92.17053866131751,10.618556738155133,11.426031596706425
2025-09-15,702056,702056,664040,TB,TOR,1,0,0,1,FS,FS,R,R,S,Swinging Strike,84.5,84.5,-0.63,-0.63,0.36,0.36,1394.0,1394.0,218.0,218.0,8,6.1,6.1,-0.39,-0.39,7.28,7.28,cube59_cluster0,234,3.0636634875843027,FF,89.27696125383754,10.588468754256617,10.304337269887236
2025-09-15,675911,675911,695734,WSH,ATL,2,0,0,2,SL,SL,R,R,B,Ball,84.7,84.7,0.55,0.55,0.11,0.11,2213.0,2213.0,174.0,174.0,7,7.0,7.0,-1.74,-1.74,5.78,5.78,cube33_cluster0,94,1.280050741664922,SL,87.30386197983206,-4.155245122339746,2.874909281221629
2025-09-15,656457,656457,683002,CWS,BAL,1,2,0,0,ST,ST,L,L,S,Called Strike,81.1,81.1,-0.69,0.69,-0.26,-0.26,2554.0,2554.0,300.0,60.0,3,5.6,5.6,4.03,-4.03,4.46,4.46,cube17_cluster1,4,2.4845873363082163,CU,78.95917169292895,-10.024787945860975,-3.9433667010451945
2025-09-15,701487,701487,665862,MIN,NYY,9,1,1,1,FF,FF,R,R,B,Ball,93.0,93.0,-0.78,-0.78,1.47,1.47,2392.0,2392.0,208.0,208.0,8,6.3,6.3,-0.95,-0.95,5.88,5.88,cube60_cluster0,1088,1.4964782627606363,FF,92.17053866131751,10.618556738155133,11.426031596706425
2025-09-15,656222,656222,656305,AZ,SF,9,2,0,0,CH,CH,L,L,B,Ball,86.8,86.8,0.99,-0.99,0.77,0.77,1783.0,1783.0,123.0,237.0,9,6.0,6.0,1.26,-1.26,5.92,5.92,cube59_cluster0,234,0.7572107665493417,FF,89.27696125383754,10.588468754256617,10.304337269887236
2025-09-15,621051,621051,687637,CWS,BAL,6,1,2,2,FC,FC,R,R,S,Foul,91.4,91.4,0.42,0.42,0.94,0.94,2722.0,2722.0,165.0,165.0,7,6.7,6.7,-2.58,-2.58,5.75,5.75,cube43_cluster0,136,1.2210525244815025,FC,88.90138768099045,-2.867416747399959,6.084565347981601
2025-09-15,700669,700669,680574,STL,CIN,9,2,0,1,SL,SL,R,R,S,Swinging Strike (Blocked),88.7,88.7,-0.05,-0.05,-0.22,-0.22,2409.0,2409.0,23.0,23.0,2,6.3,6.3,-1.45,-1.45,6.11,6.11,cube15_cluster0,23,1.052613592082537,CU,82.92103283413093,-3.9398978499082826,-3.816941770346403
2025-09-15,693312,693312,664023,PIT,CHC,7,1,2,2,FF,FF,R,R,S,Foul,98.9,98.9,-0.6,-0.6,1.39,1.39,2413.0,2413.0,210.0,210.0,8,7.1,7.1,-1.02,-1.02,6.07,6.07,cube60_cluster0,1088,2.119382312365965,FF,92.17053866131751,10.618556738155133,11.426031596706425
2025-09-15,671212,671212,680718,TB,TOR,2,0,0,0,FF,FF,R,R,B,Ball,96.4,96.4,-0.19,-0.19,1.01,1.01,2693.0,2693.0,212.0,212.0,8,6.3,6.3,-1.0,-1.0,5.83,5.83,cube51_cluster0,242,1.6298807104964976,FC,90.51269321530226,-0.30860007748352697,10.065859987082858
2025-09-15,608650,608650,572191,CWS,BAL,7,2,3,1,CH,CH,L,L,S,Foul,85.3,85.3,1.03,-1.03,0.98,0.98,1376.0,1376.0,119.0,241.0,9,6.2,6.2,1.82,-1.82,6.27,6.27,cube66_cluster0,197,1.0523490293719984,CH,86.84077917182076,12.525512574763452,6.567520411131463
2025-09-15,688297,688297,682829,STL,CIN,7,0,2,1,FC,FC,R,R,S,Foul Tip,87.8,87.8,0.52,0.52,-0.09,-0.09,2295.0,2295.0,105.0,105.0,5,6.9,6.9,-1.91,-1.91,4.9,4.9,cube25_cluster0,134,1.6606531825832436,SL,84.71727501905048,-6.356816171388189,1.485555081783951
2025-09-15,647336,647336,693304,PIT,CHC,7,0,2,0,FF,FF,R,R,S,Called Strike,95.2,95.2,-0.86,-0.86,1.37,1.37,2671.0,2671.0,225.0,225.0,9,6.5,6.5,-2.8,-2.8,5.52,5.52,cube61_cluster0,650,1.5048087315016856,FF,93.56609940362357,10.767633610073183,11.615865923476361
2025-09-15,687911,687911,669394,HOU,TEX,8,1,0,0,FF,FF,L,L,B,Ball,89.3,89.3,0.54,-0.54,1.19,1.19,2055.0,2055.0,138.0,222.0,8,6.3,6.3,2.84,-2.84,5.7,5.7,cube61_cluster0,650,1.4394457173260848,FF,93.56609940362357,10.767633610073183,11.615865923476361
2025-09-15,687330,687330,664770,TB,TOR,11,2,0,0,SI,SI,R,R,B,Ball,91.0,91.0,-1.42,-1.42,-0.11,-0.11,1951.0,1951.0,251.0,251.0,9,7.0,7.0,-1.56,-1.56,3.85,3.85,cube61_cluster2,4,2.065755486121886,SI,91.72819039904783,16.422670491739225,0.9956202628660393
2025-09-15,686973,686973,802415,TB,TOR,8,1,0,1,CH,CH,R,R,S,Swinging Strike,93.5,93.5,-1.2,-1.2,-0.06,-0.06,1748.0,1748.0,232.0,232.0,9,6.8,6.8,-2.87,-2.87,5.35,5.35,cube62_cluster3,8,1.4592291192432911,CH,91.8214393403368,16.622861920271486,3.070316846938506
2025-09-15,669920,669920,694671,HOU,TEX,1,1,0,2,SI,SI,R,R,B,Ball,92.3,92.3,-1.55,-1.55,0.07,0.07,2093.0,2093.0,247.0,247.0,9,6.6,6.6,-1.55,-1.55,5.49,5.49,cube67_cluster0,835,1.4171885983363892,CH,90.86602419473125,13.606542467363951,8.526706287157376
2025-09-15,502085,502085,669743,LAD,PHI,10,1,2,2,FC,FC,R,R,B,Ball,91.4,91.4,0.46,0.46,1.11,1.11,2845.0,2845.0,181.0,181.0,7,6.6,6.6,-2.75,-2.75,5.82,5.82,cube52_cluster0,159,1.602621124871615,FC,90.76795186341266,-0.1350320156357884,9.625773571373404
2025-09-15,641941,641941,671056,STL,CIN,9,2,1,2,FS,FS,R,R,B,Ball,82.9,82.9,-0.61,-0.61,0.44,0.44,944.0,944.0,240.0,240.0,9,7.2,7.2,-1.84,-1.84,5.41,5.41,cube59_cluster1,5,1.7144522321368079,SL,84.79163597246126,7.451913253012047,2.269996213425129
2025-09-15,686218,686218,669016,LAD,PHI,1,2,2,0,FF,FF,R,R,S,Swinging Strike,94.4,94.4,-0.69,-0.69,1.33,1.33,2421.0,2421.0,209.0,209.0,8,6.5,6.5,-1.26,-1.26,5.35,5.35,cube61_cluster0,650,1.4967793347023555,FF,93.56609940362357,10.767633610073183,11.615865923476361
2025-09-15,683175,683175,571448,STL,CIN,8,1,1,2,ST,ST,R,R,B,Ball,86.4,86.4,1.26,1.26,-0.21,-0.21,2603.0,2603.0,56.0,56.0,3,5.8,5.8,-1.65,-1.65,5.64,5.64,cube16_cluster0,307,1.2690414798912042,ST,82.89780592219195,-9.539303936916792,-1.0521378651219842
2025-09-15,669704,669704,678554,CWS,BAL,6,1,0,0,SI,SI,R,R,B,Ball,95.3,95.3,-0.57,-0.57,1.02,1.02,2334.0,2334.0,200.0,200.0,8,6.4,6.4,-1.07,-1.07,5.9,5.9,cube60_cluster0,1088,1.2109488434433577,FF,92.17053866131751,10.618556738155133,11.426031596706425
2025-09-15,641793,641793,671056,STL,CIN,1,1,0,0,SL,SL,R,R,B,Ball,86.6,86.6,-0.01,-0.01,0.59,0.59,2153.0,2153.0,194.0,194.0,7,5.9,5.9,-0.64,-0.64,6.44,6.44,cube50_cluster0,37,1.180088457445959,SL,89.4318003898919,-0.37548710296403526,10.18704890209373
2025-09-15,669461,669461,669720,STL,CIN,2,0,0,0,FF,FF,L,L,B,Ball,94.5,94.5,0.63,-0.63,1.27,1.27,2141.0,2141.0,150.0,210.0,8,6.3,6.3,0.55,-0.55,6.61,6.61,cube50_cluster0,37,1.7574794940101799,SL,89.4318003898919,-0.37548710296403526,10.18704890209373
2025-09-15,683004,683004,670541,HOU,TEX,1,0,3,1,FF,FF,R,R,S,Foul,97.6,97.6,-0.83,-0.83,1.58,1.58,2396.0,2396.0,219.0,219.0,8,6.8,6.8,-1.27,-1.27,5.57,5.57,cube61_cluster0,650,1.636615159544137,FF,93.56609940362357,10.767633610073183,11.615865923476361
2025-09-15,607455,607455,656941,LAD,PHI,1,1,1,2,SI,SI,L,L,S,Foul,97.2,97.2,0.97,-0.97,1.02,1.02,2205.0,2205.0,142.0,218.0,8,6.3,6.3,2.36,-2.36,5.66,5.66,cube61_cluster0,650,0.7729124568095154,FF,93.56609940362357,10.767633610073183,11.615865923476361
2025-09-15,681911,681911,592206,LAD,PHI,8,1,0,2,FF,FF,L,L,S,Foul,92.8,92.8,0.51,-0.51,1.72,1.72,2537.0,2537.0,167.0,193.0,7,6.3,6.3,0.41,-0.41,5.94,5.94,cube50_cluster0,37,2.1602423496660936,SL,89.4318003898919,-0.37548710296403526,10.18704890209373
2025-09-15,681892,681892,502671,MIN,NYY,7,1,2,2,ST,ST,L,L,B,Ball,81.1,81.1,-1.59,1.59,-0.41,-0.41,2375.0,2375.0,303.0,57.0,3,6.9,6.9,2.53,-2.53,5.56,5.56,cube10_cluster0,173,1.345207884307125,ST,82.08401130843858,-12.249969959417843,-5.792755621368389
2025-09-15,681676,681676,663886,STL,CIN,8,1,2,0,SL,SL,R,R,S,Swinging Strike,86.6,86.6,0.24,0.24,0.32,0.32,2691.0,2691.0,137.0,137.0,6,6.1,6.1,-1.66,-1.66,5.98,5.98,cube32_cluster0,191,0.8885284777212936,SL,86.80283260847423,-3.994445228339661,3.088972714840957
2025-09-15,681517,681517,680574,STL,CIN,8,2,3,2,ST,ST,R,R,S,Foul,86.9,86.9,1.04,1.04,0.24,0.24,2646.0,2646.0,79.0,79.0,4,7.0,7.0,-2.25,-2.25,5.68,5.68,cube25_cluster0,134,1.1774995980102507,SL,84.71727501905048,-6.356816171388189,1.485555081783951
2025-09-15,595345,595345,666969,HOU,TEX,6,1,0,0,FF,FF,L,L,S,Foul,92.5,92.5,0.74,-0.74,1.3,1.3,2078.0,2078.0,139.0,221.0,8,6.0,6.0,3.31,-3.31,6.06,6.06,cube59_cluster2,6,1.6749604320365112,FF,93.07150817165655,13.135553184666456,11.807015565535274
2025-09-15,669276,669276,665953,WSH,ATL,8,2,2,1,FF,FF,L,L,B,Ball,92.7,92.7,0.68,-0.68,1.82,1.82,2389.0,2389.0,156.0,204.0,8,6.4,6.4,1.5,-1.5,6.63,6.63,cube50_cluster0,37,1.9406607941046812,SL,89.4318003898919,-0.37548710296403526,10.18704890209373
2025-09-15,668933,668933,571448,STL,CIN,7,0,1,2,SL,SL,R,R,B,Ball,88.8,88.8,0.88,0.88,-0.23,-0.23,2959.0,2959.0,15.0,15.0,2,5.6,5.6,-0.29,-0.29,6.29,6.29,cube15_cluster1,4,1.8647546199528378,SL,83.959314171123,-4.504801604278075,-1.7933590909090908
2025-09-15,668678,668678,646240,AZ,SF,1,2,0,0,CH,CH,R,R,S,Swinging Strike,86.4,86.4,-1.03,-1.03,0.04,0.04,1581.0,1581.0,230.0,230.0,9,6.5,6.5,-3.17,-3.17,5.84,5.84,cube67_cluster0,835,2.2314806773249836,CH,90.86602419473125,13.606542467363951,8.526706287157376
2025-09-15,595014,595014,592663,LAD,PHI,10,1,2,2,ST,ST,R,R,S,Foul,86.1,86.1,0.94,0.94,-0.18,-0.18,2521.0,2521.0,40.0,40.0,2,5.6,5.6,-2.8,-2.8,6.27,6.27,cube16_cluster0,307,2.016900445484943,ST,82.89780592219195,-9.539303936916792,-1.0521378651219842
2025-09-15,641302,641302,681297,CWS,BAL,6,2,0,2,FF,FF,L,L,B,Ball,93.1,93.1,0.64,-0.64,1.19,1.19,2237.0,2237.0,140.0,220.0,8,6.4,6.4,2.12,-2.12,5.51,5.51,cube61_cluster0,650,0.6038663588838323,FF,93.56609940362357,10.767633610073183,11.615865923476361
2025-09-15,666808,666808,668904,MIN,NYY,7,1,1,0,SI,SI,R,R,S,Foul,96.0,96.0,-0.52,-0.52,0.56,0.56,2556.0,2556.0,205.0,205.0,8,6.4,6.4,-1.68,-1.68,5.26,5.26,cube52_cluster0,159,1.4378886577190528,FC,90.76795186341266,-0.1350320156357884,9.625773571373404
2025-09-15,701519,701519,669224,MIN,NYY,8,1,1,1,FF,FF,R,R,X,"Austin Wells grounds out sharply, shortstop Brooks Lee to first baseman Edouard Julien.",95.2,95.2,-0.53,-0.53,1.38,1.38,2463.0,2463.0,214.0,214.0,8,6.3,6.3,-1.15,-1.15,5.93,5.93,cube60_cluster0,1088,1.4106866261971547,FF,92.17053866131751,10.618556738155133,11.426031596706425
2025-09-15,688497,688497,805811,AZ,SF,7,0,1,1,FF,FF,R,R,X,Bryce Eldridge flies out sharply to center fielder Jorge Barrosa.,88.9,88.9,0.2,0.2,1.28,1.28,2247.0,2247.0,176.0,176.0,7,6.8,6.8,0.01,0.01,6.4,6.4,cube50_cluster0,37,2.3654696040521204,SL,89.4318003898919,-0.37548710296403526,10.18704890209373
2025-09-15,687377,687377,660670,WSH,ATL,9,1,3,1,SL,SL,R,R,X,Ronald Acuña Jr. homers (17) on a fly ball to left field.,88.1,88.1,0.44,0.44,0.45,0.45,2138.0,2138.0,179.0,179.0,7,6.5,6.5,-1.84,-1.84,6.48,6.48,cube41_cluster0,33,1.1933882674652203,FC,87.52410341975036,-2.728102441946197,5.90336268676447
2025-09-15,624133,624133,605141,LAD,PHI,1,1,0,1,FC,FC,L,L,B,Ball,87.2,87.2,-0.1,0.1,0.55,0.55,2128.0,2128.0,153.0,207.0,8,5.9,5.9,2.4,-2.4,5.58,5.58,cube52_cluster0,159,1.4933275409976134,FC,90.76795186341266,-0.1350320156357884,9.625773571373404
2025-09-15,666711,666711,677942,AZ,SF,6,0,1,2,SL,SL,R,R,B,Ball,91.6,91.6,0.48,0.48,-0.05,-0.05,2718.0,2718.0,107.0,107.0,5,5.6,5.6,-1.09,-1.09,5.9,5.9,cube16_cluster1,3,1.2943004121841724,SL,84.62908556149733,-4.066402139037433,-1.9111454545454545
2025-09-15,680755,680755,802415,TB,TOR,10,2,1,0,FC,FC,R,R,X,Chandler Simpson flies out to center fielder Daulton Varsho.,93.2,93.2,0.17,0.17,1.04,1.04,2218.0,2218.0,195.0,195.0,8,5.4,5.4,0.54,0.54,6.63,6.63,cube50_cluster0,37,2.9805854816746473,SL,89.4318003898919,-0.37548710296403526,10.18704890209373
2025-09-15,680732,680732,663624,CWS,BAL,2,1,1,2,KC,KC,R,R,X,"Ryan Mountcastle grounds out, shortstop Colson Montgomery to first baseman Lenyn Sosa.",82.6,82.6,0.36,0.36,-1.23,-1.23,2566.0,2566.0,26.0,26.0,2,7.0,7.0,-2.06,-2.06,6.27,6.27,cube8_cluster1,5,1.5303968299802686,CU,76.99877318439641,-5.367173817726275,-11.507933500365382
2025-09-15,680730,680730,621566,WSH,ATL,1,0,3,2,FF,FF,L,L,X,Matt Olson singles on a ground ball to second baseman Luis García Jr. Jurickson Profar to 2nd.,93.2,93.2,0.77,-0.77,1.28,1.28,2205.0,2205.0,164.0,196.0,8,6.8,6.8,1.1,-1.1,6.49,6.49,cube60_cluster0,1088,1.801217712226751,FF,92.17053866131751,10.618556738155133,11.426031596706425
2025-09-15,664747,664747,671277,WSH,ATL,9,0,0,1,FF,FF,R,R,S,Foul,94.8,94.8,-0.91,-0.91,1.23,1.23,2543.0,2543.0,231.0,231.0,9,7.7,7.7,-2.27,-2.27,4.98,4.98,cube62_cluster0,6,1.7255809916290121,SI,91.86488600736307,15.76720396342299,6.059817485939492
2025-09-15,680573,680573,592450,MIN,NYY,1,1,2,1,FS,FS,R,R,B,Ball,86.1,86.1,-0.46,-0.46,0.44,0.44,841.0,841.0,223.0,223.0,8,6.9,6.9,-1.27,-1.27,6.32,6.32,cube59_cluster1,5,1.3263880748801342,SL,84.79163597246126,7.451913253012047,2.269996213425129
2025-09-15,680694,680694,691019,CWS,BAL,1,0,0,1,FF,FF,R,R,S,Called Strike,94.6,94.6,0.26,0.26,1.18,1.18,2406.0,2406.0,178.0,178.0,7,6.4,6.4,-0.84,-0.84,6.59,6.59,cube50_cluster0,37,1.3858605942693443,SL,89.4318003898919,-0.37548710296403526,10.18704890209373
2025-09-15,664294,664294,663538,PIT,CHC,9,1,1,0,SL,SL,R,R,S,Called Strike,84.6,84.6,-0.15,-0.15,0.16,0.16,1900.0,1900.0,266.0,266.0,10,6.5,6.5,-1.28,-1.28,5.95,5.95,cube66_cluster0,197,1.6242517758060202,CH,86.84077917182076,12.525512574763452,6.567520411131463
2025-09-15,676263,676263,681082,LAD,PHI,7,1,3,2,FF,FF,L,L,X,Bryson Stott singles on a line drive to center fielder Andy Pages. Otto Kemp scores.,92.8,92.8,0.96,-0.96,1.6,1.6,2462.0,2462.0,157.0,203.0,8,6.6,6.6,2.09,-2.09,5.89,5.89,cube61_cluster0,650,1.1814182245648335,FF,93.56609940362357,10.767633610073183,11.615865923476361
2025-09-15,664192,664192,664983,AZ,SF,6,1,2,1,SI,SI,L,L,B,Ball,91.1,91.1,0.84,-0.84,0.89,0.89,2126.0,2126.0,150.0,210.0,8,6.0,6.0,2.23,-2.23,5.99,5.99,cube60_cluster0,1088,0.9897312373529791,FF,92.17053866131751,10.618556738155133,11.426031596706425
2025-09-15,678906,678906,682998,AZ,SF,1,0,2,1,ST,ST,R,R,S,Called Strike,83.9,83.9,0.89,0.89,0.11,0.11,2753.0,2753.0,61.0,61.0,3,6.3,6.3,-2.56,-2.56,5.31,5.31,cube17_cluster0,230,0.661487325112822,ST,83.28054719292679,-11.37879274055619,0.1522002590525712
2025-09-15,607074,607074,807712,MIN,NYY,1,2,0,2,FF,FF,L,L,B,Ball,93.3,93.3,0.86,-0.86,1.5,1.5,2344.0,2344.0,138.0,222.0,8,6.0,6.0,2.18,-2.18,6.43,6.43,cube66_cluster1,5,1.0539719619012358,FF,93.24252622389831,13.00015635891318,12.382567932373675
2025-09-15,664126,664126,665489,TB,TOR,9,1,3,2,FC,FC,R,R,X,"Vladimir Guerrero Jr. grounds out, shortstop Carson Williams to first baseman Yandy Díaz.",92.1,92.1,0.37,0.37,0.3,0.3,2598.0,2598.0,151.0,151.0,6,6.2,6.2,-0.21,-0.21,7.01,7.01,cube31_cluster0,31,2.2914425042522235,SL,85.53907999105853,-4.021504116996385,3.5159534946310442
2025-09-15,592791,592791,668804,PIT,CHC,1,2,0,2,FF,FF,R,R,S,Foul,92.4,92.4,-0.61,-0.61,1.63,1.63,2278.0,2278.0,205.0,205.0,8,6.7,6.7,-1.14,-1.14,6.23,6.23,cube60_cluster0,1088,1.664924464496147,FF,92.17053866131751,10.618556738155133,11.426031596706425
2025-09-15,663455,663455,595777,WSH,ATL,8,2,0,0,FF,FF,L,L,X,Jurickson Profar flies out to center fielder Robert Hassell III.,92.7,92.7,0.92,-0.92,1.18,1.18,2277.0,2277.0,131.0,229.0,9,6.6,6.6,2.54,-2.54,5.83,5.83,cube61_cluster0,650,0.7913958415686079,FF,93.56609940362357,10.767633610073183,11.615865923476361
2025-09-15,664076,664076,676914,TB,TOR,7,1,1,2,FF,FF,L,L,S,Foul,97.2,97.2,0.71,-0.71,1.35,1.35,2368.0,2368.0,138.0,222.0,8,6.1,6.1,1.05,-1.05,5.39,5.39,cube60_cluster0,1088,1.7736912540297964,FF,92.17053866131751,10.618556738155133,11.426031596706425
2025-09-15,641329,641329,665926,TB,TOR,8,1,2,2,CH,CH,R,R,X,Andrés Giménez out on a sacrifice fly to left fielder Chandler Simpson. Ernie Clement scores.,87.0,87.0,-1.2,-1.2,0.54,0.54,1895.0,1895.0,230.0,230.0,9,6.3,6.3,-0.93,-0.93,6.52,6.52,cube59_cluster0,234,1.2152805651060639,FF,89.27696125383754,10.588468754256617,10.304337269887236
2025-09-15,678024,678024,641933,CWS,BAL,7,1,0,0,SI,SI,R,R,B,Ball,95.4,95.4,-1.28,-1.28,0.49,0.49,2137.0,2137.0,222.0,222.0,8,6.5,6.5,-1.53,-1.53,5.87,5.87,cube60_cluster0,1088,0.9849737315553514,FF,92.17053866131751,10.618556738155133,11.426031596706425
2025-09-15,663893,663893,666139,TB,TOR,6,2,0,0,FC,FC,L,L,S,Called Strike,93.4,93.4,0.09,-0.09,0.32,0.32,2333.0,2333.0,108.0,252.0,9,5.7,5.7,2.22,-2.22,6.21,6.21,cube59_cluster2,6,1.627918221872437,FF,93.07150817165655,13.135553184666456,11.807015565535274
2025-09-15,596133,596133,640902,MIN,NYY,7,0,0,1,FF,FF,R,R,X,"Jhonny Pereda out on a sacrifice bunt, pitcher Luke Weaver to second baseman Jazz Chisholm Jr. Brooks Lee to 3rd.",96.8,96.8,-0.6,-0.6,1.69,1.69,2401.0,2401.0,203.0,203.0,8,6.1,6.1,-1.58,-1.58,5.66,5.66,cube60_cluster0,1088,1.5654887946466378,FF,92.17053866131751,10.618556738155133,11.426031596706425
2025-09-15,663574,663574,676475,STL,CIN,7,2,1,0,SV,SV,R,R,S,Called Strike,85.4,85.4,1.04,1.04,-0.58,-0.58,2177.0,2177.0,40.0,40.0,2,5.9,5.9,-2.56,-2.56,5.29,5.29,cube17_cluster1,4,1.7335643748815353,CU,78.95917169292895,-10.024787945860975,-3.9433667010451945
2025-09-15,689147,689147,660271,LAD,PHI,7,1,3,2,FF,FF,R,R,S,Shohei Ohtani called out on strikes.,97.5,97.5,-0.89,-0.89,1.22,1.22,2351.0,2351.0,227.0,227.0,9,6.5,6.5,-1.15,-1.15,5.82,5.82,cube60_cluster0,1088,1.2513058182525658,FF,92.17053866131751,10.618556738155133,11.426031596706425
2025-09-15,687863,687863,669261,PIT,CHC,9,1,3,0,SL,SL,R,R,B,Jack Suwinski walks. Nick Gonzales to 2nd.,87.6,87.6,0.93,0.93,0.25,0.25,2608.0,2608.0,59.0,59.0,3,7.1,7.1,-2.57,-2.57,5.64,5.64,cube25_cluster0,134,1.3638551823322709,SL,84.71727501905048,-6.356816171388189,1.485555081783951
2025-09-15,661395,661395,624424,LAD,PHI,9,1,0,0,SI,SI,R,R,S,Foul,99.5,99.5,-1.16,-1.16,-0.05,-0.05,1885.0,1885.0,241.0,241.0,9,6.2,6.2,-2.49,-2.49,5.75,5.75,cube67_cluster0,835,1.7263611683857776,CH,90.86602419473125,13.606542467363951,8.526706287157376
2025-09-15,657756,657756,690987,WSH,ATL,8,0,3,2,FF,FF,R,R,S,Foul,93.5,93.5,-1.27,-1.27,1.28,1.28,2221.0,2221.0,229.0,229.0,9,6.3,6.3,-3.04,-3.04,5.35,5.35,cube68_cluster0,637,1.4182224480955645,FF,92.88295797031044,13.980317543503329,9.180920892722085
2025-09-15,677952,677952,663538,PIT,CHC,1,1,3,0,FF,FF,R,R,B,Nico Hoerner walks.,97.8,97.8,-0.81,-0.81,1.33,1.33,2386.0,2386.0,218.0,218.0,8,6.6,6.6,-0.64,-0.64,6.39,6.39,cube50_cluster0,37,2.0721221587969603,SL,89.4318003898919,-0.37548710296403526,10.18704890209373
2025-09-15,676775,676775,677942,AZ,SF,7,1,1,2,FS,FS,R,R,S,Blaze Alexander strikes out swinging.,90.4,90.4,-0.89,-0.89,-0.23,-0.23,1498.0,1498.0,243.0,243.0,9,6.2,6.2,-1.45,-1.45,6.06,6.06,cube66_cluster0,197,1.262250514281588,CH,86.84077917182076,12.525512574763452,6.567520411131463
2025-09-15,676742,676742,664023,PIT,CHC,5,1,1,1,FF,FF,R,R,B,Ball,95.7,95.7,-0.39,-0.39,1.39,1.39,2569.0,2569.0,212.0,212.0,8,6.1,6.1,-3.1,-3.1,6.17,6.17,cube66_cluster1,5,1.8202595471738854,FF,93.24252622389831,13.00015635891318,12.382567932373675
2025-09-15,657612,657612,686797,MIN,NYY,8,2,0,2,FF,FF,L,L,S,Foul,89.5,89.5,1.85,-1.85,0.44,0.44,2165.0,2165.0,81.0,279.0,10,6.6,6.6,3.5,-3.5,3.25,3.25,cube62_cluster2,5,2.874477925597917,SI,92.38546141014736,16.54853639339138,0.6145325739291951
2025-09-15,657424,657424,672695,AZ,SF,5,2,2,2,FF,FF,L,L,S,Foul,92.2,92.2,-0.15,0.15,1.24,1.24,2261.0,2261.0,172.0,188.0,7,6.3,6.3,2.18,-2.18,6.23,6.23,cube51_cluster0,242,1.0698695755486343,FC,90.51269321530226,-0.30860007748352697,10.065859987082858
2025-09-15,656945,656945,642215,LAD,PHI,9,1,0,2,FF,FF,L,L,S,Weston Wilson called out on strikes.,97.7,97.7,0.5,-0.5,1.33,1.33,2599.0,2599.0,148.0,212.0,8,6.2,6.2,2.29,-2.29,5.22,5.22,cube61_cluster0,650,1.589796650746404,FF,93.56609940362357,10.767633610073183,11.615865923476361
2025-09-15,656546,656546,666139,TB,TOR,9,1,2,2,SL,SL,R,R,S,Josh Lowe strikes out swinging.,86.5,86.5,0.13,0.13,0.35,0.35,2508.0,2508.0,144.0,144.0,6,6.5,6.5,-2.11,-2.11,5.9,5.9,cube33_cluster0,94,0.6046216717356835,SL,87.30386197983206,-4.155245122339746,2.874909281221629
2025-09-15,621381,621381,669743,LAD,PHI,8,1,2,1,FC,FC,L,L,S,Foul,86.2,86.2,-0.03,0.03,1.01,1.01,2588.0,2588.0,165.0,195.0,8,6.1,6.1,1.87,-1.87,5.31,5.31,cube52_cluster0,159,1.353312755207978,FC,90.76795186341266,-0.1350320156357884,9.625773571373404
2025-09-15,650556,650556,641680,HOU,TEX,9,2,3,0,FF,FF,R,R,B,Jonah Heim walks.,95.5,95.5,-0.44,-0.44,1.38,1.38,2210.0,2210.0,219.0,219.0,8,6.7,6.7,-2.57,-2.57,5.61,5.61,cube61_cluster0,650,1.0741067585997637,FF,93.56609940362357,10.767633610073183,11.615865923476361
2025-09-15,643377,643377,676391,TB,TOR,10,2,0,2,ST,ST,R,R,S,"Ernie Clement strikes out swinging, catcher Nick Fortes to first baseman Yandy Díaz.",89.8,89.8,0.85,0.85,-0.31,-0.31,3129.0,3129.0,34.0,34.0,2,6.4,6.4,-0.59,-0.59,5.33,5.33,cube16_cluster1,3,2.238063346923868,SL,84.62908556149733,-4.066402139037433,-1.9111454545454545
2025-09-15,622554,622554,663743,TB,TOR,7,1,2,2,ST,ST,R,R,S,Nick Fortes strikes out swinging.,85.6,85.6,0.85,0.85,0.61,0.61,2628.0,2628.0,77.0,77.0,4,6.3,6.3,-1.94,-1.94,5.47,5.47,cube25_cluster0,134,1.0964787313675708,SL,84.71727501905048,-6.356816171388189,1.485555081783951
2025-09-15,621381,621381,669743,LAD,PHI,8,1,1,1,SL,SL,L,L,B,Ball,80.7,80.7,-0.62,0.62,0.14,0.14,2675.0,2675.0,272.0,88.0,4,5.9,5.9,1.72,-1.72,5.56,5.56,cube16_cluster0,307,1.1408159452166606,ST,82.89780592219195,-9.539303936916792,-1.0521378651219842
2025-09-15,656546,656546,666139,TB,TOR,9,1,2,2,FF,FF,R,R,S,Foul,93.4,93.4,-0.97,-0.97,1.45,1.45,2463.0,2463.0,226.0,226.0,9,6.4,6.4,-2.27,-2.27,5.8,5.8,cube61_cluster0,650,0.9984327309129313,FF,93.56609940362357,10.767633610073183,11.615865923476361
2025-09-15,702056,702056,664040,TB,TOR,1,0,0,0,FS,FS,R,R,S,Swinging Strike,84.1,84.1,-0.72,-0.72,0.55,0.55,1514.0,1514.0,217.0,217.0,8,6.0,6.0,-0.44,-0.44,7.23,7.23,cube59_cluster0,234,2.800636113441023,FF,89.27696125383754,10.588468754256617,10.304337269887236
2025-09-15,675911,675911,695734,WSH,ATL,2,0,0,1,FF,FF,R,R,S,Foul,96.0,96.0,-0.66,-0.66,1.47,1.47,2396.0,2396.0,211.0,211.0,8,7.0,7.0,-1.72,-1.72,5.94,5.94,cube61_cluster0,650,1.439591921599096,FF,93.56609940362357,10.767633610073183,11.615865923476361
2025-09-15,701519,701519,669224,MIN,NYY,8,1,1,0,CH,CH,R,R,S,Foul,88.0,88.0,-1.26,-1.26,0.24,0.24,1862.0,1862.0,232.0,232.0,9,6.1,6.1,-1.29,-1.29,5.7,5.7,cube66_cluster0,197,1.1439300451626833,CH,86.84077917182076,12.525512574763452,6.567520411131463
2025-09-15,701487,701487,665862,MIN,NYY,9,1,1,0,FF,FF,R,R,S,Called Strike,93.5,93.5,-0.54,-0.54,1.68,1.68,2367.0,2367.0,206.0,206.0,8,6.3,6.3,-0.97,-0.97,5.88,5.88,cube60_cluster0,1088,1.6846322747347258,FF,92.17053866131751,10.618556738155133,11.426031596706425
2025-09-15,700669,700669,680574,STL,CIN,9,2,0,0,CU,CU,R,R,S,Called Strike,83.3,83.3,-0.09,-0.09,-1.22,-1.22,2566.0,2566.0,15.0,15.0,2,6.1,6.1,-1.42,-1.42,6.29,6.29,cube1_cluster1,12,1.3260446163290962,SL,75.6473201147479,-7.778794447221829,-14.516224951759256
2025-09-15,621051,621051,687637,CWS,BAL,6,1,2,1,FF,FF,R,R,S,Foul,95.5,95.5,-0.43,-0.43,1.52,1.52,2549.0,2549.0,208.0,208.0,8,6.8,6.8,-2.3,-2.3,5.86,5.86,cube61_cluster0,650,1.3794204534270016,FF,93.56609940362357,10.767633610073183,11.615865923476361
2025-09-15,650556,650556,641680,HOU,TEX,9,2,2,0,SL,SL,R,R,B,Ball,82.9,82.9,0.76,0.76,-0.9,-0.9,2881.0,2881.0,45.0,45.0,3,6.1,6.1,-2.45,-2.45,6.06,6.06,cube3_cluster0,7,0.8078309576135174,CU,81.18692210282288,-11.451773936938942,-10.945698317474191
2025-09-15,693312,693312,664023,PIT,CHC,7,1,2,2,SL,SL,R,R,S,Foul,90.4,90.4,0.32,0.32,0.02,0.02,2601.0,2601.0,138.0,138.0,6,7.1,7.1,-1.37,-1.37,5.91,5.91,cube32_cluster0,191,1.5057592392283248,SL,86.80283260847423,-3.994445228339661,3.088972714840957
2025-09-15,596133,596133,640902,MIN,NYY,7,0,0,0,FF,FF,R,R,S,Missed Bunt,97.1,97.1,-0.58,-0.58,1.7,1.7,2479.0,2479.0,206.0,206.0,8,6.1,6.1,-1.47,-1.47,5.63,5.63,cube60_cluster0,1088,1.7117687612817702,FF,92.17053866131751,10.618556738155133,11.426031596706425
2025-09-15,689147,689147,660271,LAD,PHI,7,1,2,2,FF,FF,R,R,B,Ball,98.0,98.0,-0.93,-0.93,1.04,1.04,2338.0,2338.0,233.0,233.0,9,6.2,6.2,-1.43,-1.43,5.77,5.77,cube60_cluster0,1088,1.0360002399142991,FF,92.17053866131751,10.618556738155133,11.426031596706425
2025-09-15,688497,688497,805811,AZ,SF,7,0,0,1,FF,FF,R,R,B,Ball,88.8,88.8,0.14,0.14,1.18,1.18,2193.0,2193.0,181.0,181.0,7,6.6,6.6,-0.19,-0.19,6.42,6.42,cube50_cluster0,37,1.9174792164571943,SL,89.4318003898919,-0.37548710296403526,10.18704890209373
2025-09-15,688297,688297,682829,STL,CIN,7,0,1,1,SI,SI,R,R,B,Ball,96.6,96.6,-1.64,-1.64,0.24,0.24,2035.0,2035.0,259.0,259.0,10,6.9,6.9,-1.7,-1.7,4.82,4.82,cube61_cluster2,4,1.6368538915575561,SI,91.72819039904783,16.422670491739225,0.9956202628660393
2025-09-15,687863,687863,669261,PIT,CHC,9,1,2,0,SL,SL,R,R,B,Ball,87.4,87.4,0.45,0.45,0.7,0.7,2602.0,2602.0,86.0,86.0,4,7.2,7.2,-2.67,-2.67,5.69,5.69,cube33_cluster1,4,1.1691898571335122,CU,87.03806300600712,-4.169347463186675,3.7905776736134102
2025-09-15,687377,687377,660670,WSH,ATL,9,1,3,0,FF,FF,R,R,S,Swinging Strike,97.6,97.6,-0.6,-0.6,1.42,1.42,2617.0,2617.0,211.0,211.0,8,6.5,6.5,-1.75,-1.75,6.49,6.49,cube60_cluster0,1088,1.9135532695715116,FF,92.17053866131751,10.618556738155133,11.426031596706425
2025-09-15,647336,647336,693304,PIT,CHC,7,0,1,0,SV,SV,R,R,B,Ball In Dirt,83.6,83.6,0.83,0.83,-0.76,-0.76,2997.0,2997.0,53.0,53.0,3,6.3,6.3,-2.64,-2.64,5.7,5.7,cube3_cluster0,7,1.0517912446238968,CU,81.18692210282288,-11.451773936938942,-10.945698317474191
2025-09-15,686973,686973,802415,TB,TOR,8,1,0,0,FF,FF,R,R,S,Foul,98.3,98.3,-0.71,-0.71,1.34,1.34,2335.0,2335.0,216.0,216.0,8,6.8,6.8,-3.04,-3.04,5.39,5.39,cube62_cluster1,11,1.0271949214048632,FF,95.54242544913883,5.728019039608564,15.221051570629365
2025-09-15,669920,669920,694671,HOU,TEX,1,1,0,1,SI,SI,R,R,S,Called Strike,92.2,92.2,-1.49,-1.49,0.19,0.19,2164.0,2164.0,244.0,244.0,9,6.4,6.4,-1.5,-1.5,5.53,5.53,cube67_cluster0,835,1.2803973151199939,CH,90.86602419473125,13.606542467363951,8.526706287157376
2025-09-15,643377,643377,676391,TB,TOR,10,2,0,1,ST,ST,R,R,S,Swinging Strike (Blocked),88.0,88.0,1.02,1.02,-0.2,-0.2,3046.0,3046.0,36.0,36.0,2,6.3,6.3,-0.45,-0.45,5.45,5.45,cube16_cluster1,3,1.9809070284415127,SL,84.62908556149733,-4.066402139037433,-1.9111454545454545
2025-09-15,608650,608650,572191,CWS,BAL,7,2,3,0,FF,FF,L,L,S,Called Strike,94.4,94.4,0.56,-0.56,1.33,1.33,2028.0,2028.0,151.0,209.0,8,6.2,6.2,1.92,-1.92,6.34,6.34,cube60_cluster0,1088,1.25427974693947,FF,92.17053866131751,10.618556738155133,11.426031596706425
2025-09-15,686218,686218,669016,LAD,PHI,1,2,1,0,FF,FF,R,R,B,Ball,93.1,93.1,-0.79,-0.79,1.38,1.38,2321.0,2321.0,210.0,210.0,8,6.5,6.5,-1.27,-1.27,5.34,5.34,cube61_cluster0,650,1.4626230991090845,FF,93.56609940362357,10.767633610073183,11.615865923476361
2025-09-15,641941,641941,671056,STL,CIN,9,2,1,1,FS,FS,R,R,S,Foul,82.9,82.9,-0.76,-0.76,0.36,0.36,920.0,920.0,238.0,238.0,9,7.1,7.1,-1.94,-1.94,5.48,5.48,cube59_cluster1,5,1.6486007100497322,SL,84.79163597246126,7.451913253012047,2.269996213425129
2025-09-15,683175,683175,571448,STL,CIN,8,1,1,1,FF,FF,R,R,S,Called Strike,98.9,98.9,-0.7,-0.7,1.28,1.28,2344.0,2344.0,222.0,222.0,8,6.2,6.2,-1.55,-1.55,5.77,5.77,cube60_cluster0,1088,1.1541015915023447,FF,92.17053866131751,10.618556738155133,11.426031596706425
2025-09-15,607455,607455,656941,LAD,PHI,1,1,1,1,SI,SI,L,L,S,Swinging Strike,96.4,96.4,1.08,-1.08,0.92,0.92,2230.0,2230.0,140.0,220.0,8,6.3,6.3,2.67,-2.67,5.57,5.57,cube68_cluster0,637,0.9415025299560559,FF,92.88295797031044,13.980317543503329,9.180920892722085
2025-09-15,683004,683004,670541,HOU,TEX,1,0,2,1,FF,FF,R,R,B,Ball,97.3,97.3,-0.65,-0.65,1.6,1.6,2427.0,2427.0,218.0,218.0,8,6.9,6.9,-1.32,-1.32,5.56,5.56,cube61_cluster0,650,1.6889748949074512,FF,93.56609940362357,10.767633610073183,11.615865923476361
2025-09-15,681911,681911,592206,LAD,PHI,8,1,0,1,FF,FF,L,L,S,Swinging Strike,92.7,92.7,0.39,-0.39,1.78,1.78,2631.0,2631.0,167.0,193.0,7,6.4,6.4,0.18,-0.18,5.97,5.97,cube50_cluster0,37,2.4578690259592344,SL,89.4318003898919,-0.37548710296403526,10.18704890209373
2025-09-15,681892,681892,502671,MIN,NYY,7,1,2,2,FC,FC,L,L,S,Foul,93.9,93.9,-0.05,0.05,0.97,0.97,2233.0,2233.0,157.0,203.0,8,7.0,7.0,2.15,-2.15,5.82,5.82,cube52_cluster0,159,1.093118215805861,FC,90.76795186341266,-0.1350320156357884,9.625773571373404
2025-09-15,607074,607074,807712,MIN,NYY,1,2,0,1,FF,FF,L,L,S,Called Strike,92.9,92.9,1.02,-1.02,1.58,1.58,2316.0,2316.0,142.0,218.0,8,6.1,6.1,2.15,-2.15,6.42,6.42,cube66_cluster1,5,1.2160236647986138,FF,93.24252622389831,13.00015635891318,12.382567932373675
2025-09-15,681676,681676,663886,STL,CIN,8,1,1,0,FF,FF,R,R,B,Ball,94.8,94.8,-0.74,-0.74,1.55,1.55,2340.0,2340.0,201.0,201.0,8,6.5,6.5,-1.58,-1.58,5.84,5.84,cube60_cluster0,1088,1.1210611608529901,FF,92.17053866131751,10.618556738155133,11.426031596706425
2025-09-15,681517,681517,680574,STL,CIN,8,2,3,2,SI,SI,R,R,S,Foul,95.7,95.7,-1.16,-1.16,1.11,1.11,2300.0,2300.0,208.0,208.0,8,7.3,7.3,-1.98,-1.98,5.72,5.72,cube61_cluster0,650,1.4235529932748874,FF,93.56609940362357,10.767633610073183,11.615865923476361
2025-09-15,669276,669276,665953,WSH,ATL,8,2,1,1,CH,CH,L,L,B,Ball,84.9,84.9,1.26,-1.26,1.16,1.16,1822.0,1822.0,137.0,223.0,8,6.3,6.3,1.65,-1.65,6.47,6.47,cube59_cluster0,234,1.1797731905254416,FF,89.27696125383754,10.588468754256617,10.304337269887236
2025-09-15,502085,502085,669743,LAD,PHI,10,1,2,1,KC,KC,R,R,S,Foul,85.2,85.2,0.29,0.29,-0.89,-0.89,2649.0,2649.0,44.0,44.0,2,6.5,6.5,-2.71,-2.71,5.84,5.84,cube10_cluster0,173,1.3922009048067008,ST,82.08401130843858,-12.249969959417843,-5.792755621368389
2025-09-15,680755,680755,802415,TB,TOR,10,2,0,0,FF,FF,R,R,B,Ball,95.6,95.6,-0.46,-0.46,1.51,1.51,2253.0,2253.0,201.0,201.0,8,5.5,5.5,0.67,0.67,6.68,6.68,cube50_cluster0,37,3.3179088477226726,SL,89.4318003898919,-0.37548710296403526,10.18704890209373
2025-09-15,668933,668933,571448,STL,CIN,7,0,0,2,SL,SL,R,R,B,Ball,88.8,88.8,0.73,0.73,-0.22,-0.22,2994.0,2994.0,38.0,38.0,2,5.7,5.7,-0.51,-0.51,6.28,6.28,cube15_cluster1,4,1.6035372207747778,SL,83.959314171123,-4.504801604278075,-1.7933590909090908
2025-09-15,680732,680732,663624,CWS,BAL,2,1,0,2,FF,FF,R,R,B,Ball,96.2,96.2,-0.45,-0.45,1.59,1.59,2582.0,2582.0,199.0,199.0,8,7.1,7.1,-1.96,-1.96,6.41,6.41,cube62_cluster1,11,2.1992801019670454,FF,95.54242544913883,5.728019039608564,15.221051570629365
2025-09-15,680730,680730,621566,WSH,ATL,1,0,2,2,FF,FF,L,L,B,Ball,92.7,92.7,0.54,-0.54,1.4,1.4,2121.0,2121.0,165.0,195.0,8,6.7,6.7,1.13,-1.13,6.55,6.55,cube50_cluster0,37,1.7210566818071877,SL,89.4318003898919,-0.37548710296403526,10.18704890209373
2025-09-15,641329,641329,665926,TB,TOR,8,1,2,2,FF,FF,R,R,S,Foul,98.8,98.8,-0.3,-0.3,1.29,1.29,2294.0,2294.0,201.0,201.0,8,6.3,6.3,-0.52,-0.52,6.65,6.65,cube50_cluster0,37,1.8910848705185919,SL,89.4318003898919,-0.37548710296403526,10.18704890209373
2025-09-15,641302,641302,681297,CWS,BAL,6,2,0,1,SI,SI,L,L,S,Foul,92.0,92.0,1.31,-1.31,0.95,0.95,2286.0,2286.0,132.0,228.0,9,6.2,6.2,2.28,-2.28,5.28,5.28,cube68_cluster0,637,0.9379656289032104,FF,92.88295797031044,13.980317543503329,9.180920892722085
2025-09-15,595014,595014,592663,LAD,PHI,10,1,2,1,SI,SI,R,R,S,Foul,96.1,96.1,-1.48,-1.48,0.54,0.54,2443.0,2443.0,230.0,230.0,9,5.5,5.5,-2.75,-2.75,6.32,6.32,cube59_cluster2,6,1.1660038280051233,FF,93.07150817165655,13.135553184666456,11.807015565535274
2025-09-15,680694,680694,691019,CWS,BAL,1,0,0,0,CU,CU,R,R,S,Foul,84.3,84.3,0.45,0.45,-1.2,-1.2,2613.0,2613.0,27.0,27.0,2,6.3,6.3,-0.96,-0.96,6.57,6.57,cube1_cluster0,11,1.071779434094105,CU,80.41940225841523,-7.8151704354474925,-14.345667881001397
2025-09-15,666711,666711,677942,AZ,SF,6,0,0,2,SL,SL,R,R,B,Ball In Dirt,91.4,91.4,0.57,0.57,-0.1,-0.1,2677.0,2677.0,103.0,103.0,4,5.7,5.7,-1.05,-1.05,5.96,5.96,cube16_cluster1,3,1.1351795203602544,SL,84.62908556149733,-4.066402139037433,-1.9111454545454545
2025-09-15,687911,687911,543309,HOU,TEX,8,0,0,0,FF,FF,L,L,X,"Kyle Higashioka grounds out, third baseman Carlos Correa to first baseman Christian Walker.",88.9,88.9,0.42,-0.42,1.06,1.06,2051.0,2051.0,142.0,218.0,8,6.5,6.5,2.89,-2.89,5.73,5.73,cube61_cluster0,650,1.4495479635353836,FF,93.56609940362357,10.767633610073183,11.615865923476361
2025-09-15,687330,687330,543807,TB,TOR,11,2,0,2,ST,ST,R,R,X,George Springer singles on a line drive to left fielder Chandler Simpson. Ernie Clement scores.,79.6,79.6,1.67,1.67,0.44,0.44,2707.0,2707.0,78.0,78.0,4,7.4,7.4,-1.66,-1.66,4.02,4.02,cube25_cluster1,4,2.091137910311673,FF,78.89004309074315,-12.702593975988597,7.095865701453683
2025-09-15,592791,592791,668804,PIT,CHC,1,2,0,1,CH,CH,R,R,S,Swinging Strike,84.6,84.6,-1.45,-1.45,0.72,0.72,1936.0,1936.0,233.0,233.0,9,6.5,6.5,-1.28,-1.28,6.26,6.26,cube59_cluster0,234,1.168420301438509,FF,89.27696125383754,10.588468754256617,10.304337269887236
2025-09-15,664747,664747,671277,WSH,ATL,9,0,0,0,FF,FF,R,R,S,Foul,93.8,93.8,-1.05,-1.05,1.24,1.24,2661.0,2661.0,226.0,226.0,9,7.7,7.7,-2.42,-2.42,4.98,4.98,cube62_cluster0,6,1.794164003355367,SI,91.86488600736307,15.76720396342299,6.059817485939492
2025-09-15,680573,680573,592450,MIN,NYY,1,1,2,0,SL,SL,R,R,S,Called Strike,84.9,84.9,0.84,0.84,0.4,0.4,2247.0,2247.0,164.0,164.0,6,6.7,6.7,-1.45,-1.45,6.31,6.31,cube31_cluster0,31,1.1951721627424445,SL,85.53907999105853,-4.021504116996385,3.5159534946310442
2025-09-15,664294,664294,663538,PIT,CHC,9,1,0,0,FF,FF,R,R,B,Ball,95.1,95.1,-0.92,-0.92,1.2,1.2,2268.0,2268.0,212.0,212.0,8,6.5,6.5,-0.71,-0.71,6.09,6.09,cube59_cluster0,234,1.6325456204207422,FF,89.27696125383754,10.588468754256617,10.304337269887236
2025-09-15,664192,664192,664983,AZ,SF,6,1,1,1,SI,SI,L,L,B,Ball,91.0,91.0,1.32,-1.32,0.94,0.94,2210.0,2210.0,150.0,210.0,8,6.0,6.0,2.32,-2.32,5.96,5.96,cube66_cluster1,5,0.9871029643902882,FF,93.24252622389831,13.00015635891318,12.382567932373675
2025-09-15,671212,671212,665489,TB,TOR,1,1,0,2,SL,SL,R,R,X,"Vladimir Guerrero Jr. grounds into a double play, second baseman Brandon Lowe to shortstop Carson Williams to first baseman Yandy Díaz. Nathan Lukes out at 2nd. Vladimir Guerrero Jr. out at 1st.",89.6,89.6,0.45,0.45,-0.04,-0.04,2565.0,2565.0,112.0,112.0,5,6.5,6.5,-0.88,-0.88,5.86,5.86,cube16_cluster1,3,1.2214809796648123,SL,84.62908556149733,-4.066402139037433,-1.9111454545454545
2025-09-15,669461,669461,609280,STL,CIN,1,2,0,0,CU,CU,L,L,X,"Miguel Andujar grounds out, third baseman Nolan Arenado to first baseman Willson Contreras.",78.0,78.0,-0.72,0.72,-1.48,-1.48,2993.0,2993.0,335.0,25.0,2,6.4,6.4,0.54,-0.54,6.68,6.68,cube1_cluster0,11,1.3620979201920171,CU,80.41940225841523,-7.8151704354474925,-14.345667881001397
2025-09-15,678906,678906,682998,AZ,SF,1,0,1,1,ST,ST,R,R,B,Ball In Dirt,79.4,79.4,0.78,0.78,0.36,0.36,2568.0,2568.0,59.0,59.0,3,6.3,6.3,-2.45,-2.45,5.28,5.28,cube17_cluster0,230,0.8757904002458807,ST,83.28054719292679,-11.37879274055619,0.1522002590525712
2025-09-15,663893,663893,691406,TB,TOR,6,1,2,1,FC,FC,L,L,X,"Junior Caminero grounds out, catcher Tyler Heineman to first baseman Vladimir Guerrero Jr. Yandy Díaz to 2nd.",92.6,92.6,0.22,-0.22,0.38,0.38,2200.0,2200.0,111.0,249.0,9,5.5,5.5,2.14,-2.14,6.22,6.22,cube59_cluster2,6,1.4860028958441507,FF,93.07150817165655,13.135553184666456,11.807015565535274
2025-09-15,663455,663455,805373,WSH,ATL,8,1,2,2,FF,FF,L,L,X,Nacho Alvarez Jr. flies out to center fielder Robert Hassell III.,92.4,92.4,0.91,-0.91,1.16,1.16,2331.0,2331.0,136.0,224.0,8,6.7,6.7,2.57,-2.57,5.78,5.78,cube61_cluster0,650,0.8085219951017719,FF,93.56609940362357,10.767633610073183,11.615865923476361
2025-09-15,664126,664126,665489,TB,TOR,9,1,2,2,SL,SL,R,R,B,Ball,83.6,83.6,0.88,0.88,-0.72,-0.72,2643.0,2643.0,33.0,33.0,2,5.8,5.8,0.31,0.31,7.19,7.19,cube1_cluster0,11,2.658847881335103,CU,80.41940225841523,-7.8151704354474925,-14.345667881001397
2025-09-15,661395,661395,681624,LAD,PHI,9,1,0,2,KC,KC,R,R,X,Andy Pages homers (25) on a fly ball to left field.,88.9,88.9,0.52,0.52,-0.88,-0.88,2665.0,2665.0,43.0,43.0,2,6.1,6.1,-2.45,-2.45,5.76,5.76,cube10_cluster0,173,1.4143172770935457,ST,82.08401130843858,-12.249969959417843,-5.792755621368389
2025-09-15,656222,656222,646240,AZ,SF,9,1,1,1,FF,FF,L,L,X,"Rafael Devers grounds out, shortstop Geraldo Perdomo to first baseman Ildemaro Vargas.",94.3,94.3,0.64,-0.64,1.24,1.24,2122.0,2122.0,143.0,217.0,8,6.4,6.4,1.19,-1.19,5.78,5.78,cube60_cluster0,1088,1.0037569577906382,FF,92.17053866131751,10.618556738155133,11.426031596706425
2025-09-15,664076,664076,676914,TB,TOR,7,1,0,2,FF,FF,L,L,B,Ball,97.7,97.7,0.53,-0.53,1.38,1.38,2423.0,2423.0,143.0,217.0,8,6.0,6.0,1.12,-1.12,5.44,5.44,cube60_cluster0,1088,1.845489619867212,FF,92.17053866131751,10.618556738155133,11.426031596706425
2025-09-15,641793,641793,680977,STL,CIN,1,0,3,2,SI,SI,R,R,X,Brendan Donovan flies out to center fielder TJ Friedl.,92.7,92.7,-1.16,-1.16,1.03,1.03,2039.0,2039.0,216.0,216.0,8,6.2,6.2,-0.78,-0.78,6.01,6.01,cube59_cluster0,234,1.0726687301405171,FF,89.27696125383754,10.588468754256617,10.304337269887236
2025-09-15,663574,663574,676475,STL,CIN,7,2,0,0,FF,FF,R,R,B,Ball,94.9,94.9,-1.07,-1.07,1.1,1.1,2333.0,2333.0,232.0,232.0,9,5.8,5.8,-2.66,-2.66,5.32,5.32,cube68_cluster0,637,1.7167826505851524,FF,92.88295797031044,13.980317543503329,9.180920892722085
2025-09-15,605218,605218,676694,HOU,TEX,8,2,0,0,CU,CU,R,R,X,"Jake Meyers grounds out, third baseman Josh Jung to first baseman Jake Burger.",79.6,79.6,0.69,0.69,-0.76,-0.76,2160.0,2160.0,21.0,21.0,2,6.7,6.7,-1.9,-1.9,6.58,6.58,cube8_cluster1,5,0.7106553499935738,CU,76.99877318439641,-5.367173817726275,-11.507933500365382
2025-09-15,624133,624133,605141,LAD,PHI,1,1,0,0,FF,FF,L,L,S,Called Strike,92.0,92.0,0.47,-0.47,0.75,0.75,1901.0,1901.0,129.0,231.0,9,6.1,6.1,2.31,-2.31,5.49,5.49,cube67_cluster0,835,1.2124912677487951,CH,90.86602419473125,13.606542467363951,8.526706287157376
2025-09-15,677952,677952,663538,PIT,CHC,1,1,2,0,FF,FF,R,R,B,Ball,97.5,97.5,-0.8,-0.8,1.2,1.2,2399.0,2399.0,218.0,218.0,8,6.5,6.5,-0.92,-0.92,6.15,6.15,cube60_cluster0,1088,1.6042307278365833,FF,92.17053866131751,10.618556738155133,11.426031596706425
2025-09-15,676775,676775,677942,AZ,SF,7,1,1,2,FS,FS,R,R,S,Foul,90.7,90.7,-1.16,-1.16,0.34,0.34,1560.0,1560.0,238.0,238.0,9,6.3,6.3,-1.49,-1.49,6.1,6.1,cube66_cluster0,197,0.6237025980898789,CH,86.84077917182076,12.525512574763452,6.567520411131463
2025-09-15,657756,657756,690987,WSH,ATL,8,0,3,2,FF,FF,R,R,S,Foul,94.4,94.4,-1.08,-1.08,1.43,1.43,2335.0,2335.0,223.0,223.0,8,6.3,6.3,-3.0,-3.0,5.36,5.36,cube68_cluster0,637,1.5726144966182058,FF,92.88295797031044,13.980317543503329,9.180920892722085
2025-09-15,678024,678024,683002,CWS,BAL,7,0,2,2,ST,ST,R,R,S,Gunnar Henderson called out on strikes.,82.0,82.0,1.73,1.73,-0.26,-0.26,2474.0,2474.0,50.0,50.0,3,6.2,6.2,-1.6,-1.6,5.92,5.92,cube9_cluster0,353,1.203576620256783,CU,81.04977735376619,-10.683603137730767,-7.201930121038002
2025-09-15,676742,676742,664023,PIT,CHC,5,1,0,1,CH,CH,R,R,B,Ball,94.1,94.1,-1.19,-1.19,0.08,0.08,1854.0,1854.0,245.0,245.0,9,6.3,6.3,-3.01,-3.01,6.04,6.04,cube67_cluster0,835,1.9014762463595196,CH,90.86602419473125,13.606542467363951,8.526706287157376
2025-09-15,657612,657612,686797,MIN,NYY,8,2,0,2,SI,SI,L,L,S,Foul,89.3,89.3,1.7,-1.7,-0.66,-0.66,2146.0,2146.0,73.0,287.0,11,6.5,6.5,3.78,-3.78,2.81,2.81,cube62_cluster2,5,3.8757996191123554,SI,92.38546141014736,16.54853639339138,0.6145325739291951
2025-09-15,669704,669704,695657,CWS,BAL,6,0,3,2,FC,FC,R,R,S,Colson Montgomery strikes out swinging.,89.3,89.3,0.54,0.54,0.06,0.06,2714.0,2714.0,277.0,277.0,10,6.3,6.3,-1.17,-1.17,5.88,5.88,cube42_cluster0,221,1.9809943244274073,FC,88.14517513894621,-2.9372479967817404,6.184306080936519
2025-09-15,622554,622554,663743,TB,TOR,7,1,2,1,FF,FF,R,R,S,Foul,97.3,97.3,-0.18,-0.18,1.37,1.37,2245.0,2245.0,208.0,208.0,8,6.3,6.3,-2.0,-2.0,5.52,5.52,cube61_cluster0,650,1.2659467628328613,FF,93.56609940362357,10.767633610073183,11.615865923476361
2025-09-15,668678,668678,642715,AZ,SF,1,1,2,2,FF,FF,R,R,S,Willy Adames called out on strikes.,94.7,94.7,-0.13,-0.13,1.48,1.48,2293.0,2293.0,210.0,210.0,8,6.5,6.5,-2.85,-2.85,5.94,5.94,cube52_cluster0,159,1.6069007074373924,FC,90.76795186341266,-0.1350320156357884,9.625773571373404
2025-09-15,666808,666808,668904,MIN,NYY,7,1,0,0,SI,SI,R,R,B,Ball,97.7,97.7,-0.98,-0.98,0.29,0.29,2362.0,2362.0,224.0,224.0,8,6.4,6.4,-1.69,-1.69,5.18,5.18,cube68_cluster0,637,1.508999538092134,FF,92.88295797031044,13.980317543503329,9.180920892722085
2025-09-15,657424,657424,672695,AZ,SF,5,2,1,2,ST,ST,L,L,B,Ball,81.0,81.0,-1.05,1.05,-0.02,-0.02,2454.0,2454.0,324.0,36.0,2,6.6,6.6,2.58,-2.58,6.0,6.0,cube17_cluster0,230,1.2176419582667581,ST,83.28054719292679,-11.37879274055619,0.1522002590525712
2025-09-15,676263,676263,681082,LAD,PHI,7,1,3,1,SL,SL,L,L,S,Foul,88.0,88.0,-0.37,0.37,0.35,0.35,2451.0,2451.0,174.0,186.0,7,6.6,6.6,2.38,-2.38,5.9,5.9,cube43_cluster0,136,0.6973809496479783,FC,88.90138768099045,-2.867416747399959,6.084565347981601
2025-09-15,656457,656457,669236,CWS,BAL,1,1,1,2,FF,FF,L,L,S,Jeremiah Jackson strikes out swinging.,92.7,92.7,0.76,-0.76,0.95,0.95,2268.0,2268.0,120.0,240.0,9,5.9,5.9,2.57,-2.57,4.91,4.91,cube68_cluster0,637,1.824165674657693,FF,92.88295797031044,13.980317543503329,9.180920892722085
2025-09-15,656945,656945,642215,LAD,PHI,9,1,0,1,SL,SL,L,L,S,Foul,90.7,90.7,-0.39,0.39,0.21,0.21,2608.0,2608.0,235.0,125.0,5,6.1,6.1,2.54,-2.54,5.12,5.12,cube25_cluster0,134,1.5019323521354135,SL,84.71727501905048,-6.356816171388189,1.485555081783951
2025-09-15,595345,595345,669394,HOU,TEX,6,0,1,2,SL,SL,L,L,S,Jake Burger strikes out swinging.,82.3,82.3,-0.74,0.74,0.83,0.83,2374.0,2374.0,273.0,87.0,4,6.2,6.2,3.24,-3.24,5.97,5.97,cube25_cluster0,134,2.0409336953202164,SL,84.71727501905048,-6.356816171388189,1.485555081783951
2025-09-15,829272,829272,805373,WSH,ATL,7,0,1,0,FF,FF,L,L,S,Foul,91.1,91.1,0.93,-0.93,1.47,1.47,2133.0,2133.0,138.0,222.0,8,6.4,6.4,1.62,-1.62,5.57,5.57,cube60_cluster0,1088,1.0011305487396702,FF,92.17053866131751,10.618556738155133,11.426031596706425
2025-09-15,829272,829272,805373,WSH,ATL,7,0,0,0,FF,FF,L,L,B,Ball,91.9,91.9,0.82,-0.82,1.5,1.5,2248.0,2248.0,136.0,224.0,8,6.3,6.3,1.6,-1.6,5.63,5.63,cube60_cluster0,1088,1.0046259449555606,FF,92.17053866131751,10.618556738155133,11.426031596706425
2025-09-15,656546,656546,666139,TB,TOR,9,1,2,1,FF,FF,R,R,S,Swinging Strike,95.8,95.8,-0.98,-0.98,1.41,1.41,2556.0,2556.0,220.0,220.0,8,6.4,6.4,-2.21,-2.21,5.8,5.8,cube61_cluster0,650,1.0989306150510112,FF,93.56609940362357,10.767633610073183,11.615865923476361
2025-09-15,675911,675911,695734,WSH,ATL,2,0,0,0,FF,FF,R,R,S,Swinging Strike,95.4,95.4,-0.77,-0.77,1.44,1.44,2327.0,2327.0,218.0,218.0,8,6.9,6.9,-1.6,-1.6,5.92,5.92,cube61_cluster0,650,1.3247152429699136,FF,93.56609940362357,10.767633610073183,11.615865923476361
2025-09-15,656457,656457,669236,CWS,BAL,1,1,1,1,SI,SI,L,L,S,Foul,90.7,90.7,1.3,-1.3,0.23,0.23,2214.0,2214.0,115.0,245.0,9,5.8,5.8,2.54,-2.54,4.64,4.64,cube62_cluster2,5,1.6045271923329358,SI,92.38546141014736,16.54853639339138,0.6145325739291951
2025-09-15,621051,621051,687637,CWS,BAL,6,1,1,1,FF,FF,R,R,B,Ball,94.5,94.5,-0.39,-0.39,1.58,1.58,2512.0,2512.0,202.0,202.0,8,6.9,6.9,-2.13,-2.13,5.88,5.88,cube62_cluster1,11,1.4495644428907377,FF,95.54242544913883,5.728019039608564,15.221051570629365
2025-09-15,701519,701519,669224,MIN,NYY,8,1,0,0,CH,CH,R,R,B,Ball,87.4,87.4,-1.28,-1.28,0.73,0.73,1914.0,1914.0,229.0,229.0,9,6.3,6.3,-0.87,-0.87,5.75,5.75,cube59_cluster0,234,1.229338986139392,FF,89.27696125383754,10.588468754256617,10.304337269887236
2025-09-15,701487,701487,665862,MIN,NYY,9,1,0,0,FC,FC,R,R,B,Ball,86.1,86.1,0.2,0.2,0.75,0.75,2293.0,2293.0,193.0,193.0,7,6.2,6.2,-1.07,-1.07,5.93,5.93,cube41_cluster0,33,0.8862325678556813,FC,87.52410341975036,-2.728102441946197,5.90336268676447
2025-09-15,656222,656222,646240,AZ,SF,9,1,0,1,FF,FF,L,L,B,Ball,94.0,94.0,0.83,-0.83,1.23,1.23,2110.0,2110.0,148.0,212.0,8,6.7,6.7,1.15,-1.15,5.72,5.72,cube60_cluster0,1088,1.1905447984211268,FF,92.17053866131751,10.618556738155133,11.426031596706425
2025-09-15,693312,693312,664023,PIT,CHC,7,1,1,2,SL,SL,R,R,B,Ball,92.0,92.0,0.3,0.3,0.06,0.06,2629.0,2629.0,131.0,131.0,5,6.9,6.9,-1.25,-1.25,6.02,6.02,cube32_cluster0,191,1.3817390831630851,SL,86.80283260847423,-3.994445228339661,3.088972714840957
2025-09-15,650556,650556,641680,HOU,TEX,9,2,1,0,FF,FF,R,R,B,Ball,96.6,96.6,-0.28,-0.28,1.36,1.36,2265.0,2265.0,211.0,211.0,8,6.2,6.2,-2.61,-2.61,5.76,5.76,cube61_cluster0,650,1.418908440662266,FF,93.56609940362357,10.767633610073183,11.615865923476361
2025-09-15,689147,689147,660271,LAD,PHI,7,1,1,2,FF,FF,R,R,B,Ball,98.3,98.3,-1.02,-1.02,1.16,1.16,2442.0,2442.0,226.0,226.0,9,6.3,6.3,-1.43,-1.43,5.72,5.72,cube60_cluster0,1088,1.1991888697474882,FF,92.17053866131751,10.618556738155133,11.426031596706425
2025-09-15,688497,688497,805811,AZ,SF,7,0,0,0,FF,FF,R,R,S,Called Strike,89.3,89.3,0.13,0.13,1.51,1.51,2239.0,2239.0,184.0,184.0,7,6.7,6.7,-0.14,-0.14,6.45,6.45,cube50_cluster0,37,2.222496807034811,SL,89.4318003898919,-0.37548710296403526,10.18704890209373
2025-09-15,671212,671212,665489,TB,TOR,1,1,0,1,FS,FS,R,R,S,Called Strike,94.0,94.0,-1.18,-1.18,0.18,0.18,2132.0,2132.0,234.0,234.0,9,6.4,6.4,-1.02,-1.02,5.89,5.89,cube59_cluster0,234,1.546573821282015,FF,89.27696125383754,10.588468754256617,10.304337269887236
2025-09-15,688297,688297,682829,STL,CIN,7,0,0,1,FF,FF,R,R,B,Ball,96.5,96.5,-0.7,-0.7,0.58,0.58,2237.0,2237.0,240.0,240.0,9,6.9,6.9,-1.62,-1.62,5.12,5.12,cube68_cluster0,637,1.510180650396826,FF,92.88295797031044,13.980317543503329,9.180920892722085
2025-09-15,592791,592791,668804,PIT,CHC,1,2,0,0,FF,FF,R,R,S,Called Strike,92.1,92.1,-0.64,-0.64,1.54,1.54,2301.0,2301.0,204.0,204.0,8,6.7,6.7,-1.25,-1.25,6.13,6.13,cube60_cluster0,1088,1.4418106263245354,FF,92.17053866131751,10.618556738155133,11.426031596706425
2025-09-15,687863,687863,669261,PIT,CHC,9,1,1,0,FF,FF,R,R,B,Ball,98.3,98.3,-0.26,-0.26,1.51,1.51,2412.0,2412.0,204.0,204.0,8,7.4,7.4,-2.37,-2.37,5.74,5.74,cube62_cluster1,11,0.9620999913045662,FF,95.54242544913883,5.728019039608564,15.221051570629365
2025-09-15,608650,608650,572191,CWS,BAL,7,2,2,0,FF,FF,L,L,B,Ball,94.1,94.1,0.57,-0.57,1.45,1.45,2088.0,2088.0,148.0,212.0,8,6.5,6.5,1.77,-1.77,6.26,6.26,cube60_cluster0,1088,1.1587532487582721,FF,92.17053866131751,10.618556738155133,11.426031596706425
2025-09-15,687377,687377,660670,WSH,ATL,9,1,2,0,SI,SI,R,R,B,Ball,95.3,95.3,-1.45,-1.45,0.92,0.92,2558.0,2558.0,211.0,211.0,8,6.5,6.5,-1.8,-1.8,6.47,6.47,cube60_cluster0,1088,1.698673534644762,FF,92.17053866131751,10.618556738155133,11.426031596706425
2025-09-15,687330,687330,543807,TB,TOR,11,2,0,1,SI,SI,R,R,S,Foul,93.3,93.3,-1.43,-1.43,-0.15,-0.15,2224.0,2224.0,249.0,249.0,9,7.2,7.2,-1.39,-1.39,3.79,3.79,cube61_cluster2,4,2.3486704955224433,SI,91.72819039904783,16.422670491739225,0.9956202628660393
2025-09-15,647336,647336,693304,PIT,CHC,7,0,0,0,FF,FF,R,R,B,Ball In Dirt,95.7,95.7,-0.74,-0.74,1.32,1.32,2619.0,2619.0,225.0,225.0,9,6.6,6.6,-2.61,-2.61,5.64,5.64,cube61_cluster0,650,1.2363264343181566,FF,93.56609940362357,10.767633610073183,11.615865923476361
2025-09-15,686218,686218,669016,LAD,PHI,1,2,0,0,FF,FF,R,R,B,Ball,92.5,92.5,-0.64,-0.64,1.34,1.34,2290.0,2290.0,210.0,210.0,8,6.5,6.5,-1.36,-1.36,5.33,5.33,cube61_cluster0,650,1.3743931455067833,FF,93.56609940362357,10.767633610073183,11.615865923476361
2025-09-15,669920,669920,694671,HOU,TEX,1,1,0,0,SI,SI,R,R,S,Called Strike,91.7,91.7,-1.45,-1.45,0.32,0.32,2123.0,2123.0,250.0,250.0,9,6.4,6.4,-1.51,-1.51,5.51,5.51,cube67_cluster0,835,1.140542755040364,CH,90.86602419473125,13.606542467363951,8.526706287157376
2025-09-15,643377,643377,676391,TB,TOR,10,2,0,0,ST,ST,R,R,S,Called Strike,88.9,88.9,0.83,0.83,-0.18,-0.18,2963.0,2963.0,56.0,56.0,3,6.2,6.2,-0.68,-0.68,5.38,5.38,cube16_cluster1,3,1.719966841275835,SL,84.62908556149733,-4.066402139037433,-1.9111454545454545
2025-09-15,641941,641941,671056,STL,CIN,9,2,0,1,FF,FF,R,R,B,Ball,96.9,96.9,-0.71,-0.71,1.59,1.59,2718.0,2718.0,208.0,208.0,8,6.8,6.8,-1.76,-1.76,5.6,5.6,cube61_cluster0,650,1.6125172843316062,FF,93.56609940362357,10.767633610073183,11.615865923476361
2025-09-15,669704,669704,695657,CWS,BAL,6,0,2,2,FC,FC,R,R,B,Ball,90.2,90.2,0.62,0.62,0.2,0.2,2567.0,2567.0,95.0,95.0,4,6.2,6.2,-1.17,-1.17,5.82,5.82,cube16_cluster1,3,1.1437509951592475,SL,84.62908556149733,-4.066402139037433,-1.9111454545454545
2025-09-15,683175,683175,571448,STL,CIN,8,1,0,1,FF,FF,R,R,B,Ball,99.0,99.0,-0.71,-0.71,1.57,1.57,2391.0,2391.0,219.0,219.0,8,6.0,6.0,-1.51,-1.51,5.86,5.86,cube60_cluster0,1088,1.5480742132530805,FF,92.17053866131751,10.618556738155133,11.426031596706425
2025-09-15,683004,683004,670541,HOU,TEX,1,0,2,0,FF,FF,R,R,S,Foul,95.2,95.2,-0.78,-0.78,1.35,1.35,2292.0,2292.0,213.0,213.0,8,6.8,6.8,-1.3,-1.3,5.57,5.57,cube61_cluster0,650,1.3583287498868044,FF,93.56609940362357,10.767633610073183,11.615865923476361
2025-09-15,641793,641793,680977,STL,CIN,1,0,2,2,SI,SI,R,R,B,Ball,92.3,92.3,-1.15,-1.15,1.16,1.16,2058.0,2058.0,214.0,214.0,8,6.2,6.2,-0.85,-0.85,6.04,6.04,cube59_cluster0,234,1.0424297999741559,FF,89.27696125383754,10.588468754256617,10.304337269887236
2025-09-15,607455,607455,656941,LAD,PHI,1,1,0,1,SL,SL,L,L,B,Ball,86.7,86.7,-0.61,0.61,-0.3,-0.3,2429.0,2429.0,332.0,28.0,2,6.3,6.3,2.68,-2.68,5.51,5.51,cube17_cluster0,230,1.0817848553796194,ST,83.28054719292679,-11.37879274055619,0.1522002590525712
2025-09-15,681911,681911,592206,LAD,PHI,8,1,0,0,FF,FF,L,L,S,Called Strike,92.6,92.6,0.35,-0.35,1.67,1.67,2541.0,2541.0,166.0,194.0,7,6.2,6.2,0.23,-0.23,5.97,5.97,cube50_cluster0,37,2.1845171541413455,SL,89.4318003898919,-0.37548710296403526,10.18704890209373
2025-09-15,681892,681892,502671,MIN,NYY,7,1,1,2,ST,ST,L,L,B,Ball,83.9,83.9,-1.23,1.23,-0.36,-0.36,2482.0,2482.0,312.0,48.0,3,7.4,7.4,2.36,-2.36,5.46,5.46,cube10_cluster0,173,1.8278512513876315,ST,82.08401130843858,-12.249969959417843,-5.792755621368389
2025-09-15,681676,681676,663886,STL,CIN,8,1,0,0,FF,FF,R,R,B,Ball,94.9,94.9,-0.63,-0.63,1.58,1.58,2214.0,2214.0,200.0,200.0,8,6.6,6.6,-1.57,-1.57,5.87,5.87,cube60_cluster0,1088,1.1626250830387317,FF,92.17053866131751,10.618556738155133,11.426031596706425
2025-09-15,681517,681517,680574,STL,CIN,8,2,2,2,FF,FF,R,R,B,Ball,97.1,97.1,-0.26,-0.26,1.43,1.43,2389.0,2389.0,208.0,208.0,8,7.1,7.1,-1.92,-1.92,5.77,5.77,cube62_cluster1,11,1.3798366542968947,FF,95.54242544913883,5.728019039608564,15.221051570629365
2025-09-15,669276,669276,665953,WSH,ATL,8,2,1,0,CH,CH,L,L,S,Swinging Strike,85.7,85.7,1.08,-1.08,1.18,1.18,1762.0,1762.0,138.0,222.0,8,6.4,6.4,1.74,-1.74,6.45,6.45,cube59_cluster0,234,1.2283991396960043,FF,89.27696125383754,10.588468754256617,10.304337269887236
2025-09-15,668933,668933,571448,STL,CIN,7,0,0,1,SL,SL,R,R,S,Swinging Strike,87.7,87.7,0.76,0.76,-0.28,-0.28,2885.0,2885.0,42.0,42.0,2,5.5,5.5,-0.39,-0.39,6.41,6.41,cube15_cluster1,4,1.7177856829257954,SL,83.959314171123,-4.504801604278075,-1.7933590909090908
2025-09-15,595345,595345,669394,HOU,TEX,6,0,0,2,SL,SL,L,L,B,Ball,83.0,83.0,-0.32,0.32,1.1,1.1,2360.0,2360.0,258.0,102.0,4,6.3,6.3,3.34,-3.34,5.8,5.8,cube25_cluster0,134,2.209040452518586,SL,84.71727501905048,-6.356816171388189,1.485555081783951
2025-09-15,680732,680732,663624,CWS,BAL,2,1,0,1,FF,FF,R,R,S,Foul,96.1,96.1,-0.44,-0.44,1.59,1.59,2577.0,2577.0,194.0,194.0,7,7.1,7.1,-1.95,-1.95,6.39,6.39,cube62_cluster1,11,2.180517447457319,FF,95.54242544913883,5.728019039608564,15.221051570629365
2025-09-15,668678,668678,642715,AZ,SF,1,1,1,2,FF,FF,R,R,B,Ball,93.5,93.5,-0.25,-0.25,1.51,1.51,2343.0,2343.0,204.0,204.0,8,6.3,6.3,-2.92,-2.92,6.11,6.11,cube52_cluster0,159,1.8889143149650094,FC,90.76795186341266,-0.1350320156357884,9.625773571373404
2025-09-15,680730,680730,621566,WSH,ATL,1,0,2,1,FF,FF,L,L,S,Called Strike,91.7,91.7,0.91,-0.91,1.5,1.5,2082.0,2082.0,163.0,197.0,8,6.8,6.8,1.09,-1.09,6.48,6.48,cube59_cluster0,234,1.8141241148994058,FF,89.27696125383754,10.588468754256617,10.304337269887236
2025-09-15,607074,607074,807712,MIN,NYY,1,2,0,0,FF,FF,L,L,S,Called Strike,92.9,92.9,1.09,-1.09,1.56,1.56,2317.0,2317.0,143.0,217.0,8,6.1,6.1,2.29,-2.29,6.39,6.39,cube66_cluster1,5,1.1517946460226758,FF,93.24252622389831,13.00015635891318,12.382567932373675
2025-09-15,641329,641329,665926,TB,TOR,8,1,1,2,CH,CH,R,R,B,Ball In Dirt,88.3,88.3,-1.28,-1.28,0.61,0.61,1868.0,1868.0,226.0,226.0,9,6.5,6.5,-0.81,-0.81,6.52,6.52,cube59_cluster0,234,1.424890680393416,FF,89.27696125383754,10.588468754256617,10.304337269887236
2025-09-15,595014,595014,592663,LAD,PHI,10,1,1,1,ST,ST,R,R,B,Ball,85.9,85.9,1.22,1.22,0.0,0.0,2693.0,2693.0,47.0,47.0,3,5.5,5.5,-2.89,-2.89,6.29,6.29,cube16_cluster0,307,2.2961693852015745,ST,82.89780592219195,-9.539303936916792,-1.0521378651219842
2025-09-15,641302,641302,681297,CWS,BAL,6,2,0,0,CH,CH,L,L,S,Called Strike,84.5,84.5,1.17,-1.17,0.37,0.37,1528.0,1528.0,115.0,245.0,9,6.2,6.2,2.45,-2.45,5.23,5.23,cube67_cluster0,835,1.8754776290216966,CH,90.86602419473125,13.606542467363951,8.526706287157376
2025-09-15,702056,702056,650490,TB,TOR,1,0,1,2,SL,SL,R,R,X,Yandy Díaz doubles (28) on a line drive to right fielder Nathan Lukes. Chandler Simpson scores.,88.2,88.2,-0.1,-0.1,0.3,0.3,2370.0,2370.0,213.0,213.0,8,6.0,6.0,-0.49,-0.49,7.27,7.27,cube50_cluster0,37,2.39789739318183,SL,89.4318003898919,-0.37548710296403526,10.18704890209373
2025-09-15,700669,700669,669289,STL,CIN,9,1,2,0,SL,SL,R,R,X,"Santiago Espinal grounds out, third baseman Nolan Arenado to first baseman Alec Burleson.",88.8,88.8,-0.05,-0.05,0.08,0.08,2313.0,2313.0,354.0,354.0,1,6.3,6.3,-1.45,-1.45,6.16,6.16,cube50_cluster0,37,2.415495022654011,SL,89.4318003898919,-0.37548710296403526,10.18704890209373
2025-09-15,687911,687911,694671,HOU,TEX,7,2,1,2,FF,FF,L,L,X,"Wyatt Langford singles on a line drive to left fielder Jesús Sánchez. Jonah Heim out at home on the throw, left fielder Jesús Sánchez to catcher Yainer Diaz. Ezequiel Duran to 2nd.",92.6,92.6,0.17,-0.17,0.98,0.98,2028.0,2028.0,148.0,212.0,8,6.6,6.6,2.77,-2.77,5.58,5.58,cube52_cluster0,159,1.221659982625647,FC,90.76795186341266,-0.1350320156357884,9.625773571373404
2025-09-15,686973,686973,700246,TB,TOR,8,0,3,2,FF,FF,R,R,X,"Carson Williams grounds out, third baseman Addison Barger to first baseman Vladimir Guerrero Jr.",98.6,98.6,-0.75,-0.75,1.15,1.15,2141.0,2141.0,222.0,222.0,8,6.8,6.8,-2.98,-2.98,5.4,5.4,cube62_cluster1,11,1.1127140534114917,FF,95.54242544913883,5.728019039608564,15.221051570629365
2025-09-15,666711,666711,677942,AZ,SF,6,0,0,1,SI,SI,R,R,S,Foul Bunt,98.0,98.0,-1.23,-1.23,0.61,0.61,2413.0,2413.0,216.0,216.0,8,5.3,5.3,-1.17,-1.17,6.0,6.0,cube66_cluster1,5,2.064993753772218,FF,93.24252622389831,13.00015635891318,12.382567932373675
2025-09-15,502085,502085,669743,LAD,PHI,10,1,1,1,FC,FC,R,R,B,Ball,92.5,92.5,0.29,0.29,1.32,1.32,2750.0,2750.0,187.0,187.0,7,6.5,6.5,-2.6,-2.6,5.88,5.88,cube52_cluster0,159,1.4773765519978843,FC,90.76795186341266,-0.1350320156357884,9.625773571373404
2025-09-15,681151,681151,642133,HOU,TEX,7,1,0,2,CU,CU,R,R,X,Rowdy Tellez singles on a ground ball to right fielder Zach Cole. Jonah Heim to 2nd.,82.1,82.1,1.15,1.15,-1.01,-1.01,2826.0,2826.0,46.0,46.0,3,5.9,5.9,-1.63,-1.63,5.96,5.96,cube2_cluster0,105,0.8513301492510538,CU,79.2443297084492,-9.955174138547218,-13.302302310391848
2025-09-15,680573,680573,592450,MIN,NYY,1,1,1,0,SL,SL,R,R,B,Ball,85.2,85.2,0.44,0.44,0.46,0.46,2226.0,2226.0,173.0,173.0,7,6.5,6.5,-1.51,-1.51,6.33,6.33,cube31_cluster0,31,0.8514485601021624,SL,85.53907999105853,-4.021504116996385,3.5159534946310442
2025-09-15,664192,664192,664983,AZ,SF,6,1,1,0,SI,SI,L,L,S,Called Strike,91.5,91.5,1.25,-1.25,0.94,0.94,2197.0,2197.0,154.0,206.0,8,6.0,6.0,2.44,-2.44,5.87,5.87,cube66_cluster1,5,1.0937240862358744,FF,93.24252622389831,13.00015635891318,12.382567932373675
2025-09-15,678906,678906,682998,AZ,SF,1,0,1,0,FF,FF,R,R,S,Called Strike,92.8,92.8,-0.72,-0.72,1.22,1.22,2548.0,2548.0,231.0,231.0,9,6.3,6.3,-2.39,-2.39,5.44,5.44,cube61_cluster0,650,1.0919265376728853,FF,93.56609940362357,10.767633610073183,11.615865923476361
2025-09-15,664126,664126,665489,TB,TOR,9,1,1,2,FF,FF,R,R,B,Ball,97.0,97.0,-0.03,-0.03,1.44,1.44,2434.0,2434.0,193.0,193.0,7,6.3,6.3,0.16,0.16,6.93,6.93,cube50_cluster0,37,2.7390466624879513,SL,89.4318003898919,-0.37548710296403526,10.18704890209373
2025-09-15,666808,666808,807712,MIN,NYY,7,1,3,2,FC,FC,R,R,X,"Luke Keaschall singles on a ground ball to center fielder Trent Grisham, deflected by pitcher Camilo Doval. Austin Martin scores.",97.2,97.2,-0.02,-0.02,0.69,0.69,2596.0,2596.0,208.0,208.0,8,6.4,6.4,-1.68,-1.68,5.34,5.34,cube52_cluster0,159,1.3031940356783391,FC,90.76795186341266,-0.1350320156357884,9.625773571373404
2025-09-15,664294,664294,683737,PIT,CHC,9,0,0,2,SL,SL,R,R,X,"Michael Busch grounds out, second baseman Nick Yorke to first baseman Spencer Horwitz.",83.5,83.5,-0.26,-0.26,0.23,0.23,1913.0,1913.0,262.0,262.0,10,6.5,6.5,-1.22,-1.22,5.91,5.91,cube66_cluster0,197,1.5679693016419416,CH,86.84077917182076,12.525512574763452,6.567520411131463
2025-09-15,663574,663574,671056,STL,CIN,7,2,1,2,SV,SV,R,R,X,Iván Herrera singles on a line drive to left fielder Austin Hays. Thomas Saggese scores. Brendan Donovan to 3rd.,85.3,85.3,1.0,1.0,-0.38,-0.38,2293.0,2293.0,46.0,46.0,3,6.1,6.1,-2.68,-2.68,5.13,5.13,cube17_cluster1,4,1.3243621240337693,CU,78.95917169292895,-10.024787945860975,-3.9433667010451945
2025-09-15,664076,664076,676914,TB,TOR,7,1,0,1,SL,SL,L,L,S,Swinging Strike,89.5,89.5,-0.36,0.36,0.12,0.12,2600.0,2600.0,224.0,136.0,6,5.9,5.9,1.33,-1.33,5.21,5.21,cube32_cluster0,191,1.8472164665091024,SL,86.80283260847423,-3.994445228339661,3.088972714840957
2025-09-15,678024,678024,683002,CWS,BAL,7,0,2,2,SI,SI,R,R,S,Foul,94.6,94.6,-1.06,-1.06,0.44,0.44,2157.0,2157.0,211.0,211.0,8,6.5,6.5,-1.43,-1.43,6.03,6.03,cube60_cluster0,1088,1.0207072947406624,FF,92.17053866131751,10.618556738155133,11.426031596706425
2025-09-15,663893,663893,691406,TB,TOR,6,1,1,1,KC,KC,L,L,B,Ball In Dirt,86.5,86.5,-0.33,0.33,-0.7,-0.7,1890.0,1890.0,341.0,19.0,2,5.8,5.8,1.82,-1.82,6.27,6.27,cube15_cluster0,23,1.757296815576534,CU,82.92103283413093,-3.9398978499082826,-3.816941770346403
2025-09-15,596133,596133,686797,MIN,NYY,7,0,1,0,CH,CH,R,R,X,Brooks Lee doubles (15) on a line drive to right fielder Aaron Judge. Trevor Larnach scores.,89.6,89.6,-1.31,-1.31,1.06,1.06,2104.0,2104.0,225.0,225.0,9,6.2,6.2,-1.6,-1.6,5.51,5.51,cube67_cluster0,835,1.0263528001340476,CH,90.86602419473125,13.606542467363951,8.526706287157376
2025-09-15,663455,663455,805373,WSH,ATL,8,1,2,1,FF,FF,L,L,S,Foul,91.1,91.1,1.09,-1.09,1.4,1.4,2347.0,2347.0,132.0,228.0,9,6.6,6.6,2.74,-2.74,5.76,5.76,cube61_cluster0,650,1.1795168826949702,FF,93.56609940362357,10.767633610073183,11.615865923476361
2025-09-15,677952,677952,663538,PIT,CHC,1,1,1,0,SL,SL,R,R,B,Ball,95.5,95.5,-0.02,-0.02,0.78,0.78,2593.0,2593.0,208.0,208.0,8,6.3,6.3,-0.96,-0.96,6.13,6.13,cube50_cluster0,37,1.240649686761904,SL,89.4318003898919,-0.37548710296403526,10.18704890209373
2025-09-15,680755,680755,680700,TB,TOR,10,1,2,2,FF,FF,R,R,S,Richie Palacios strikes out swinging.,96.1,96.1,-0.18,-0.18,1.67,1.67,2319.0,2319.0,202.0,202.0,8,5.5,5.5,0.62,0.62,6.62,6.62,cube50_cluster0,37,3.2844042169089014,SL,89.4318003898919,-0.37548710296403526,10.18704890209373
2025-09-15,676775,676775,677942,AZ,SF,7,1,1,1,FF,FF,R,R,S,Called Strike,96.3,96.3,-0.6,-0.6,1.3,1.3,2352.0,2352.0,229.0,229.0,9,6.2,6.2,-1.53,-1.53,6.1,6.1,cube60_cluster0,1088,1.1093440845766354,FF,92.17053866131751,10.618556738155133,11.426031596706425
2025-09-15,661395,661395,681624,LAD,PHI,9,1,0,1,KC,KC,R,R,S,Foul,89.4,89.4,0.2,0.2,-0.76,-0.76,2701.0,2701.0,37.0,37.0,2,6.0,6.0,-2.31,-2.31,5.66,5.66,cube10_cluster0,173,1.6271072769450357,ST,82.08401130843858,-12.249969959417843,-5.792755621368389
2025-09-15,680694,680694,643565,CWS,BAL,1,0,3,2,FF,FF,R,R,B,Mike Tauchman walks.,94.9,94.9,-0.04,-0.04,1.49,1.49,2382.0,2382.0,192.0,192.0,7,6.5,6.5,-0.93,-0.93,6.59,6.59,cube50_cluster0,37,1.5915040395192694,SL,89.4318003898919,-0.37548710296403526,10.18704890209373
2025-09-15,622554,622554,663743,TB,TOR,7,1,1,1,ST,ST,R,R,B,Ball,85.8,85.8,0.65,0.65,0.59,0.59,2644.0,2644.0,66.0,66.0,3,6.5,6.5,-1.97,-1.97,5.49,5.49,cube25_cluster0,134,0.9539658327374858,SL,84.71727501905048,-6.356816171388189,1.485555081783951
2025-09-15,657756,657756,690987,WSH,ATL,8,0,2,2,CH,CH,R,R,B,Ball,82.6,82.6,-1.41,-1.41,-0.18,-0.18,2344.0,2344.0,274.0,274.0,10,6.4,6.4,-3.07,-3.07,4.97,4.97,cube62_cluster3,8,1.520646886297271,CH,91.8214393403368,16.622861920271486,3.070316846938506
2025-09-15,657612,657612,686797,MIN,NYY,8,2,0,1,SI,SI,L,L,S,Called Strike,88.7,88.7,1.35,-1.35,-0.68,-0.68,2074.0,2074.0,79.0,281.0,10,6.6,6.6,3.79,-3.79,2.74,2.74,cube62_cluster2,5,3.98916566438317,SI,92.38546141014736,16.54853639339138,0.6145325739291951
2025-09-15,669461,669461,682622,STL,CIN,1,1,1,2,SL,SL,L,L,S,Noelvi Marte called out on strikes.,88.6,88.6,-0.34,0.34,0.19,0.19,2683.0,2683.0,258.0,102.0,4,6.5,6.5,0.65,-0.65,6.56,6.56,cube23_cluster0,18,1.5671588679279467,SL,84.2588963468347,-3.122612334195792,-0.3482418990887928
2025-09-15,676742,676742,664023,PIT,CHC,5,1,0,0,CH,CH,R,R,S,Swinging Strike,92.3,92.3,-1.22,-1.22,0.04,0.04,1658.0,1658.0,242.0,242.0,9,6.3,6.3,-3.16,-3.16,6.05,6.05,cube67_cluster0,835,2.1713842188347057,CH,90.86602419473125,13.606542467363951,8.526706287157376
2025-09-15,664747,664747,695734,WSH,ATL,9,0,3,2,FF,FF,R,R,B,Daylen Lile walks.,92.8,92.8,-0.97,-0.97,1.17,1.17,2647.0,2647.0,232.0,232.0,9,7.6,7.6,-2.29,-2.29,5.02,5.02,cube62_cluster0,6,1.6580594058639135,SI,91.86488600736307,15.76720396342299,6.059817485939492
2025-09-15,657424,657424,672695,AZ,SF,5,2,1,1,FF,FF,L,L,S,Called Strike,92.1,92.1,0.05,-0.05,0.99,0.99,2169.0,2169.0,160.0,200.0,8,6.2,6.2,2.27,-2.27,6.27,6.27,cube51_cluster0,242,1.1169597066399475,FC,90.51269321530226,-0.30860007748352697,10.065859987082858
2025-09-15,676263,676263,681082,LAD,PHI,7,1,2,1,FF,FF,L,L,B,Ball,92.7,92.7,0.67,-0.67,1.57,1.57,2490.0,2490.0,158.0,202.0,8,6.9,6.9,2.06,-2.06,5.82,5.82,cube61_cluster0,650,1.2944230508017194,FF,93.56609940362357,10.767633610073183,11.615865923476361
2025-09-15,624133,624133,660271,LAD,PHI,1,0,3,2,FF,FF,L,L,S,Shohei Ohtani called out on strikes.,91.6,91.6,0.49,-0.49,0.91,0.91,1931.0,1931.0,128.0,232.0,9,6.0,6.0,2.45,-2.45,5.43,5.43,cube67_cluster0,835,1.4490851479426015,CH,90.86602419473125,13.606542467363951,8.526706287157376
2025-09-15,605218,605218,572233,HOU,TEX,8,1,1,2,FF,FF,R,R,S,Christian Walker strikes out swinging.,95.2,95.2,-0.03,-0.03,1.62,1.62,2654.0,2654.0,191.0,191.0,7,6.8,6.8,-2.24,-2.24,6.43,6.43,cube51_cluster0,242,2.0806379994703827,FC,90.51269321530226,-0.30860007748352697,10.065859987082858
2025-09-15,621381,621381,669743,LAD,PHI,8,1,1,0,FF,FF,L,L,S,Swinging Strike,91.3,91.3,0.67,-0.67,1.55,1.55,2581.0,2581.0,131.0,229.0,9,5.9,5.9,1.8,-1.8,5.3,5.3,cube61_cluster0,650,1.8944864382656754,FF,93.56609940362357,10.767633610073183,11.615865923476361
2025-09-15,656945,656945,642215,LAD,PHI,9,1,0,0,SL,SL,L,L,S,Called Strike,90.6,90.6,-0.57,0.57,0.09,0.09,2534.0,2534.0,220.0,140.0,6,6.2,6.2,2.6,-2.6,5.13,5.13,cube25_cluster0,134,1.4664601574170995,SL,84.71727501905048,-6.356816171388189,1.485555081783951
2025-09-15,656546,656546,666139,TB,TOR,9,1,1,1,SL,SL,R,R,B,Ball,86.3,86.3,0.02,0.02,0.38,0.38,2515.0,2515.0,236.0,236.0,9,6.2,6.2,-2.37,-2.37,5.78,5.78,cube43_cluster0,136,1.2685064424628831,FC,88.90138768099045,-2.867416747399959,6.084565347981601
2025-09-15,605218,605218,572233,HOU,TEX,8,1,1,1,CU,CU,R,R,S,Foul,77.8,77.8,0.62,0.62,-1.1,-1.1,2150.0,2150.0,26.0,26.0,2,6.5,6.5,-1.87,-1.87,6.58,6.58,cube8_cluster1,5,0.45286721242578015,CU,76.99877318439641,-5.367173817726275,-11.507933500365382
2025-09-15,702056,702056,650490,TB,TOR,1,0,0,2,FF,FF,R,R,B,Ball,96.4,96.4,-0.32,-0.32,1.53,1.53,2219.0,2219.0,197.0,197.0,8,6.2,6.2,-0.44,-0.44,7.08,7.08,cube50_cluster0,37,2.3882267607638807,SL,89.4318003898919,-0.37548710296403526,10.18704890209373
2025-09-15,656457,656457,669236,CWS,BAL,1,1,1,0,SI,SI,L,L,S,Foul,90.9,90.9,1.32,-1.32,0.1,0.1,2181.0,2181.0,118.0,242.0,9,5.8,5.8,2.61,-2.61,4.72,4.72,cube62_cluster2,5,1.6271919329306028,SI,92.38546141014736,16.54853639339138,0.6145325739291951
2025-09-15,656222,656222,646240,AZ,SF,9,1,0,0,FF,FF,L,L,S,Swinging Strike,93.4,93.4,0.76,-0.76,1.23,1.23,2096.0,2096.0,148.0,212.0,8,6.3,6.3,1.23,-1.23,5.84,5.84,cube60_cluster0,1088,0.9017701624000983,FF,92.17053866131751,10.618556738155133,11.426031596706425
2025-09-15,621051,621051,687637,CWS,BAL,6,1,0,1,FF,FF,R,R,B,Ball,94.2,94.2,-0.59,-0.59,1.43,1.43,2435.0,2435.0,206.0,206.0,8,6.8,6.8,-2.26,-2.26,5.84,5.84,cube61_cluster0,650,1.0743733361333927,FF,93.56609940362357,10.767633610073183,11.615865923476361
2025-09-15,700669,700669,669289,STL,CIN,9,1,1,0,FF,FF,R,R,B,Ball,95.9,95.9,-0.3,-0.3,1.39,1.39,2058.0,2058.0,205.0,205.0,8,6.3,6.3,-1.39,-1.39,6.2,6.2,cube50_cluster0,37,1.3474174654328555,SL,89.4318003898919,-0.37548710296403526,10.18704890209373
2025-09-15,650556,650556,641680,HOU,TEX,9,2,0,0,FF,FF,R,R,B,Ball,97.0,97.0,-0.43,-0.43,1.34,1.34,2285.0,2285.0,219.0,219.0,8,6.4,6.4,-2.46,-2.46,5.69,5.69,cube61_cluster0,650,1.051848839016249,FF,93.56609940362357,10.767633610073183,11.615865923476361
2025-09-15,693312,693312,664023,PIT,CHC,7,1,0,2,CU,CU,R,R,B,Ball,88.6,88.6,0.42,0.42,-0.82,-0.82,2841.0,2841.0,38.0,38.0,2,6.8,6.8,-1.02,-1.02,6.09,6.09,cube2_cluster0,105,1.8035199118918097,CU,79.2443297084492,-9.955174138547218,-13.302302310391848
2025-09-15,689147,689147,660271,LAD,PHI,7,1,1,1,ST,ST,R,R,S,Foul,87.5,87.5,0.94,0.94,0.34,0.34,2883.0,2883.0,60.0,60.0,3,6.0,6.0,-1.72,-1.72,5.52,5.52,cube16_cluster0,307,1.455329206255648,ST,82.89780592219195,-9.539303936916792,-1.0521378651219842
2025-09-15,688297,688297,682829,STL,CIN,7,0,0,0,FF,FF,R,R,S,Foul,94.7,94.7,-0.32,-0.32,0.87,0.87,2171.0,2171.0,235.0,235.0,9,6.8,6.8,-1.65,-1.65,5.11,5.11,cube61_cluster0,650,1.4779030789149366,FF,93.56609940362357,10.767633610073183,11.615865923476361
2025-09-15,687911,687911,694671,HOU,TEX,7,2,0,2,ST,ST,L,L,B,Ball In Dirt,81.0,81.0,-1.29,1.29,0.57,0.57,2206.0,2206.0,286.0,74.0,3,6.4,6.4,2.94,-2.94,5.37,5.37,cube17_cluster0,230,1.5491985912975135,ST,83.28054719292679,-11.37879274055619,0.1522002590525712
2025-09-15,671212,671212,665489,TB,TOR,1,1,0,0,FF,FF,R,R,S,Called Strike,98.6,98.6,-0.56,-0.56,1.33,1.33,2708.0,2708.0,218.0,218.0,8,6.4,6.4,-0.99,-0.99,5.89,5.89,cube60_cluster0,1088,1.976210167404997,FF,92.17053866131751,10.618556738155133,11.426031596706425
2025-09-15,687863,687863,669261,PIT,CHC,9,1,0,0,FF,FF,R,R,B,Ball,97.4,97.4,-0.27,-0.27,1.51,1.51,2389.0,2389.0,197.0,197.0,8,7.3,7.3,-2.46,-2.46,5.78,5.78,cube62_cluster1,11,0.8502578223243857,FF,95.54242544913883,5.728019039608564,15.221051570629365
2025-09-15,687377,687377,660670,WSH,ATL,9,1,1,0,SI,SI,R,R,B,Ball,96.0,96.0,-1.3,-1.3,0.9,0.9,2402.0,2402.0,212.0,212.0,8,6.4,6.4,-1.83,-1.83,6.65,6.65,cube60_cluster0,1088,1.7502605264338345,FF,92.17053866131751,10.618556738155133,11.426031596706425
2025-09-15,687330,687330,543807,TB,TOR,11,2,0,0,ST,ST,R,R,S,Called Strike,78.1,78.1,1.69,1.69,0.57,0.57,2671.0,2671.0,85.0,85.0,4,7.2,7.2,-1.54,-1.54,3.74,3.74,cube25_cluster1,4,2.209670735683096,FF,78.89004309074315,-12.702593975988597,7.095865701453683
2025-09-15,686973,686973,700246,TB,TOR,8,0,3,2,FF,FF,R,R,S,Foul,97.5,97.5,-0.7,-0.7,1.22,1.22,2268.0,2268.0,225.0,225.0,9,7.0,7.0,-2.95,-2.95,5.34,5.34,cube62_cluster1,11,0.762215355093998,FF,95.54242544913883,5.728019039608564,15.221051570629365
2025-09-15,608650,608650,572191,CWS,BAL,7,2,1,0,FF,FF,L,L,B,Ball,94.3,94.3,0.49,-0.49,1.36,1.36,1987.0,1987.0,148.0,212.0,8,6.3,6.3,1.94,-1.94,6.4,6.4,cube60_cluster0,1088,1.3774889924972342,FF,92.17053866131751,10.618556738155133,11.426031596706425
2025-09-15,641941,641941,671056,STL,CIN,9,2,0,0,FF,FF,R,R,S,Foul,97.1,97.1,-0.66,-0.66,1.57,1.57,2771.0,2771.0,208.0,208.0,8,6.9,6.9,-1.64,-1.64,5.53,5.53,cube61_cluster0,650,1.8131437575396756,FF,93.56609940362357,10.767633610073183,11.615865923476361
2025-09-15,596133,596133,686797,MIN,NYY,7,0,0,0,FF,FF,R,R,B,Ball,96.7,96.7,-0.64,-0.64,1.67,1.67,2370.0,2370.0,206.0,206.0,8,6.1,6.1,-1.55,-1.55,5.64,5.64,cube60_cluster0,1088,1.5197261453754056,FF,92.17053866131751,10.618556738155133,11.426031596706425
2025-09-15,683175,683175,571448,STL,CIN,8,1,0,0,ST,ST,R,R,S,Called Strike,85.6,85.6,1.36,1.36,-0.15,-0.15,2546.0,2546.0,64.0,64.0,3,5.9,5.9,-1.87,-1.87,5.69,5.69,cube16_cluster0,307,1.0511611964331486,ST,82.89780592219195,-9.539303936916792,-1.0521378651219842
2025-09-15,669704,669704,695657,CWS,BAL,6,0,1,2,FF,FF,R,R,B,Ball,95.0,95.0,-0.13,-0.13,1.19,1.19,2290.0,2290.0,198.0,198.0,8,6.2,6.2,-1.1,-1.1,5.96,5.96,cube50_cluster0,37,1.1054133679632625,SL,89.4318003898919,-0.37548710296403526,10.18704890209373
2025-09-15,683004,683004,670541,HOU,TEX,1,0,1,0,FF,FF,R,R,B,Ball,96.8,96.8,-0.97,-0.97,1.21,1.21,2253.0,2253.0,220.0,220.0,8,6.9,6.9,-1.26,-1.26,5.58,5.58,cube61_cluster0,650,1.4313137568666356,FF,93.56609940362357,10.767633610073183,11.615865923476361
2025-09-15,669461,669461,682622,STL,CIN,1,1,1,2,SL,SL,L,L,S,Foul,88.4,88.4,-0.29,0.29,0.39,0.39,2616.0,2616.0,221.0,139.0,6,6.4,6.4,0.54,-0.54,6.53,6.53,cube31_cluster0,31,1.4332968477198929,SL,85.53907999105853,-4.021504116996385,3.5159534946310442
2025-09-15,607455,607455,656941,LAD,PHI,1,1,0,0,SL,SL,L,L,S,Foul,84.9,84.9,-0.61,0.61,0.09,0.09,2341.0,2341.0,318.0,42.0,2,6.3,6.3,2.59,-2.59,5.46,5.46,cube17_cluster0,230,0.9114089991928805,ST,83.28054719292679,-11.37879274055619,0.1522002590525712
2025-09-15,681892,681892,502671,MIN,NYY,7,1,0,2,ST,ST,L,L,B,Ball,83.0,83.0,-1.22,1.22,-0.58,-0.58,2444.0,2444.0,306.0,54.0,3,7.2,7.2,2.37,-2.37,5.49,5.49,cube10_cluster0,173,1.5013905442466706,ST,82.08401130843858,-12.249969959417843,-5.792755621368389
2025-09-15,681517,681517,680574,STL,CIN,8,2,2,2,CU,CU,R,R,S,Foul,83.8,83.8,0.84,0.84,-1.22,-1.22,2514.0,2514.0,39.0,39.0,2,7.0,7.0,-2.0,-2.0,5.87,5.87,cube10_cluster0,173,1.6196180708925507,ST,82.08401130843858,-12.249969959417843,-5.792755621368389
2025-09-15,669276,669276,665953,WSH,ATL,8,2,0,0,SL,SL,L,L,B,Ball,84.1,84.1,-0.3,0.3,0.47,0.47,2206.0,2206.0,136.0,224.0,8,6.1,6.1,1.67,-1.67,6.6,6.6,cube41_cluster0,33,1.1253492828366711,FC,87.52410341975036,-2.728102441946197,5.90336268676447
2025-09-15,681151,681151,642133,HOU,TEX,7,1,0,1,FF,FF,R,R,S,Swinging Strike,96.5,96.5,-1.1,-1.1,1.26,1.26,2470.0,2470.0,227.0,227.0,9,6.0,6.0,-1.73,-1.73,5.85,5.85,cube60_cluster0,1088,1.2537419370245284,FF,92.17053866131751,10.618556738155133,11.426031596706425
2025-09-15,680755,680755,680700,TB,TOR,10,1,2,2,SL,SL,R,R,S,Foul,89.3,89.3,0.22,0.22,0.21,0.21,2396.0,2396.0,172.0,172.0,7,5.5,5.5,0.55,0.55,6.69,6.69,cube15_cluster1,4,2.8715795926202183,SL,83.959314171123,-4.504801604278075,-1.7933590909090908
2025-09-15,595345,595345,669394,HOU,TEX,6,0,0,1,FF,FF,L,L,S,Foul,91.7,91.7,0.54,-0.54,1.33,1.33,2258.0,2258.0,138.0,222.0,8,6.0,6.0,3.31,-3.31,6.05,6.05,cube66_cluster1,5,1.7227493496884094,FF,93.24252622389831,13.00015635891318,12.382567932373675
2025-09-15,680732,680732,663624,CWS,BAL,2,1,0,0,SL,SL,R,R,S,Foul,88.3,88.3,0.24,0.24,0.75,0.75,2315.0,2315.0,175.0,175.0,7,7.1,7.1,-2.49,-2.49,6.16,6.16,cube43_cluster0,136,1.5294957023831115,FC,88.90138768099045,-2.867416747399959,6.084565347981601
2025-09-15,668933,668933,571448,STL,CIN,7,0,0,0,SL,SL,R,R,S,Called Strike,87.4,87.4,0.87,0.87,-0.25,-0.25,2897.0,2897.0,47.0,47.0,3,5.4,5.4,-0.5,-0.5,6.44,6.44,cube15_cluster1,4,1.8411277526871228,SL,83.959314171123,-4.504801604278075,-1.7933590909090908
2025-09-15,641793,641793,680977,STL,CIN,1,0,2,2,FS,FS,R,R,S,Foul,83.0,83.0,-1.11,-1.11,-0.13,-0.13,971.0,971.0,250.0,250.0,9,6.0,6.0,-0.68,-0.68,6.19,6.19,cube59_cluster1,5,1.9389641532820543,SL,84.79163597246126,7.451913253012047,2.269996213425129
2025-09-15,641329,641329,665926,TB,TOR,8,1,1,1,FF,FF,R,R,S,Foul,97.8,97.8,-0.32,-0.32,1.5,1.5,2310.0,2310.0,202.0,202.0,8,6.5,6.5,-0.45,-0.45,6.62,6.62,cube50_cluster0,37,2.0985572912906725,SL,89.4318003898919,-0.37548710296403526,10.18704890209373
2025-09-15,668678,668678,642715,AZ,SF,1,1,1,1,SL,SL,R,R,S,Called Strike,88.6,88.6,0.36,0.36,0.3,0.3,2369.0,2369.0,108.0,108.0,5,6.4,6.4,-3.11,-3.11,5.88,5.88,cube25_cluster0,134,1.5208462265295213,SL,84.71727501905048,-6.356816171388189,1.485555081783951
2025-09-15,680730,680730,621566,WSH,ATL,1,0,2,0,FF,FF,L,L,S,Foul,91.8,91.8,0.62,-0.62,1.65,1.65,2141.0,2141.0,157.0,203.0,8,6.8,6.8,1.46,-1.46,6.39,6.39,cube60_cluster0,1088,1.716463616251175,FF,92.17053866131751,10.618556738155133,11.426031596706425
2025-09-15,502085,502085,669743,LAD,PHI,10,1,1,0,FC,FC,R,R,S,Called Strike,91.6,91.6,0.47,0.47,1.23,1.23,2736.0,2736.0,182.0,182.0,7,6.5,6.5,-2.69,-2.69,5.82,5.82,cube52_cluster0,159,1.4668537123969372,FC,90.76795186341266,-0.1350320156357884,9.625773571373404
2025-09-15,680694,680694,643565,CWS,BAL,1,0,2,2,SI,SI,R,R,B,Ball,96.2,96.2,-0.72,-0.72,1.22,1.22,2121.0,2121.0,184.0,184.0,7,6.3,6.3,-0.6,-0.6,6.55,6.55,cube50_cluster0,37,1.7974832897183937,SL,89.4318003898919,-0.37548710296403526,10.18704890209373
2025-09-15,666808,666808,807712,MIN,NYY,7,1,3,2,SL,SL,R,R,S,Foul,87.0,87.0,0.75,0.75,-0.06,-0.06,2702.0,2702.0,71.0,71.0,3,6.3,6.3,-1.45,-1.45,5.42,5.42,cube16_cluster0,307,1.2145843663705067,ST,82.89780592219195,-9.539303936916792,-1.0521378651219842
2025-09-15,829272,829272,671739,WSH,ATL,6,2,1,1,FF,FF,L,L,X,"Michael Harris II grounds out, shortstop CJ Abrams to first baseman Josh Bell.",93.1,93.1,1.04,-1.04,1.47,1.47,2357.0,2357.0,139.0,221.0,8,6.4,6.4,1.79,-1.79,5.54,5.54,cube61_cluster0,650,0.9793973208083238,FF,93.56609940362357,10.767633610073183,11.615865923476361
2025-09-15,666711,666711,677942,AZ,SF,6,0,0,0,SI,SI,R,R,S,Foul,96.9,96.9,-1.37,-1.37,0.49,0.49,2411.0,2411.0,208.0,208.0,8,5.5,5.5,-1.17,-1.17,5.97,5.97,cube59_cluster0,234,2.0371755382799654,FF,89.27696125383754,10.588468754256617,10.304337269887236
2025-09-15,681911,681911,592663,LAD,PHI,8,0,0,1,SL,SL,L,L,X,J.T. Realmuto lines out to left fielder Michael Conforto.,86.3,86.3,-0.34,0.34,0.28,0.28,2492.0,2492.0,194.0,166.0,7,6.3,6.3,0.11,-0.11,6.14,6.14,cube31_cluster0,31,1.7441007208982835,SL,85.53907999105853,-4.021504116996385,3.5159534946310442
2025-09-15,681676,681676,701398,STL,CIN,8,1,1,0,SL,SL,R,R,X,Sal Stewart singles on a line drive to left fielder Lars Nootbaar.,86.7,86.7,0.26,0.26,0.08,0.08,2705.0,2705.0,92.0,92.0,4,6.1,6.1,-1.71,-1.71,6.0,6.0,cube24_cluster0,201,0.898692177382839,SL,85.05707893868184,-5.4676349917482,1.0599892053755027
2025-09-15,664747,664747,695734,WSH,ATL,9,0,3,2,SL,SL,R,R,S,Foul,85.4,85.4,0.43,0.43,0.32,0.32,2697.0,2697.0,140.0,140.0,6,7.5,7.5,-2.63,-2.63,5.21,5.21,cube33_cluster1,4,1.0193652385031584,CU,87.03806300600712,-4.169347463186675,3.7905776736134102
2025-09-15,680573,680573,592450,MIN,NYY,1,1,0,0,SL,SL,R,R,B,Ball,85.3,85.3,0.51,0.51,0.46,0.46,2253.0,2253.0,167.0,167.0,7,6.6,6.6,-1.55,-1.55,6.28,6.28,cube31_cluster0,31,0.9685692747172999,SL,85.53907999105853,-4.021504116996385,3.5159534946310442
2025-09-15,595014,595014,592663,LAD,PHI,10,1,1,0,SI,SI,R,R,S,Foul,96.9,96.9,-1.42,-1.42,0.45,0.45,2258.0,2258.0,230.0,230.0,9,5.5,5.5,-2.72,-2.72,6.26,6.26,cube59_cluster2,6,1.1318649162273915,FF,93.07150817165655,13.135553184666456,11.807015565535274
2025-09-15,664294,664294,683737,PIT,CHC,9,0,0,1,SL,SL,R,R,S,Foul,83.4,83.4,-0.13,-0.13,0.0,0.0,2098.0,2098.0,305.0,305.0,11,6.3,6.3,-1.16,-1.16,5.99,5.99,cube41_cluster0,33,2.124626965599903,FC,87.52410341975036,-2.728102441946197,5.90336268676447
2025-09-15,676742,676742,663538,PIT,CHC,5,0,2,2,FF,FF,R,R,X,Nico Hoerner pops out to third baseman Jared Triolo.,97.3,97.3,-0.4,-0.4,1.4,1.4,2537.0,2537.0,208.0,208.0,8,6.4,6.4,-2.97,-2.97,6.13,6.13,cube61_cluster0,650,1.9614010590853583,FF,93.56609940362357,10.767633610073183,11.615865923476361
2025-09-15,675911,675911,605137,WSH,ATL,1,2,1,0,CU,CU,R,R,X,Josh Bell flies out to center fielder Michael Harris II.,77.3,77.3,0.66,0.66,-0.77,-0.77,2744.0,2744.0,62.0,62.0,3,7.0,7.0,-1.74,-1.74,5.94,5.94,cube9_cluster0,353,1.4690345261378688,CU,81.04977735376619,-10.683603137730767,-7.201930121038002
2025-09-15,664192,664192,664983,AZ,SF,6,1,0,0,SI,SI,L,L,B,Ball,91.5,91.5,1.18,-1.18,1.11,1.11,2253.0,2253.0,153.0,207.0,8,6.0,6.0,2.11,-2.11,5.94,5.94,cube60_cluster0,1088,0.9874421277172005,FF,92.17053866131751,10.618556738155133,11.426031596706425
2025-09-15,669920,669920,669701,HOU,TEX,1,0,2,2,CH,CH,R,R,X,Josh Smith flies out to shortstop Jeremy Peña.,81.2,81.2,-1.56,-1.56,0.21,0.21,1862.0,1862.0,263.0,263.0,10,6.3,6.3,-1.45,-1.45,5.69,5.69,cube66_cluster0,197,1.4204289105408174,CH,86.84077917182076,12.525512574763452,6.567520411131463
2025-09-15,664126,664126,665489,TB,TOR,9,1,1,2,FC,FC,R,R,S,Foul,89.6,89.6,0.67,0.67,0.18,0.18,2609.0,2609.0,100.0,100.0,4,6.3,6.3,-0.02,-0.02,7.15,7.15,cube31_cluster0,31,2.6815035566205148,SL,85.53907999105853,-4.021504116996385,3.5159534946310442
2025-09-15,667463,667463,609280,STL,CIN,7,2,0,1,CH,CH,L,L,X,Miguel Andujar flies out to left fielder Alec Burleson.,83.9,83.9,1.1,-1.1,0.21,0.21,1687.0,1687.0,112.0,248.0,9,6.1,6.1,2.17,-2.17,5.48,5.48,cube66_cluster0,197,1.4820272226519382,CH,86.84077917182076,12.525512574763452,6.567520411131463
2025-09-15,664076,664076,676914,TB,TOR,7,1,0,0,SI,SI,L,L,S,Foul,96.6,96.6,1.48,-1.48,0.51,0.51,2373.0,2373.0,135.0,225.0,9,6.0,6.0,1.44,-1.44,5.15,5.15,cube68_cluster0,637,1.9388646375831988,FF,92.88295797031044,13.980317543503329,9.180920892722085
2025-09-15,678906,678906,682998,AZ,SF,1,0,0,0,ST,ST,R,R,B,Ball,84.3,84.3,0.99,0.99,0.06,0.06,2656.0,2656.0,51.0,51.0,3,6.2,6.2,-2.35,-2.35,5.41,5.41,cube17_cluster0,230,0.583557809156814,ST,83.28054719292679,-11.37879274055619,0.1522002590525712
2025-09-15,656945,656945,681082,LAD,PHI,9,0,1,2,SL,SL,L,L,X,"Bryson Stott grounds out, second baseman Miguel Rojas to first baseman Freddie Freeman.",90.8,90.8,-0.45,0.45,0.06,0.06,2573.0,2573.0,209.0,151.0,6,6.2,6.2,2.5,-2.5,5.17,5.17,cube33_cluster0,94,1.4700882685634822,SL,87.30386197983206,-4.155245122339746,2.874909281221629
2025-09-15,624133,624133,660271,LAD,PHI,1,0,3,2,SL,SL,L,L,S,Foul,78.2,78.2,-0.62,0.62,0.11,0.11,2186.0,2186.0,273.0,87.0,4,6.0,6.0,2.4,-2.4,5.53,5.53,cube16_cluster0,307,1.4273910634170155,ST,82.89780592219195,-9.539303936916792,-1.0521378651219842
2025-09-15,643377,643377,662139,TB,TOR,10,1,1,1,FF,FF,R,R,X,Daulton Varsho flies out sharply to center fielder Jake Mangum. Myles Straw to 3rd.,97.5,97.5,-0.57,-0.57,1.41,1.41,2502.0,2502.0,209.0,209.0,8,6.4,6.4,-0.42,-0.42,5.51,5.51,cube60_cluster0,1088,2.386835147483416,FF,92.17053866131751,10.618556738155133,11.426031596706425
2025-09-15,663893,663893,691406,TB,TOR,6,1,1,0,FC,FC,L,L,S,Called Strike,93.7,93.7,0.34,-0.34,0.6,0.6,2233.0,2233.0,116.0,244.0,9,5.4,5.4,2.04,-2.04,6.17,6.17,cube66_cluster1,5,1.302117308694334,FF,93.24252622389831,13.00015635891318,12.382567932373675
2025-09-15,641302,641302,694212,CWS,BAL,6,2,2,2,ST,ST,L,L,X,Samuel Basallo singles on a ground ball to right fielder Mike Tauchman. Coby Mayo to 2nd.,83.2,83.2,-1.28,1.28,0.48,0.48,2707.0,2707.0,281.0,79.0,4,6.8,6.8,2.22,-2.22,5.09,5.09,cube17_cluster0,230,1.3204352760061548,ST,83.28054719292679,-11.37879274055619,0.1522002590525712
2025-09-15,663574,663574,671056,STL,CIN,7,2,1,2,FF,FF,R,R,S,Foul,96.5,96.5,-0.98,-0.98,0.99,0.99,2340.0,2340.0,234.0,234.0,9,6.2,6.2,-2.51,-2.51,5.12,5.12,cube68_cluster0,637,1.2692598529758836,FF,92.88295797031044,13.980317543503329,9.180920892722085
2025-09-15,678024,678024,683002,CWS,BAL,7,0,2,2,FC,FC,R,R,S,Foul,88.2,88.2,0.12,0.12,0.36,0.36,2201.0,2201.0,160.0,160.0,6,6.4,6.4,-1.55,-1.55,6.03,6.03,cube42_cluster0,221,0.6746001879969988,FC,88.14517513894621,-2.9372479967817404,6.184306080936519
2025-09-15,607074,607074,668885,MIN,NYY,1,1,2,2,CH,CH,L,L,X,"Austin Martin grounds out, third baseman Ryan McMahon to first baseman Paul Goldschmidt.",85.2,85.2,1.4,-1.4,0.37,0.37,1691.0,1691.0,127.0,233.0,9,6.0,6.0,2.29,-2.29,6.31,6.31,cube66_cluster0,197,1.4208885041554749,CH,86.84077917182076,12.525512574763452,6.567520411131463
2025-09-15,592791,592791,687462,PIT,CHC,1,1,1,1,CH,CH,R,R,X,Spencer Horwitz flies out to left fielder Ian Happ.,84.0,84.0,-1.4,-1.4,0.27,0.27,1764.0,1764.0,234.0,234.0,9,6.4,6.4,-1.28,-1.28,6.23,6.23,cube66_cluster0,197,1.0646677498050463,CH,86.84077917182076,12.525512574763452,6.567520411131463
2025-09-15,663455,663455,805373,WSH,ATL,8,1,1,1,CH,CH,L,L,B,Ball,84.2,84.2,1.81,-1.81,0.3,0.3,1958.0,1958.0,115.0,245.0,9,6.4,6.4,2.71,-2.71,5.76,5.76,cube67_cluster0,835,1.6631839706957485,CH,90.86602419473125,13.606542467363951,8.526706287157376
2025-09-15,701519,701519,700250,MIN,NYY,8,0,3,2,SL,SL,R,R,S,Ben Rice strikes out on a foul tip.,86.2,86.2,0.59,0.59,-0.09,-0.09,2373.0,2373.0,106.0,106.0,5,6.6,6.6,-1.2,-1.2,5.75,5.75,cube24_cluster0,201,1.0204961648520368,SL,85.05707893868184,-5.4676349917482,1.0599892053755027
2025-09-15,701487,701487,519317,MIN,NYY,9,0,3,2,CH,CH,R,R,S,Giancarlo Stanton strikes out on a foul tip.,82.7,82.7,-1.03,-1.03,0.44,0.44,2343.0,2343.0,257.0,257.0,10,6.2,6.2,-1.04,-1.04,5.89,5.89,cube59_cluster0,234,1.6220176101130643,FF,89.27696125383754,10.588468754256617,10.304337269887236
2025-09-15,661395,661395,681624,LAD,PHI,9,1,0,0,SI,SI,R,R,S,Swinging Strike,99.4,99.4,-1.29,-1.29,0.31,0.31,1936.0,1936.0,237.0,237.0,9,6.1,6.1,-2.26,-2.26,5.93,5.93,cube67_cluster0,835,1.4013497679433966,CH,90.86602419473125,13.606542467363951,8.526706287157376
2025-09-15,688497,688497,656305,AZ,SF,7,0,3,2,FF,FF,R,R,B,Matt Chapman walks.,89.4,89.4,-0.08,-0.08,1.11,1.11,2214.0,2214.0,173.0,173.0,7,6.9,6.9,0.09,0.09,6.31,6.31,cube50_cluster0,37,2.499192057787958,SL,89.4318003898919,-0.37548710296403526,10.18704890209373
2025-09-15,677952,677952,663538,PIT,CHC,1,1,0,0,FF,FF,R,R,B,Ball,98.2,98.2,-0.53,-0.53,1.46,1.46,2474.0,2474.0,217.0,217.0,8,6.7,6.7,-0.86,-0.86,6.14,6.14,cube60_cluster0,1088,1.9958667498830047,FF,92.17053866131751,10.618556738155133,11.426031596706425
2025-09-15,686218,686218,592663,LAD,PHI,1,1,2,2,SL,SL,R,R,S,J.T. Realmuto strikes out swinging.,86.3,86.3,0.23,0.23,0.35,0.35,2290.0,2290.0,186.0,186.0,7,6.4,6.4,-1.21,-1.21,5.42,5.42,cube42_cluster0,221,1.3257849832812851,FC,88.14517513894621,-2.9372479967817404,6.184306080936519
2025-09-15,676775,676775,677942,AZ,SF,7,1,0,1,SI,SI,R,R,B,Ball,96.8,96.8,-1.29,-1.29,0.57,0.57,2443.0,2443.0,221.0,221.0,8,6.2,6.2,-1.43,-1.43,6.07,6.07,cube60_cluster0,1088,1.3244235451235395,FF,92.17053866131751,10.618556738155133,11.426031596706425
2025-09-15,657756,657756,690987,WSH,ATL,8,0,2,2,FF,FF,R,R,S,Foul,92.3,92.3,-1.11,-1.11,1.22,1.22,2214.0,2214.0,231.0,231.0,9,6.2,6.2,-2.96,-2.96,5.35,5.35,cube68_cluster0,637,1.3723838386860838,FF,92.88295797031044,13.980317543503329,9.180920892722085
2025-09-15,657612,657612,686797,MIN,NYY,8,2,0,0,SI,SI,L,L,S,Called Strike,88.6,88.6,1.54,-1.54,-0.55,-0.55,2103.0,2103.0,73.0,287.0,11,6.6,6.6,3.72,-3.72,2.85,2.85,cube62_cluster2,5,3.728740965515392,SI,92.38546141014736,16.54853639339138,0.6145325739291951
2025-09-15,622554,622554,663743,TB,TOR,7,1,0,1,FF,FF,R,R,B,Ball,97.7,97.7,-0.53,-0.53,1.38,1.38,2434.0,2434.0,211.0,211.0,8,6.4,6.4,-1.85,-1.85,5.46,5.46,cube61_cluster0,650,1.141020230210904,FF,93.56609940362357,10.767633610073183,11.615865923476361
2025-09-15,676263,676263,681082,LAD,PHI,7,1,1,1,FF,FF,L,L,B,Ball,93.4,93.4,0.71,-0.71,1.75,1.75,2569.0,2569.0,156.0,204.0,8,6.9,6.9,2.1,-2.1,5.84,5.84,cube61_cluster0,650,1.5546069694031834,FF,93.56609940362357,10.767633610073183,11.615865923476361
2025-09-15,657424,657424,672695,AZ,SF,5,2,1,0,FF,FF,L,L,S,Missed Bunt,92.4,92.4,-0.01,0.01,1.05,1.05,2088.0,2088.0,167.0,193.0,7,6.3,6.3,2.4,-2.4,6.22,6.22,cube51_cluster0,242,1.2510123039779022,FC,90.51269321530226,-0.30860007748352697,10.065859987082858
2025-09-15,647336,647336,457705,PIT,CHC,7,0,3,2,SV,SV,R,R,B,Andrew McCutchen walks.,82.2,82.2,1.25,1.25,-0.6,-0.6,2984.0,2984.0,50.0,50.0,3,6.2,6.2,-2.56,-2.56,5.84,5.84,cube3_cluster1,7,0.7607459617854331,CU,81.211572836182,-17.52205244065557,-6.477636799325996
2025-09-15,621381,621381,669743,LAD,PHI,8,1,0,0,FF,FF,L,L,B,Ball,91.2,91.2,0.79,-0.79,1.47,1.47,2589.0,2589.0,136.0,224.0,8,6.2,6.2,1.66,-1.66,5.37,5.37,cube61_cluster0,650,1.5360023687725617,FF,93.56609940362357,10.767633610073183,11.615865923476361
2025-09-15,656546,656546,666139,TB,TOR,9,1,0,1,FS,FS,R,R,B,Ball,88.4,88.4,-1.38,-1.38,0.36,0.36,1630.0,1630.0,248.0,248.0,9,6.6,6.6,-2.39,-2.39,5.65,5.65,cube67_cluster0,835,1.2739390010741654,CH,90.86602419473125,13.606542467363951,8.526706287157376
2025-09-15,702056,702056,650490,TB,TOR,1,0,0,1,SL,SL,R,R,S,Foul,87.6,87.6,-0.1,-0.1,0.45,0.45,2275.0,2275.0,205.0,205.0,8,5.9,5.9,-0.51,-0.51,7.23,7.23,cube50_cluster0,37,2.2663620947253333,SL,89.4318003898919,-0.37548710296403526,10.18704890209373
2025-09-15,656457,656457,669236,CWS,BAL,1,1,0,0,ST,ST,L,L,B,Ball,81.7,81.7,-0.43,0.43,0.07,0.07,2418.0,2418.0,300.0,60.0,3,5.5,5.5,2.7,-2.7,4.58,4.58,cube17_cluster1,4,2.4504197235952603,CU,78.95917169292895,-10.024787945860975,-3.9433667010451945
2025-09-15,675911,675911,605137,WSH,ATL,1,2,0,0,SL,SL,R,R,B,Ball,83.7,83.7,-0.01,-0.01,0.23,0.23,2248.0,2248.0,161.0,161.0,6,7.1,7.1,-1.72,-1.72,5.78,5.78,cube33_cluster0,94,1.3787647112231314,SL,87.30386197983206,-4.155245122339746,2.874909281221629
2025-09-15,701519,701519,700250,MIN,NYY,8,0,3,1,FF,FF,R,R,S,Called Strike,95.5,95.5,-0.43,-0.43,1.4,1.4,2472.0,2472.0,209.0,209.0,8,6.6,6.6,-1.07,-1.07,5.93,5.93,cube60_cluster0,1088,1.6007371335554268,FF,92.17053866131751,10.618556738155133,11.426031596706425
2025-09-15,701487,701487,519317,MIN,NYY,9,0,2,2,FF,FF,R,R,B,Ball,94.0,94.0,-0.63,-0.63,1.59,1.59,2367.0,2367.0,213.0,213.0,8,6.2,6.2,-0.98,-0.98,5.89,5.89,cube60_cluster0,1088,1.598472879375509,FF,92.17053866131751,10.618556738155133,11.426031596706425
2025-09-15,700669,700669,669289,STL,CIN,9,1,0,0,SI,SI,R,R,B,Ball,94.2,94.2,-1.22,-1.22,0.89,0.89,1931.0,1931.0,212.0,212.0,8,6.3,6.3,-1.56,-1.56,6.16,6.16,cube59_cluster0,234,0.8231621805062287,FF,89.27696125383754,10.588468754256617,10.304337269887236
2025-09-15,693312,693312,664023,PIT,CHC,7,1,0,1,CU,CU,R,R,S,Foul,85.6,85.6,0.42,0.42,-0.88,-0.88,2731.0,2731.0,40.0,40.0,2,7.1,7.1,-1.15,-1.15,5.97,5.97,cube2_cluster0,105,1.9232187813464314,CU,79.2443297084492,-9.955174138547218,-13.302302310391848
2025-09-15,621051,621051,687637,CWS,BAL,6,1,0,0,ST,ST,R,R,S,Called Strike,82.3,82.3,1.44,1.44,-0.06,-0.06,2743.0,2743.0,45.0,45.0,3,6.5,6.5,-2.69,-2.69,5.71,5.71,cube17_cluster0,230,0.9567365970680448,ST,83.28054719292679,-11.37879274055619,0.1522002590525712
2025-09-15,689147,689147,660271,LAD,PHI,7,1,0,1,ST,ST,R,R,B,Ball,88.2,88.2,0.75,0.75,0.15,0.15,3005.0,3005.0,55.0,55.0,3,6.1,6.1,-1.69,-1.69,5.45,5.45,cube16_cluster0,307,1.595202439258089,ST,82.89780592219195,-9.539303936916792,-1.0521378651219842
2025-09-15,688497,688497,656305,AZ,SF,7,0,2,2,FS,FS,R,R,B,Ball,85.3,85.3,-1.16,-1.16,0.61,0.61,1576.0,1576.0,210.0,210.0,8,6.7,6.7,0.02,0.02,6.44,6.44,cube59_cluster1,5,2.385403913700007,SL,84.79163597246126,7.451913253012047,2.269996213425129
2025-09-15,687911,687911,694671,HOU,TEX,7,2,0,1,FF,FF,L,L,S,Foul,91.8,91.8,0.46,-0.46,1.15,1.15,2154.0,2154.0,145.0,215.0,8,6.5,6.5,2.8,-2.8,5.56,5.56,cube61_cluster0,650,1.1763301992688722,FF,93.56609940362357,10.767633610073183,11.615865923476361
2025-09-15,647336,647336,457705,PIT,CHC,7,0,3,1,FF,FF,R,R,S,Foul,95.1,95.1,-0.6,-0.6,1.33,1.33,2618.0,2618.0,232.0,232.0,9,6.6,6.6,-2.69,-2.69,5.58,5.58,cube61_cluster0,650,1.3379342366544154,FF,93.56609940362357,10.767633610073183,11.615865923476361
2025-09-15,687377,687377,660670,WSH,ATL,9,1,0,0,SL,SL,R,R,B,Ball,86.8,86.8,0.27,0.27,0.02,0.02,2224.0,2224.0,156.0,156.0,6,6.4,6.4,-2.11,-2.11,6.45,6.45,cube32_cluster0,191,1.3392030352215156,SL,86.80283260847423,-3.994445228339661,3.088972714840957
2025-09-15,686973,686973,700246,TB,TOR,8,0,3,1,FF,FF,R,R,S,Called Strike,98.4,98.4,-0.53,-0.53,1.37,1.37,2292.0,2292.0,218.0,218.0,8,6.9,6.9,-3.0,-3.0,5.35,5.35,cube62_cluster1,11,0.877841624114376,FF,95.54242544913883,5.728019039608564,15.221051570629365
2025-09-15,669920,669920,669701,HOU,TEX,1,0,1,2,FF,FF,R,R,B,Ball,91.0,91.0,-1.27,-1.27,1.05,1.05,2259.0,2259.0,243.0,243.0,9,6.2,6.2,-1.77,-1.77,5.88,5.88,cube60_cluster0,1088,0.7159100360662674,FF,92.17053866131751,10.618556738155133,11.426031596706425
2025-09-15,643377,643377,662139,TB,TOR,10,1,0,1,CH,CH,R,R,B,Ball,92.8,92.8,-1.23,-1.23,0.29,0.29,1844.0,1844.0,226.0,226.0,9,6.4,6.4,-0.45,-0.45,5.66,5.66,cube59_cluster0,234,1.9699487468643972,FF,89.27696125383754,10.588468754256617,10.304337269887236
2025-09-15,608650,608650,572191,CWS,BAL,7,2,0,0,FF,FF,L,L,B,Ball,95.3,95.3,0.5,-0.5,1.24,1.24,2186.0,2186.0,149.0,211.0,8,6.1,6.1,1.85,-1.85,6.32,6.32,cube60_cluster0,1088,1.2373722984690367,FF,92.17053866131751,10.618556738155133,11.426031596706425
2025-09-15,686218,686218,592663,LAD,PHI,1,1,1,2,FF,FF,R,R,B,Ball,94.0,94.0,-0.56,-0.56,1.55,1.55,2195.0,2195.0,206.0,206.0,8,6.5,6.5,-0.93,-0.93,5.56,5.56,cube60_cluster0,1088,1.6682257981486486,FF,92.17053866131751,10.618556738155133,11.426031596706425
2025-09-15,669704,669704,695657,CWS,BAL,6,0,1,2,CU,CU,R,R,S,Foul,83.3,83.3,1.1,1.1,-1.07,-1.07,2985.0,2985.0,47.0,47.0,3,6.1,6.1,-1.22,-1.22,5.87,5.87,cube2_cluster0,105,0.9871623221976648,CU,79.2443297084492,-9.955174138547218,-13.302302310391848
2025-09-15,595345,595345,669394,HOU,TEX,6,0,0,0,SL,SL,L,L,S,Called Strike,80.0,80.0,-0.72,0.72,0.64,0.64,2404.0,2404.0,262.0,98.0,4,6.1,6.1,3.38,-3.38,6.03,6.03,cube25_cluster0,134,2.211245572012711,SL,84.71727501905048,-6.356816171388189,1.485555081783951
2025-09-15,683004,683004,670541,HOU,TEX,1,0,0,0,CU,CU,R,R,B,Ball,78.7,78.7,0.5,0.5,-0.45,-0.45,2476.0,2476.0,49.0,49.0,3,6.2,6.2,-1.38,-1.38,5.94,5.94,cube8_cluster0,47,0.7764722901297524,CU,78.44568855893485,-8.550382045687398,-9.675482721274784
2025-09-15,681911,681911,592663,LAD,PHI,8,0,0,0,FF,FF,L,L,S,Called Strike,91.9,91.9,0.33,-0.33,1.7,1.7,2487.0,2487.0,163.0,197.0,8,6.3,6.3,0.29,-0.29,5.93,5.93,cube50_cluster0,37,2.151469777340967,SL,89.4318003898919,-0.37548710296403526,10.18704890209373
2025-09-15,681892,681892,502671,MIN,NYY,7,1,0,1,FC,FC,L,L,S,Foul,92.1,92.1,-0.22,0.22,0.76,0.76,2327.0,2327.0,153.0,207.0,8,6.9,6.9,2.12,-2.12,5.84,5.84,cube52_cluster0,159,0.8810910267987072,FC,90.76795186341266,-0.1350320156357884,9.625773571373404
2025-09-15,669461,669461,682622,STL,CIN,1,1,1,1,CU,CU,L,L,S,Foul,79.4,79.4,-1.07,1.07,-1.58,-1.58,3068.0,3068.0,333.0,27.0,2,6.3,6.3,0.62,-0.62,6.63,6.63,cube1_cluster0,11,1.3754345692225074,CU,80.41940225841523,-7.8151704354474925,-14.345667881001397
2025-09-15,681676,681676,701398,STL,CIN,8,1,0,0,FF,FF,R,R,B,Ball,95.6,95.6,-0.47,-0.47,1.53,1.53,2345.0,2345.0,199.0,199.0,8,6.3,6.3,-1.31,-1.31,5.98,5.98,cube60_cluster0,1088,1.3556168558383177,FF,92.17053866131751,10.618556738155133,11.426031596706425
2025-09-15,681517,681517,680574,STL,CIN,8,2,1,2,CU,CU,R,R,B,Ball In Dirt,84.7,84.7,0.86,0.86,-1.18,-1.18,2468.0,2468.0,36.0,36.0,2,7.1,7.1,-1.86,-1.86,5.9,5.9,cube9_cluster0,353,1.7705569716580287,CU,81.04977735376619,-10.683603137730767,-7.201930121038002
2025-09-15,681151,681151,642133,HOU,TEX,7,1,0,0,CU,CU,R,R,S,Called Strike,81.7,81.7,1.36,1.36,-0.75,-0.75,2561.0,2561.0,52.0,52.0,3,6.0,6.0,-1.68,-1.68,6.0,6.0,cube9_cluster0,353,0.8782490876166847,CU,81.04977735376619,-10.683603137730767,-7.201930121038002
2025-09-15,680755,680755,680700,TB,TOR,10,1,2,1,SL,SL,R,R,S,Foul,87.6,87.6,0.3,0.3,0.04,0.04,2418.0,2418.0,132.0,132.0,5,5.5,5.5,0.57,0.57,6.61,6.61,cube15_cluster1,4,2.520554576494894,SL,83.959314171123,-4.504801604278075,-1.7933590909090908
2025-09-15,641793,641793,680977,STL,CIN,1,0,2,2,SI,SI,R,R,S,Foul,92.0,92.0,-1.29,-1.29,1.1,1.1,2182.0,2182.0,212.0,212.0,8,6.2,6.2,-0.99,-0.99,6.02,6.02,cube59_cluster0,234,1.0744355558308667,FF,89.27696125383754,10.588468754256617,10.304337269887236
2025-09-15,680730,680730,621566,WSH,ATL,1,0,1,0,SL,SL,L,L,B,Ball,83.1,83.1,-0.74,0.74,-0.38,-0.38,2286.0,2286.0,329.0,31.0,2,6.9,6.9,1.96,-1.96,6.04,6.04,cube9_cluster0,353,1.4495472048368772,CU,81.04977735376619,-10.683603137730767,-7.201930121038002
2025-09-15,641329,641329,665926,TB,TOR,8,1,0,1,FF,FF,R,R,B,Ball,97.4,97.4,-0.39,-0.39,1.47,1.47,2345.0,2345.0,204.0,204.0,8,6.2,6.2,-0.44,-0.44,6.68,6.68,cube50_cluster0,37,2.00072339683886,SL,89.4318003898919,-0.37548710296403526,10.18704890209373
2025-09-15,668678,668678,642715,AZ,SF,1,1,1,0,KC,KC,R,R,S,Swinging Strike,81.2,81.2,0.43,0.43,-0.93,-0.93,2377.0,2377.0,32.0,32.0,2,6.2,6.2,-3.14,-3.14,5.99,5.99,cube17_cluster1,4,1.8963257513130654,CU,78.95917169292895,-10.024787945860975,-3.9433667010451945
2025-09-15,641302,641302,694212,CWS,BAL,6,2,2,2,ST,ST,L,L,S,Foul,80.8,80.8,-1.64,1.64,0.19,0.19,2636.0,2636.0,288.0,72.0,3,6.3,6.3,2.16,-2.16,5.3,5.3,cube17_cluster0,230,1.076919696761508,ST,83.28054719292679,-11.37879274055619,0.1522002590525712
2025-09-15,680694,680694,643565,CWS,BAL,1,0,2,2,SL,SL,R,R,S,Foul,87.0,87.0,1.07,1.07,-0.02,-0.02,2595.0,2595.0,32.0,32.0,2,6.4,6.4,-1.36,-1.36,6.41,6.41,cube15_cluster0,23,1.3445535839864462,CU,82.92103283413093,-3.9398978499082826,-3.816941770346403
2025-09-15,667463,667463,609280,STL,CIN,7,2,0,0,CH,CH,L,L,S,Swinging Strike,83.4,83.4,1.15,-1.15,0.24,0.24,1580.0,1580.0,117.0,243.0,9,5.8,5.8,2.11,-2.11,5.57,5.57,cube66_cluster0,197,1.518579933368998,CH,86.84077917182076,12.525512574763452,6.567520411131463
2025-09-15,666808,666808,807712,MIN,NYY,7,1,2,2,SL,SL,R,R,B,Ball In Dirt,88.7,88.7,0.54,0.54,-0.32,-0.32,2684.0,2684.0,70.0,70.0,3,6.7,6.7,-1.44,-1.44,5.37,5.37,cube24_cluster0,201,1.550844348583737,SL,85.05707893868184,-5.4676349917482,1.0599892053755027
2025-09-15,595014,595014,592663,LAD,PHI,10,1,0,0,SI,SI,R,R,B,Ball,96.4,96.4,-1.35,-1.35,0.53,0.53,2362.0,2362.0,229.0,229.0,9,5.9,5.9,-2.57,-2.57,6.24,6.24,cube59_cluster2,6,1.0290205297888453,FF,93.07150817165655,13.135553184666456,11.807015565535274
2025-09-15,688297,688297,663886,STL,CIN,7,0,2,2,SI,SI,R,R,X,Tyler Stephenson singles on a sharp ground ball to center fielder Victor Scott II.,96.6,96.6,-1.42,-1.42,0.56,0.56,2015.0,2015.0,259.0,259.0,10,6.8,6.8,-1.7,-1.7,4.84,4.84,cube68_cluster0,637,1.7115070245285076,FF,92.88295797031044,13.980317543503329,9.180920892722085
2025-09-15,687863,687863,693304,PIT,CHC,9,1,2,1,FF,FF,R,R,X,Nick Gonzales singles on a sharp ground ball to center fielder Pete Crow-Armstrong.,95.9,95.9,-0.06,-0.06,1.18,1.18,2404.0,2404.0,205.0,205.0,8,7.3,7.3,-2.22,-2.22,5.74,5.74,cube62_cluster1,11,1.046606404757659,FF,95.54242544913883,5.728019039608564,15.221051570629365
2025-09-15,687330,687330,665926,TB,TOR,11,1,2,1,SI,SI,R,R,X,Andrés Giménez lines out sharply to left fielder Chandler Simpson.,92.2,92.2,-1.49,-1.49,-0.2,-0.2,2159.0,2159.0,254.0,254.0,9,7.2,7.2,-1.55,-1.55,3.73,3.73,cube61_cluster2,4,2.290386443930754,SI,91.72819039904783,16.422670491739225,0.9956202628660393
2025-09-15,680732,680732,641933,CWS,BAL,2,0,2,2,FF,FF,R,R,X,Tyler O'Neill lines out to center fielder Dominic Fletcher.,95.6,95.6,-0.27,-0.27,1.69,1.69,2636.0,2636.0,196.0,196.0,8,7.4,7.4,-1.92,-1.92,6.38,6.38,cube62_cluster1,11,2.2834911096286716,FF,95.54242544913883,5.728019039608564,15.221051570629365
2025-09-15,664747,664747,695734,WSH,ATL,9,0,2,2,SL,SL,R,R,B,Ball,87.1,87.1,0.56,0.56,0.11,0.11,2926.0,2926.0,165.0,165.0,7,7.6,7.6,-2.52,-2.52,5.17,5.17,cube44_cluster0,4,1.5431507459969722,SL,88.0675369146225,-0.9960050653074227,7.359635027078688
2025-09-15,624133,624133,660271,LAD,PHI,1,0,2,2,SI,SI,L,L,B,Ball,90.7,90.7,0.85,-0.85,0.35,0.35,2018.0,2018.0,138.0,222.0,8,6.1,6.1,2.32,-2.32,5.5,5.5,cube67_cluster0,835,1.1193456724579438,CH,90.86602419473125,13.606542467363951,8.526706287157376
2025-09-15,664294,664294,683737,PIT,CHC,9,0,0,0,SL,SL,R,R,S,Called Strike,82.5,82.5,-0.1,-0.1,0.01,0.01,2013.0,2013.0,291.0,291.0,11,6.3,6.3,-1.14,-1.14,5.98,5.98,cube66_cluster0,197,2.0378042152807057,CH,86.84077917182076,12.525512574763452,6.567520411131463
2025-09-15,671212,671212,664770,TB,TOR,1,1,0,0,FF,FF,R,R,X,Nathan Lukes singles on a line drive to right fielder Josh Lowe.,97.8,97.8,-0.44,-0.44,0.85,0.85,2632.0,2632.0,225.0,225.0,9,6.6,6.6,-1.11,-1.11,5.71,5.71,cube51_cluster0,242,1.7206662475209225,FC,90.51269321530226,-0.30860007748352697,10.065859987082858
2025-09-15,669276,669276,695578,WSH,ATL,8,0,1,2,FF,FF,L,L,X,"James Wood grounds into a double play, second baseman Ozzie Albies to shortstop Ha-Seong Kim to first baseman Matt Olson. Robert Hassell III scores. CJ Abrams out at 2nd. James Wood out at 1st.",94.0,94.0,0.65,-0.65,1.65,1.65,2444.0,2444.0,155.0,205.0,8,6.3,6.3,1.54,-1.54,6.62,6.62,cube50_cluster0,37,1.7687184391379518,SL,89.4318003898919,-0.37548710296403526,10.18704890209373
2025-09-15,664126,664126,665489,TB,TOR,9,1,0,2,FC,FC,R,R,B,Ball,89.6,89.6,0.84,0.84,0.07,0.07,2531.0,2531.0,83.0,83.0,4,6.0,6.0,0.3,0.3,7.13,7.13,cube15_cluster1,4,2.775870450273278,SL,83.959314171123,-4.504801604278075,-1.7933590909090908
2025-09-15,668933,668933,663457,STL,CIN,6,2,2,2,FC,FC,R,R,X,"Lars Nootbaar grounds out, shortstop Elly De La Cruz to first baseman Sal Stewart.",96.1,96.1,0.22,0.22,0.82,0.82,2609.0,2609.0,199.0,199.0,8,5.5,5.5,-0.37,-0.37,6.5,6.5,cube50_cluster0,37,2.062466653396469,SL,89.4318003898919,-0.37548710296403526,10.18704890209373
2025-09-15,664192,664192,543510,AZ,SF,6,1,0,1,CU,CU,L,L,X,James McCann homers (5) on a fly ball to left center field. Jordan Lawlar scores.,77.3,77.3,-0.44,0.44,-0.53,-0.53,2277.0,2277.0,345.0,15.0,2,5.9,5.9,2.12,-2.12,6.6,6.6,cube8_cluster1,5,1.3341946976586234,CU,76.99877318439641,-5.367173817726275,-11.507933500365382
2025-09-15,657097,657097,621043,HOU,TEX,7,2,1,0,FF,FF,R,R,X,Carlos Correa flies out to center fielder Michael Helman.,94.0,94.0,-0.88,-0.88,1.42,1.42,2557.0,2557.0,221.0,221.0,8,6.3,6.3,-2.62,-2.62,5.66,5.66,cube61_cluster0,650,1.29086470414868,FF,93.56609940362357,10.767633610073183,11.615865923476361
2025-09-15,650556,650556,673962,HOU,TEX,9,0,1,1,SL,SL,R,R,X,"Josh Jung grounds into a double play, second baseman Mauricio Dubón to first baseman Christian Walker. Michael Helman out at 2nd. Josh Jung out at 1st.",86.1,86.1,0.63,0.63,-0.92,-0.92,3046.0,3046.0,45.0,45.0,3,6.3,6.3,-2.48,-2.48,5.96,5.96,cube3_cluster0,7,0.9236245282722398,CU,81.18692210282288,-11.451773936938942,-10.945698317474191
2025-09-15,641941,641941,680977,STL,CIN,9,2,0,0,FF,FF,R,R,X,Brendan Donovan singles on a soft bunt ground ball to third baseman Santiago Espinal.,94.7,94.7,-0.56,-0.56,1.61,1.61,2547.0,2547.0,204.0,204.0,8,6.6,6.6,-1.86,-1.86,5.51,5.51,cube61_cluster0,650,1.3090339249219844,FF,93.56609940362357,10.767633610073183,11.615865923476361
2025-09-15,502085,502085,669743,LAD,PHI,10,1,0,0,KC,KC,R,R,B,Ball,85.6,85.6,0.37,0.37,-0.66,-0.66,2694.0,2694.0,46.0,46.0,3,6.5,6.5,-2.74,-2.74,5.83,5.83,cube10_cluster0,173,1.2566181532204552,ST,82.08401130843858,-12.249969959417843,-5.792755621368389
2025-09-15,678024,678024,683002,CWS,BAL,7,0,1,2,CU,CU,R,R,B,Ball,82.3,82.3,0.61,0.61,-0.97,-0.97,1962.0,1962.0,33.0,33.0,2,6.0,6.0,-1.31,-1.31,6.16,6.16,cube8_cluster0,47,1.2912878971978623,CU,78.44568855893485,-8.550382045687398,-9.675482721274784
2025-09-15,663893,663893,691406,TB,TOR,6,1,0,0,KC,KC,L,L,B,Ball,86.7,86.7,-0.43,0.43,-0.84,-0.84,1977.0,1977.0,342.0,18.0,2,5.8,5.8,1.67,-1.67,6.28,6.28,cube15_cluster0,23,1.6390908939347262,CU,82.92103283413093,-3.9398978499082826,-3.816941770346403
2025-09-15,596133,596133,663616,MIN,NYY,7,0,1,2,FF,FF,R,R,X,Trevor Larnach doubles (22) on a line drive to right fielder Aaron Judge.,96.5,96.5,-0.91,-0.91,1.56,1.56,2502.0,2502.0,204.0,204.0,8,6.2,6.2,-1.45,-1.45,5.61,5.61,cube60_cluster0,1088,1.5287249435574064,FF,92.17053866131751,10.618556738155133,11.426031596706425
2025-09-15,663574,663574,671056,STL,CIN,7,2,1,2,FF,FF,R,R,S,Foul,95.8,95.8,-1.11,-1.11,1.16,1.16,2462.0,2462.0,236.0,236.0,9,6.1,6.1,-2.5,-2.5,5.2,5.2,cube68_cluster0,637,1.4807025028871945,FF,92.88295797031044,13.980317543503329,9.180920892722085
2025-09-15,607074,607074,668885,MIN,NYY,1,1,1,2,FF,FF,L,L,B,Ball,92.4,92.4,0.95,-0.95,1.26,1.26,2234.0,2234.0,139.0,221.0,8,6.1,6.1,1.99,-1.99,6.46,6.46,cube66_cluster1,5,1.0947328295717602,FF,93.24252622389831,13.00015635891318,12.382567932373675
2025-09-15,663455,663455,805373,WSH,ATL,8,1,0,1,CH,CH,L,L,B,Ball,84.1,84.1,1.59,-1.59,0.17,0.17,1768.0,1768.0,111.0,249.0,9,6.4,6.4,2.66,-2.66,5.78,5.78,cube67_cluster0,835,1.6628135416000984,CH,90.86602419473125,13.606542467363951,8.526706287157376
2025-09-15,683175,683175,663457,STL,CIN,8,0,2,2,ST,ST,R,R,S,Lars Nootbaar strikes out swinging.,86.1,86.1,1.27,1.27,-0.03,-0.03,2466.0,2466.0,49.0,49.0,3,6.1,6.1,-1.81,-1.81,5.64,5.64,cube16_cluster0,307,0.8612025612747888,ST,82.89780592219195,-9.539303936916792,-1.0521378651219842
2025-09-15,676775,676775,677942,AZ,SF,7,1,0,0,FS,FS,R,R,S,Foul,88.0,88.0,-0.92,-0.92,0.04,0.04,1446.0,1446.0,246.0,246.0,9,6.3,6.3,-1.48,-1.48,6.01,6.01,cube66_cluster0,197,0.8472163338679609,CH,86.84077917182076,12.525512574763452,6.567520411131463
2025-09-15,680573,680573,663757,MIN,NYY,1,0,2,2,SL,SL,R,R,S,Trent Grisham strikes out swinging.,85.4,85.4,0.51,0.51,0.46,0.46,2332.0,2332.0,154.0,154.0,6,6.4,6.4,-1.52,-1.52,6.42,6.42,cube31_cluster0,31,0.6694357845956672,SL,85.53907999105853,-4.021504116996385,3.5159534946310442
2025-09-15,678906,678906,606466,AZ,SF,1,0,0,0,ST,ST,R,R,B,Ketel Marte hit by pitch. Geraldo Perdomo to 2nd.,84.1,84.1,1.14,1.14,-0.1,-0.1,2753.0,2753.0,49.0,49.0,3,6.4,6.4,-2.25,-2.25,5.42,5.42,cube17_cluster0,230,0.5843690899095961,ST,83.28054719292679,-11.37879274055619,0.1522002590525712
2025-09-15,677952,677952,683737,PIT,CHC,1,0,2,2,CU,CU,R,R,S,Michael Busch strikes out swinging.,85.3,85.3,0.87,0.87,-1.31,-1.31,2879.0,2879.0,40.0,40.0,2,6.2,6.2,-0.82,-0.82,6.34,6.34,cube1_cluster0,11,0.7685063532061605,CU,80.41940225841523,-7.8151704354474925,-14.345667881001397
2025-09-15,657756,657756,690987,WSH,ATL,8,0,1,2,CH,CH,R,R,B,Ball In Dirt,83.1,83.1,-1.48,-1.48,-0.2,-0.2,2413.0,2413.0,273.0,273.0,10,6.4,6.4,-3.14,-3.14,4.99,4.99,cube62_cluster3,8,1.5172377253162403,CH,91.8214393403368,16.622861920271486,3.070316846938506
2025-09-15,622554,622554,663743,TB,TOR,7,1,0,0,SI,SI,R,R,S,Called Strike,97.2,97.2,-1.18,-1.18,0.86,0.86,2365.0,2365.0,214.0,214.0,8,6.4,6.4,-1.82,-1.82,5.47,5.47,cube61_cluster0,650,0.8657985017984821,FF,93.56609940362357,10.767633610073183,11.615865923476361
2025-09-15,676742,676742,663538,PIT,CHC,5,0,2,2,SL,SL,R,R,S,Foul,88.7,88.7,0.44,0.44,0.12,0.12,2620.0,2620.0,130.0,130.0,5,6.1,6.1,-3.17,-3.17,6.08,6.08,cube33_cluster0,94,1.956117184350001,SL,87.30386197983206,-4.155245122339746,2.874909281221629
2025-09-15,666711,666711,672515,AZ,SF,6,0,3,1,FF,FF,R,R,B,Gabriel Moreno walks.,98.7,98.7,-0.49,-0.49,1.21,1.21,2387.0,2387.0,204.0,204.0,8,5.4,5.4,-0.93,-0.93,6.0,6.0,cube50_cluster0,37,2.007464889766491,SL,89.4318003898919,-0.37548710296403526,10.18704890209373
2025-09-15,664076,664076,680718,TB,TOR,7,0,2,2,ST,ST,L,L,S,Addison Barger strikes out swinging.,81.7,81.7,-1.56,1.56,0.07,0.07,2675.0,2675.0,299.0,61.0,3,6.0,6.0,1.45,-1.45,5.06,5.06,cube17_cluster0,230,1.9341796036883083,ST,83.28054719292679,-11.37879274055619,0.1522002590525712
2025-09-15,661395,661395,571970,LAD,PHI,9,0,1,2,KC,KC,R,R,S,Max Muncy strikes out swinging.,89.9,89.9,0.47,0.47,-0.9,-0.9,2939.0,2939.0,37.0,37.0,2,6.0,6.0,-2.25,-2.25,5.84,5.84,cube3_cluster0,7,1.3253503913165052,CU,81.18692210282288,-11.451773936938942,-10.945698317474191
2025-09-15,657612,657612,663616,MIN,NYY,8,1,0,2,SI,SI,L,L,S,Trevor Larnach called out on strikes.,88.8,88.8,1.39,-1.39,-0.78,-0.78,2072.0,2072.0,75.0,285.0,11,6.5,6.5,3.85,-3.85,2.83,2.83,cube62_cluster2,5,3.9345525199864606,SI,92.38546141014736,16.54853639339138,0.6145325739291951
2025-09-15,656222,656222,642715,AZ,SF,9,0,2,2,FF,FF,L,L,S,Willy Adames strikes out swinging.,93.9,93.9,0.79,-0.79,1.21,1.21,2076.0,2076.0,149.0,211.0,8,6.6,6.6,1.35,-1.35,5.81,5.81,cube60_cluster0,1088,0.8724914239026278,FF,92.17053866131751,10.618556738155133,11.426031596706425
2025-09-15,676263,676263,681082,LAD,PHI,7,1,1,0,FF,FF,L,L,S,Called Strike,92.7,92.7,0.66,-0.66,1.69,1.69,2463.0,2463.0,158.0,202.0,8,6.6,6.6,2.18,-2.18,5.93,5.93,cube61_cluster0,650,1.3522529101854774,FF,93.56609940362357,10.767633610073183,11.615865923476361
2025-09-15,657424,657424,672695,AZ,SF,5,2,0,0,SL,SL,L,L,B,Ball,86.9,86.9,-0.44,0.44,0.23,0.23,2452.0,2452.0,226.0,134.0,5,6.3,6.3,2.47,-2.47,6.07,6.07,cube33_cluster0,94,1.0684868913571592,SL,87.30386197983206,-4.155245122339746,2.874909281221629
2025-09-15,592791,592791,687462,PIT,CHC,1,1,1,0,CU,CU,R,R,S,Called Strike,79.2,79.2,0.88,0.88,-0.88,-0.88,2561.0,2561.0,36.0,36.0,2,6.5,6.5,-1.19,-1.19,6.36,6.36,cube8_cluster0,47,0.8727020482556659,CU,78.44568855893485,-8.550382045687398,-9.675482721274784
2025-09-15,605218,605218,572233,HOU,TEX,8,1,0,1,CU,CU,R,R,B,Ball,80.7,80.7,0.55,0.55,-1.13,-1.13,2362.0,2362.0,17.0,17.0,2,6.9,6.9,-1.73,-1.73,6.53,6.53,cube8_cluster1,5,0.9329937931257575,CU,76.99877318439641,-5.367173817726275,-11.507933500365382
2025-09-15,621381,621381,518692,LAD,PHI,8,0,2,2,SL,SL,L,L,S,Freddie Freeman strikes out swinging.,83.3,83.3,-0.55,0.55,0.2,0.2,2720.0,2720.0,249.0,111.0,5,6.2,6.2,3.57,-3.57,5.45,5.45,cube18_cluster0,19,1.6091097522429676,ST,82.39979834504943,-13.544589222277772,1.1739775938238428
2025-09-15,607455,607455,664056,LAD,PHI,1,0,2,2,FF,FF,L,L,S,Harrison Bader strikes out swinging.,95.7,95.7,0.82,-0.82,1.22,1.22,2274.0,2274.0,136.0,224.0,8,6.2,6.2,2.65,-2.65,5.65,5.65,cube61_cluster0,650,1.1153348674458796,FF,93.56609940362357,10.767633610073183,11.615865923476361
2025-09-15,829272,829272,671739,WSH,ATL,6,2,1,0,FF,FF,L,L,S,Foul,92.6,92.6,0.84,-0.84,1.45,1.45,2366.0,2366.0,139.0,221.0,8,6.4,6.4,1.84,-1.84,5.47,5.47,cube61_cluster0,650,0.9580482112429655,FF,93.56609940362357,10.767633610073183,11.615865923476361
2025-09-15,656945,656945,681082,LAD,PHI,9,0,1,2,SL,SL,L,L,S,Foul,90.3,90.3,-0.54,0.54,0.05,0.05,2636.0,2636.0,237.0,123.0,5,6.2,6.2,2.51,-2.51,5.13,5.13,cube25_cluster0,134,1.3624653088690604,SL,84.71727501905048,-6.356816171388189,1.485555081783951
2025-09-15,829272,829272,671739,WSH,ATL,6,2,0,0,SL,SL,L,L,B,Ball,83.4,83.4,-0.23,0.23,0.11,0.11,2398.0,2398.0,230.0,130.0,5,6.3,6.3,1.83,-1.83,5.57,5.57,cube24_cluster0,201,0.8315022516891315,SL,85.05707893868184,-5.4676349917482,1.0599892053755027
2025-09-15,656546,656546,666139,TB,TOR,9,1,0,0,FF,FF,R,R,S,Swinging Strike,95.2,95.2,-1.03,-1.03,1.43,1.43,2522.0,2522.0,223.0,223.0,8,6.3,6.3,-2.17,-2.17,5.85,5.85,cube61_cluster0,650,1.1614092373753349,FF,93.56609940362357,10.767633610073183,11.615865923476361
2025-09-15,702056,702056,650490,TB,TOR,1,0,0,0,FF,FF,R,R,S,Called Strike,95.7,95.7,-0.11,-0.11,1.61,1.61,2311.0,2311.0,192.0,192.0,7,6.2,6.2,-0.4,-0.4,7.22,7.22,cube50_cluster0,37,2.594748362926839,SL,89.4318003898919,-0.37548710296403526,10.18704890209373
2025-09-15,701519,701519,700250,MIN,NYY,8,0,2,1,FF,FF,R,R,B,Ball,94.8,94.8,-0.16,-0.16,1.39,1.39,2534.0,2534.0,212.0,212.0,8,6.1,6.1,-0.64,-0.64,6.25,6.25,cube50_cluster0,37,1.5134612418132776,SL,89.4318003898919,-0.37548710296403526,10.18704890209373
2025-09-15,656222,656222,642715,AZ,SF,9,0,2,1,FF,FF,L,L,S,Swinging Strike,91.9,91.9,0.7,-0.7,1.21,1.21,2027.0,2027.0,154.0,206.0,8,6.4,6.4,1.2,-1.2,5.88,5.88,cube60_cluster0,1088,0.9645230632945222,FF,92.17053866131751,10.618556738155133,11.426031596706425
2025-09-15,701487,701487,519317,MIN,NYY,9,0,2,1,CH,CH,R,R,S,Swinging Strike,80.6,80.6,-0.89,-0.89,0.67,0.67,2265.0,2265.0,254.0,254.0,9,6.5,6.5,-0.83,-0.83,6.0,6.0,cube59_cluster0,234,1.740807527851314,FF,89.27696125383754,10.588468754256617,10.304337269887236
2025-09-15,596133,596133,663616,MIN,NYY,7,0,1,2,FF,FF,R,R,S,Foul,96.7,96.7,-0.82,-0.82,1.59,1.59,2493.0,2493.0,206.0,206.0,8,6.1,6.1,-1.41,-1.41,5.65,5.65,cube60_cluster0,1088,1.5893476249121155,FF,92.17053866131751,10.618556738155133,11.426031596706425
2025-09-15,693312,693312,664023,PIT,CHC,7,1,0,0,FF,FF,R,R,S,Called Strike,98.1,98.1,-0.65,-0.65,1.23,1.23,2388.0,2388.0,212.0,212.0,8,7.1,7.1,-1.01,-1.01,6.07,6.07,cube60_cluster0,1088,2.007743216795554,FF,92.17053866131751,10.618556738155133,11.426031596706425
2025-09-15,689147,689147,660271,LAD,PHI,7,1,0,0,FF,FF,R,R,S,Called Strike,98.0,98.0,-0.79,-0.79,1.37,1.37,2271.0,2271.0,225.0,225.0,9,6.4,6.4,-1.32,-1.32,5.78,5.78,cube60_cluster0,1088,1.1616991037194102,FF,92.17053866131751,10.618556738155133,11.426031596706425
2025-09-15,650556,650556,673962,HOU,TEX,9,0,0,1,SL,SL,R,R,B,Ball,87.6,87.6,0.51,0.51,-0.54,-0.54,2894.0,2894.0,49.0,49.0,3,6.4,6.4,-2.7,-2.7,5.67,5.67,cube10_cluster0,173,1.259766147169858,ST,82.08401130843858,-12.249969959417843,-5.792755621368389
2025-09-15,688497,688497,656305,AZ,SF,7,0,1,2,FS,FS,R,R,B,Ball,84.0,84.0,-1.01,-1.01,0.82,0.82,1512.0,1512.0,213.0,213.0,8,6.5,6.5,0.1,0.1,6.58,6.58,cube59_cluster0,234,2.615089452458978,FF,89.27696125383754,10.588468754256617,10.304337269887236
2025-09-15,688297,688297,663886,STL,CIN,7,0,1,2,FC,FC,R,R,B,Ball,87.1,87.1,0.7,0.7,-0.19,-0.19,2205.0,2205.0,90.0,90.0,4,7.0,7.0,-1.57,-1.57,5.08,5.08,cube25_cluster0,134,1.81724739403674,SL,84.71727501905048,-6.356816171388189,1.485555081783951
2025-09-15,687911,687911,694671,HOU,TEX,7,2,0,0,FF,FF,L,L,S,Called Strike,91.7,91.7,0.49,-0.49,1.35,1.35,2183.0,2183.0,148.0,212.0,8,6.6,6.6,2.83,-2.83,5.62,5.62,cube61_cluster0,650,1.268774600056533,FF,93.56609940362357,10.767633610073183,11.615865923476361
2025-09-15,687863,687863,693304,PIT,CHC,9,1,1,1,SL,SL,R,R,B,Ball,87.6,87.6,0.88,0.88,0.5,0.5,2559.0,2559.0,64.0,64.0,3,7.3,7.3,-2.6,-2.6,5.63,5.63,cube33_cluster1,4,1.3440144262618012,CU,87.03806300600712,-4.169347463186675,3.7905776736134102
2025-09-15,647336,647336,457705,PIT,CHC,7,0,2,1,FF,FF,R,R,B,Ball,95.2,95.2,-0.47,-0.47,1.09,1.09,2656.0,2656.0,232.0,232.0,9,6.5,6.5,-2.73,-2.73,5.55,5.55,cube52_cluster0,159,1.376978647101786,FC,90.76795186341266,-0.1350320156357884,9.625773571373404
2025-09-15,687330,687330,665926,TB,TOR,11,1,2,0,SI,SI,R,R,S,Called Strike,92.2,92.2,-1.38,-1.38,-0.2,-0.2,2127.0,2127.0,249.0,249.0,9,7.2,7.2,-1.35,-1.35,3.83,3.83,cube61_cluster2,4,2.356060273070068,SI,91.72819039904783,16.422670491739225,0.9956202628660393
2025-09-15,686973,686973,700246,TB,TOR,8,0,3,0,FF,FF,R,R,S,Called Strike,97.5,97.5,-0.89,-0.89,1.27,1.27,2293.0,2293.0,220.0,220.0,8,6.6,6.6,-3.01,-3.01,5.42,5.42,cube62_cluster1,11,1.347317498021027,FF,95.54242544913883,5.728019039608564,15.221051570629365
2025-09-15,643377,643377,662139,TB,TOR,10,1,0,0,ST,ST,R,R,S,Foul,88.5,88.5,1.24,1.24,0.11,0.11,3075.0,3075.0,41.0,41.0,2,6.3,6.3,-0.63,-0.63,5.42,5.42,cube16_cluster1,3,2.1502081792200816,SL,84.62908556149733,-4.066402139037433,-1.9111454545454545
2025-09-15,669920,669920,669701,HOU,TEX,1,0,1,2,CH,CH,R,R,S,Foul,81.5,81.5,-1.71,-1.71,0.47,0.47,1995.0,1995.0,259.0,259.0,10,6.3,6.3,-1.71,-1.71,5.74,5.74,cube67_cluster0,835,1.4318786930332685,CH,90.86602419473125,13.606542467363951,8.526706287157376
2025-09-15,686218,686218,592663,LAD,PHI,1,1,1,2,SL,SL,R,R,S,Foul,86.9,86.9,0.28,0.28,0.18,0.18,2345.0,2345.0,177.0,177.0,7,6.4,6.4,-1.16,-1.16,5.43,5.43,cube32_cluster0,191,1.3426540077296796,SL,86.80283260847423,-3.994445228339661,3.088972714840957
2025-09-15,683175,683175,663457,STL,CIN,8,0,1,2,FF,FF,R,R,B,Ball,99.0,99.0,-0.78,-0.78,1.39,1.39,2583.0,2583.0,226.0,226.0,9,5.8,5.8,-1.67,-1.67,5.86,5.86,cube66_cluster1,5,1.738187952334403,FF,93.24252622389831,13.00015635891318,12.382567932373675
2025-09-15,592791,592791,687462,PIT,CHC,1,1,0,0,FF,FF,R,R,B,Ball,91.9,91.9,-0.68,-0.68,1.69,1.69,2282.0,2282.0,207.0,207.0,8,6.7,6.7,-1.24,-1.24,6.16,6.16,cube60_cluster0,1088,1.5847695673200617,FF,92.17053866131751,10.618556738155133,11.426031596706425
2025-09-15,669704,669704,695657,CWS,BAL,6,0,0,2,FF,FF,R,R,B,Ball,95.4,95.4,0.17,0.17,1.18,1.18,2299.0,2299.0,189.0,189.0,7,6.1,6.1,-1.09,-1.09,6.07,6.07,cube50_cluster0,37,1.0096158338524672,SL,89.4318003898919,-0.37548710296403526,10.18704890209373
2025-09-15,607455,607455,664056,LAD,PHI,1,0,1,2,SL,SL,L,L,B,Ball,87.3,87.3,-0.71,0.71,-0.72,-0.72,2378.0,2378.0,352.0,8.0,1,6.4,6.4,2.58,-2.58,5.48,5.48,cube10_cluster0,173,1.3460816779474174,ST,82.08401130843858,-12.249969959417843,-5.792755621368389
2025-09-15,669461,669461,682622,STL,CIN,1,1,1,0,FF,FF,L,L,S,Foul Tip,92.6,92.6,0.31,-0.31,1.28,1.28,2598.0,2598.0,153.0,207.0,8,6.5,6.5,0.63,-0.63,6.53,6.53,cube50_cluster0,37,1.71155314775683,SL,89.4318003898919,-0.37548710296403526,10.18704890209373
2025-09-15,681892,681892,502671,MIN,NYY,7,1,0,0,ST,ST,L,L,S,Called Strike,80.7,80.7,-1.49,1.49,-0.36,-0.36,2406.0,2406.0,307.0,53.0,3,6.6,6.6,2.4,-2.4,5.7,5.7,cube10_cluster0,173,0.9603617891521308,ST,82.08401130843858,-12.249969959417843,-5.792755621368389
2025-09-15,681517,681517,680574,STL,CIN,8,2,1,1,ST,ST,R,R,S,Called Strike,86.8,86.8,1.28,1.28,0.33,0.33,2687.0,2687.0,78.0,78.0,4,7.0,7.0,-2.28,-2.28,5.69,5.69,cube17_cluster0,230,1.3212933281370387,ST,83.28054719292679,-11.37879274055619,0.1522002590525712
2025-09-15,669276,669276,695578,WSH,ATL,8,0,1,2,SL,SL,L,L,S,Foul,85.2,85.2,0.3,-0.3,0.67,0.67,2069.0,2069.0,171.0,189.0,7,6.3,6.3,1.75,-1.75,6.62,6.62,cube50_cluster0,37,1.3069663841091494,SL,89.4318003898919,-0.37548710296403526,10.18704890209373
2025-09-15,680755,680755,680700,TB,TOR,10,1,1,1,FF,FF,R,R,B,Ball,96.1,96.1,-0.45,-0.45,1.4,1.4,2332.0,2332.0,204.0,204.0,8,5.5,5.5,0.58,0.58,6.71,6.71,cube50_cluster0,37,3.1998639628120453,SL,89.4318003898919,-0.37548710296403526,10.18704890209373
2025-09-15,668933,668933,663457,STL,CIN,6,2,2,1,SL,SL,R,R,S,Swinging Strike,88.5,88.5,0.86,0.86,0.02,0.02,2866.0,2866.0,34.0,34.0,2,5.6,5.6,-0.71,-0.71,6.31,6.31,cube15_cluster1,4,1.5649699685634597,SL,83.959314171123,-4.504801604278075,-1.7933590909090908
2025-09-15,680732,680732,641933,CWS,BAL,2,0,1,2,KC,KC,R,R,B,Ball,82.9,82.9,0.45,0.45,-1.0,-1.0,2584.0,2584.0,20.0,20.0,2,7.0,7.0,-2.25,-2.25,6.3,6.3,cube8_cluster1,5,1.5732218350354346,CU,76.99877318439641,-5.367173817726275,-11.507933500365382
2025-09-15,641793,641793,680977,STL,CIN,1,0,1,2,FF,FF,R,R,B,Ball,91.9,91.9,-0.56,-0.56,1.36,1.36,2089.0,2089.0,210.0,210.0,8,6.0,6.0,-0.85,-0.85,6.17,6.17,cube59_cluster0,234,1.217617117120972,FF,89.27696125383754,10.588468754256617,10.304337269887236
2025-09-15,668678,668678,642715,AZ,SF,1,1,0,0,KC,KC,R,R,B,Ball,80.9,80.9,0.53,0.53,-0.85,-0.85,2458.0,2458.0,39.0,39.0,2,6.1,6.1,-3.17,-3.17,5.97,5.97,cube17_cluster1,4,1.8388471230179468,CU,78.95917169292895,-10.024787945860975,-3.9433667010451945
2025-09-15,680730,680730,621566,WSH,ATL,1,0,0,0,FF,FF,L,L,B,Ball,92.8,92.8,0.27,-0.27,1.62,1.62,2092.0,2092.0,166.0,194.0,7,6.6,6.6,1.33,-1.33,6.57,6.57,cube50_cluster0,37,1.712479911062032,SL,89.4318003898919,-0.37548710296403526,10.18704890209373
2025-09-15,641329,641329,665926,TB,TOR,8,1,0,0,FF,FF,R,R,S,Called Strike,97.5,97.5,-0.37,-0.37,1.39,1.39,2219.0,2219.0,204.0,204.0,8,6.3,6.3,-0.71,-0.71,6.65,6.65,cube50_cluster0,37,1.7524381057715694,SL,89.4318003898919,-0.37548710296403526,10.18704890209373
2025-09-15,641302,641302,694212,CWS,BAL,6,2,2,1,SI,SI,L,L,S,Swinging Strike,91.8,91.8,1.34,-1.34,0.6,0.6,2191.0,2191.0,132.0,228.0,9,6.2,6.2,2.22,-2.22,5.37,5.37,cube68_cluster0,637,0.8335519167910753,FF,92.88295797031044,13.980317543503329,9.180920892722085
2025-09-15,680694,680694,643565,CWS,BAL,1,0,2,1,SL,SL,R,R,S,Swinging Strike,86.5,86.5,1.11,1.11,-0.17,-0.17,2644.0,2644.0,46.0,46.0,3,6.5,6.5,-1.41,-1.41,6.4,6.4,cube15_cluster0,23,1.3975287313252462,CU,82.92103283413093,-3.9398978499082826,-3.816941770346403
2025-09-15,666808,666808,807712,MIN,NYY,7,1,1,2,SL,SL,R,R,B,Ball In Dirt,90.7,90.7,0.59,0.59,0.06,0.06,2757.0,2757.0,62.0,62.0,3,6.6,6.6,-1.52,-1.52,5.33,5.33,cube25_cluster0,134,1.5160733843100647,SL,84.71727501905048,-6.356816171388189,1.485555081783951
2025-09-15,700669,700669,682829,STL,CIN,9,1,1,2,SL,SL,R,R,X,Elly De La Cruz doubles (30) on a fly ball to left fielder Lars Nootbaar. Tyler Stephenson to 3rd.,87.3,87.3,0.05,0.05,-0.23,-0.23,2429.0,2429.0,38.0,38.0,2,6.0,6.0,-1.52,-1.52,6.12,6.12,cube15_cluster0,23,0.817579735689853,CU,82.92103283413093,-3.9398978499082826,-3.816941770346403
2025-09-15,666711,666711,672515,AZ,SF,6,0,2,1,SI,SI,R,R,B,Ball,98.3,98.3,-1.2,-1.2,0.7,0.7,2511.0,2511.0,212.0,212.0,8,5.5,5.5,-0.97,-0.97,5.94,5.94,cube59_cluster0,234,2.2117273520336487,FF,89.27696125383754,10.588468754256617,10.304337269887236
2025-09-15,664747,664747,695734,WSH,ATL,9,0,2,1,SL,SL,R,R,S,Called Strike,85.6,85.6,0.37,0.37,0.29,0.29,2815.0,2815.0,181.0,181.0,7,7.5,7.5,-2.55,-2.55,5.18,5.18,cube44_cluster0,4,1.1519408254689796,SL,88.0675369146225,-0.9960050653074227,7.359635027078688
2025-09-15,683004,683004,665161,HOU,TEX,1,0,0,2,FF,FF,R,R,X,Jeremy Peña singles on a line drive to right fielder Adolis García.,96.6,96.6,-0.68,-0.68,1.24,1.24,2172.0,2172.0,210.0,210.0,8,6.8,6.8,-1.14,-1.14,5.6,5.6,cube60_cluster0,1088,1.4755935775686277,FF,92.17053866131751,10.618556738155133,11.426031596706425
2025-09-15,681911,681911,547180,LAD,PHI,8,0,1,2,FF,FF,L,L,X,Bryce Harper homers (27) on a fly ball to center field.,92.3,92.3,0.35,-0.35,1.79,1.79,2405.0,2405.0,163.0,197.0,8,6.3,6.3,0.21,-0.21,6.02,6.02,cube50_cluster0,37,2.2308176090717895,SL,89.4318003898919,-0.37548710296403526,10.18704890209373
2025-09-15,681676,681676,669720,STL,CIN,8,0,1,2,FF,FF,R,R,X,Austin Hays flies out to left fielder Lars Nootbaar.,95.5,95.5,-0.66,-0.66,1.5,1.5,2233.0,2233.0,201.0,201.0,8,6.3,6.3,-1.34,-1.34,5.97,5.97,cube60_cluster0,1088,1.1604613586411683,FF,92.17053866131751,10.618556738155133,11.426031596706425
2025-09-15,680573,680573,663757,MIN,NYY,1,0,1,2,FS,FS,R,R,B,Ball,85.7,85.7,-0.49,-0.49,0.82,0.82,903.0,903.0,219.0,219.0,8,7.0,7.0,-1.42,-1.42,6.34,6.34,cube59_cluster1,5,1.5788593898727876,SL,84.79163597246126,7.451913253012047,2.269996213425129
2025-09-15,681151,681151,641680,HOU,TEX,7,1,0,2,FF,FF,R,R,X,Jonah Heim singles on a line drive to right fielder Zach Cole.,96.9,96.9,-0.94,-0.94,1.22,1.22,2537.0,2537.0,226.0,226.0,9,6.1,6.1,-1.75,-1.75,5.81,5.81,cube60_cluster0,1088,1.2530151035250772,FF,92.17053866131751,10.618556738155133,11.426031596706425
2025-09-15,676775,676775,672515,AZ,SF,7,0,1,2,FS,FS,R,R,X,Gabriel Moreno lines out sharply to center fielder Jung Hoo Lee.,89.2,89.2,-1.25,-1.25,-0.15,-0.15,1512.0,1512.0,240.0,240.0,9,6.3,6.3,-1.55,-1.55,6.04,6.04,cube66_cluster0,197,1.0979083890824155,CH,86.84077917182076,12.525512574763452,6.567520411131463
2025-09-15,664192,664192,543510,AZ,SF,6,1,0,0,FF,FF,L,L,S,Called Strike,91.6,91.6,0.67,-0.67,1.18,1.18,2217.0,2217.0,141.0,219.0,8,6.0,6.0,2.67,-2.67,5.77,5.77,cube66_cluster1,5,1.369066980567831,FF,93.24252622389831,13.00015635891318,12.382567932373675
2025-09-15,664126,664126,665489,TB,TOR,9,1,0,1,FC,FC,R,R,S,Swinging Strike,90.4,90.4,0.7,0.7,0.18,0.18,2560.0,2560.0,100.0,100.0,4,6.4,6.4,0.12,0.12,7.04,7.04,cube15_cluster1,4,2.662826975392722,SL,83.959314171123,-4.504801604278075,-1.7933590909090908
2025-09-15,667463,667463,682622,STL,CIN,7,1,0,0,CU,CU,L,L,X,Noelvi Marte lines out to right fielder Lars Nootbaar.,78.8,78.8,-0.56,0.56,-0.95,-0.95,2874.0,2874.0,323.0,37.0,2,5.7,5.7,1.78,-1.78,5.92,5.92,cube2_cluster0,105,1.157217155337791,CU,79.2443297084492,-9.955174138547218,-13.302302310391848
2025-09-15,664294,664294,807713,PIT,CHC,8,2,2,1,SL,SL,R,R,X,"Cubs challenged (play at 1st), call on the field was upheld: Matt Shaw grounds out, shortstop Nick Gonzales to first baseman Spencer Horwitz.",83.9,83.9,-0.05,-0.05,0.01,0.01,2065.0,2065.0,284.0,284.0,10,6.2,6.2,-0.94,-0.94,5.96,5.96,cube41_cluster0,33,1.947687062374687,FC,87.52410341975036,-2.728102441946197,5.90336268676447
2025-09-15,657424,657424,664983,AZ,SF,5,1,0,1,SI,SI,L,L,X,Jake McCarthy flies out to left fielder Heliot Ramos.,91.9,91.9,1.05,-1.05,1.14,1.14,2009.0,2009.0,145.0,215.0,8,6.4,6.4,2.59,-2.59,6.01,6.01,cube67_cluster0,835,1.240662761864711,CH,90.86602419473125,13.606542467363951,8.526706287157376
2025-09-15,656457,656457,702616,CWS,BAL,1,0,1,2,ST,ST,L,L,X,Jackson Holliday flies out to left fielder Andrew Benintendi.,80.6,80.6,-1.01,1.01,0.02,0.02,2534.0,2534.0,300.0,60.0,3,5.7,5.7,4.07,-4.07,4.35,4.35,cube17_cluster1,4,2.576088459378495,CU,78.95917169292895,-10.024787945860975,-3.9433667010451945
2025-09-15,641941,641941,687363,STL,CIN,9,1,0,0,FF,FF,R,R,X,Victor Scott II flies out to right fielder Noelvi Marte.,95.4,95.4,-0.64,-0.64,1.53,1.53,2736.0,2736.0,204.0,204.0,8,7.0,7.0,-1.78,-1.78,5.51,5.51,cube61_cluster0,650,1.7166295306264383,FF,93.56609940362357,10.767633610073183,11.615865923476361
2025-09-15,664076,664076,680718,TB,TOR,7,0,1,2,ST,ST,L,L,B,Ball,80.6,80.6,-1.65,1.65,-0.14,-0.14,2714.0,2714.0,294.0,66.0,3,5.7,5.7,1.48,-1.48,4.98,4.98,cube3_cluster1,7,2.0426487415681702,CU,81.211572836182,-17.52205244065557,-6.477636799325996
2025-09-15,624133,624133,660271,LAD,PHI,1,0,1,2,SI,SI,L,L,B,Ball,91.8,91.8,1.28,-1.28,0.24,0.24,2014.0,2014.0,134.0,226.0,9,6.2,6.2,2.39,-2.39,5.48,5.48,cube68_cluster0,637,1.1156755927062654,FF,92.88295797031044,13.980317543503329,9.180920892722085
2025-09-15,622554,622554,663968,TB,TOR,7,0,1,2,FS,FS,R,R,X,"Jake Mangum grounds out, second baseman Ernie Clement to first baseman Vladimir Guerrero Jr.",86.9,86.9,-0.52,-0.52,-0.17,-0.17,782.0,782.0,263.0,263.0,10,6.5,6.5,-1.74,-1.74,5.71,5.71,cube59_cluster1,5,1.567275089553074,SL,84.79163597246126,7.451913253012047,2.269996213425129
2025-09-15,678024,678024,683002,CWS,BAL,7,0,1,2,SI,SI,R,R,S,Foul,95.2,95.2,-1.29,-1.29,0.38,0.38,2118.0,2118.0,224.0,224.0,8,6.3,6.3,-1.52,-1.52,5.92,5.92,cube67_cluster0,835,1.0782329909511126,CH,90.86602419473125,13.606542467363951,8.526706287157376
2025-09-15,608650,608650,805367,CWS,BAL,7,1,1,1,CH,CH,L,L,X,Chase Meidroth lines out to shortstop Gunnar Henderson.,84.4,84.4,1.29,-1.29,0.34,0.34,1139.0,1139.0,116.0,244.0,9,6.1,6.1,1.91,-1.91,6.3,6.3,cube66_cluster0,197,1.4232802493196681,CH,86.84077917182076,12.525512574763452,6.567520411131463
2025-09-15,663574,663574,671056,STL,CIN,7,2,1,1,SV,SV,R,R,S,Called Strike,85.6,85.6,0.99,0.99,-0.51,-0.51,2475.0,2475.0,38.0,38.0,2,5.9,5.9,-2.56,-2.56,5.29,5.29,cube17_cluster0,230,1.4622755432075456,ST,83.28054719292679,-11.37879274055619,0.1522002590525712
2025-09-15,595014,595014,656941,LAD,PHI,10,0,1,2,ST,ST,R,R,X,Kyle Schwarber lines out softly to second baseman Miguel Rojas.,85.2,85.2,1.06,1.06,0.22,0.22,2629.0,2629.0,42.0,42.0,2,5.5,5.5,-2.99,-2.99,6.27,6.27,cube16_cluster0,307,2.3405617324304195,ST,82.89780592219195,-9.539303936916792,-1.0521378651219842
2025-09-15,502085,502085,666163,LAD,PHI,10,0,1,2,KC,KC,R,R,X,"Ben Rortvedt grounds out, shortstop Bryson Stott to first baseman Bryce Harper. Mookie Betts to 3rd.",85.1,85.1,0.47,0.47,-0.92,-0.92,2793.0,2793.0,36.0,36.0,2,6.3,6.3,-2.65,-2.65,5.89,5.89,cube3_cluster0,7,1.2353854666029525,CU,81.18692210282288,-11.451773936938942,-10.945698317474191
2025-09-15,663455,663455,805373,WSH,ATL,8,1,0,0,FF,FF,L,L,S,Called Strike,91.5,91.5,0.8,-0.8,1.3,1.3,2286.0,2286.0,137.0,223.0,8,6.4,6.4,2.69,-2.69,5.89,5.89,cube61_cluster0,650,1.1481445640940666,FF,93.56609940362357,10.767633610073183,11.615865923476361
2025-09-15,677952,677952,683737,PIT,CHC,1,0,1,2,FF,FF,R,R,B,Ball,99.2,99.2,-0.63,-0.63,1.35,1.35,2527.0,2527.0,219.0,219.0,8,6.6,6.6,-0.76,-0.76,6.11,6.11,cube60_cluster0,1088,2.049863750957044,FF,92.17053866131751,10.618556738155133,11.426031596706425
2025-09-15,661395,661395,571970,LAD,PHI,9,0,1,2,FF,FF,R,R,S,Foul,101.1,101.1,-0.99,-0.99,0.95,0.95,1993.0,1993.0,231.0,231.0,9,5.9,5.9,-2.19,-2.19,5.94,5.94,cube66_cluster1,5,1.4003075111412902,FF,93.24252622389831,13.00015635891318,12.382567932373675
2025-09-15,687377,687377,621566,WSH,ATL,9,0,1,2,FF,FF,R,R,S,Matt Olson strikes out on a foul tip.,96.5,96.5,-0.76,-0.76,1.35,1.35,2663.0,2663.0,207.0,207.0,8,6.3,6.3,-1.84,-1.84,6.53,6.53,cube66_cluster1,5,1.8910170101086936,FF,93.24252622389831,13.00015635891318,12.382567932373675
2025-09-15,657756,657756,690987,WSH,ATL,8,0,0,2,CH,CH,R,R,B,Ball,83.8,83.8,-1.59,-1.59,-0.11,-0.11,2328.0,2328.0,279.0,279.0,10,6.3,6.3,-3.16,-3.16,5.03,5.03,cube62_cluster3,8,1.4787196475893971,CH,91.8214393403368,16.622861920271486,3.070316846938506
2025-09-15,678906,678906,672695,AZ,SF,1,0,3,0,FF,FF,R,R,B,Geraldo Perdomo walks.,91.2,91.2,-0.68,-0.68,1.11,1.11,2491.0,2491.0,217.0,217.0,8,6.3,6.3,-2.24,-2.24,5.66,5.66,cube61_cluster0,650,0.8768318424111692,FF,93.56609940362357,10.767633610073183,11.615865923476361
2025-09-15,675911,675911,695578,WSH,ATL,1,1,0,2,FF,FF,R,R,S,James Wood called out on strikes.,96.2,96.2,-0.81,-0.81,1.49,1.49,2367.0,2367.0,207.0,207.0,8,7.1,7.1,-1.53,-1.53,5.87,5.87,cube61_cluster0,650,1.6021070301363163,FF,93.56609940362357,10.767633610073183,11.615865923476361
2025-09-15,671212,671212,543807,TB,TOR,1,0,0,2,FF,FF,R,R,S,George Springer strikes out swinging.,97.9,97.9,-0.35,-0.35,1.11,1.11,2582.0,2582.0,218.0,218.0,8,6.4,6.4,-1.0,-1.0,5.8,5.8,cube51_cluster0,242,1.683856036453204,FC,90.51269321530226,-0.30860007748352697,10.065859987082858
2025-09-15,657612,657612,663616,MIN,NYY,8,1,0,2,SI,SI,L,L,S,Foul,89.5,89.5,1.43,-1.43,-0.63,-0.63,2158.0,2158.0,80.0,280.0,10,6.5,6.5,3.82,-3.82,2.85,2.85,cube62_cluster2,5,3.789499799627567,SI,92.38546141014736,16.54853639339138,0.6145325739291951
2025-09-15,676742,676742,663538,PIT,CHC,5,0,2,1,FF,FF,R,R,S,Foul,96.8,96.8,-0.51,-0.51,1.4,1.4,2489.0,2489.0,218.0,218.0,8,6.3,6.3,-3.19,-3.19,6.02,6.02,cube61_cluster0,650,2.025438701728213,FF,93.56609940362357,10.767633610073183,11.615865923476361
2025-09-15,607074,607074,668885,MIN,NYY,1,1,0,2,CH,CH,L,L,B,Ball,84.7,84.7,1.32,-1.32,0.14,0.14,1675.0,1675.0,129.0,231.0,9,6.5,6.5,2.21,-2.21,6.28,6.28,cube66_cluster0,197,1.3789075290709127,CH,86.84077917182076,12.525512574763452,6.567520411131463
2025-09-15,663893,663893,664040,TB,TOR,6,0,1,2,KC,KC,L,L,S,Brandon Lowe strikes out swinging.,86.5,86.5,-0.33,0.33,-0.76,-0.76,2080.0,2080.0,337.0,23.0,2,5.7,5.7,1.65,-1.65,6.32,6.32,cube15_cluster0,23,1.4891850508022428,CU,82.92103283413093,-3.9398978499082826,-3.816941770346403
2025-09-15,676263,676263,681082,LAD,PHI,7,1,0,0,SL,SL,L,L,B,Ball,87.2,87.2,-0.37,0.37,0.25,0.25,2347.0,2347.0,183.0,177.0,7,6.7,6.7,2.36,-2.36,5.83,5.83,cube43_cluster0,136,0.7059405702254281,FC,88.90138768099045,-2.867416747399959,6.084565347981601
2025-09-15,641745,641745,669707,PIT,CHC,9,2,1,2,SI,SI,R,R,S,Jared Triolo strikes out swinging.,98.2,98.2,-1.34,-1.34,0.72,0.72,2225.0,2225.0,207.0,207.0,8,6.2,6.2,-1.44,-1.44,6.28,6.28,cube60_cluster0,1088,1.3635605790746677,FF,92.17053866131751,10.618556738155133,11.426031596706425
2025-09-15,621381,621381,518692,LAD,PHI,8,0,2,1,FF,FF,L,L,S,Foul Tip,92.2,92.2,1.07,-1.07,1.4,1.4,2555.0,2555.0,135.0,225.0,9,6.3,6.3,3.46,-3.46,5.39,5.39,cube61_cluster1,4,1.8137714597539456,FF,90.06345506345505,6.430047483380817,11.373038073038074
2025-09-15,621051,621051,663624,CWS,BAL,6,0,1,2,FC,FC,R,R,S,Ryan Mountcastle strikes out swinging.,90.4,90.4,0.47,0.47,0.99,0.99,2818.0,2818.0,149.0,149.0,6,6.8,6.8,-2.19,-2.19,5.85,5.85,cube43_cluster0,136,1.3969112220392366,FC,88.90138768099045,-2.867416747399959,6.084565347981601
2025-09-15,657097,657097,621043,HOU,TEX,7,2,0,0,ST,ST,R,R,B,Ball In Dirt,82.3,82.3,1.35,1.35,-0.82,-0.82,2826.0,2826.0,30.0,30.0,2,6.2,6.2,-2.51,-2.51,5.72,5.72,cube3_cluster1,7,0.8642601719351187,CU,81.211572836182,-17.52205244065557,-6.477636799325996
2025-09-15,656945,656945,681082,LAD,PHI,9,0,1,2,SL,SL,L,L,S,Foul,90.8,90.8,-0.35,0.35,0.36,0.36,2605.0,2605.0,208.0,152.0,6,6.1,6.1,2.57,-2.57,5.11,5.11,cube43_cluster0,136,1.5948622488683524,FC,88.90138768099045,-2.867416747399959,6.084565347981601
2025-09-15,595345,595345,592626,HOU,TEX,5,2,1,2,SL,SL,L,L,S,Joc Pederson strikes out swinging.,81.4,81.4,-0.67,0.67,0.83,0.83,2477.0,2477.0,293.0,67.0,3,6.2,6.2,3.27,-3.27,5.9,5.9,cube17_cluster0,230,2.007678518073387,ST,83.28054719292679,-11.37879274055619,0.1522002590525712
2025-09-15,605218,605218,572233,HOU,TEX,8,1,0,0,FF,FF,R,R,S,Foul,94.8,94.8,0.01,0.01,1.59,1.59,2548.0,2548.0,193.0,193.0,7,6.6,6.6,-2.28,-2.28,6.48,6.48,cube51_cluster0,242,1.9117445004204476,FC,90.51269321530226,-0.30860007748352697,10.065859987082858
2025-09-15,675911,675911,695578,WSH,ATL,1,1,0,1,FF,FF,R,R,S,Foul,95.7,95.7,-0.97,-0.97,1.09,1.09,2358.0,2358.0,214.0,214.0,8,7.0,7.0,-1.65,-1.65,5.91,5.91,cube61_cluster0,650,1.215080105109863,FF,93.56609940362357,10.767633610073183,11.615865923476361
2025-09-15,621051,621051,663624,CWS,BAL,6,0,1,1,FF,FF,R,R,S,Swinging Strike,94.0,94.0,-0.36,-0.36,1.5,1.5,2420.0,2420.0,198.0,198.0,8,6.8,6.8,-2.08,-2.08,5.94,5.94,cube61_cluster0,650,1.326013091449174,FF,93.56609940362357,10.767633610073183,11.615865923476361
2025-09-15,596133,596133,663616,MIN,NYY,7,0,1,1,CH,CH,R,R,S,Swinging Strike,88.0,88.0,-1.52,-1.52,0.55,0.55,2067.0,2067.0,224.0,224.0,8,6.1,6.1,-1.53,-1.53,5.55,5.55,cube67_cluster0,835,1.1147634444201169,CH,90.86602419473125,13.606542467363951,8.526706287157376
2025-09-15,701519,701519,700250,MIN,NYY,8,0,1,1,CH,CH,R,R,B,Ball,86.9,86.9,-1.11,-1.11,0.38,0.38,1783.0,1783.0,233.0,233.0,9,6.2,6.2,-1.14,-1.14,5.67,5.67,cube66_cluster0,197,1.030202817407621,CH,86.84077917182076,12.525512574763452,6.567520411131463
2025-09-15,656457,656457,702616,CWS,BAL,1,0,0,2,ST,ST,L,L,B,Ball,81.9,81.9,-1.09,1.09,0.04,0.04,2510.0,2510.0,304.0,56.0,3,5.7,5.7,3.91,-3.91,4.46,4.46,cube17_cluster1,4,2.3667347923816577,CU,78.95917169292895,-10.024787945860975,-3.9433667010451945
2025-09-15,701487,701487,519317,MIN,NYY,9,0,1,1,CH,CH,R,R,B,Ball,80.9,80.9,-1.27,-1.27,0.38,0.38,2200.0,2200.0,253.0,253.0,9,6.4,6.4,-0.85,-0.85,5.9,5.9,cube59_cluster0,234,1.7990971172233508,FF,89.27696125383754,10.588468754256617,10.304337269887236
2025-09-15,656222,656222,642715,AZ,SF,9,0,1,1,FF,FF,L,L,B,Ball,92.6,92.6,0.79,-0.79,1.25,1.25,2070.0,2070.0,154.0,206.0,8,6.4,6.4,1.2,-1.2,5.82,5.82,cube60_cluster0,1088,0.9526166160278308,FF,92.17053866131751,10.618556738155133,11.426031596706425
2025-09-15,700669,700669,682829,STL,CIN,9,1,0,2,CU,CU,R,R,B,Ball In Dirt,84.0,84.0,0.18,0.18,-1.48,-1.48,2703.0,2703.0,10.0,10.0,1,6.3,6.3,-1.47,-1.47,6.25,6.25,cube2_cluster0,105,1.2496342781800962,CU,79.2443297084492,-9.955174138547218,-13.302302310391848
2025-09-15,502085,502085,666163,LAD,PHI,10,0,1,1,FC,FC,R,R,S,Foul Bunt,91.1,91.1,0.27,0.27,1.11,1.11,2646.0,2646.0,183.0,183.0,7,6.4,6.4,-2.82,-2.82,5.85,5.85,cube52_cluster0,159,1.3593965590256447,FC,90.76795186341266,-0.1350320156357884,9.625773571373404
2025-09-15,650556,650556,673962,HOU,TEX,9,0,0,0,FF,FF,R,R,S,Called Strike,97.6,97.6,-0.98,-0.98,1.28,1.28,2306.0,2306.0,225.0,225.0,9,6.8,6.8,-2.45,-2.45,5.41,5.41,cube61_cluster0,650,0.9956945814379723,FF,93.56609940362357,10.767633610073183,11.615865923476361
2025-09-15,688497,688497,656305,AZ,SF,7,0,0,2,FF,FF,R,R,B,Ball,89.7,89.7,0.16,0.16,1.58,1.58,2227.0,2227.0,177.0,177.0,7,6.9,6.9,0.16,0.16,6.45,6.45,cube50_cluster0,37,2.7714553406756086,SL,89.4318003898919,-0.37548710296403526,10.18704890209373
2025-09-15,671212,671212,543807,TB,TOR,1,0,0,2,FF,FF,R,R,S,Foul,98.5,98.5,-0.49,-0.49,1.43,1.43,2673.0,2673.0,220.0,220.0,8,6.5,6.5,-0.96,-0.96,5.7,5.7,cube60_cluster0,1088,2.0477844915242787,FF,92.17053866131751,10.618556738155133,11.426031596706425
2025-09-15,688297,688297,663886,STL,CIN,7,0,1,1,FC,FC,R,R,S,Foul,86.4,86.4,0.51,0.51,0.07,0.07,2363.0,2363.0,91.0,91.0,4,6.8,6.8,-2.05,-2.05,4.88,4.88,cube25_cluster0,134,1.4596990600350377,SL,84.71727501905048,-6.356816171388189,1.485555081783951
2025-09-15,687863,687863,693304,PIT,CHC,9,1,0,1,SL,SL,R,R,B,Ball,87.7,87.7,0.76,0.76,0.59,0.59,2605.0,2605.0,78.0,78.0,4,7.2,7.2,-2.43,-2.43,5.76,5.76,cube33_cluster1,4,1.4415320799392948,CU,87.03806300600712,-4.169347463186675,3.7905776736134102
2025-09-15,687377,687377,621566,WSH,ATL,9,0,1,1,SL,SL,R,R,S,Foul,87.0,87.0,-0.07,-0.07,0.21,0.21,2133.0,2133.0,165.0,165.0,7,6.2,6.2,-2.06,-2.06,6.55,6.55,cube41_cluster0,33,1.3694212403249095,FC,87.52410341975036,-2.728102441946197,5.90336268676447
2025-09-15,687330,687330,665926,TB,TOR,11,1,1,0,SI,SI,R,R,B,Ball,90.5,90.5,-1.41,-1.41,-0.13,-0.13,2141.0,2141.0,256.0,256.0,10,7.1,7.1,-1.61,-1.61,3.73,3.73,cube61_cluster2,4,2.157505718987018,SI,91.72819039904783,16.422670491739225,0.9956202628660393
2025-09-15,686973,686973,700246,TB,TOR,8,0,2,0,FF,FF,R,R,B,Ball,97.4,97.4,-0.6,-0.6,1.33,1.33,2290.0,2290.0,222.0,222.0,8,6.6,6.6,-2.93,-2.93,5.43,5.43,cube62_cluster1,11,1.2436540051701201,FF,95.54242544913883,5.728019039608564,15.221051570629365
2025-09-15,608650,608650,805367,CWS,BAL,7,1,0,1,CU,CU,L,L,B,Ball,76.9,76.9,-0.39,0.39,-1.08,-1.08,2155.0,2155.0,336.0,24.0,2,6.0,6.0,1.62,-1.62,6.49,6.49,cube8_cluster1,5,1.0247460774819928,CU,76.99877318439641,-5.367173817726275,-11.507933500365382
2025-09-15,669920,669920,669701,HOU,TEX,1,0,1,1,CH,CH,R,R,S,Called Strike,80.2,80.2,-1.53,-1.53,-0.01,-0.01,1753.0,1753.0,264.0,264.0,10,6.2,6.2,-1.63,-1.63,5.78,5.78,cube66_cluster0,197,1.4479171727858242,CH,86.84077917182076,12.525512574763452,6.567520411131463
2025-09-15,647336,647336,457705,PIT,CHC,7,0,2,0,FF,FF,R,R,S,Called Strike,94.9,94.9,-0.56,-0.56,1.28,1.28,2601.0,2601.0,233.0,233.0,9,6.4,6.4,-2.73,-2.73,5.61,5.61,cube61_cluster0,650,1.3713341752385275,FF,93.56609940362357,10.767633610073183,11.615865923476361
2025-09-15,686218,686218,592663,LAD,PHI,1,1,1,1,SL,SL,R,R,S,Called Strike,86.6,86.6,0.17,0.17,0.22,0.22,2185.0,2185.0,173.0,173.0,7,6.3,6.3,-1.21,-1.21,5.44,5.44,cube32_cluster0,191,1.396198532998883,SL,86.80283260847423,-3.994445228339661,3.088972714840957
2025-09-15,683175,683175,663457,STL,CIN,8,0,1,1,ST,ST,R,R,S,Called Strike,86.0,86.0,1.08,1.08,-0.03,-0.03,2530.0,2530.0,60.0,60.0,3,6.0,6.0,-2.04,-2.04,5.64,5.64,cube16_cluster0,307,0.7816930468141794,ST,82.89780592219195,-9.539303936916792,-1.0521378651219842
2025-09-15,607455,607455,664056,LAD,PHI,1,0,1,1,SL,SL,L,L,S,Swinging Strike,87.1,87.1,-0.83,0.83,-0.73,-0.73,2354.0,2354.0,335.0,25.0,2,6.0,6.0,2.79,-2.79,5.45,5.45,cube17_cluster1,4,1.6373999353431317,CU,78.95917169292895,-10.024787945860975,-3.9433667010451945
2025-09-15,669704,669704,695657,CWS,BAL,6,0,0,2,FF,FF,R,R,S,Foul,95.4,95.4,-0.17,-0.17,1.18,1.18,2317.0,2317.0,196.0,196.0,8,6.3,6.3,-1.02,-1.02,5.95,5.95,cube50_cluster0,37,1.2272923295140572,SL,89.4318003898919,-0.37548710296403526,10.18704890209373
2025-09-15,683004,683004,665161,HOU,TEX,1,0,0,2,FF,FF,R,R,S,Foul,98.6,98.6,-0.85,-0.85,1.43,1.43,2428.0,2428.0,213.0,213.0,8,6.8,6.8,-1.1,-1.1,5.62,5.62,cube61_cluster0,650,1.7668308850465053,FF,93.56609940362357,10.767633610073183,11.615865923476361
2025-09-15,595345,595345,592626,HOU,TEX,5,2,1,1,FF,FF,L,L,S,Called Strike,90.7,90.7,0.5,-0.5,1.44,1.44,2079.0,2079.0,141.0,219.0,8,6.2,6.2,3.13,-3.13,6.11,6.11,cube59_cluster2,6,1.8270216573792926,FF,93.07150817165655,13.135553184666456,11.807015565535274
2025-09-15,681911,681911,547180,LAD,PHI,8,0,1,1,SL,SL,L,L,S,Foul,85.4,85.4,-0.57,0.57,0.45,0.45,2441.0,2441.0,216.0,144.0,6,6.1,6.1,0.24,-0.24,6.18,6.18,cube15_cluster1,4,1.5388828127873235,SL,83.959314171123,-4.504801604278075,-1.7933590909090908
2025-09-15,669461,669461,682622,STL,CIN,1,1,0,0,FF,FF,L,L,B,Ball,95.4,95.4,0.59,-0.59,1.68,1.68,2218.0,2218.0,150.0,210.0,8,6.5,6.5,0.58,-0.58,6.52,6.52,cube50_cluster0,37,2.0714596385668886,SL,89.4318003898919,-0.37548710296403526,10.18704890209373
2025-09-15,681676,681676,669720,STL,CIN,8,0,0,2,SL,SL,R,R,B,Ball,87.7,87.7,0.11,0.11,0.15,0.15,2669.0,2669.0,107.0,107.0,5,6.5,6.5,-1.49,-1.49,5.96,5.96,cube32_cluster0,191,0.856448472170873,SL,86.80283260847423,-3.994445228339661,3.088972714840957
2025-09-15,607074,607074,668885,MIN,NYY,1,1,0,1,SL,SL,L,L,S,Called Strike,84.7,84.7,-0.19,0.19,0.19,0.19,2591.0,2591.0,252.0,108.0,5,5.9,5.9,2.57,-2.57,6.23,6.23,cube24_cluster0,201,1.6672267781966856,SL,85.05707893868184,-5.4676349917482,1.0599892053755027
2025-09-15,681517,681517,680574,STL,CIN,8,2,0,1,SL,SL,R,R,B,Ball In Dirt,92.5,92.5,0.39,0.39,0.52,0.52,2497.0,2497.0,180.0,180.0,7,7.1,7.1,-2.21,-2.21,5.58,5.58,cube53_cluster0,8,0.9218617689428946,SI,91.16707579412035,-0.6192274009804568,10.282725378849129
2025-09-15,681151,681151,641680,HOU,TEX,7,1,0,1,FF,FF,R,R,S,Swinging Strike,97.2,97.2,-1.08,-1.08,1.31,1.31,2494.0,2494.0,229.0,229.0,9,6.1,6.1,-1.84,-1.84,5.68,5.68,cube61_cluster0,650,1.3125782707828284,FF,93.56609940362357,10.767633610073183,11.615865923476361
2025-09-15,680755,680755,680700,TB,TOR,10,1,1,0,FC,FC,R,R,S,Swinging Strike,93.2,93.2,0.13,0.13,0.75,0.75,2268.0,2268.0,199.0,199.0,8,5.4,5.4,0.33,0.33,6.59,6.59,cube50_cluster0,37,2.6988549420860113,SL,89.4318003898919,-0.37548710296403526,10.18704890209373
2025-09-15,669276,669276,695578,WSH,ATL,8,0,1,1,FF,FF,L,L,S,Foul,91.3,91.3,0.81,-0.81,1.63,1.63,2305.0,2305.0,155.0,205.0,8,6.2,6.2,1.58,-1.58,6.62,6.62,cube50_cluster0,37,1.716574808973496,SL,89.4318003898919,-0.37548710296403526,10.18704890209373
2025-09-15,680732,680732,641933,CWS,BAL,2,0,1,1,KC,KC,R,R,S,Called Strike,79.4,79.4,0.16,0.16,-1.04,-1.04,2282.0,2282.0,26.0,26.0,2,7.1,7.1,-2.25,-2.25,6.3,6.3,cube8_cluster1,5,1.4414821934897546,CU,76.99877318439641,-5.367173817726275,-11.507933500365382
2025-09-15,668933,668933,663457,STL,CIN,6,2,2,0,FC,FC,R,R,S,Called Strike,95.4,95.4,0.31,0.31,0.78,0.78,2476.0,2476.0,197.0,197.0,8,5.5,5.5,-0.25,-0.25,6.52,6.52,cube50_cluster0,37,2.0737924985942193,SL,89.4318003898919,-0.37548710296403526,10.18704890209373
2025-09-15,641793,641793,680977,STL,CIN,1,0,0,2,FS,FS,R,R,B,Ball,82.7,82.7,-1.09,-1.09,0.4,0.4,1187.0,1187.0,232.0,232.0,9,5.9,5.9,-0.69,-0.69,6.25,6.25,cube66_cluster0,197,1.8300412977088722,CH,86.84077917182076,12.525512574763452,6.567520411131463
2025-09-15,641745,641745,669707,PIT,CHC,9,2,1,1,SI,SI,R,R,S,Swinging Strike,97.1,97.1,-1.34,-1.34,0.73,0.73,2203.0,2203.0,209.0,209.0,8,6.2,6.2,-1.47,-1.47,6.34,6.34,cube59_cluster0,234,1.3210324676929233,FF,89.27696125383754,10.588468754256617,10.304337269887236
2025-09-15,680694,680694,643565,CWS,BAL,1,0,1,1,SI,SI,R,R,B,Ball,94.4,94.4,-1.12,-1.12,1.15,1.15,2188.0,2188.0,197.0,197.0,8,6.3,6.3,-1.07,-1.07,6.53,6.53,cube59_cluster0,234,1.3786042090112247,FF,89.27696125383754,10.588468754256617,10.304337269887236
2025-09-15,595014,595014,656941,LAD,PHI,10,0,1,1,FF,FF,R,R,S,Called Strike,95.4,95.4,-0.86,-0.86,1.28,1.28,2520.0,2520.0,231.0,231.0,9,5.6,5.6,-2.69,-2.69,6.32,6.32,cube66_cluster1,5,0.9315745083791049,FF,93.24252622389831,13.00015635891318,12.382567932373675
2025-09-15,829272,829272,542303,WSH,ATL,6,0,1,1,CH,CH,L,L,X,"Marcell Ozuna grounds into a double play, third baseman Paul DeJong to second baseman Luis García Jr. to first baseman Josh Bell. Drake Baldwin out at 2nd. Marcell Ozuna out at 1st.",81.9,81.9,1.31,-1.31,0.75,0.75,1725.0,1725.0,125.0,235.0,9,6.2,6.2,1.57,-1.57,5.75,5.75,cube66_cluster0,197,0.9286266512361393,CH,86.84077917182076,12.525512574763452,6.567520411131463
2025-09-15,702056,702056,802415,TB,TOR,1,0,1,1,FF,FF,R,R,X,Chandler Simpson singles on a ground ball to center fielder Daulton Varsho.,94.7,94.7,0.04,0.04,1.65,1.65,2263.0,2263.0,196.0,196.0,8,6.2,6.2,-0.52,-0.52,7.06,7.06,cube50_cluster0,37,2.2885579924180273,SL,89.4318003898919,-0.37548710296403526,10.18704890209373
2025-09-15,641302,641302,694212,CWS,BAL,6,2,2,0,FF,FF,L,L,S,Foul,92.7,92.7,0.99,-0.99,1.08,1.08,2371.0,2371.0,145.0,215.0,8,6.4,6.4,2.08,-2.08,5.52,5.52,cube61_cluster0,650,0.5194676899409467,FF,93.56609940362357,10.767633610073183,11.615865923476361
2025-09-15,693312,693312,663538,PIT,CHC,7,0,0,0,FF,FF,R,R,X,Nico Hoerner flies out to left fielder Tommy Pham.,98.1,98.1,-0.38,-0.38,1.39,1.39,2317.0,2317.0,209.0,209.0,8,7.0,7.0,-1.13,-1.13,6.14,6.14,cube60_cluster0,1088,1.9345780813255933,FF,92.17053866131751,10.618556738155133,11.426031596706425
2025-09-15,666808,666808,807712,MIN,NYY,7,1,1,1,FC,FC,R,R,S,Called Strike,98.5,98.5,-0.42,-0.42,1.11,1.11,2695.0,2695.0,221.0,221.0,8,6.5,6.5,-1.65,-1.65,5.23,5.23,cube61_cluster0,650,1.6620588130910185,FF,93.56609940362357,10.767633610073183,11.615865923476361
2025-09-15,687911,687911,683227,HOU,TEX,7,1,0,2,FF,FF,L,L,X,Cody Freeman pops out to first baseman Christian Walker on the infield fly rule.,91.2,91.2,0.37,-0.37,1.28,1.28,2161.0,2161.0,148.0,212.0,8,6.7,6.7,2.78,-2.78,5.59,5.59,cube62_cluster1,11,1.1677332385322787,FF,95.54242544913883,5.728019039608564,15.221051570629365
2025-09-15,666711,666711,672515,AZ,SF,6,0,1,1,SL,SL,R,R,B,Ball,89.8,89.8,0.46,0.46,-0.12,-0.12,2559.0,2559.0,99.0,99.0,4,5.7,5.7,-1.46,-1.46,5.98,5.98,cube16_cluster1,3,1.2552494348612468,SL,84.62908556149733,-4.066402139037433,-1.9111454545454545
2025-09-15,681892,681892,665862,MIN,NYY,7,0,2,0,SI,SI,L,L,X,"Jazz Chisholm Jr. grounds out, second baseman Luke Keaschall to first baseman Edouard Julien.",93.4,93.4,1.33,-1.33,0.69,0.69,2372.0,2372.0,141.0,219.0,8,7.4,7.4,2.23,-2.23,5.73,5.73,cube62_cluster0,6,1.1509637108245574,SI,91.86488600736307,15.76720396342299,6.059817485939492
2025-09-15,680573,680573,663757,MIN,NYY,1,0,1,1,FS,FS,R,R,S,Foul,83.7,83.7,-0.39,-0.39,0.86,0.86,924.0,924.0,225.0,225.0,9,7.1,7.1,-1.52,-1.52,6.22,6.22,cube59_cluster1,5,1.5851159387169511,SL,84.79163597246126,7.451913253012047,2.269996213425129
2025-09-15,680730,680730,595777,WSH,ATL,1,0,0,2,SL,SL,L,L,X,Jurickson Profar singles on a ground ball to left fielder James Wood.,84.6,84.6,-0.51,0.51,0.23,0.23,2361.0,2361.0,299.0,61.0,3,6.9,6.9,2.26,-2.26,5.95,5.95,cube25_cluster0,134,1.1705246034421022,SL,84.71727501905048,-6.356816171388189,1.485555081783951
2025-09-15,664747,664747,695734,WSH,ATL,9,0,1,1,SL,SL,R,R,B,Ball,85.9,85.9,0.36,0.36,0.52,0.52,2764.0,2764.0,169.0,169.0,7,7.6,7.6,-2.49,-2.49,5.22,5.22,cube44_cluster0,4,1.0552029479270728,SL,88.0675369146225,-0.9960050653074227,7.359635027078688
2025-09-15,664294,664294,807713,PIT,CHC,8,2,1,1,FF,FF,R,R,B,Ball,94.7,94.7,-0.86,-0.86,1.38,1.38,2368.0,2368.0,211.0,211.0,8,6.4,6.4,-0.79,-0.79,6.13,6.13,cube60_cluster0,1088,1.6804745430544898,FF,92.17053866131751,10.618556738155133,11.426031596706425
2025-09-15,676263,676263,596146,LAD,PHI,7,0,2,0,SL,SL,L,L,X,"Max Kepler grounds out, second baseman Miguel Rojas to first baseman Freddie Freeman. Otto Kemp to 3rd.",88.1,88.1,-0.26,0.26,0.41,0.41,2395.0,2395.0,171.0,189.0,7,6.5,6.5,2.56,-2.56,5.9,5.9,cube43_cluster0,136,0.8226423799000879,FC,88.90138768099045,-2.867416747399959,6.084565347981601
2025-09-15,678906,678906,672695,AZ,SF,1,0,2,0,FF,FF,R,R,B,Ball,92.2,92.2,-0.76,-0.76,1.22,1.22,2381.0,2381.0,218.0,218.0,8,6.4,6.4,-2.19,-2.19,5.52,5.52,cube61_cluster0,650,0.6495571213322427,FF,93.56609940362357,10.767633610073183,11.615865923476361
2025-09-15,668678,668678,808982,AZ,SF,1,0,2,0,FF,FF,R,R,X,Jung Hoo Lee pops out to shortstop Geraldo Perdomo.,93.6,93.6,-0.1,-0.1,1.43,1.43,2335.0,2335.0,210.0,210.0,8,6.2,6.2,-3.03,-3.03,6.04,6.04,cube52_cluster0,159,1.8859892038756232,FC,90.76795186341266,-0.1350320156357884,9.625773571373404
2025-09-15,664126,664126,665489,TB,TOR,9,1,0,0,SL,SL,R,R,S,Called Strike,82.8,82.8,0.77,0.77,-0.84,-0.84,2525.0,2525.0,41.0,41.0,2,6.0,6.0,0.09,0.09,7.23,7.23,cube1_cluster0,11,2.504613701081272,CU,80.41940225841523,-7.8151704354474925,-14.345667881001397
2025-09-15,667463,667463,670770,STL,CIN,7,1,1,1,SI,SI,L,L,X,TJ Friedl singles on a ground ball to center fielder Victor Scott II. Matt McLain scores.,92.7,92.7,1.34,-1.34,0.11,0.11,2231.0,2231.0,127.0,233.0,9,6.1,6.1,1.9,-1.9,5.5,5.5,cube67_cluster0,835,1.3668220638058037,CH,90.86602419473125,13.606542467363951,8.526706287157376
2025-09-15,664192,664192,691783,AZ,SF,6,1,2,0,FF,FF,L,L,X,Jordan Lawlar doubles (6) on a sharp fly ball to left fielder Heliot Ramos. Blaze Alexander scores.,92.7,92.7,0.61,-0.61,1.29,1.29,2233.0,2233.0,151.0,209.0,8,5.9,5.9,1.95,-1.95,6.09,6.09,cube66_cluster1,5,1.064767496520018,FF,93.24252622389831,13.00015635891318,12.382567932373675
2025-09-15,664076,664076,680718,TB,TOR,7,0,1,1,SI,SI,L,L,S,Called Strike,96.4,96.4,1.6,-1.6,0.34,0.34,2361.0,2361.0,135.0,225.0,9,5.9,5.9,1.48,-1.48,5.12,5.12,cube68_cluster0,637,2.1103131305393736,FF,92.88295797031044,13.980317543503329,9.180920892722085
2025-09-15,663455,663455,671739,WSH,ATL,8,0,1,1,FF,FF,L,L,X,Michael Harris II lines out to left fielder James Wood.,91.6,91.6,0.99,-0.99,1.14,1.14,2386.0,2386.0,134.0,226.0,9,6.3,6.3,2.64,-2.64,5.89,5.89,cube61_cluster0,650,1.129190437359075,FF,93.56609940362357,10.767633610073183,11.615865923476361
2025-09-15,657097,657097,805904,HOU,TEX,7,2,1,1,CH,CH,R,R,X,Zach Cole singles on a sharp line drive to right fielder Adolis García. Jeremy Peña scores. Zach Cole to 2nd.,86.0,86.0,-1.4,-1.4,1.03,1.03,2353.0,2353.0,239.0,239.0,9,6.1,6.1,-2.51,-2.51,5.88,5.88,cube66_cluster1,5,1.4866091482574195,FF,93.24252622389831,13.00015635891318,12.382567932373675
2025-09-15,656546,656546,691406,TB,TOR,9,0,1,1,FS,FS,R,R,X,"Junior Caminero grounds out, shortstop Andrés Giménez to first baseman Vladimir Guerrero Jr.",87.7,87.7,-1.12,-1.12,0.07,0.07,1581.0,1581.0,246.0,246.0,9,6.4,6.4,-2.37,-2.37,5.76,5.76,cube66_cluster0,197,1.410810730976563,CH,86.84077917182076,12.525512574763452,6.567520411131463
2025-09-15,663893,663893,664040,TB,TOR,6,0,0,2,KC,KC,L,L,B,Ball In Dirt,85.9,85.9,-0.32,0.32,-0.67,-0.67,1515.0,1515.0,346.0,14.0,1,5.8,5.8,1.67,-1.67,6.31,6.31,cube15_cluster0,23,2.4069356333818908,CU,82.92103283413093,-3.9398978499082826,-3.816941770346403
2025-09-15,678024,678024,683002,CWS,BAL,7,0,1,1,CH,CH,R,R,S,Foul,86.8,86.8,-0.93,-0.93,0.28,0.28,1474.0,1474.0,246.0,246.0,9,6.6,6.6,-1.55,-1.55,5.85,5.85,cube66_cluster0,197,0.8236471076889197,CH,86.84077917182076,12.525512574763452,6.567520411131463
2025-09-15,641329,641329,623168,TB,TOR,8,0,0,0,FF,FF,R,R,X,"Tyler Heineman out on a sacrifice bunt, third baseman Tristan Gray to second baseman Brandon Lowe. Ernie Clement to 3rd.",96.0,96.0,-0.46,-0.46,1.39,1.39,2252.0,2252.0,203.0,203.0,8,6.4,6.4,-0.59,-0.59,6.68,6.68,cube50_cluster0,37,1.8522210968485788,SL,89.4318003898919,-0.37548710296403526,10.18704890209373
2025-09-15,624133,624133,660271,LAD,PHI,1,0,1,1,SL,SL,L,L,S,Swinging Strike,79.1,79.1,-0.39,0.39,0.18,0.18,2152.0,2152.0,259.0,101.0,4,6.0,6.0,2.51,-2.51,5.55,5.55,cube25_cluster0,134,1.4963046997517098,SL,84.71727501905048,-6.356816171388189,1.485555081783951
2025-09-15,663574,663574,671056,STL,CIN,7,2,0,1,SV,SV,R,R,B,Ball,84.8,84.8,1.09,1.09,-0.66,-0.66,2400.0,2400.0,26.0,26.0,2,6.0,6.0,-2.57,-2.57,5.26,5.26,cube10_cluster0,173,1.4922692624113234,ST,82.08401130843858,-12.249969959417843,-5.792755621368389
2025-09-15,605218,605218,514888,HOU,TEX,8,0,1,1,FF,FF,R,R,X,Jose Altuve flies out to right fielder Adolis García.,95.8,95.8,0.04,0.04,1.7,1.7,2685.0,2685.0,199.0,199.0,8,6.9,6.9,-2.3,-2.3,6.37,6.37,cube62_cluster1,11,2.2214131200316056,FF,95.54242544913883,5.728019039608564,15.221051570629365
2025-09-15,592791,592791,669707,PIT,CHC,1,0,1,1,FC,FC,R,R,X,"Jared Triolo grounds out, third baseman Matt Shaw to first baseman Michael Busch.",85.3,85.3,0.59,0.59,0.44,0.44,2578.0,2578.0,153.0,153.0,6,6.4,6.4,-1.31,-1.31,6.24,6.24,cube31_cluster0,31,0.8090411692777308,SL,85.53907999105853,-4.021504116996385,3.5159534946310442
2025-09-15,689147,689147,624424,LAD,PHI,7,0,0,2,FF,FF,R,R,S,Michael Conforto called out on strikes.,97.5,97.5,-0.93,-0.93,1.27,1.27,2275.0,2275.0,230.0,230.0,9,6.3,6.3,-1.37,-1.37,5.72,5.72,cube60_cluster0,1088,1.061058603149745,FF,92.17053866131751,10.618556738155133,11.426031596706425
2025-09-15,661395,661395,571970,LAD,PHI,9,0,1,1,SI,SI,R,R,S,Foul,98.0,98.0,-1.16,-1.16,0.05,0.05,1852.0,1852.0,237.0,237.0,9,6.0,6.0,-2.43,-2.43,5.94,5.94,cube67_cluster0,835,1.6672300822912058,CH,90.86602419473125,13.606542467363951,8.526706287157376
2025-09-15,677952,677952,683737,PIT,CHC,1,0,0,2,SL,SL,R,R,B,Ball,95.1,95.1,0.3,0.3,0.72,0.72,2670.0,2670.0,194.0,194.0,7,6.5,6.5,-0.99,-0.99,6.08,6.08,cube50_cluster0,37,1.5307845530364235,SL,89.4318003898919,-0.37548710296403526,10.18704890209373
2025-09-15,676775,676775,672515,AZ,SF,7,0,1,1,SI,SI,R,R,S,Foul,95.2,95.2,-1.29,-1.29,0.35,0.35,2275.0,2275.0,226.0,226.0,9,6.2,6.2,-1.38,-1.38,6.1,6.1,cube60_cluster0,1088,1.3346812312513798,FF,92.17053866131751,10.618556738155133,11.426031596706425
2025-09-15,657756,657756,690987,WSH,ATL,8,0,0,1,CH,CH,R,R,S,Called Strike,82.2,82.2,-1.57,-1.57,-0.12,-0.12,2174.0,2174.0,271.0,271.0,10,6.4,6.4,-3.1,-3.1,5.07,5.07,cube62_cluster3,8,1.4770127005975346,CH,91.8214393403368,16.622861920271486,3.070316846938506
2025-09-15,676742,676742,663538,PIT,CHC,5,0,1,1,FF,FF,R,R,B,Ball,96.7,96.7,-0.45,-0.45,1.38,1.38,2562.0,2562.0,209.0,209.0,8,6.4,6.4,-3.0,-3.0,6.19,6.19,cube61_cluster0,650,2.0279450672239614,FF,93.56609940362357,10.767633610073183,11.615865923476361
2025-09-15,657612,657612,663616,MIN,NYY,8,1,0,1,SI,SI,L,L,S,Foul,88.9,88.9,1.78,-1.78,-0.53,-0.53,2071.0,2071.0,79.0,281.0,10,6.6,6.6,3.8,-3.8,2.99,2.99,cube62_cluster2,5,3.5630295832590546,SI,92.38546141014736,16.54853639339138,0.6145325739291951
2025-09-15,622554,622554,663968,TB,TOR,7,0,0,2,FS,FS,R,R,B,Ball,85.8,85.8,-0.51,-0.51,0.73,0.73,959.0,959.0,252.0,252.0,9,6.3,6.3,-1.94,-1.94,5.69,5.69,cube59_cluster1,5,1.7177670942969339,SL,84.79163597246126,7.451913253012047,2.269996213425129
2025-09-15,621381,621381,518692,LAD,PHI,8,0,2,0,FF,FF,L,L,S,Foul,91.9,91.9,1.06,-1.06,1.29,1.29,2475.0,2475.0,137.0,223.0,8,6.1,6.1,3.49,-3.49,5.44,5.44,cube61_cluster1,4,1.8964350408740653,FF,90.06345506345505,6.430047483380817,11.373038073038074
2025-09-15,657424,657424,664983,AZ,SF,5,1,0,0,SL,SL,L,L,S,Called Strike,85.4,85.4,-0.4,0.4,0.16,0.16,2250.0,2250.0,251.0,109.0,5,6.3,6.3,2.46,-2.46,6.16,6.16,cube24_cluster0,201,1.249642148180385,SL,85.05707893868184,-5.4676349917482,1.0599892053755027
2025-09-15,643377,643377,672386,TB,TOR,10,0,0,2,ST,ST,R,R,S,Alejandro Kirk strikes out swinging.,89.3,89.3,1.12,1.12,-0.38,-0.38,3179.0,3179.0,35.0,35.0,2,6.4,6.4,-0.55,-0.55,5.48,5.48,cube16_cluster1,3,2.2839748372162565,SL,84.62908556149733,-4.066402139037433,-1.9111454545454545
2025-09-15,641941,641941,699625,STL,CIN,9,0,0,2,FS,FS,R,R,S,Jimmy Crooks strikes out swinging.,82.8,82.8,-0.61,-0.61,0.14,0.14,1122.0,1122.0,231.0,231.0,9,7.2,7.2,-1.63,-1.63,5.5,5.5,cube59_cluster1,5,1.3091018705352193,SL,84.79163597246126,7.451913253012047,2.269996213425129
2025-09-15,656945,656945,681082,LAD,PHI,9,0,0,2,SL,SL,L,L,B,Ball,90.1,90.1,-0.57,0.57,0.17,0.17,2717.0,2717.0,249.0,111.0,5,6.3,6.3,2.36,-2.36,5.22,5.22,cube25_cluster0,134,1.154461460224643,SL,84.71727501905048,-6.356816171388189,1.485555081783951
2025-09-15,829272,829272,542303,WSH,ATL,6,0,0,1,KC,KC,L,L,B,Ball,72.3,72.3,-0.17,0.17,-1.7,-1.7,2552.0,2552.0,347.0,13.0,1,6.1,6.1,1.38,-1.38,5.93,5.93,cube1_cluster1,12,1.0676133528704328,SL,75.6473201147479,-7.778794447221829,-14.516224951759256
2025-09-15,621381,621381,518692,LAD,PHI,8,0,1,0,FC,FC,L,L,B,Ball,87.4,87.4,0.25,-0.25,1.05,1.05,2651.0,2651.0,159.0,201.0,8,6.4,6.4,3.5,-3.5,5.28,5.28,cube61_cluster1,4,1.686896931126332,FF,90.06345506345505,6.430047483380817,11.373038073038074
2025-09-15,702056,702056,802415,TB,TOR,1,0,1,0,FF,FF,R,R,S,Called Strike,95.0,95.0,-0.15,-0.15,1.58,1.58,2365.0,2365.0,195.0,195.0,8,6.1,6.1,-0.35,-0.35,7.1,7.1,cube50_cluster0,37,2.4305499543086415,SL,89.4318003898919,-0.37548710296403526,10.18704890209373
2025-09-15,621051,621051,663624,CWS,BAL,6,0,1,0,ST,ST,R,R,S,Foul,81.9,81.9,1.15,1.15,0.18,0.18,2679.0,2679.0,53.0,53.0,3,6.6,6.6,-2.62,-2.62,5.78,5.78,cube17_cluster0,230,0.8332067118015013,ST,83.28054719292679,-11.37879274055619,0.1522002590525712
2025-09-15,656546,656546,691406,TB,TOR,9,0,1,0,SL,SL,R,R,S,Swinging Strike,87.4,87.4,0.02,0.02,0.6,0.6,2505.0,2505.0,188.0,188.0,7,6.3,6.3,-2.19,-2.19,5.88,5.88,cube42_cluster0,221,0.7313043197453126,FC,88.14517513894621,-2.9372479967817404,6.184306080936519
2025-09-15,596133,596133,663616,MIN,NYY,7,0,0,1,CH,CH,R,R,B,Ball,89.3,89.3,-1.28,-1.28,0.95,0.95,2085.0,2085.0,222.0,222.0,8,6.1,6.1,-1.55,-1.55,5.57,5.57,cube67_cluster0,835,1.0130207176950627,CH,90.86602419473125,13.606542467363951,8.526706287157376
2025-09-15,656457,656457,702616,CWS,BAL,1,0,0,1,SI,SI,L,L,S,Called Strike,88.3,88.3,1.26,-1.26,0.14,0.14,2105.0,2105.0,113.0,247.0,9,6.0,6.0,4.13,-4.13,4.55,4.55,cube62_cluster3,8,2.1367599401315207,CH,91.8214393403368,16.622861920271486,3.070316846938506
2025-09-15,701519,701519,700250,MIN,NYY,8,0,1,0,FF,FF,R,R,S,Called Strike,95.1,95.1,0.11,0.11,1.26,1.26,2511.0,2511.0,209.0,209.0,8,6.3,6.3,-0.66,-0.66,6.12,6.12,cube50_cluster0,37,1.4687520826092944,SL,89.4318003898919,-0.37548710296403526,10.18704890209373
2025-09-15,701487,701487,519317,MIN,NYY,9,0,1,0,FF,FF,R,R,S,Called Strike,92.4,92.4,-0.76,-0.76,1.58,1.58,2279.0,2279.0,204.0,204.0,8,6.3,6.3,-0.87,-0.87,5.89,5.89,cube60_cluster0,1088,1.5985222049080716,FF,92.17053866131751,10.618556738155133,11.426031596706425
2025-09-15,656222,656222,642715,AZ,SF,9,0,1,0,CH,CH,L,L,S,Called Strike,87.4,87.4,1.06,-1.06,1.16,1.16,2031.0,2031.0,133.0,227.0,9,6.1,6.1,1.37,-1.37,6.0,6.0,cube59_cluster0,234,0.6482693259730695,FF,89.27696125383754,10.588468754256617,10.304337269887236
2025-09-15,700669,700669,682829,STL,CIN,9,1,0,1,FF,FF,R,R,S,Called Strike,95.1,95.1,-0.54,-0.54,1.2,1.2,2000.0,2000.0,210.0,210.0,8,6.2,6.2,-1.51,-1.51,6.21,6.21,cube59_cluster0,234,0.9888422198817653,FF,89.27696125383754,10.588468754256617,10.304337269887236
2025-09-15,689147,689147,624424,LAD,PHI,7,0,0,1,ST,ST,R,R,S,Foul,87.1,87.1,0.87,0.87,0.3,0.3,2890.0,2890.0,64.0,64.0,3,6.1,6.1,-1.84,-1.84,5.43,5.43,cube17_cluster0,230,1.3895523485169217,ST,83.28054719292679,-11.37879274055619,0.1522002590525712
2025-09-15,688497,688497,656305,AZ,SF,7,0,0,1,FF,FF,R,R,S,Foul,89.1,89.1,0.21,0.21,1.65,1.65,2162.0,2162.0,179.0,179.0,7,6.8,6.8,0.23,0.23,6.43,6.43,cube50_cluster0,37,2.8011263874062298,SL,89.4318003898919,-0.37548710296403526,10.18704890209373
2025-09-15,688297,688297,663886,STL,CIN,7,0,1,0,SI,SI,R,R,S,Called Strike,96.0,96.0,-1.35,-1.35,0.64,0.64,2184.0,2184.0,252.0,252.0,9,7.0,7.0,-1.73,-1.73,4.99,4.99,cube62_cluster0,6,1.46906366219957,SI,91.86488600736307,15.76720396342299,6.059817485939492
2025-09-15,687911,687911,683227,HOU,TEX,7,1,0,1,FF,FF,L,L,S,Foul,89.7,89.7,0.31,-0.31,1.2,1.2,1985.0,1985.0,142.0,218.0,8,6.6,6.6,3.0,-3.0,5.56,5.56,cube61_cluster1,4,1.339735782021482,FF,90.06345506345505,6.430047483380817,11.373038073038074
2025-09-15,671212,671212,543807,TB,TOR,1,0,0,1,SL,SL,R,R,S,Called Strike,90.8,90.8,0.32,0.32,0.21,0.21,2662.0,2662.0,132.0,132.0,5,6.4,6.4,-1.13,-1.13,5.79,5.79,cube32_cluster0,191,1.1110924821092754,SL,86.80283260847423,-3.994445228339661,3.088972714840957
2025-09-15,647336,647336,457705,PIT,CHC,7,0,1,0,FF,FF,R,R,B,Ball,93.9,93.9,-0.68,-0.68,1.37,1.37,2535.0,2535.0,230.0,230.0,9,6.3,6.3,-2.69,-2.69,5.61,5.61,cube61_cluster0,650,1.3151963765792078,FF,93.56609940362357,10.767633610073183,11.615865923476361
2025-09-15,687863,687863,693304,PIT,CHC,9,1,0,0,FF,FF,R,R,S,Called Strike,96.5,96.5,-0.17,-0.17,1.25,1.25,2427.0,2427.0,193.0,193.0,7,7.2,7.2,-2.12,-2.12,5.87,5.87,cube62_cluster1,11,1.2415330810740364,FF,95.54242544913883,5.728019039608564,15.221051570629365
2025-09-15,687377,687377,621566,WSH,ATL,9,0,0,1,SL,SL,R,R,B,Ball,87.0,87.0,0.18,0.18,0.35,0.35,2158.0,2158.0,187.0,187.0,7,6.2,6.2,-2.08,-2.08,6.52,6.52,cube41_cluster0,33,1.2492427614306911,FC,87.52410341975036,-2.728102441946197,5.90336268676447
2025-09-15,608650,608650,805367,CWS,BAL,7,1,0,0,FF,FF,L,L,S,Called Strike,94.0,94.0,0.39,-0.39,1.33,1.33,1928.0,1928.0,154.0,206.0,8,6.3,6.3,1.88,-1.88,6.41,6.41,cube59_cluster0,234,1.4207526939204085,FF,89.27696125383754,10.588468754256617,10.304337269887236
2025-09-15,687330,687330,665926,TB,TOR,11,1,0,0,SI,SI,R,R,B,Ball,91.6,91.6,-1.28,-1.28,-0.27,-0.27,2153.0,2153.0,250.0,250.0,9,7.1,7.1,-1.59,-1.59,3.85,3.85,cube61_cluster2,4,2.0537585904203044,SI,91.72819039904783,16.422670491739225,0.9956202628660393
2025-09-15,686973,686973,700246,TB,TOR,8,0,1,0,SL,SL,R,R,B,Ball,94.2,94.2,-0.06,-0.06,0.81,0.81,2391.0,2391.0,208.0,208.0,8,6.8,6.8,-3.0,-3.0,5.48,5.48,cube53_cluster0,8,1.182233927507015,SI,91.16707579412035,-0.6192274009804568,10.282725378849129
2025-09-15,643377,643377,672386,TB,TOR,10,0,0,1,ST,ST,R,R,S,Foul,87.7,87.7,0.98,0.98,0.07,0.07,3124.0,3124.0,44.0,44.0,2,6.4,6.4,-0.56,-0.56,5.42,5.42,cube16_cluster1,3,2.1238307546911908,SL,84.62908556149733,-4.066402139037433,-1.9111454545454545
2025-09-15,669920,669920,669701,HOU,TEX,1,0,1,0,SI,SI,R,R,S,Called Strike,91.3,91.3,-1.36,-1.36,0.42,0.42,2135.0,2135.0,245.0,245.0,9,6.4,6.4,-1.67,-1.67,5.76,5.76,cube67_cluster0,835,0.7910154759336567,CH,90.86602419473125,13.606542467363951,8.526706287157376
2025-09-15,686218,686218,592663,LAD,PHI,1,1,0,1,FF,FF,R,R,B,Ball,93.6,93.6,-0.36,-0.36,1.5,1.5,2187.0,2187.0,207.0,207.0,8,6.4,6.4,-0.89,-0.89,5.62,5.62,cube60_cluster0,1088,1.6791657528192638,FF,92.17053866131751,10.618556738155133,11.426031596706425
2025-09-15,641941,641941,699625,STL,CIN,9,0,0,1,FS,FS,R,R,S,Swinging Strike,82.7,82.7,-0.73,-0.73,-0.04,-0.04,1017.0,1017.0,239.0,239.0,9,7.2,7.2,-1.72,-1.72,5.58,5.58,cube59_cluster1,5,1.4020682722692488,SL,84.79163597246126,7.451913253012047,2.269996213425129
2025-09-15,607455,607455,664056,LAD,PHI,1,0,1,0,SL,SL,L,L,S,Called Strike,84.7,84.7,-0.8,0.8,-0.57,-0.57,2306.0,2306.0,324.0,36.0,2,6.0,6.0,2.75,-2.75,5.48,5.48,cube17_cluster1,4,1.4469611822367767,CU,78.95917169292895,-10.024787945860975,-3.9433667010451945
2025-09-15,683175,683175,663457,STL,CIN,8,0,0,1,FF,FF,R,R,B,Ball,97.8,97.8,-1.01,-1.01,1.25,1.25,2351.0,2351.0,229.0,229.0,9,6.1,6.1,-1.74,-1.74,5.81,5.81,cube60_cluster0,1088,1.072133728720205,FF,92.17053866131751,10.618556738155133,11.426031596706425
2025-09-15,669704,669704,695657,CWS,BAL,6,0,0,1,FC,FC,R,R,S,Swinging Strike,90.4,90.4,0.69,0.69,0.28,0.28,2582.0,2582.0,103.0,103.0,4,6.3,6.3,-1.28,-1.28,5.88,5.88,cube32_cluster0,191,1.040552487751863,SL,86.80283260847423,-3.994445228339661,3.088972714840957
2025-09-15,683004,683004,665161,HOU,TEX,1,0,0,1,SL,SL,R,R,S,Swinging Strike,89.3,89.3,0.43,0.43,0.4,0.4,2524.0,2524.0,127.0,127.0,5,6.7,6.7,-1.25,-1.25,5.71,5.71,cube32_cluster0,191,1.0227708729874798,SL,86.80283260847423,-3.994445228339661,3.088972714840957
2025-09-15,681911,681911,547180,LAD,PHI,8,0,0,1,FF,FF,L,L,B,Ball,91.4,91.4,0.45,-0.45,1.71,1.71,2402.0,2402.0,170.0,190.0,7,5.9,5.9,0.26,-0.26,6.0,6.0,cube50_cluster0,37,2.131750670643888,SL,89.4318003898919,-0.37548710296403526,10.18704890209373
2025-09-15,641793,641793,680977,STL,CIN,1,0,0,1,FS,FS,R,R,S,Swinging Strike,84.0,84.0,-1.33,-1.33,0.04,0.04,1279.0,1279.0,236.0,236.0,9,6.1,6.1,-0.63,-0.63,6.18,6.18,cube59_cluster1,5,1.7794076513651182,SL,84.79163597246126,7.451913253012047,2.269996213425129
2025-09-15,681892,681892,665862,MIN,NYY,7,0,1,0,ST,ST,L,L,B,Ball,80.9,80.9,-1.35,1.35,-0.29,-0.29,2457.0,2457.0,303.0,57.0,3,7.1,7.1,2.63,-2.63,5.63,5.63,cube17_cluster0,230,1.4608242378247973,ST,83.28054719292679,-11.37879274055619,0.1522002590525712
2025-09-15,592791,592791,669707,PIT,CHC,1,0,0,1,FF,FF,R,R,B,Ball,92.6,92.6,-0.5,-0.5,1.45,1.45,2338.0,2338.0,204.0,204.0,8,6.6,6.6,-1.0,-1.0,6.25,6.25,cube50_cluster0,37,1.5385066979312694,SL,89.4318003898919,-0.37548710296403526,10.18704890209373
2025-09-15,681676,681676,669720,STL,CIN,8,0,0,1,SL,SL,R,R,S,Swinging Strike,87.6,87.6,0.12,0.12,0.14,0.14,2628.0,2628.0,101.0,101.0,4,6.3,6.3,-1.68,-1.68,6.01,6.01,cube24_cluster0,201,0.7611671424113313,SL,85.05707893868184,-5.4676349917482,1.0599892053755027
2025-09-15,595345,595345,592626,HOU,TEX,5,2,0,1,SL,SL,L,L,B,Ball,81.1,81.1,-0.49,0.49,1.06,1.06,2342.0,2342.0,270.0,90.0,4,6.1,6.1,3.33,-3.33,5.96,5.96,cube25_cluster0,134,2.3727425662780277,SL,84.71727501905048,-6.356816171388189,1.485555081783951
2025-09-15,681517,681517,680574,STL,CIN,8,2,0,0,SI,SI,R,R,S,Called Strike,96.6,96.6,-1.25,-1.25,0.97,0.97,2147.0,2147.0,212.0,212.0,8,7.1,7.1,-2.14,-2.14,5.75,5.75,cube61_cluster0,650,1.1597281671999085,FF,93.56609940362357,10.767633610073183,11.615865923476361
2025-09-15,681151,681151,641680,HOU,TEX,7,1,0,0,FF,FF,R,R,S,Called Strike,95.6,95.6,-0.96,-0.96,1.21,1.21,2457.0,2457.0,229.0,229.0,9,6.0,6.0,-1.82,-1.82,5.79,5.79,cube60_cluster0,1088,1.163746895642351,FF,92.17053866131751,10.618556738155133,11.426031596706425
2025-09-15,669276,669276,695578,WSH,ATL,8,0,1,0,FF,FF,L,L,S,Called Strike,92.0,92.0,0.71,-0.71,1.61,1.61,2233.0,2233.0,155.0,205.0,8,6.4,6.4,1.61,-1.61,6.58,6.58,cube50_cluster0,37,1.7141006103998329,SL,89.4318003898919,-0.37548710296403526,10.18704890209373
2025-09-15,680755,680755,680700,TB,TOR,10,1,0,0,SL,SL,R,R,B,Ball,88.5,88.5,0.21,0.21,0.32,0.32,2339.0,2339.0,177.0,177.0,7,5.4,5.4,0.62,0.62,6.76,6.76,cube15_cluster1,4,3.119464168448887,SL,83.959314171123,-4.504801604278075,-1.7933590909090908
2025-09-15,668933,668933,663457,STL,CIN,6,2,1,0,SL,SL,R,R,B,Ball,87.3,87.3,1.01,1.01,0.0,0.0,2911.0,2911.0,52.0,52.0,3,5.5,5.5,-0.83,-0.83,6.31,6.31,cube15_cluster1,4,1.6880369459952786,SL,83.959314171123,-4.504801604278075,-1.7933590909090908
2025-09-15,607074,607074,668885,MIN,NYY,1,1,0,0,FF,FF,L,L,S,Called Strike,92.4,92.4,1.21,-1.21,1.39,1.39,2382.0,2382.0,139.0,221.0,8,6.1,6.1,2.22,-2.22,6.44,6.44,cube66_cluster1,5,1.0834060685377456,FF,93.24252622389831,13.00015635891318,12.382567932373675
2025-09-15,680732,680732,641933,CWS,BAL,2,0,1,0,FF,FF,R,R,S,Foul,92.7,92.7,-0.86,-0.86,1.26,1.26,2432.0,2432.0,198.0,198.0,8,7.3,7.3,-2.04,-2.04,6.27,6.27,cube62_cluster1,11,1.8629015942352753,FF,95.54242544913883,5.728019039608564,15.221051570629365
2025-09-15,595014,595014,656941,LAD,PHI,10,0,0,1,ST,ST,R,R,B,Ball,85.8,85.8,0.81,0.81,0.26,0.26,2686.0,2686.0,49.0,49.0,3,5.4,5.4,-3.05,-3.05,6.27,6.27,cube16_cluster0,307,2.516718904050299,ST,82.89780592219195,-9.539303936916792,-1.0521378651219842
2025-09-15,680730,680730,595777,WSH,ATL,1,0,0,1,FF,FF,L,L,S,Called Strike,92.5,92.5,0.68,-0.68,1.54,1.54,2213.0,2213.0,161.0,199.0,8,7.1,7.1,1.28,-1.28,6.36,6.36,cube60_cluster0,1088,1.992561246480842,FF,92.17053866131751,10.618556738155133,11.426031596706425
2025-09-15,668678,668678,808982,AZ,SF,1,0,1,0,FF,FF,R,R,B,Ball,94.5,94.5,-0.43,-0.43,1.57,1.57,2415.0,2415.0,216.0,216.0,8,6.5,6.5,-2.88,-2.88,6.0,6.0,cube62_cluster1,11,1.6832206086453063,FF,95.54242544913883,5.728019039608564,15.221051570629365
2025-09-15,641745,641745,669707,PIT,CHC,9,2,0,1,FF,FF,R,R,B,Ball,97.8,97.8,-0.17,-0.17,1.28,1.28,2345.0,2345.0,199.0,199.0,8,6.1,6.1,-1.44,-1.44,6.37,6.37,cube50_cluster0,37,1.2183940449890815,SL,89.4318003898919,-0.37548710296403526,10.18704890209373
2025-09-15,641302,641302,694212,CWS,BAL,6,2,1,0,ST,ST,L,L,B,Ball,81.5,81.5,-1.14,1.14,0.01,0.01,2667.0,2667.0,290.0,70.0,3,6.2,6.2,2.34,-2.34,5.18,5.18,cube17_cluster0,230,0.8541852333788588,ST,83.28054719292679,-11.37879274055619,0.1522002590525712
2025-09-15,667463,667463,670770,STL,CIN,7,1,0,1,SI,SI,L,L,B,Ball,92.9,92.9,1.21,-1.21,0.27,0.27,2270.0,2270.0,129.0,231.0,9,6.0,6.0,1.77,-1.77,5.53,5.53,cube67_cluster0,835,1.3554153266639166,CH,90.86602419473125,13.606542467363951,8.526706287157376
2025-09-15,680694,680694,643565,CWS,BAL,1,0,0,1,FF,FF,R,R,B,Ball,93.6,93.6,0.1,0.1,1.26,1.26,2378.0,2378.0,192.0,192.0,7,6.4,6.4,-1.07,-1.07,6.57,6.57,cube50_cluster0,37,1.1826011033594923,SL,89.4318003898919,-0.37548710296403526,10.18704890209373
2025-09-15,666808,666808,807712,MIN,NYY,7,1,0,1,SL,SL,R,R,B,Ball,89.3,89.3,0.69,0.69,0.01,0.01,2734.0,2734.0,69.0,69.0,3,6.3,6.3,-1.44,-1.44,5.46,5.46,cube24_cluster0,201,1.3090676575067137,SL,85.05707893868184,-5.4676349917482,1.0599892053755027
2025-09-15,502085,502085,666163,LAD,PHI,10,0,1,0,FC,FC,R,R,S,Foul Bunt,90.4,90.4,0.39,0.39,1.28,1.28,2675.0,2675.0,180.0,180.0,7,6.4,6.4,-2.71,-2.71,5.82,5.82,cube52_cluster0,159,1.4326869315117567,FC,90.76795186341266,-0.1350320156357884,9.625773571373404
2025-09-15,693312,693312,683737,PIT,CHC,6,2,1,0,CU,CU,R,R,X,Michael Busch grounds out to first baseman Spencer Horwitz.,85.3,85.3,0.42,0.42,-1.04,-1.04,2697.0,2697.0,49.0,49.0,3,7.0,7.0,-1.14,-1.14,5.9,5.9,cube2_cluster0,105,1.759054589927625,CU,79.2443297084492,-9.955174138547218,-13.302302310391848
2025-09-15,664747,664747,695734,WSH,ATL,9,0,0,1,FF,FF,R,R,B,Ball,96.4,96.4,-0.92,-0.92,1.2,1.2,2712.0,2712.0,228.0,228.0,9,7.5,7.5,-2.43,-2.43,5.04,5.04,cube62_cluster1,11,1.6630499380002455,FF,95.54242544913883,5.728019039608564,15.221051570629365
2025-09-15,666711,666711,672515,AZ,SF,6,0,1,0,FF,FF,R,R,S,Called Strike,98.0,98.0,-0.83,-0.83,1.1,1.1,2260.0,2260.0,216.0,216.0,8,5.5,5.5,-1.13,-1.13,6.01,6.01,cube59_cluster0,234,1.7877537683484,FF,89.27696125383754,10.588468754256617,10.304337269887236
2025-09-15,680573,680573,663757,MIN,NYY,1,0,1,0,FF,FF,R,R,S,Called Strike,91.2,91.2,-0.32,-0.32,1.51,1.51,2240.0,2240.0,210.0,210.0,8,6.7,6.7,-1.38,-1.38,6.48,6.48,cube50_cluster0,37,1.6069811246111212,SL,89.4318003898919,-0.37548710296403526,10.18704890209373
2025-09-15,664294,664294,807713,PIT,CHC,8,2,1,0,SL,SL,R,R,S,Foul,82.7,82.7,-0.18,-0.18,0.18,0.18,2151.0,2151.0,286.0,286.0,11,6.3,6.3,-1.14,-1.14,6.02,6.02,cube41_cluster0,33,1.8407731102601563,FC,87.52410341975036,-2.728102441946197,5.90336268676447
2025-09-15,678906,678906,672695,AZ,SF,1,0,1,0,ST,ST,R,R,B,Ball,83.0,83.0,1.18,1.18,0.31,0.31,2706.0,2706.0,62.0,62.0,3,6.3,6.3,-2.41,-2.41,5.45,5.45,cube17_cluster0,230,0.6577380275482468,ST,83.28054719292679,-11.37879274055619,0.1522002590525712
2025-09-15,664192,664192,691783,AZ,SF,6,1,1,0,CU,CU,L,L,B,Ball In Dirt,77.5,77.5,-0.39,0.39,-0.29,-0.29,2107.0,2107.0,347.0,13.0,1,5.7,5.7,2.29,-2.29,6.64,6.64,cube8_cluster1,5,1.9335316229567165,CU,76.99877318439641,-5.367173817726275,-11.507933500365382
2025-09-15,669461,669461,670770,STL,CIN,1,0,1,0,SI,SI,L,L,X,"TJ Friedl grounds out, second baseman Brendan Donovan to first baseman Willson Contreras.",94.6,94.6,1.12,-1.12,1.1,1.1,2092.0,2092.0,147.0,213.0,8,6.4,6.4,0.55,-0.55,6.52,6.52,cube59_cluster0,234,1.6810134512390513,FF,89.27696125383754,10.588468754256617,10.304337269887236
2025-09-15,664126,664126,664770,TB,TOR,9,0,1,0,FF,FF,R,R,X,Nathan Lukes lines out to center fielder Jake Mangum.,96.5,96.5,-0.35,-0.35,1.61,1.61,2362.0,2362.0,196.0,196.0,8,6.3,6.3,-0.25,-0.25,6.88,6.88,cube50_cluster0,37,2.4002789835255864,SL,89.4318003898919,-0.37548710296403526,10.18704890209373
2025-09-15,657424,657424,543510,AZ,SF,5,0,0,1,FF,FF,L,L,X,"James McCann grounds out, second baseman Casey Schmitt to first baseman Rafael Devers.",92.2,92.2,0.16,-0.16,1.24,1.24,2283.0,2283.0,161.0,199.0,8,6.3,6.3,2.48,-2.48,6.2,6.2,cube51_cluster0,242,1.2837394964446494,FC,90.51269321530226,-0.30860007748352697,10.065859987082858
2025-09-15,664076,664076,680718,TB,TOR,7,0,1,0,SI,SI,L,L,S,Called Strike,96.7,96.7,1.54,-1.54,0.54,0.54,2446.0,2446.0,136.0,224.0,8,5.8,5.8,1.34,-1.34,5.1,5.1,cube68_cluster0,637,2.33019698099017,FF,92.88295797031044,13.980317543503329,9.180920892722085
2025-09-15,650556,650556,680737,HOU,TEX,9,0,0,1,SI,SI,R,R,X,Michael Helman singles on a ground ball to center fielder Jake Meyers.,96.3,96.3,-1.3,-1.3,0.88,0.88,2116.0,2116.0,222.0,222.0,8,6.6,6.6,-2.69,-2.69,5.34,5.34,cube68_cluster0,637,0.7620464670886479,FF,92.88295797031044,13.980317543503329,9.180920892722085
2025-09-15,641329,641329,676391,TB,TOR,8,0,0,1,CH,CH,R,R,X,Ernie Clement doubles (31) on a line drive to left fielder Chandler Simpson.,84.2,84.2,-1.07,-1.07,0.62,0.62,1980.0,1980.0,222.0,222.0,8,6.3,6.3,-0.72,-0.72,6.59,6.59,cube59_cluster0,234,1.4871445073125578,FF,89.27696125383754,10.588468754256617,10.304337269887236
2025-09-15,678024,678024,683002,CWS,BAL,7,0,1,0,SI,SI,R,R,S,Called Strike,94.9,94.9,-1.3,-1.3,0.56,0.56,2174.0,2174.0,216.0,216.0,8,6.5,6.5,-1.59,-1.59,5.92,5.92,cube60_cluster0,1088,0.88552840097792,FF,92.17053866131751,10.618556738155133,11.426031596706425
2025-09-15,663893,663893,664040,TB,TOR,6,0,0,1,KC,KC,L,L,S,Swinging Strike,86.4,86.4,-0.09,0.09,-0.97,-0.97,2041.0,2041.0,341.0,19.0,2,5.7,5.7,1.72,-1.72,6.28,6.28,cube15_cluster0,23,1.7514494768993276,CU,82.92103283413093,-3.9398978499082826,-3.816941770346403
2025-09-15,663574,663574,671056,STL,CIN,7,2,0,0,FF,FF,R,R,S,Called Strike,94.8,94.8,-1.11,-1.11,1.05,1.05,2305.0,2305.0,223.0,223.0,8,6.2,6.2,-2.56,-2.56,5.29,5.29,cube68_cluster0,637,1.0730499223841505,FF,92.88295797031044,13.980317543503329,9.180920892722085
2025-09-15,624133,624133,660271,LAD,PHI,1,0,0,1,SL,SL,L,L,B,Ball,79.4,79.4,-0.44,0.44,0.36,0.36,2204.0,2204.0,270.0,90.0,4,6.2,6.2,2.38,-2.38,5.56,5.56,cube25_cluster0,134,1.1868719223033144,SL,84.71727501905048,-6.356816171388189,1.485555081783951
2025-09-15,663455,663455,671739,WSH,ATL,8,0,0,1,SL,SL,L,L,B,Ball,82.1,82.1,-0.08,0.08,-0.01,-0.01,2455.0,2455.0,325.0,35.0,2,6.2,6.2,2.5,-2.5,5.96,5.96,cube16_cluster0,307,1.2451713175409747,ST,82.89780592219195,-9.539303936916792,-1.0521378651219842
2025-09-15,677952,677952,683737,PIT,CHC,1,0,0,1,CU,CU,R,R,S,Called Strike,84.6,84.6,0.78,0.78,-1.02,-1.02,2823.0,2823.0,43.0,43.0,2,6.2,6.2,-0.87,-0.87,6.4,6.4,cube1_cluster0,11,0.7304219494153739,CU,80.41940225841523,-7.8151704354474925,-14.345667881001397
2025-09-15,661395,661395,571970,LAD,PHI,9,0,0,1,KC,KC,R,R,B,Ball,88.3,88.3,0.37,0.37,-0.94,-0.94,2734.0,2734.0,34.0,34.0,2,6.0,6.0,-2.36,-2.36,5.93,5.93,cube3_cluster0,7,1.4264365402149435,CU,81.18692210282288,-11.451773936938942,-10.945698317474191
2025-09-15,676775,676775,672515,AZ,SF,7,0,0,1,SI,SI,R,R,B,Ball,96.7,96.7,-1.09,-1.09,0.54,0.54,2284.0,2284.0,224.0,224.0,8,6.2,6.2,-1.52,-1.52,6.17,6.17,cube60_cluster0,1088,1.1541441795018288,FF,92.17053866131751,10.618556738155133,11.426031596706425
2025-09-15,657756,657756,690987,WSH,ATL,8,0,0,0,FF,FF,R,R,S,Foul,92.1,92.1,-0.58,-0.58,1.56,1.56,2166.0,2166.0,230.0,230.0,9,6.2,6.2,-3.07,-3.07,5.45,5.45,cube61_cluster0,650,1.8264328995419306,FF,93.56609940362357,10.767633610073183,11.615865923476361
2025-09-15,622554,622554,663968,TB,TOR,7,0,0,1,FF,FF,R,R,S,Called Strike,96.8,96.8,-0.32,-0.32,1.22,1.22,2349.0,2349.0,213.0,213.0,8,6.3,6.3,-2.11,-2.11,5.54,5.54,cube61_cluster0,650,1.0370724249527938,FF,93.56609940362357,10.767633610073183,11.615865923476361
2025-09-15,676742,676742,663538,PIT,CHC,5,0,0,1,FF,FF,R,R,B,Ball,99.2,99.2,-0.68,-0.68,1.37,1.37,2599.0,2599.0,217.0,217.0,8,6.4,6.4,-3.09,-3.09,5.78,5.78,cube62_cluster1,11,1.8482210498697966,FF,95.54242544913883,5.728019039608564,15.221051570629365
2025-09-15,657612,657612,663616,MIN,NYY,8,1,0,0,SI,SI,L,L,S,Called Strike,87.6,87.6,1.69,-1.69,-0.48,-0.48,2034.0,2034.0,74.0,286.0,11,6.6,6.6,3.77,-3.77,2.97,2.97,cube62_cluster2,5,3.5873083743881864,SI,92.38546141014736,16.54853639339138,0.6145325739291951
2025-09-15,605218,605218,514888,HOU,TEX,8,0,1,0,CU,CU,R,R,S,Called Strike,78.3,78.3,0.52,0.52,-1.09,-1.09,2185.0,2185.0,25.0,25.0,2,6.6,6.6,-1.91,-1.91,6.64,6.64,cube8_cluster1,5,0.44709458565438975,CU,76.99877318439641,-5.367173817726275,-11.507933500365382
2025-09-15,676263,676263,596146,LAD,PHI,7,0,1,0,FF,FF,L,L,B,Ball,92.0,92.0,0.6,-0.6,1.67,1.67,2525.0,2525.0,156.0,204.0,8,6.8,6.8,2.26,-2.26,5.9,5.9,cube61_cluster0,650,1.4504524236476872,FF,93.56609940362357,10.767633610073183,11.615865923476361
2025-09-15,675911,675911,695578,WSH,ATL,1,1,0,0,FF,FF,R,R,S,Called Strike,95.7,95.7,-0.78,-0.78,1.28,1.28,2246.0,2246.0,209.0,209.0,8,7.0,7.0,-1.68,-1.68,5.88,5.88,cube61_cluster0,650,1.2319055560718712,FF,93.56609940362357,10.767633610073183,11.615865923476361
2025-09-15,657097,657097,805904,HOU,TEX,7,2,1,0,CH,CH,R,R,S,Swinging Strike,85.7,85.7,-1.54,-1.54,1.05,1.05,2376.0,2376.0,239.0,239.0,9,6.4,6.4,-2.61,-2.61,5.78,5.78,cube68_cluster0,637,1.4400246153968537,FF,92.88295797031044,13.980317543503329,9.180920892722085
2025-09-15,656945,656945,681082,LAD,PHI,9,0,0,1,SL,SL,L,L,S,Swinging Strike,89.9,89.9,-0.32,0.32,0.15,0.15,2697.0,2697.0,221.0,139.0,6,6.2,6.2,2.66,-2.66,5.15,5.15,cube25_cluster0,134,1.5227287785206025,SL,84.71727501905048,-6.356816171388189,1.485555081783951
2025-09-15,702056,702056,802415,TB,TOR,1,0,0,0,FF,FF,R,R,B,Ball,94.2,94.2,-0.24,-0.24,1.63,1.63,2358.0,2358.0,194.0,194.0,7,6.2,6.2,-0.48,-0.48,7.02,7.02,cube50_cluster0,37,2.2654442691778716,SL,89.4318003898919,-0.37548710296403526,10.18704890209373
2025-09-15,656546,656546,691406,TB,TOR,9,0,0,0,SL,SL,R,R,B,Ball,87.9,87.9,-0.27,-0.27,0.66,0.66,2525.0,2525.0,216.0,216.0,8,6.3,6.3,-2.42,-2.42,5.89,5.89,cube52_cluster0,159,1.0582569681217535,FC,90.76795186341266,-0.1350320156357884,9.625773571373404
2025-09-15,656457,656457,702616,CWS,BAL,1,0,0,0,ST,ST,L,L,S,Called Strike,78.8,78.8,-0.89,0.89,-0.08,-0.08,2408.0,2408.0,300.0,60.0,3,5.6,5.6,4.04,-4.04,4.5,4.5,cube17_cluster1,4,2.4133862291926063,CU,78.95917169292895,-10.024787945860975,-3.9433667010451945
2025-09-15,701519,701519,700250,MIN,NYY,8,0,0,0,FF,FF,R,R,B,Ball,95.1,95.1,-0.42,-0.42,1.46,1.46,2496.0,2496.0,206.0,206.0,8,6.1,6.1,-0.82,-0.82,6.17,6.17,cube50_cluster0,37,1.5050043289573058,SL,89.4318003898919,-0.37548710296403526,10.18704890209373
2025-09-15,701487,701487,519317,MIN,NYY,9,0,0,0,FC,FC,R,R,B,Ball,84.9,84.9,0.29,0.29,0.63,0.63,2125.0,2125.0,195.0,195.0,8,6.2,6.2,-0.96,-0.96,5.99,5.99,cube41_cluster0,33,0.9786789333042122,FC,87.52410341975036,-2.728102441946197,5.90336268676447
2025-09-15,700669,700669,682829,STL,CIN,9,1,0,0,CU,CU,R,R,S,Swinging Strike (Blocked),82.3,82.3,0.22,0.22,-1.41,-1.41,2700.0,2700.0,14.0,14.0,1,6.3,6.3,-1.47,-1.47,6.21,6.21,cube2_cluster0,105,1.0544983274628594,CU,79.2443297084492,-9.955174138547218,-13.302302310391848
2025-09-15,693312,693312,683737,PIT,CHC,6,2,0,0,CU,CU,R,R,B,Ball,84.0,84.0,0.59,0.59,-1.0,-1.0,2682.0,2682.0,34.0,34.0,2,7.0,7.0,-1.07,-1.07,5.84,5.84,cube2_cluster0,105,1.7063343848945338,CU,79.2443297084492,-9.955174138547218,-13.302302310391848
2025-09-15,671212,671212,543807,TB,TOR,1,0,0,0,SL,SL,R,R,S,Called Strike,91.2,91.2,0.21,0.21,0.18,0.18,2614.0,2614.0,144.0,144.0,6,6.2,6.2,-1.1,-1.1,5.88,5.88,cube32_cluster0,191,1.159611522054261,SL,86.80283260847423,-3.994445228339661,3.088972714840957
2025-09-15,656222,656222,642715,AZ,SF,9,0,0,0,FF,FF,L,L,B,Ball,91.8,91.8,0.68,-0.68,1.26,1.26,1994.0,1994.0,150.0,210.0,8,6.3,6.3,1.1,-1.1,6.01,6.01,cube59_cluster0,234,0.9151371594854376,FF,89.27696125383754,10.588468754256617,10.304337269887236
2025-09-15,621051,621051,663624,CWS,BAL,6,0,0,0,FF,FF,R,R,B,Ball,93.3,93.3,-0.24,-0.24,1.57,1.57,2620.0,2620.0,201.0,201.0,8,6.8,6.8,-2.13,-2.13,6.05,6.05,cube51_cluster0,242,1.6675957338355176,FC,90.51269321530226,-0.30860007748352697,10.065859987082858
2025-09-15,689147,689147,624424,LAD,PHI,7,0,0,0,ST,ST,R,R,S,Called Strike,87.3,87.3,0.82,0.82,0.25,0.25,2921.0,2921.0,57.0,57.0,3,5.9,5.9,-1.77,-1.77,5.51,5.51,cube16_cluster0,307,1.5129836014288482,ST,82.89780592219195,-9.539303936916792,-1.0521378651219842
2025-09-15,688497,688497,656305,AZ,SF,7,0,0,0,FF,FF,R,R,S,Called Strike,88.0,88.0,0.1,0.1,1.55,1.55,2128.0,2128.0,178.0,178.0,7,6.7,6.7,0.15,0.15,6.5,6.5,cube50_cluster0,37,2.601707625629649,SL,89.4318003898919,-0.37548710296403526,10.18704890209373
2025-09-15,650556,650556,680737,HOU,TEX,9,0,0,0,FF,FF,R,R,S,Foul,96.3,96.3,-0.82,-0.82,1.36,1.36,2257.0,2257.0,223.0,223.0,8,6.6,6.6,-2.76,-2.76,5.39,5.39,cube61_cluster0,650,1.1990871933592964,FF,93.56609940362357,10.767633610073183,11.615865923476361
2025-09-15,688297,688297,663886,STL,CIN,7,0,0,0,SI,SI,R,R,B,Ball,94.7,94.7,-1.43,-1.43,0.68,0.68,2120.0,2120.0,254.0,254.0,9,6.7,6.7,-1.8,-1.8,5.09,5.09,cube68_cluster0,637,1.146848697627235,FF,92.88295797031044,13.980317543503329,9.180920892722085
2025-09-15,687911,687911,683227,HOU,TEX,7,1,0,0,FF,FF,L,L,S,Called Strike,90.4,90.4,0.45,-0.45,1.16,1.16,1862.0,1862.0,143.0,217.0,8,6.6,6.6,2.68,-2.68,5.62,5.62,cube68_cluster0,637,1.4003713636075021,FF,92.88295797031044,13.980317543503329,9.180920892722085
2025-09-15,647336,647336,457705,PIT,CHC,7,0,0,0,FF,FF,R,R,B,Ball,94.8,94.8,-0.42,-0.42,1.26,1.26,2598.0,2598.0,226.0,226.0,9,6.3,6.3,-2.7,-2.7,5.56,5.56,cube52_cluster0,159,1.411875347058501,FC,90.76795186341266,-0.1350320156357884,9.625773571373404
2025-09-15,687377,687377,621566,WSH,ATL,9,0,0,0,FF,FF,R,R,S,Called Strike,94.7,94.7,-0.63,-0.63,1.42,1.42,2571.0,2571.0,210.0,210.0,8,6.2,6.2,-1.93,-1.93,6.55,6.55,cube66_cluster1,5,1.6758306797600577,FF,93.24252622389831,13.00015635891318,12.382567932373675
2025-09-15,686973,686973,700246,TB,TOR,8,0,0,0,KC,KC,R,R,B,Ball,88.4,88.4,0.45,0.45,-0.1,-0.1,2456.0,2456.0,43.0,43.0,2,6.5,6.5,-2.76,-2.76,5.57,5.57,cube25_cluster0,134,1.0726126368276012,SL,84.71727501905048,-6.356816171388189,1.485555081783951
2025-09-15,686218,686218,592663,LAD,PHI,1,1,0,0,FF,FF,R,R,S,Foul,94.6,94.6,-0.65,-0.65,1.41,1.41,2300.0,2300.0,210.0,210.0,8,6.5,6.5,-0.92,-0.92,5.63,5.63,cube60_cluster0,1088,1.5526243798022341,FF,92.17053866131751,10.618556738155133,11.426031596706425
2025-09-15,669920,669920,669701,HOU,TEX,1,0,0,0,SI,SI,R,R,B,Ball,90.5,90.5,-1.46,-1.46,0.59,0.59,2084.0,2084.0,246.0,246.0,9,6.3,6.3,-1.9,-1.9,5.72,5.72,cube67_cluster0,835,0.6022745235909857,CH,90.86602419473125,13.606542467363951,8.526706287157376
2025-09-15,596133,596133,663616,MIN,NYY,7,0,0,0,CH,CH,R,R,S,Called Strike,88.3,88.3,-1.35,-1.35,0.91,0.91,2028.0,2028.0,220.0,220.0,8,6.2,6.2,-1.54,-1.54,5.56,5.56,cube67_cluster0,835,0.9397286169253223,CH,90.86602419473125,13.606542467363951,8.526706287157376
2025-09-15,643377,643377,672386,TB,TOR,10,0,0,0,ST,ST,R,R,S,Swinging Strike,88.5,88.5,0.72,0.72,0.2,0.2,3034.0,3034.0,47.0,47.0,3,6.2,6.2,-0.71,-0.71,5.48,5.48,cube16_cluster1,3,1.7556001279815971,SL,84.62908556149733,-4.066402139037433,-1.9111454545454545
2025-09-15,641941,641941,699625,STL,CIN,9,0,0,0,FF,FF,R,R,S,Foul,94.1,94.1,-0.37,-0.37,1.65,1.65,2463.0,2463.0,204.0,204.0,8,6.8,6.8,-1.74,-1.74,5.62,5.62,cube61_cluster0,650,1.4383330405164056,FF,93.56609940362357,10.767633610073183,11.615865923476361
2025-09-15,683175,683175,663457,STL,CIN,8,0,0,0,FF,FF,R,R,S,Foul,97.8,97.8,-0.7,-0.7,1.33,1.33,2409.0,2409.0,219.0,219.0,8,6.2,6.2,-1.68,-1.68,5.82,5.82,cube60_cluster0,1088,1.129676915874604,FF,92.17053866131751,10.618556738155133,11.426031596706425
2025-09-15,683004,683004,665161,HOU,TEX,1,0,0,0,SL,SL,R,R,S,Foul,85.8,85.8,0.54,0.54,-0.03,-0.03,2469.0,2469.0,118.0,118.0,5,6.7,6.7,-1.37,-1.37,5.71,5.71,cube24_cluster0,201,0.9617432400809882,SL,85.05707893868184,-5.4676349917482,1.0599892053755027
2025-09-15,669704,669704,695657,CWS,BAL,6,0,0,0,FF,FF,R,R,S,Called Strike,94.2,94.2,-0.16,-0.16,1.14,1.14,2290.0,2290.0,190.0,190.0,7,6.2,6.2,-1.2,-1.2,6.03,6.03,cube50_cluster0,37,0.9279559435182291,SL,89.4318003898919,-0.37548710296403526,10.18704890209373
2025-09-15,669461,669461,670770,STL,CIN,1,0,0,0,SI,SI,L,L,B,Ball,94.5,94.5,1.05,-1.05,1.16,1.16,2030.0,2030.0,150.0,210.0,8,6.5,6.5,0.48,-0.48,6.5,6.5,cube59_cluster0,234,1.7787081739296342,FF,89.27696125383754,10.588468754256617,10.304337269887236
2025-09-15,607455,607455,664056,LAD,PHI,1,0,0,0,SI,SI,L,L,B,Ball,94.7,94.7,1.28,-1.28,0.75,0.75,2116.0,2116.0,136.0,224.0,8,6.3,6.3,2.68,-2.68,5.57,5.57,cube68_cluster0,637,0.8262021146566453,FF,92.88295797031044,13.980317543503329,9.180920892722085
2025-09-15,595345,595345,592626,HOU,TEX,5,2,0,0,SL,SL,L,L,S,Called Strike,79.6,79.6,-0.65,0.65,0.96,0.96,2390.0,2390.0,273.0,87.0,4,6.0,6.0,3.29,-3.29,6.05,6.05,cube25_cluster0,134,2.4223547270830315,SL,84.71727501905048,-6.356816171388189,1.485555081783951
2025-09-15,681911,681911,547180,LAD,PHI,8,0,0,0,SL,SL,L,L,S,Swinging Strike,84.6,84.6,-0.7,0.7,0.5,0.5,2463.0,2463.0,214.0,146.0,6,5.9,5.9,0.25,-0.25,6.16,6.16,cube15_cluster1,4,1.5965134682838027,SL,83.959314171123,-4.504801604278075,-1.7933590909090908
2025-09-15,681892,681892,665862,MIN,NYY,7,0,0,0,ST,ST,L,L,B,Ball,80.8,80.8,-1.12,1.12,-0.35,-0.35,2419.0,2419.0,308.0,52.0,3,6.9,6.9,2.48,-2.48,5.74,5.74,cube10_cluster0,173,1.118415450523648,ST,82.08401130843858,-12.249969959417843,-5.792755621368389
2025-09-15,681676,681676,669720,STL,CIN,8,0,0,0,SL,SL,R,R,S,Foul,87.1,87.1,0.38,0.38,0.2,0.2,2670.0,2670.0,134.0,134.0,5,5.9,5.9,-1.77,-1.77,5.94,5.94,cube32_cluster0,191,1.128572270034613,SL,86.80283260847423,-3.994445228339661,3.088972714840957
2025-09-15,669276,669276,695578,WSH,ATL,8,0,0,0,SL,SL,L,L,B,Ball,82.6,82.6,-0.15,0.15,0.31,0.31,2072.0,2072.0,157.0,203.0,8,6.2,6.2,1.83,-1.83,6.65,6.65,cube41_cluster0,33,1.3866572961997847,FC,87.52410341975036,-2.728102441946197,5.90336268676447
2025-09-15,668933,668933,663457,STL,CIN,6,2,0,0,FC,FC,R,R,B,Ball,95.6,95.6,0.2,0.2,0.88,0.88,2520.0,2520.0,200.0,200.0,8,5.5,5.5,-0.39,-0.39,6.47,6.47,cube50_cluster0,37,1.9379348039083117,SL,89.4318003898919,-0.37548710296403526,10.18704890209373
2025-09-15,641793,641793,680977,STL,CIN,1,0,0,0,FF,FF,R,R,S,Called Strike,91.7,91.7,-0.74,-0.74,1.33,1.33,2062.0,2062.0,211.0,211.0,8,6.2,6.2,-0.91,-0.91,6.08,6.08,cube59_cluster0,234,1.059516313441467,FF,89.27696125383754,10.588468754256617,10.304337269887236
2025-09-15,680732,680732,641933,CWS,BAL,2,0,0,0,FF,FF,R,R,B,Ball,95.6,95.6,-0.43,-0.43,1.52,1.52,2525.0,2525.0,194.0,194.0,7,7.1,7.1,-2.15,-2.15,6.39,6.39,cube62_cluster1,11,1.9872555630032964,FF,95.54242544913883,5.728019039608564,15.221051570629365
2025-09-15,641745,641745,669707,PIT,CHC,9,2,0,0,FF,FF,R,R,S,Foul,97.5,97.5,-0.03,-0.03,1.29,1.29,2294.0,2294.0,199.0,199.0,8,5.8,5.8,-1.36,-1.36,6.49,6.49,cube50_cluster0,37,1.3190514484370437,SL,89.4318003898919,-0.37548710296403526,10.18704890209373
2025-09-15,502085,502085,666163,LAD,PHI,10,0,0,0,FC,FC,R,R,B,Ball,92.7,92.7,0.01,0.01,1.59,1.59,2702.0,2702.0,192.0,192.0,7,6.3,6.3,-2.85,-2.85,5.85,5.85,cube52_cluster0,159,1.8091281080984027,FC,90.76795186341266,-0.1350320156357884,9.625773571373404
2025-09-15,641329,641329,676391,TB,TOR,8,0,0,0,SL,SL,R,R,S,Called Strike,89.4,89.4,0.54,0.54,0.53,0.53,2474.0,2474.0,158.0,158.0,6,6.3,6.3,-0.57,-0.57,6.69,6.69,cube31_cluster0,31,1.4817741961442097,SL,85.53907999105853,-4.021504116996385,3.5159534946310442
2025-09-15,680730,680730,595777,WSH,ATL,1,0,0,0,FF,FF,L,L,S,Called Strike,91.6,91.6,0.71,-0.71,1.41,1.41,2253.0,2253.0,162.0,198.0,8,6.9,6.9,1.06,-1.06,6.47,6.47,cube60_cluster0,1088,1.9575131023060384,FF,92.17053866131751,10.618556738155133,11.426031596706425
2025-09-15,668678,668678,808982,AZ,SF,1,0,0,0,FF,FF,R,R,B,Ball,94.7,94.7,-0.48,-0.48,1.32,1.32,2392.0,2392.0,208.0,208.0,8,6.1,6.1,-2.9,-2.9,6.09,6.09,cube66_cluster1,5,1.4785319197770972,FF,93.24252622389831,13.00015635891318,12.382567932373675
2025-09-15,641302,641302,694212,CWS,BAL,6,2,0,0,ST,ST,L,L,B,Ball,81.1,81.1,-1.15,1.15,0.09,0.09,2569.0,2569.0,283.0,77.0,4,6.3,6.3,2.3,-2.3,5.22,5.22,cube17_cluster0,230,0.7380576692573778,ST,83.28054719292679,-11.37879274055619,0.1522002590525712
2025-09-15,667463,667463,670770,STL,CIN,7,1,0,0,SI,SI,L,L,S,Called Strike,91.4,91.4,1.26,-1.26,0.24,0.24,2319.0,2319.0,130.0,230.0,9,6.2,6.2,2.1,-2.1,5.55,5.55,cube68_cluster0,637,1.1941790727201453,FF,92.88295797031044,13.980317543503329,9.180920892722085
2025-09-15,687863,687863,457705,PIT,CHC,9,0,0,0,FF,FF,R,R,X,Andrew McCutchen lines out sharply to right fielder Willi Castro.,96.1,96.1,-0.3,-0.3,1.33,1.33,2333.0,2333.0,199.0,199.0,8,7.3,7.3,-2.32,-2.32,5.96,5.96,cube62_cluster1,11,1.0734402974320076,FF,95.54242544913883,5.728019039608564,15.221051570629365
2025-09-15,687330,687330,623168,TB,TOR,11,0,0,0,FF,FF,R,R,X,Tyler Heineman lines out sharply to center fielder Jake Mangum.,89.6,89.6,-0.72,-0.72,0.75,0.75,2202.0,2202.0,246.0,246.0,9,7.0,7.0,-1.62,-1.62,3.66,3.66,cube61_cluster2,4,2.4911981274788073,SI,91.72819039904783,16.422670491739225,0.9956202628660393
2025-09-15,680694,680694,643565,CWS,BAL,1,0,0,0,FF,FF,R,R,S,Called Strike,93.5,93.5,-0.02,-0.02,1.23,1.23,2301.0,2301.0,191.0,191.0,7,6.2,6.2,-0.95,-0.95,6.65,6.65,cube50_cluster0,37,1.1542548009703344,SL,89.4318003898919,-0.37548710296403526,10.18704890209373
2025-09-15,666808,666808,807712,MIN,NYY,7,1,0,0,FC,FC,R,R,S,Called Strike,98.2,98.2,-0.42,-0.42,0.91,0.91,2536.0,2536.0,217.0,217.0,8,6.3,6.3,-1.84,-1.84,5.27,5.27,cube61_cluster0,650,1.3850998436507016,FF,93.56609940362357,10.767633610073183,11.615865923476361
2025-09-15,680573,680573,663757,MIN,NYY,1,0,0,0,FF,FF,R,R,B,Ball,91.0,91.0,-0.41,-0.41,1.46,1.46,2106.0,2106.0,210.0,210.0,8,6.5,6.5,-1.57,-1.57,6.42,6.42,cube50_cluster0,37,1.4379476773738615,SL,89.4318003898919,-0.37548710296403526,10.18704890209373
2025-09-15,666711,666711,672515,AZ,SF,6,0,0,0,SL,SL,R,R,B,Ball,87.1,87.1,0.44,0.44,-0.02,-0.02,2355.0,2355.0,123.0,123.0,5,5.7,5.7,-1.79,-1.79,5.99,5.99,cube24_cluster0,201,1.3756663053710272,SL,85.05707893868184,-5.4676349917482,1.0599892053755027
2025-09-15,681517,681517,666181,STL,CIN,8,1,0,0,SL,SL,R,R,X,Will Benson out on a sacrifice fly to left fielder Lars Nootbaar. Sal Stewart scores.,92.5,92.5,0.42,0.42,0.57,0.57,2380.0,2380.0,178.0,178.0,7,7.0,7.0,-2.33,-2.33,5.63,5.63,cube43_cluster0,136,0.9253411446424544,FC,88.90138768099045,-2.867416747399959,6.084565347981601
2025-09-15,681151,681151,673962,HOU,TEX,7,0,0,0,FF,FF,R,R,X,Josh Jung lines out to right fielder Zach Cole.,95.7,95.7,-1.31,-1.31,1.08,1.08,2454.0,2454.0,227.0,227.0,9,6.1,6.1,-1.66,-1.66,5.86,5.86,cube60_cluster0,1088,1.1180084648033246,FF,92.17053866131751,10.618556738155133,11.426031596706425
2025-09-15,680755,680755,656484,TB,TOR,10,0,0,0,SL,SL,R,R,X,"Tristan Gray out on a sacrifice bunt, third baseman Ernie Clement to second baseman Isiah Kiner-Falefa. Everson Pereira to 3rd.",88.6,88.6,0.08,0.08,0.28,0.28,2368.0,2368.0,194.0,194.0,7,5.4,5.4,0.47,0.47,6.76,6.76,cube41_cluster0,33,3.0231222362072896,FC,87.52410341975036,-2.728102441946197,5.90336268676447
2025-09-15,624133,624133,660271,LAD,PHI,1,0,0,0,FF,FF,L,L,S,Called Strike,90.7,90.7,0.54,-0.54,0.89,0.89,1894.0,1894.0,130.0,230.0,9,6.1,6.1,2.37,-2.37,5.5,5.5,cube67_cluster0,835,1.2138314352788753,CH,90.86602419473125,13.606542467363951,8.526706287157376
2025-09-15,664747,664747,695734,WSH,ATL,9,0,0,0,FF,FF,R,R,S,Foul,93.8,93.8,-0.95,-0.95,1.31,1.31,2730.0,2730.0,227.0,227.0,9,7.5,7.5,-2.44,-2.44,5.13,5.13,cube62_cluster1,11,1.6015532923469042,FF,95.54242544913883,5.728019039608564,15.221051570629365
2025-09-15,664294,664294,807713,PIT,CHC,8,2,0,0,FF,FF,R,R,B,Ball,93.5,93.5,-0.82,-0.82,1.41,1.41,2318.0,2318.0,211.0,211.0,8,6.6,6.6,-0.83,-0.83,5.99,5.99,cube60_cluster0,1088,1.5949216274938363,FF,92.17053866131751,10.618556738155133,11.426031596706425
2025-09-15,595014,595014,656941,LAD,PHI,10,0,0,0,FC,FC,R,R,S,Foul,92.8,92.8,-0.06,-0.06,1.03,1.03,2613.0,2613.0,229.0,229.0,9,5.6,5.6,-2.84,-2.84,6.36,6.36,cube66_cluster1,5,1.6184462597407854,FF,93.24252622389831,13.00015635891318,12.382567932373675
2025-09-15,675911,675911,682928,WSH,ATL,1,0,0,0,FF,FF,R,R,X,CJ Abrams lines out to center fielder Michael Harris II.,95.6,95.6,-0.74,-0.74,1.3,1.3,2328.0,2328.0,203.0,203.0,8,7.0,7.0,-1.55,-1.55,5.91,5.91,cube61_cluster0,650,1.3851738605132518,FF,93.56609940362357,10.767633610073183,11.615865923476361
2025-09-15,678906,678906,672695,AZ,SF,1,0,0,0,FF,FF,R,R,B,Ball,92.2,92.2,-0.71,-0.71,1.01,1.01,2465.0,2465.0,216.0,216.0,8,6.5,6.5,-2.22,-2.22,5.75,5.75,cube61_cluster0,650,0.6359629814155277,FF,93.56609940362357,10.767633610073183,11.615865923476361
2025-09-15,664192,664192,691783,AZ,SF,6,1,0,0,FF,FF,L,L,B,Ball,92.3,92.3,0.56,-0.56,1.26,1.26,2245.0,2245.0,143.0,217.0,8,6.0,6.0,2.3,-2.3,5.93,5.93,cube66_cluster1,5,1.160875019063098,FF,93.24252622389831,13.00015635891318,12.382567932373675
2025-09-15,663574,663574,680977,STL,CIN,7,2,0,0,FF,FF,R,R,X,Brendan Donovan singles on a line drive to right fielder Noelvi Marte. Nolan Arenado scores. Thomas Saggese to 2nd.,94.3,94.3,-0.97,-0.97,1.09,1.09,2340.0,2340.0,219.0,219.0,8,6.1,6.1,-2.42,-2.42,5.36,5.36,cube61_cluster0,650,1.1387252459205413,FF,93.56609940362357,10.767633610073183,11.615865923476361
2025-09-15,664126,664126,664770,TB,TOR,9,0,0,0,FF,FF,R,R,B,Ball,97.0,97.0,-0.21,-0.21,1.55,1.55,2436.0,2436.0,196.0,196.0,8,6.4,6.4,-0.21,-0.21,6.92,6.92,cube50_cluster0,37,2.4865106937420904,SL,89.4318003898919,-0.37548710296403526,10.18704890209373
2025-09-15,664076,664076,680718,TB,TOR,7,0,0,0,SI,SI,L,L,B,Ball,95.5,95.5,1.39,-1.39,0.64,0.64,2294.0,2294.0,137.0,223.0,8,5.8,5.8,1.33,-1.33,5.12,5.12,cube60_cluster0,1088,2.124047810340716,FF,92.17053866131751,10.618556738155133,11.426031596706425
2025-09-15,657756,657756,656180,WSH,ATL,8,0,0,0,FC,FC,R,R,X,Riley Adams singles on a ground ball to right fielder Ronald Acuña Jr.,87.4,87.4,-0.02,-0.02,0.58,0.58,2358.0,2358.0,219.0,219.0,8,6.3,6.3,-3.19,-3.19,5.17,5.17,cube61_cluster1,4,1.7382770249294728,FF,90.06345506345505,6.430047483380817,11.373038073038074
2025-09-15,657612,657612,670242,MIN,NYY,8,0,0,0,SI,SI,L,L,X,Matt Wallner flies out to center fielder Trent Grisham.,88.3,88.3,1.45,-1.45,-0.51,-0.51,2384.0,2384.0,83.0,277.0,10,6.6,6.6,3.69,-3.69,2.97,2.97,cube62_cluster2,5,3.4824543045749454,SI,92.38546141014736,16.54853639339138,0.6145325739291951
2025-09-15,678024,678024,683002,CWS,BAL,7,0,0,0,SI,SI,R,R,B,Ball,94.4,94.4,-1.45,-1.45,0.24,0.24,2039.0,2039.0,201.0,201.0,8,6.5,6.5,-1.53,-1.53,5.96,5.96,cube67_cluster0,835,1.2255487046558722,CH,90.86602419473125,13.606542467363951,8.526706287157376
2025-09-15,608650,608650,700337,CWS,BAL,7,0,0,0,FF,FF,L,L,X,Edgar Quero flies out to center fielder Colton Cowser.,93.8,93.8,0.39,-0.39,1.35,1.35,2136.0,2136.0,157.0,203.0,8,6.4,6.4,1.88,-1.88,6.41,6.41,cube60_cluster0,1088,1.3599261190190162,FF,92.17053866131751,10.618556738155133,11.426031596706425
2025-09-15,607074,607074,621439,MIN,NYY,1,0,0,0,SI,SI,L,L,X,Byron Buxton lines out to center fielder Trent Grisham.,90.3,90.3,1.61,-1.61,0.53,0.53,2265.0,2265.0,133.0,227.0,9,5.9,5.9,2.36,-2.36,6.41,6.41,cube59_cluster2,6,1.072483559067843,FF,93.07150817165655,13.135553184666456,11.807015565535274
2025-09-15,677952,677952,683737,PIT,CHC,1,0,0,0,FF,FF,R,R,S,Called Strike,97.9,97.9,-0.85,-0.85,1.28,1.28,2438.0,2438.0,219.0,219.0,8,6.6,6.6,-1.11,-1.11,6.11,6.11,cube60_cluster0,1088,1.525760774685195,FF,92.17053866131751,10.618556738155133,11.426031596706425
2025-09-15,663893,663893,664040,TB,TOR,6,0,0,0,FC,FC,L,L,S,Foul,93.2,93.2,0.07,-0.07,0.52,0.52,2243.0,2243.0,115.0,245.0,9,5.7,5.7,2.06,-2.06,6.18,6.18,cube66_cluster1,5,1.503408591145896,FF,93.24252622389831,13.00015635891318,12.382567932373675
2025-09-15,663455,663455,671739,WSH,ATL,8,0,0,0,SL,SL,L,L,S,Swinging Strike,81.0,81.0,-0.32,0.32,-0.12,-0.12,2411.0,2411.0,332.0,28.0,2,6.2,6.2,2.73,-2.73,5.81,5.81,cube16_cluster0,307,1.3260118639621319,ST,82.89780592219195,-9.539303936916792,-1.0521378651219842
2025-09-15,661395,661395,571970,LAD,PHI,9,0,0,0,FF,FF,R,R,S,Foul,101.4,101.4,-1.12,-1.12,1.09,1.09,2068.0,2068.0,232.0,232.0,9,6.1,6.1,-2.34,-2.34,5.93,5.93,cube60_cluster0,1088,1.4961946933412469,FF,92.17053866131751,10.618556738155133,11.426031596706425
2025-09-15,676775,676775,672515,AZ,SF,7,0,0,0,FF,FF,R,R,S,Foul Tip,96.1,96.1,-0.91,-0.91,1.05,1.05,2369.0,2369.0,227.0,227.0,9,6.1,6.1,-1.55,-1.55,6.15,6.15,cube60_cluster0,1088,1.0594292065741686,FF,92.17053866131751,10.618556738155133,11.426031596706425
2025-09-15,622554,622554,663968,TB,TOR,7,0,0,0,FF,FF,R,R,S,Called Strike,97.8,97.8,-0.42,-0.42,1.3,1.3,2364.0,2364.0,206.0,206.0,8,6.6,6.6,-1.88,-1.88,5.48,5.48,cube61_cluster0,650,1.0330077427983504,FF,93.56609940362357,10.767633610073183,11.615865923476361
2025-09-15,676742,676742,663538,PIT,CHC,5,0,0,0,FF,FF,R,R,S,Foul,97.3,97.3,-0.56,-0.56,1.38,1.38,2521.0,2521.0,213.0,213.0,8,6.3,6.3,-3.22,-3.22,6.1,6.1,cube66_cluster1,5,2.0424355130336864,FF,93.24252622389831,13.00015635891318,12.382567932373675
2025-09-15,676263,676263,596146,LAD,PHI,7,0,0,0,FF,FF,L,L,B,Ball,90.9,90.9,0.43,-0.43,1.7,1.7,2447.0,2447.0,159.0,201.0,8,7.0,7.0,2.15,-2.15,5.86,5.86,cube62_cluster1,11,1.466347421054126,FF,95.54242544913883,5.728019039608564,15.221051570629365
2025-09-15,657424,657424,543510,AZ,SF,5,0,0,0,SL,SL,L,L,S,Swinging Strike,84.9,84.9,-0.31,0.31,0.1,0.1,2362.0,2362.0,260.0,100.0,4,6.3,6.3,2.55,-2.55,6.13,6.13,cube24_cluster0,201,1.2405994745564315,SL,85.05707893868184,-5.4676349917482,1.0599892053755027
2025-09-15,657097,657097,805904,HOU,TEX,7,2,0,0,CH,CH,R,R,B,Ball In Dirt,85.4,85.4,-1.41,-1.41,0.87,0.87,2297.0,2297.0,241.0,241.0,9,6.5,6.5,-2.62,-2.62,5.74,5.74,cube68_cluster0,637,1.237866807797223,FF,92.88295797031044,13.980317543503329,9.180920892722085
2025-09-15,656945,656945,681082,LAD,PHI,9,0,0,0,FF,FF,L,L,S,Called Strike,96.3,96.3,0.47,-0.47,1.6,1.6,2739.0,2739.0,144.0,216.0,8,6.1,6.1,2.46,-2.46,5.36,5.36,cube61_cluster0,650,1.9305142025416944,FF,93.56609940362357,10.767633610073183,11.615865923476361
2025-09-15,829272,829272,542303,WSH,ATL,6,0,0,0,FF,FF,L,L,S,Called Strike,91.9,91.9,1.01,-1.01,1.1,1.1,2117.0,2117.0,135.0,225.0,9,6.3,6.3,1.76,-1.76,5.53,5.53,cube60_cluster0,1088,0.757310891741705,FF,92.17053866131751,10.618556738155133,11.426031596706425
2025-09-15,621381,621381,518692,LAD,PHI,8,0,0,0,SL,SL,L,L,B,Ball,83.1,83.1,-0.85,0.85,0.28,0.28,2684.0,2684.0,256.0,104.0,4,5.9,5.9,3.64,-3.64,5.55,5.55,cube17_cluster1,4,1.9585446703308576,CU,78.95917169292895,-10.024787945860975,-3.9433667010451945
2025-09-15,605218,605218,514888,HOU,TEX,8,0,0,0,FF,FF,R,R,B,Ball,94.7,94.7,0.45,0.45,1.5,1.5,2626.0,2626.0,184.0,184.0,7,6.7,6.7,-2.31,-2.31,6.4,6.4,cube51_cluster0,242,1.9511945175361765,FC,90.51269321530226,-0.30860007748352697,10.065859987082858
2025-09-15,592791,592791,669707,PIT,CHC,1,0,0,0,FF,FF,R,R,S,Called Strike,92.1,92.1,-0.56,-0.56,1.41,1.41,2319.0,2319.0,208.0,208.0,8,6.5,6.5,-1.17,-1.17,6.27,6.27,cube50_cluster0,37,1.366870805851623,SL,89.4318003898919,-0.37548710296403526,10.18704890209373
