origin_cluster,origin_degree,origin_train_n,reassigned_to,is_graph_neighbor,dist_to_own_centroid,dist_to_reassigned_centroid,margin_normalized
cube1_cluster0,3,11,cube8_cluster1,False,1.431619095846612,0.973711699980973,0.12024495479665968
cube1_cluster0,3,11,cube8_cluster1,False,1.420742739893025,1.2420381920923969,0.046927218180483884
cube1_cluster1,3,12,cube8_cluster1,False,1.1239258022344139,1.1127834842569098,0.002925935535507532
cube1_cluster1,3,12,cube8_cluster0,True,0.7631202305005286,0.576094839816149,0.0491122437674486
cube1_cluster1,3,12,cube8_cluster0,True,0.7658103027029096,0.7043350817364786,0.01614318797417322
cube1_cluster1,3,12,cube8_cluster0,True,0.8275939338277731,0.6067472456988001,0.057993603664904414
cube2_cluster0,7,105,cube8_cluster1,False,1.7224724503179798,1.1127834842569098,0.16010228886005382
cube2_cluster0,7,105,cube1_cluster1,True,1.5664849489149333,1.5445105458623054,0.00577040494563695
cube2_cluster0,7,105,cube3_cluster0,True,1.243413433499397,0.8045999248608204,0.11523096369880825
cube2_cluster0,7,105,cube3_cluster1,True,2.0065784563683473,0.9023160785486256,0.289975617130119
cube2_cluster0,7,105,cube1_cluster1,True,1.8542283047685968,1.7419642528061474,0.029480165586745762
cube2_cluster0,7,105,cube8_cluster1,False,1.6791997534918552,1.182937946659207,0.13031669518482716
cube2_cluster0,7,105,cube1_cluster1,True,1.2213166276678347,0.9274901435269266,0.07715785467232755
cube2_cluster0,7,105,cube3_cluster0,True,1.8528757631340727,1.7683067682758609,0.022207535968491867
cube2_cluster0,7,105,cube8_cluster1,False,1.2838362329060622,0.973711699980973,0.0814376679206435
cube2_cluster0,7,105,cube3_cluster0,True,1.1772949277687232,0.6292112863946143,0.1439249360828325
cube2_cluster0,7,105,cube1_cluster1,True,1.7143868654475471,1.3588250057756917,0.09336935836739295
cube2_cluster0,7,105,cube3_cluster1,True,2.006688522382259,0.49796520874270883,0.3961857097902961
cube2_cluster0,7,105,cube3_cluster0,True,1.025408668386901,0.8084097357031089,0.05698319591925154
cube2_cluster0,7,105,cube3_cluster1,True,2.557257292531279,1.440834892320052,0.29316879845017346
cube2_cluster0,7,105,cube3_cluster0,True,1.2620088941361978,0.4523165387587285,0.21262251177994268
cube2_cluster0,7,105,cube3_cluster0,True,1.5525759333529259,0.9469495916123419,0.15903545726444446
cube2_cluster0,7,105,cube3_cluster0,True,1.138620582720942,0.737920278894414,0.10522256324238637
cube2_cluster0,7,105,cube3_cluster0,True,1.5190139926661343,1.0530668624731858,0.12235616221434498
cube2_cluster0,7,105,cube3_cluster1,True,2.3641841106220878,0.7835961049638057,0.4150571382085519
cube2_cluster0,7,105,cube1_cluster1,True,1.5033125646866097,1.437768777434756,0.01721157990995538
cube2_cluster0,7,105,cube1_cluster0,True,1.4337607087608848,0.546145777376117,0.23308472032742422
cube2_cluster0,7,105,cube1_cluster0,True,1.3423090177829302,0.9178484529957117,0.11146192851792214
cube2_cluster0,7,105,cube1_cluster0,True,1.4594505151667339,0.6068807420618716,0.22388197865682338
cube2_cluster0,7,105,cube8_cluster0,True,1.0221374626301798,1.0090730615327619,0.003430668151657013
cube2_cluster0,7,105,cube8_cluster0,True,0.9394881580955164,0.576094839816149,0.0954258732757665
cube2_cluster0,7,105,cube9_cluster0,True,1.185407662673857,1.021012478542337,0.043169627010094185
cube2_cluster0,7,105,cube1_cluster0,True,1.4410288518600785,0.8426689564519367,0.15712731269489652
cube2_cluster0,7,105,cube3_cluster0,True,1.077220525811425,0.923388740341389,0.040395713755978585
cube2_cluster0,7,105,cube9_cluster0,True,0.754208770320832,0.7375624015485445,0.00437128091536563
cube2_cluster0,7,105,cube1_cluster1,True,0.9779444449459451,0.6582813599945867,0.08394245986674448
cube2_cluster0,7,105,cube1_cluster0,True,1.2165170571682007,1.027392618828444,0.04966344668034263
cube2_cluster0,7,105,cube3_cluster0,True,1.1418789732932904,0.42911273949489864,0.18717003555195108
cube2_cluster0,7,105,cube1_cluster1,True,1.1854932675457415,0.8682594260805278,0.08330454863006452
cube2_cluster0,7,105,cube1_cluster1,True,1.6069639410348973,1.067901454870719,0.1415560108149164
cube2_cluster0,7,105,cube1_cluster0,True,1.8832546001437884,1.0369081025082434,0.22224776727641846
cube2_cluster0,7,105,cube1_cluster1,True,1.1225660977441516,0.7299252685443522,0.10310617208791775
cube2_cluster0,7,105,cube1_cluster1,True,1.3916351288480677,1.1751201080538212,0.056856122271152956
cube2_cluster0,7,105,cube1_cluster0,True,1.3790678339358065,1.1212212501011676,0.06770965286345104
cube2_cluster0,7,105,cube1_cluster0,True,1.6623925163489892,0.7176799564553479,0.24807836712377457
cube2_cluster0,7,105,cube1_cluster0,True,1.2210519640905702,1.1874444050779684,0.008825232898142864
cube2_cluster0,7,105,cube1_cluster0,True,2.1044457192654487,2.062611995968676,0.010985396200659778
cube2_cluster0,7,105,cube1_cluster1,True,0.9996807454186563,0.68563486657128,0.08246740028012219
cube2_cluster0,7,105,cube1_cluster0,True,1.289874958339558,0.6117820207317808,0.17806494362564593
cube2_cluster0,7,105,cube8_cluster0,True,0.8444461028020738,0.7043350817364786,0.036792686789207975
cube2_cluster0,7,105,cube8_cluster0,True,1.090774917640334,1.0501712875003608,0.010662377840680217
cube2_cluster0,7,105,cube8_cluster1,False,1.4214032753728867,1.2420381920923969,0.04710067259426859
cube2_cluster0,7,105,cube8_cluster0,True,0.8417443068036355,0.6067472456988001,0.06170944440956388
cube2_cluster0,7,105,cube1_cluster1,True,1.2472464182694718,1.2104843751321124,0.009653589907470513
cube2_cluster0,7,105,cube1_cluster1,True,1.4829161472008687,1.3300273471070323,0.04014808894153184
cube2_cluster0,7,105,cube1_cluster0,True,1.6685409411423309,1.592781662981242,0.019894133748782485
cube2_cluster0,7,105,cube1_cluster0,True,1.5152087822012403,1.4145178034294437,0.02644111516905651
cube2_cluster0,7,105,cube1_cluster0,True,1.259152694693697,1.019636668098013,0.06289610967437696
cube2_cluster0,7,105,cube9_cluster0,True,1.0925996860265268,0.9377067303359283,0.04067437351634756
cube2_cluster0,7,105,cube1_cluster0,True,1.1067465881506058,0.24131744138593575,0.22725880728723635
cube2_cluster0,7,105,cube3_cluster0,True,1.4276730343033162,0.9271565466103876,0.1314339601871787
cube2_cluster0,7,105,cube1_cluster0,True,1.1912030929105069,0.8834522064855258,0.08081435626705206
cube2_cluster0,7,105,cube3_cluster1,True,2.0040834090736293,0.579791701249823,0.374014251726093
cube2_cluster0,7,105,cube3_cluster0,True,0.8870525804788332,0.6996648431572413,0.049207394785767355
cube2_cluster0,7,105,cube3_cluster1,True,1.6471110323848712,1.3387717024543624,0.08096887956884066
cube2_cluster0,7,105,cube8_cluster1,False,1.3559672936166522,1.3505925652612307,0.0014113857386387815
cube2_cluster0,7,105,cube3_cluster1,True,2.1196989125407963,0.7805911194389686,0.3516452398524513
cube2_cluster0,7,105,cube1_cluster1,True,1.3042117301767828,1.0788187771589883,0.05918743766056756
cube8_cluster0,6,47,cube8_cluster1,False,1.334413653413418,1.1127834842569098,0.05819934316942133
cube8_cluster0,6,47,cube15_cluster1,False,1.9055680983922085,1.1974268805853114,0.18595552177940156
cube8_cluster0,6,47,cube1_cluster1,True,1.3756422083909412,1.3551536237945945,0.00538023397498944
cube8_cluster0,6,47,cube15_cluster1,False,1.4647459761770796,1.383701950592229,0.021281890794900254
cube8_cluster0,6,47,cube1_cluster1,True,1.2247468208559242,0.9274901435269266,0.07805861196205402
cube8_cluster0,6,47,cube8_cluster1,False,1.1418100913381968,0.973711699980973,0.04414207687545532
cube8_cluster0,6,47,cube15_cluster0,True,0.9580980004932125,0.8373418480024543,0.03171016285993855
cube8_cluster0,6,47,cube1_cluster0,True,1.8692028848921438,1.6641774165753118,0.053839004114175325
cube8_cluster0,6,47,cube1_cluster1,True,0.793698545170426,0.5796717059414592,0.05620273409148106
cube8_cluster0,6,47,cube1_cluster1,True,1.0369290510657303,0.9894448809326226,0.012469184692722901
cube8_cluster0,6,47,cube9_cluster0,True,1.522315869749016,1.4063059256070163,0.03046382437861065
cube8_cluster0,6,47,cube9_cluster0,True,1.3491658287888786,1.2342204174479463,0.030184281615817023
cube8_cluster0,6,47,cube15_cluster0,True,1.228946059212855,1.0852416596360441,0.03773629600048003
cube8_cluster0,6,47,cube1_cluster0,True,1.2788864503983859,0.546145777376117,0.19241525666707035
cube8_cluster0,6,47,cube1_cluster1,True,1.0569144068912322,0.6582813599945867,0.10467970846796877
cube8_cluster0,6,47,cube1_cluster0,True,1.066748061696368,1.027392618828444,0.010334608026389313
cube8_cluster0,6,47,cube1_cluster1,True,1.4706771654149962,1.067901454870719,0.10576755812391403
cube8_cluster0,6,47,cube1_cluster1,True,1.0254732023955977,0.9389939682095046,0.022709158444358758
cube8_cluster0,6,47,cube1_cluster1,True,1.386673311726176,1.0729494840844191,0.08238283070773364
cube8_cluster0,6,47,cube1_cluster1,True,0.8697665084382599,0.68563486657128,0.04835235498014623
cube8_cluster0,6,47,cube1_cluster0,True,1.2233436238328266,0.6117820207317808,0.16059403710053977
cube8_cluster0,6,47,cube8_cluster1,False,1.2961797247869367,1.2420381920923969,0.014217385895612557
cube8_cluster0,6,47,cube1_cluster0,True,1.238811389305895,1.115430224089126,0.032399482446015794
cube8_cluster0,6,47,cube15_cluster0,True,0.8156230023275057,0.7883317355902079,0.007166595614744942
cube8_cluster0,6,47,cube1_cluster1,True,1.2521188964382948,1.2104843751321124,0.01093308642237228
cube8_cluster0,6,47,cube1_cluster1,True,1.518524724102022,1.3973143334873224,0.03182944427616685
cube8_cluster0,6,47,cube1_cluster1,True,1.5954275547744474,1.5859361011072513,0.0024924240741057563
cube9_cluster0,11,353,cube10_cluster0,True,1.9001302061404772,1.8204755908447574,0.020917036287375408
cube9_cluster0,11,353,cube10_cluster0,True,1.6733066777885115,1.233255744693116,0.11555590723371927
cube9_cluster0,11,353,cube10_cluster0,True,1.826241818697987,1.5636989102705088,0.06894289203686266
cube9_cluster0,11,353,cube8_cluster0,True,1.2305057728090179,1.2239595964573537,0.001719004075068007
cube9_cluster0,11,353,cube8_cluster1,True,2.0042367264067034,1.1127834842569098,0.23409264793157125
cube9_cluster0,11,353,cube8_cluster0,True,1.2319073303727426,0.938300120065469,0.07710027409500661
cube9_cluster0,11,353,cube8_cluster1,True,1.6046438505983254,1.1215317653012569,0.12686362217069655
cube9_cluster0,11,353,cube10_cluster0,True,0.9794184108142332,0.9559833939164103,0.0061539572694836375
cube9_cluster0,11,353,cube16_cluster0,True,1.846846915495899,1.6334915658784266,0.05602640315926731
cube9_cluster0,11,353,cube3_cluster1,True,1.9738463681449845,1.4985293008063556,0.12481667645522103
cube9_cluster0,11,353,cube8_cluster1,True,2.073437648574438,1.9044129010778656,0.044385334907772064
cube9_cluster0,11,353,cube3_cluster1,True,1.6385307698284697,0.9023160785486256,0.19332752227386452
cube9_cluster0,11,353,cube16_cluster1,False,1.732300923884175,1.649571980797694,0.02172434451075829
cube9_cluster0,11,353,cube16_cluster1,False,1.8148845870168213,1.7269689908127297,0.02308634231927603
cube9_cluster0,11,353,cube1_cluster1,True,1.2764478440333427,1.2740793201480858,0.0006219664720180458
cube9_cluster0,11,353,cube16_cluster0,True,1.3183807865370993,0.8589001590235081,0.12065808017987187
cube9_cluster0,11,353,cube16_cluster0,True,1.6445161441792455,1.6118261684637833,0.008584278584928216
cube9_cluster0,11,353,cube3_cluster0,True,1.7003612052355102,1.638247106550276,0.016310955132143798
cube9_cluster0,11,353,cube3_cluster1,True,1.8018250878753292,1.359598417360041,0.11612724862297512
cube9_cluster0,11,353,cube16_cluster0,True,2.092563338878974,2.013522490430274,0.020755863160577356
cube9_cluster0,11,353,cube10_cluster0,True,1.0714181804458818,0.809133990743473,0.06887495336261999
cube9_cluster0,11,353,cube8_cluster1,True,1.7756400604668698,1.355801513101194,0.11024820215984023
cube9_cluster0,11,353,cube8_cluster0,True,1.3066528901464016,1.0136168719658818,0.07695028094774183
cube9_cluster0,11,353,cube8_cluster1,True,1.8176449719544303,0.725689444239114,0.2867438793424033
cube9_cluster0,11,353,cube1_cluster1,True,1.625745587783822,1.591377852022788,0.009024852776699161
cube9_cluster0,11,353,cube17_cluster0,True,2.300456002731124,1.7973780772272199,0.13210658521262283
cube9_cluster0,11,353,cube10_cluster0,True,1.3029648912351661,1.2536452581589284,0.012951171139371997
cube9_cluster0,11,353,cube8_cluster1,True,1.999827255623477,0.431250140759692,0.41190311834844096
cube9_cluster0,11,353,cube10_cluster0,True,1.1614207457610477,0.9744925508501343,0.049086720481534465
cube9_cluster0,11,353,cube17_cluster0,True,1.9940134148123543,1.3912278549343415,0.15828947742280794
cube9_cluster0,11,353,cube8_cluster0,True,1.959083932248272,1.7679482672083764,0.05019158810331933
cube9_cluster0,11,353,cube2_cluster0,True,1.033198221038704,0.7260979818373096,0.08064349847638277
cube9_cluster0,11,353,cube8_cluster1,True,1.4837271808465555,1.249210021265257,0.06158342387020251
cube9_cluster0,11,353,cube8_cluster0,True,1.040356320187471,0.8805904592122513,0.0419539821904333
cube9_cluster0,11,353,cube3_cluster1,True,1.5986934663337307,0.9232236718762914,0.17737611498390435
cube9_cluster0,11,353,cube2_cluster0,True,1.6025317210044474,1.3707737742265167,0.06085886379143786
cube9_cluster0,11,353,cube1_cluster1,True,1.8435793505434306,0.9274901435269266,0.24056197013190303
cube9_cluster0,11,353,cube10_cluster0,True,1.1636391660677086,0.9260768708950146,0.06238306631940308
cube9_cluster0,11,353,cube3_cluster1,True,1.8915932420355677,1.4348269870956094,0.11994529499587027
cube9_cluster0,11,353,cube10_cluster0,True,1.0095401523244332,0.8144400720227797,0.05123263032768457
cube9_cluster0,11,353,cube8_cluster1,True,1.7685328012355048,0.973711699980973,0.20871737005057225
cube9_cluster0,11,353,cube3_cluster0,True,1.7202299350706227,1.5279682921901838,0.05048726612852836
cube9_cluster0,11,353,cube16_cluster0,True,2.2107512742211517,1.993611464507401,0.057020189757421014
cube9_cluster0,11,353,cube3_cluster0,True,1.0840852432630805,1.0381180940319925,0.01207082006390073
cube9_cluster0,11,353,cube8_cluster1,True,1.8579401365322625,0.7550396502826443,0.2896179889464216
cube9_cluster0,11,353,cube8_cluster0,True,1.256752747695839,1.0421495353562549,0.056354087747827145
cube9_cluster0,11,353,cube3_cluster0,True,1.17511341213041,0.6292112863946143,0.14335207735269279
cube9_cluster0,11,353,cube16_cluster0,True,1.2723294887224788,1.2109812890441682,0.016109832607594382
cube9_cluster0,11,353,cube17_cluster0,True,1.3282836957747437,0.8551212882583346,0.12425086997280943
cube9_cluster0,11,353,cube8_cluster0,True,1.061923484316722,0.9687198681370881,0.024474958726575752
cube9_cluster0,11,353,cube10_cluster0,True,1.15370286638302,0.7982057006525802,0.09335236995416489
cube9_cluster0,11,353,cube2_cluster0,True,1.7195074440178624,1.455131543838354,0.0694242295569716
cube9_cluster0,11,353,cube16_cluster0,True,1.8912088787010064,1.666515205201086,0.059003809191632145
cube9_cluster0,11,353,cube2_cluster0,True,1.2942531382069125,1.1228058181597198,0.045021494379034355
cube9_cluster0,11,353,cube10_cluster0,True,1.2150973414215736,0.7384345259517107,0.12517006542571804
cube9_cluster0,11,353,cube16_cluster0,True,1.0445434549687589,0.9176078181850382,0.0333328748234989
cube9_cluster0,11,353,cube16_cluster0,True,1.0581559796220075,0.746190297042356,0.08192114767874657
cube9_cluster0,11,353,cube10_cluster0,True,1.8220448970622358,1.731801099560871,0.02369772021418621
cube9_cluster0,11,353,cube1_cluster1,True,1.2234201185558142,0.5796717059414592,0.16904618591910178
cube9_cluster0,11,353,cube16_cluster0,True,1.4764351091336851,1.3116739031460134,0.04326574312864768
cube9_cluster0,11,353,cube16_cluster0,True,1.4117692852077182,1.329675935538472,0.021557439799424784
cube9_cluster0,11,353,cube16_cluster0,True,1.4871927304826944,1.1689676757628826,0.08356483792451384
cube9_cluster0,11,353,cube10_cluster0,True,1.2685269883349775,1.0957212611257705,0.04537820756878986
cube9_cluster0,11,353,cube8_cluster0,True,1.365020274311551,0.7727468788696283,0.1555290181053882
cube9_cluster0,11,353,cube10_cluster0,True,1.375175286826651,0.8381227414944322,0.14102820705663455
cube9_cluster0,11,353,cube3_cluster0,True,1.4495552587060232,0.9966711776160095,0.1189258490919296
cube9_cluster0,11,353,cube17_cluster0,True,2.457481376678392,1.5046374848161905,0.25021362777652684
cube9_cluster0,11,353,cube8_cluster0,True,1.2037258113289755,0.5069985997027381,0.18295824182796583
cube9_cluster0,11,353,cube3_cluster1,True,1.663947773754909,0.49796520874270883,0.3061831324181634
cube9_cluster0,11,353,cube3_cluster1,True,1.6323625277261427,1.1429500461108064,0.128518085228798
cube9_cluster0,11,353,cube16_cluster1,False,1.6772351029686268,1.5796036979122572,0.02563768131664385
cube9_cluster0,11,353,cube2_cluster0,True,1.5376174601742116,0.9059027419166076,0.1658861779196046
cube9_cluster0,11,353,cube3_cluster0,True,0.9244055623114255,0.8084097357031089,0.030460117161354713
cube9_cluster0,11,353,cube3_cluster0,True,1.4794620599645296,1.084590636194457,0.10369191878188658
cube9_cluster0,11,353,cube16_cluster0,True,1.5573659164977287,1.3768266667079196,0.047409004803164095
cube9_cluster0,11,353,cube17_cluster0,True,1.7367082107533465,1.094401000017217,0.16866773111303232
cube9_cluster0,11,353,cube10_cluster0,True,1.2995848531675496,0.974196515077192,0.08544589224436958
cube9_cluster0,11,353,cube2_cluster0,True,0.955353329717064,0.8872355099914161,0.01788751225184607
cube9_cluster0,11,353,cube3_cluster1,True,2.2061539791844536,1.440834892320052,0.2009702394761787
cube9_cluster0,11,353,cube8_cluster1,True,1.6976333376496349,1.3339483249791138,0.095502471249932
cube9_cluster0,11,353,cube2_cluster0,True,0.9633826081589826,0.7908994311523351,0.04529350696146926
cube9_cluster0,11,353,cube16_cluster0,True,1.1686610686325207,1.036006681018571,0.034834599716529496
cube9_cluster0,11,353,cube10_cluster0,True,1.517330412917491,1.473232678816301,0.011579917886254421
cube9_cluster0,11,353,cube17_cluster1,False,1.746301472040052,1.1895341101953236,0.1462052521137246
cube9_cluster0,11,353,cube15_cluster0,True,1.3002312190502392,1.0852416596360441,0.056455541200952974
cube9_cluster0,11,353,cube2_cluster0,True,1.8720114462808666,1.3626618860103699,0.1337534955831891
cube9_cluster0,11,353,cube3_cluster1,True,1.936388175630241,1.168024916821364,0.20176962887491237
cube9_cluster0,11,353,cube16_cluster0,True,1.304782500249416,1.2462002738137719,0.01538349726001948
cube9_cluster0,11,353,cube3_cluster0,True,1.3442384132451681,0.4523165387587285,0.23421570922004364
cube9_cluster0,11,353,cube10_cluster0,True,1.4359789146288884,1.231674132211623,0.05364975440080883
cube9_cluster0,11,353,cube2_cluster0,True,1.1682830813759688,0.9898774613991796,0.04684872073102244
cube9_cluster0,11,353,cube2_cluster0,True,1.2222540014388261,0.7368591640719291,0.12746306525007642
cube9_cluster0,11,353,cube3_cluster1,True,1.4734511037535176,0.9274459205681744,0.1433791398951941
cube9_cluster0,11,353,cube16_cluster0,True,1.379724687955313,1.3605230040378904,0.005042298149182337
cube9_cluster0,11,353,cube16_cluster0,True,1.442192326906244,1.0806904019068924,0.09492919970920775
cube9_cluster0,11,353,cube2_cluster0,True,1.0712437774599533,0.94732587774261,0.03254042713557986
cube9_cluster0,11,353,cube16_cluster0,True,1.2065307381983938,1.0005997242753284,0.05407679736990995
cube9_cluster0,11,353,cube3_cluster0,True,1.6839791993726074,0.9469495916123419,0.19354151662345584
cube9_cluster0,11,353,cube3_cluster0,True,0.9150723179141638,0.737920278894414,0.046519534553043806
cube9_cluster0,11,353,cube3_cluster0,True,1.6078974448493852,1.0530668624731858,0.14569666028544867
cube9_cluster0,11,353,cube10_cluster0,True,1.5038927706948455,1.3106452137699083,0.0507461638680811
cube9_cluster0,11,353,cube8_cluster1,True,1.4003183259114327,1.1138792113176692,0.07521795606994011
cube9_cluster0,11,353,cube3_cluster1,True,1.9757524160597593,0.7835961049638057,0.31305627083679616
cube9_cluster0,11,353,cube8_cluster0,True,1.6393562362920573,1.4749601207234442,0.04316987160236799
cube9_cluster0,11,353,cube3_cluster1,True,1.4482046550918872,1.219348908057091,0.06009675581922578
cube9_cluster0,11,353,cube3_cluster1,True,1.8725136010197272,1.2871287384044063,0.15372011236193722
cube9_cluster0,11,353,cube10_cluster0,True,1.6104993062043227,1.22179928331337,0.10207132949583894
cube9_cluster0,11,353,cube15_cluster0,True,0.9551659343653781,0.6198687552938397,0.08804792083492544
cube9_cluster0,11,353,cube10_cluster0,True,1.3206083357113039,0.9937204773586763,0.08583966126356714
cube9_cluster0,11,353,cube17_cluster0,True,1.9243463093033724,1.0984993431426415,0.21686465868765695
cube9_cluster0,11,353,cube8_cluster1,True,1.635678070972664,1.3933072777888178,0.06364576185830735
cube9_cluster0,11,353,cube16_cluster0,True,1.184148399833299,0.8683780370622879,0.08292024400642417
cube9_cluster0,11,353,cube8_cluster0,True,1.5329081713827344,1.1814400908132041,0.09229434562998994
cube9_cluster0,11,353,cube8_cluster1,True,1.8119165187515345,1.047789374455006,0.2006572393335993
cube9_cluster0,11,353,cube1_cluster0,True,2.001774324504123,0.546145777376117,0.38224320120283245
cube9_cluster0,11,353,cube16_cluster0,True,1.5906320853520604,1.5511111293402053,0.010378071225913743
cube9_cluster0,11,353,cube16_cluster0,True,1.3442775329125258,1.2191448447152895,0.03285942653845281
cube9_cluster0,11,353,cube2_cluster0,True,1.453783013703501,1.0496300259454883,0.10612922652631021
cube9_cluster0,11,353,cube2_cluster0,True,1.4165446175422527,1.200230234077547,0.05680343557764463
cube9_cluster0,11,353,cube8_cluster0,True,1.291425002523174,1.0090730615327619,0.07414467791453487
cube9_cluster0,11,353,cube8_cluster0,True,0.930462658434756,0.7958652700314521,0.035344825242902785
cube9_cluster0,11,353,cube8_cluster0,True,1.346450784090084,0.576094839816149,0.20229290143140136
cube9_cluster0,11,353,cube16_cluster0,True,1.460450144475841,1.263323820368883,0.05176471519238798
cube9_cluster0,11,353,cube3_cluster1,True,1.6198758488942526,1.035131721093055,0.15355185753692996
cube9_cluster0,11,353,cube8_cluster0,True,1.4876199035054174,1.4112830738440028,0.02004579684633547
cube9_cluster0,11,353,cube10_cluster0,True,1.7875670222758706,1.6609033802171231,0.033261449915963824
cube9_cluster0,11,353,cube10_cluster0,True,1.8670470551040605,1.8074847095226554,0.015640873278492777
cube9_cluster0,11,353,cube3_cluster1,True,2.312348265535135,1.796583239724525,0.1354381754351319
cube9_cluster0,11,353,cube8_cluster0,True,2.097206310504473,1.5997910757039826,0.13061958152190456
cube9_cluster0,11,353,cube17_cluster0,True,1.5797201069297995,0.800560663518868,0.20460467094056037
cube9_cluster0,11,353,cube8_cluster0,True,1.4802303690983216,0.5174628753444668,0.2528195325329375
cube9_cluster0,11,353,cube8_cluster0,True,1.1930785975096578,1.1578306206241664,0.009256001159922882
cube9_cluster0,11,353,cube16_cluster0,True,1.5750771550672114,1.2624151835608324,0.08210399082842203
cube9_cluster0,11,353,cube16_cluster0,True,1.6230788420331597,1.459554614986622,0.04294091658466947
cube9_cluster0,11,353,cube2_cluster0,True,1.1130954328778508,0.8315323557366411,0.07393752489900271
cube9_cluster0,11,353,cube17_cluster0,True,1.715147251803619,0.6609898093767965,0.27681822822178054
cube9_cluster0,11,353,cube15_cluster0,True,0.9861096085448108,0.9013437179477922,0.022259240132753547
cube9_cluster0,11,353,cube16_cluster0,True,1.2130460666166687,1.0752347488784622,0.03618879236613403
cube9_cluster0,11,353,cube8_cluster1,True,2.1329464483461607,0.5152904013985681,0.4247910822100629
cube9_cluster0,11,353,cube3_cluster1,True,2.2932332940256344,1.6047741324956069,0.18078707945091832
cube9_cluster0,11,353,cube1_cluster1,True,1.4159391669486343,0.6582813599945867,0.19895841292604502
cube9_cluster0,11,353,cube3_cluster1,True,2.5585696574067165,1.7159070408777624,0.22128039238547376
cube9_cluster0,11,353,cube10_cluster0,True,1.4402297944016837,1.3089144538319988,0.034482970429119054
cube9_cluster0,11,353,cube17_cluster0,True,2.1597151006833886,1.266326666740411,0.23460082284159728
cube9_cluster0,11,353,cube2_cluster0,True,1.4523537060393699,0.9360400053406763,0.13558225563062853
cube9_cluster0,11,353,cube2_cluster0,True,1.430213337290472,1.1708442662929,0.0681094529141563
cube9_cluster0,11,353,cube16_cluster0,True,1.5297374127824395,1.423000594576281,0.028028732438522976
cube9_cluster0,11,353,cube16_cluster0,True,1.3815874719301653,1.2159334827310082,0.04350018502209063
cube9_cluster0,11,353,cube17_cluster0,True,1.5710287463094224,1.0165177999022987,0.1456127249461204
cube9_cluster0,11,353,cube16_cluster0,True,1.226894285215241,0.9281762525671441,0.07844235899447474
cube9_cluster0,11,353,cube16_cluster0,True,1.4781229680053731,1.4529687671951002,0.006605409230526785
cube9_cluster0,11,353,cube15_cluster0,True,1.5500212943767369,1.3058145437521742,0.06412787815837324
cube9_cluster0,11,353,cube16_cluster1,False,1.7047595292107613,1.372406534290067,0.08727478789728846
cube9_cluster0,11,353,cube16_cluster0,True,1.2684208205492586,1.2371455738887684,0.008212775453944627
cube9_cluster0,11,353,cube16_cluster0,True,1.8281200127720911,1.810084791061721,0.004735989064364269
cube9_cluster0,11,353,cube16_cluster0,True,1.4969374140612048,1.3751719871890844,0.03197519494603296
cube9_cluster0,11,353,cube1_cluster0,True,1.7576143597384466,1.027392618828444,0.1917537934963288
cube9_cluster0,11,353,cube8_cluster0,True,1.4496089670667445,0.7525753921856945,0.18303869179679993
cube9_cluster0,11,353,cube10_cluster0,True,1.093061520979489,0.7187620167413789,0.09828980133076949
cube9_cluster0,11,353,cube16_cluster0,True,1.5688762576666064,1.5550930780280623,0.0036194169990591044
cube9_cluster0,11,353,cube1_cluster1,True,1.7590286684886112,1.067901454870719,0.1814877010298599
cube9_cluster0,11,353,cube16_cluster0,True,0.7211055545486986,0.49629337352781705,0.05903492887135278
cube9_cluster0,11,353,cube8_cluster0,True,1.4224654369230079,1.2239596402223933,0.05212696009422862
cube9_cluster0,11,353,cube2_cluster0,True,1.276968382855728,0.9536263925649566,0.08490852813782497
cube9_cluster0,11,353,cube15_cluster0,True,1.4172731703564616,0.8173206045982735,0.15754554261644052
cube9_cluster0,11,353,cube16_cluster0,True,1.1798866124233809,1.1129333893620428,0.017581693052329664
cube9_cluster0,11,353,cube16_cluster0,True,1.4964059146132396,1.1879092790581536,0.08101018750115913
cube9_cluster0,11,353,cube8_cluster0,True,1.860361771293087,1.5510062545893915,0.08123572682597181
cube9_cluster0,11,353,cube10_cluster0,True,1.095113641833839,0.7277869810942271,0.09645875588609813
cube9_cluster0,11,353,cube2_cluster0,True,1.4661782114419133,0.9769866625245358,0.1284600690392387
cube9_cluster0,11,353,cube16_cluster0,True,1.453908958779112,1.411532491204001,0.01112791903781895
cube9_cluster0,11,353,cube16_cluster0,True,1.7183564823927857,1.7018502186131157,0.004334489811626778
cube9_cluster0,11,353,cube1_cluster0,True,2.4649327513954487,2.062611995968676,0.10564808842756766
cube9_cluster0,11,353,cube17_cluster0,True,2.716927305462196,1.918188375630728,0.20974617876689397
cube9_cluster0,11,353,cube3_cluster1,True,2.179760008516718,1.5860407845699211,0.15590868784818337
cube9_cluster0,11,353,cube8_cluster1,True,1.572902439894706,1.4472347455327015,0.032999917372799066
cube9_cluster0,11,353,cube8_cluster1,True,1.5901293148457072,1.3473432371104477,0.06375481419632005
cube9_cluster0,11,353,cube16_cluster0,True,1.186217045515743,1.0996687577406792,0.02272729168649311
cube9_cluster0,11,353,cube16_cluster0,True,1.4081765286508037,1.349789572962139,0.015332219813191467
cube9_cluster0,11,353,cube1_cluster1,True,1.5104862179273433,1.0729494840844191,0.11489568689617329
cube9_cluster0,11,353,cube1_cluster1,True,1.1863915530058038,0.68563486657128,0.13149703557553474
cube9_cluster0,11,353,cube16_cluster0,True,0.8900749654848633,0.43138805852099904,0.12044965181098154
cube9_cluster0,11,353,cube1_cluster0,True,1.8248414621722997,0.6117820207317808,0.3185453631425436
cube9_cluster0,11,353,cube16_cluster0,True,1.5184060538839177,1.3326613661770421,0.048775935437361896
cube9_cluster0,11,353,cube10_cluster0,True,0.988235875209125,0.8887611683549185,0.026121726220392348
cube9_cluster0,11,353,cube8_cluster0,True,1.2115804036917075,0.7043350817364786,0.1332009296203213
cube9_cluster0,11,353,cube8_cluster0,True,1.4126557906422377,1.0501712875003608,0.0951872214520293
cube9_cluster0,11,353,cube16_cluster0,True,1.4519656793452471,1.2043109355565733,0.06503330966243087
cube9_cluster0,11,353,cube10_cluster0,True,0.9086075518995356,0.5618944961532533,0.0910456919718686
cube9_cluster0,11,353,cube3_cluster0,True,1.4973254794042317,1.1983873589159975,0.07850015332718821
cube9_cluster0,11,353,cube8_cluster1,True,1.892814874734027,1.2420381920923969,0.17089178618535386
cube9_cluster0,11,353,cube8_cluster0,True,1.4828780600525442,1.3021016457924588,0.047471283401992664
cube9_cluster0,11,353,cube16_cluster1,False,1.454088227083916,1.3732620603369152,0.02122468179075262
cube9_cluster0,11,353,cube1_cluster0,True,1.9114299034101685,1.115430224089126,0.2090268607196714
cube9_cluster0,11,353,cube15_cluster0,True,1.6074396173028598,1.2128268057272273,0.10362400808223184
cube9_cluster0,11,353,cube8_cluster0,True,0.9685865328974378,0.6067472456988001,0.0950177898974631
cube9_cluster0,11,353,cube8_cluster1,True,1.6530395500513524,1.2606296286121592,0.10304553648017921
cube9_cluster0,11,353,cube8_cluster1,True,1.9725383792346711,1.5266998366416713,0.11707571418312342
cube9_cluster0,11,353,cube15_cluster0,True,1.4786250741051405,0.7883317355902079,0.1812687282092269
cube9_cluster0,11,353,cube2_cluster0,True,1.027708878468812,1.0020989639010762,0.006725078143195772
cube9_cluster0,11,353,cube17_cluster0,True,1.4319333826417062,0.8523455572756264,0.1521978297163997
cube9_cluster0,11,353,cube3_cluster0,True,1.2887680435031432,0.8158159583040744,0.12419564003380942
cube9_cluster0,11,353,cube16_cluster0,True,1.6885644180416959,1.355531725625096,0.08745327419257108
cube9_cluster0,11,353,cube1_cluster1,True,1.635168436296511,1.2104843751321124,0.11152061792109381
cube9_cluster0,11,353,cube3_cluster1,True,1.9440831195841848,1.3526861845847133,0.15529886251664876
cube9_cluster0,11,353,cube2_cluster0,True,0.9582521941343779,0.5844722621369587,0.09815336339340583
cube9_cluster0,11,353,cube17_cluster0,True,1.4744822726435676,0.87361587415638,0.15778551204297167
cube9_cluster0,11,353,cube2_cluster0,True,1.5275465045617707,0.977805645822617,0.14436011583521743
cube9_cluster0,11,353,cube16_cluster0,True,0.8247677545317894,0.6430681444987009,0.0477137115326486
cube9_cluster0,11,353,cube8_cluster0,True,1.610299029698168,1.4162116718259226,0.05096669279567437
cube9_cluster0,11,353,cube15_cluster0,True,1.3695590364080241,1.2283655192744265,0.03707694664598197
cube9_cluster0,11,353,cube15_cluster0,True,1.6034203934593492,1.1771144950648196,0.11194650696806141
cube9_cluster0,11,353,cube16_cluster0,True,1.4866032119974675,1.1239081950871037,0.09524250166546183
cube9_cluster0,11,353,cube2_cluster0,True,1.3274765538311946,1.2085890931439134,0.031219450625397754
cube9_cluster0,11,353,cube1_cluster1,True,1.424075529345612,1.3300273471070323,0.02469673895659092
cube9_cluster0,11,353,cube8_cluster1,True,1.1725956744388528,1.090747179702003,0.021493141710895163
cube9_cluster0,11,353,cube8_cluster0,True,2.9434008791531787,2.5973750807304508,0.09086522049106134
cube9_cluster0,11,353,cube2_cluster0,True,1.581183351985023,1.2580425854700918,0.08485568744547455
cube9_cluster0,11,353,cube1_cluster0,True,2.146743751011273,1.592781662981242,0.14546859656702207
cube9_cluster0,11,353,cube24_cluster0,False,1.7069552057258695,1.643235703153838,0.016732528837965648
cube9_cluster0,11,353,cube2_cluster0,True,1.5548364378404944,1.363575517407764,0.05022447975168633
cube9_cluster0,11,353,cube2_cluster0,True,0.7541038828156589,0.6528691441508725,0.02658390470323553
cube9_cluster0,11,353,cube16_cluster0,True,1.1049079313469607,0.9119455018306287,0.05067129036162853
cube9_cluster0,11,353,cube10_cluster0,True,0.8902614003894743,0.6771385581347357,0.05596534750134554
cube9_cluster0,11,353,cube16_cluster0,True,1.5916558978711495,1.2498243889917229,0.08976381404711223
cube9_cluster0,11,353,cube10_cluster0,True,1.7181907773372096,1.447323113455128,0.07112894505188262
cube9_cluster0,11,353,cube8_cluster1,True,1.517490895318674,1.0166748636461136,0.13151261943709616
cube9_cluster0,11,353,cube2_cluster0,True,1.517055473669187,1.0865957267591995,0.11303729373299057
cube9_cluster0,11,353,cube16_cluster0,True,1.7637092772180463,1.5249561120972923,0.0626957847955973
cube9_cluster0,11,353,cube8_cluster0,True,1.242056680023369,0.49785508403905643,0.1954248568088058
cube9_cluster0,11,353,cube1_cluster1,True,1.5235152893467696,1.3973143334873224,0.03313995006332502
cube9_cluster0,11,353,cube16_cluster0,True,1.4683673466851268,1.2887934418371902,0.04715550844135232
cube9_cluster0,11,353,cube3_cluster0,True,1.1112763183040335,0.9113700733672355,0.05249471312983225
cube9_cluster0,11,353,cube16_cluster1,False,1.6797459274104078,1.525297935131709,0.040557527608565486
cube9_cluster0,11,353,cube17_cluster0,True,1.5317825298616219,0.765072864211029,0.2013354008271341
cube9_cluster0,11,353,cube10_cluster0,True,1.6744001989135728,1.3571437822707804,0.08331047679639682
cube9_cluster0,11,353,cube8_cluster1,True,1.416988280657038,1.2775314863796499,0.03662088901680903
cube9_cluster0,11,353,cube3_cluster0,True,1.575464339346562,0.9271565466103876,0.17024346393120407
cube9_cluster0,11,353,cube3_cluster1,True,1.5458343445653262,1.2751106360703175,0.07109114284740287
cube9_cluster0,11,353,cube16_cluster0,True,1.6293800257375395,1.223851958441075,0.1064903178265072
cube9_cluster0,11,353,cube16_cluster0,True,1.1656668277265212,0.9371454140103461,0.06000896100493014
cube9_cluster0,11,353,cube10_cluster0,True,1.1266610281828178,1.0848221132503637,0.010986759506872916
cube9_cluster0,11,353,cube16_cluster0,True,1.1969770891010485,0.8591641517646107,0.08870855056393491
cube9_cluster0,11,353,cube2_cluster0,True,2.7811539152479408,2.5935206179551265,0.04927187801514104
cube9_cluster0,11,353,cube8_cluster0,True,1.3841751106018294,0.9253737186995322,0.12047971517394764
cube9_cluster0,11,353,cube2_cluster0,True,1.5343049697287414,1.4048307210316928,0.03399950584435699
cube9_cluster0,11,353,cube8_cluster1,True,1.388810590600662,1.1392049567455869,0.06554560688664193
cube9_cluster0,11,353,cube10_cluster0,True,0.818372057500747,0.3910955667619546,0.11220138128023809
cube9_cluster0,11,353,cube2_cluster0,True,0.9932952832945487,0.9361527418388832,0.01500544078637005
cube9_cluster0,11,353,cube8_cluster0,True,1.5873434940182793,1.1940312455416124,0.10328248455049312
cube9_cluster0,11,353,cube8_cluster0,True,1.7586419368880037,0.8804213234976522,0.2306178037569928
cube9_cluster0,11,353,cube16_cluster0,True,1.5129920260354097,1.3469645770311895,0.043598254321218874
cube9_cluster0,11,353,cube3_cluster1,True,1.7130968961088984,0.579791701249823,0.2976021640118589
cube9_cluster0,11,353,cube3_cluster0,True,1.0645785917305943,0.6996648431572413,0.09582513319954682
cube9_cluster0,11,353,cube3_cluster1,True,1.3987410591022449,1.3387717024543624,0.015747753026957613
cube9_cluster0,11,353,cube3_cluster0,True,1.1839598116008117,0.9858615627716967,0.052019939382555475
cube9_cluster0,11,353,cube16_cluster0,True,1.0577102197028556,1.0302982858356768,0.007198282400564468
cube9_cluster0,11,353,cube10_cluster0,True,1.1310724048368541,1.0598415015172273,0.018704997619883347
cube9_cluster0,11,353,cube2_cluster0,True,1.0062398851112564,0.6559735621539243,0.09197876808950899
cube9_cluster0,11,353,cube2_cluster0,True,1.6589854879855932,1.128166935242619,0.1393911813962839
cube9_cluster0,11,353,cube3_cluster0,True,1.257852853331088,0.8075879810937983,0.11823805358361854
cube9_cluster0,11,353,cube8_cluster0,True,2.0136740391175865,1.086677632631497,0.24342616433147277
cube9_cluster0,11,353,cube2_cluster0,True,1.049120268787263,0.782899700174687,0.06990863333457323
cube9_cluster0,11,353,cube8_cluster0,True,1.5900656012869492,1.4272637102461876,0.042751233558916336
cube9_cluster0,11,353,cube16_cluster0,True,1.033985974901961,1.0204518888420673,0.0035540058561612606
cube9_cluster0,11,353,cube10_cluster0,True,1.1165568801243915,0.6708326876473707,0.11704568622408401
cube9_cluster0,11,353,cube1_cluster1,True,1.3071937907550706,1.0407866936305112,0.06995761509965115
cube9_cluster0,11,353,cube17_cluster0,True,1.6087213110822385,0.9441399003540443,0.1745168617349878
cube9_cluster0,11,353,cube3_cluster1,True,2.0753980970758996,1.6397323745988486,0.11440436555228423
cube9_cluster0,11,353,cube8_cluster1,True,1.7187067979409991,1.3505925652612307,0.09666556965062408
cube9_cluster0,11,353,cube3_cluster1,True,1.6325701328530924,1.3637063077504017,0.07060274367225183
cube9_cluster0,11,353,cube3_cluster1,True,1.695154876793997,0.7805911194389686,0.24016139213896198
cube10_cluster0,6,173,cube3_cluster1,True,1.6413882598140055,0.6885786543469185,0.2502046242835326
cube10_cluster0,6,173,cube8_cluster1,False,2.2831993613711075,1.9044129010778656,0.0994680610245313
cube10_cluster0,6,173,cube3_cluster1,True,1.3446274149531636,0.9023160785486256,0.11614948160308765
cube10_cluster0,6,173,cube9_cluster0,True,1.0425979549488442,0.8656004775430048,0.046478947188773746
cube10_cluster0,6,173,cube17_cluster1,False,1.6825238899595243,1.0892274025695678,0.15579767863840185
cube10_cluster0,6,173,cube9_cluster0,True,1.3041834023973844,1.1794581468733654,0.032752436077464336
cube10_cluster0,6,173,cube17_cluster0,True,1.5912022710578078,1.3912278549343415,0.052512614656065215
cube10_cluster0,6,173,cube3_cluster1,True,1.167167283876511,0.9232236718762914,0.06405877883332398
cube10_cluster0,6,173,cube17_cluster0,True,1.2162771133586279,0.9772680392059289,0.06276298565379729
cube10_cluster0,6,173,cube3_cluster0,True,1.3712535340252279,0.6292112863946143,0.19485781913366643
cube10_cluster0,6,173,cube16_cluster0,True,1.2142104969812932,1.2109812890441682,0.0008479792332127907
cube10_cluster0,6,173,cube17_cluster0,True,0.9181064691068089,0.8551212882583346,0.01653969840270177
cube10_cluster0,6,173,cube16_cluster0,True,1.7081240545983192,1.666515205201086,0.010926345064711266
cube10_cluster0,6,173,cube3_cluster1,True,1.5968177688583778,1.10921099478429,0.12804391245143337
cube10_cluster0,6,173,cube16_cluster0,True,0.8823245802170245,0.746190297042356,0.03574840868352536
cube10_cluster0,6,173,cube9_cluster0,True,1.0599537087996365,0.8465555075864966,0.056037655845357366
cube10_cluster0,6,173,cube17_cluster0,True,1.5236937710621816,1.1966445853654537,0.08588202528601788
cube10_cluster0,6,173,cube9_cluster0,True,1.4359696739547883,1.4188141959984737,0.004504971288949061
cube10_cluster0,6,173,cube16_cluster0,True,1.2723019791998569,1.1689676757628826,0.027135243409279204
cube10_cluster0,6,173,cube17_cluster0,True,1.1084648562217012,1.023813975147821,0.02222903901559357
cube10_cluster0,6,173,cube18_cluster0,False,1.674975809069601,1.3091232446438923,0.09607166311093969
cube10_cluster0,6,173,cube17_cluster0,True,1.0359410301243464,0.8575659740344278,0.046840694756276564
cube10_cluster0,6,173,cube3_cluster0,True,1.3483495728140267,0.9966711776160095,0.09234957354992268
cube10_cluster0,6,173,cube17_cluster0,True,1.9551490447935105,1.5046374848161905,0.11830283296131947
cube10_cluster0,6,173,cube3_cluster1,True,1.3289296043345291,0.49796520874270883,0.2182084785869909
cube10_cluster0,6,173,cube3_cluster0,True,1.2685358271450267,0.8084097357031089,0.12082757685449487
cube10_cluster0,6,173,cube17_cluster1,False,1.3894468750878246,1.046240382972426,0.09012488005859924
cube10_cluster0,6,173,cube3_cluster0,True,1.5829722454638726,1.084590636194457,0.1308733482340863
cube10_cluster0,6,173,cube16_cluster0,True,1.5213515930067978,1.3768266667079196,0.03795176358081452
cube10_cluster0,6,173,cube17_cluster0,True,1.3097198846865608,1.094401000017217,0.056542020914485194
cube10_cluster0,6,173,cube9_cluster0,True,1.6520610715703359,1.4518424986193423,0.05257672942458477
cube10_cluster0,6,173,cube17_cluster0,True,1.3796719304713578,1.3402356913663824,0.010355824848741795
cube10_cluster0,6,173,cube9_cluster0,True,1.122134372816692,0.9931879522007525,0.03386089995083697
cube10_cluster0,6,173,cube17_cluster1,False,1.190720655912358,1.1895341101953236,0.0003115829475504504
cube10_cluster0,6,173,cube3_cluster1,True,1.6488796468563787,1.168024916821364,0.12627084820832687
cube10_cluster0,6,173,cube3_cluster0,True,1.3853651466060284,0.4523165387587285,0.24501545222170937
cube10_cluster0,6,173,cube9_cluster0,True,1.4593356480062685,1.28628747795919,0.04544187224934285
cube10_cluster0,6,173,cube16_cluster0,True,1.1877728315232332,1.0806904019068924,0.0281194888420443
cube10_cluster0,6,173,cube3_cluster0,True,1.6010916670847908,0.9469495916123419,0.17177552711740365
cube10_cluster0,6,173,cube3_cluster1,True,1.1917680051446333,1.1677988697213584,0.006294215012706209
cube10_cluster0,6,173,cube3_cluster1,True,1.646026245757777,1.1680280933925775,0.12552072044039522
cube10_cluster0,6,173,cube3_cluster0,True,1.8443850480935666,1.0530668624731858,0.20779751608907696
cube10_cluster0,6,173,cube3_cluster1,True,1.730332252965988,0.7835961049638057,0.24860975461136595
cube10_cluster0,6,173,cube17_cluster1,False,1.5003139961096965,1.1340469317293844,0.09618050941644712
cube10_cluster0,6,173,cube17_cluster0,True,1.4128882485812737,1.0984993431426415,0.08255747791881515
cube10_cluster0,6,173,cube8_cluster1,False,1.8264250068082797,1.3933072777888178,0.11373527096919543
cube10_cluster0,6,173,cube16_cluster0,True,1.093829917128054,0.8683780370622879,0.05920291170681279
cube10_cluster0,6,173,cube16_cluster0,True,1.5722969498611392,1.5511111293402053,0.005563325803144121
cube10_cluster0,6,173,cube9_cluster0,True,1.175344430815744,0.7421222380864482,0.11376270279095739
cube10_cluster0,6,173,cube3_cluster1,True,1.2830203928215635,0.8892583610746787,0.10340059613699285
cube10_cluster0,6,173,cube17_cluster0,True,1.4562814701450644,1.1719262271753834,0.07467073833224415
cube10_cluster0,6,173,cube16_cluster0,True,1.458198195579579,1.263323820368883,0.05117336092364219
cube10_cluster0,6,173,cube9_cluster0,True,1.4701065579642465,1.3488859614402553,0.031832124313904815
cube10_cluster0,6,173,cube9_cluster0,True,1.7291380783381227,1.5104790867125772,0.057419121860202045
cube10_cluster0,6,173,cube17_cluster0,True,1.0744750947076493,0.800560663518868,0.0719290159840795
cube10_cluster0,6,173,cube3_cluster1,True,1.9376312020261477,1.5614430672663504,0.09878574940620635
cube10_cluster0,6,173,cube16_cluster0,True,1.4154393398387897,1.2624151835608324,0.040183633023999195
cube10_cluster0,6,173,cube17_cluster0,True,1.1022306094328247,0.6609898093767965,0.11586836232876058
cube10_cluster0,6,173,cube9_cluster0,True,1.2717179618891548,0.9973721303967759,0.0720423002648614
cube10_cluster0,6,173,cube9_cluster0,True,1.241182804065663,1.023445709799628,0.05717703468859843
cube10_cluster0,6,173,cube9_cluster0,True,1.2421369880941164,1.0753503940979134,0.043797603263972945
cube10_cluster0,6,173,cube3_cluster1,True,2.1123847013833834,1.7159070408777624,0.10411371119101254
cube10_cluster0,6,173,cube17_cluster0,True,1.6666543316960205,1.266326666740411,0.1051247095178263
cube10_cluster0,6,173,cube3_cluster1,True,1.6921407260951882,1.2470395688816756,0.11688207924203114
cube10_cluster0,6,173,cube16_cluster0,True,1.4642531360410622,1.423000594576281,0.010832779790120402
cube10_cluster0,6,173,cube17_cluster0,True,1.1309731881739635,1.0165177999022987,0.030055603192307396
cube10_cluster0,6,173,cube9_cluster0,True,1.314710767106128,1.122823942181018,0.05038884018367045
cube10_cluster0,6,173,cube16_cluster0,True,1.0966923304952414,0.9281762525671441,0.04425175997576626
cube10_cluster0,6,173,cube17_cluster0,True,1.3384415957107192,0.991748366754243,0.09104048552299808
cube10_cluster0,6,173,cube17_cluster0,True,1.6439986918476972,1.4215008472798834,0.058427191838284535
cube10_cluster0,6,173,cube16_cluster0,True,1.589147197694232,1.3751719871890844,0.05618917656081459
cube10_cluster0,6,173,cube9_cluster0,True,1.3857677267749486,1.3488186974847811,0.00970269184750253
cube10_cluster0,6,173,cube9_cluster0,True,1.1340924567822213,1.1093216158297354,0.006504740210574997
cube10_cluster0,6,173,cube16_cluster0,True,1.1348354260456457,1.1129333893620428,0.005751401778510208
cube10_cluster0,6,173,cube16_cluster0,True,1.4256168587538176,1.411532491204001,0.0036985079399420072
cube10_cluster0,6,173,cube17_cluster0,True,1.3287524914600934,1.19724457074604,0.034533541332675985
cube10_cluster0,6,173,cube17_cluster0,True,2.279360813621752,1.918188375630728,0.09484267751983018
cube10_cluster0,6,173,cube3_cluster1,True,1.8128647048387472,1.5860407845699211,0.05956320488767362
cube10_cluster0,6,173,cube16_cluster0,True,1.2558716239689496,1.0996687577406792,0.041018351654312044
cube10_cluster0,6,173,cube16_cluster0,True,0.7098782078227577,0.43138805852099904,0.07313058429816424
cube10_cluster0,6,173,cube16_cluster0,True,1.2878995432530032,1.2043109355565733,0.021950089569905445
cube10_cluster0,6,173,cube17_cluster0,True,1.1211916525112515,0.6547546634051484,0.12248479753100688
cube10_cluster0,6,173,cube8_cluster1,False,2.1033651117538374,1.5266998366416713,0.15143037776793647
cube10_cluster0,6,173,cube17_cluster1,False,1.9293143734501275,1.8811194271870153,0.012655832133656593
cube10_cluster0,6,173,cube17_cluster0,True,1.1145568201096079,0.8523455572756264,0.06885580301021975
cube10_cluster0,6,173,cube9_cluster0,True,1.6250471319574953,1.394410142449941,0.06056450415120841
cube10_cluster0,6,173,cube3_cluster1,True,1.887394002805871,1.334311872043275,0.1452375227237056
cube10_cluster0,6,173,cube17_cluster0,True,1.5458938848897383,1.3950053487199663,0.03962282630698578
cube10_cluster0,6,173,cube17_cluster0,True,0.9749816587806663,0.87361587415638,0.026618316935094272
cube10_cluster0,6,173,cube17_cluster0,True,1.286638886378911,1.2116851999491283,0.01968258804720598
cube10_cluster0,6,173,cube9_cluster0,True,1.1760374990269,0.8357886590277037,0.08934821047818185
cube10_cluster0,6,173,cube2_cluster0,True,1.7703487755436897,1.2085890931439134,0.14751621883951277
cube10_cluster0,6,173,cube9_cluster0,True,1.2254455958052628,0.849067817156989,0.09883554925875998
cube10_cluster0,6,173,cube1_cluster0,False,2.612194626553427,1.592781662981242,0.26769444396533393
cube10_cluster0,6,173,cube2_cluster0,True,1.9408844998547323,1.363575517407764,0.15159941316695913
cube10_cluster0,6,173,cube16_cluster0,True,0.9607886968269436,0.9119455018306287,0.012826060088751296
cube10_cluster0,6,173,cube17_cluster0,True,1.610956044909146,1.0568633759528792,0.14550288668269673
cube10_cluster0,6,173,cube2_cluster0,True,1.951926421044775,1.0865957267591995,0.22723295399461604
cube10_cluster0,6,173,cube16_cluster0,True,1.5805815925637987,1.5249561120972923,0.014607065630798761
cube10_cluster0,6,173,cube17_cluster0,True,0.9989102477434363,0.6857592984241525,0.08223239477109728
cube10_cluster0,6,173,cube17_cluster0,True,0.8911443764416173,0.765072864211029,0.033105958598147994
cube10_cluster0,6,173,cube9_cluster0,True,0.9869577467556837,0.9126239308394196,0.019519812117944256
cube10_cluster0,6,173,cube16_cluster0,True,1.3928699869103616,1.223851958441075,0.04438357051361828
cube10_cluster0,6,173,cube16_cluster0,True,1.0143460549424284,0.9371454140103461,0.020272630804756067
cube10_cluster0,6,173,cube2_cluster0,True,1.8683194015703177,1.4048307210316928,0.12171058153531888
cube10_cluster0,6,173,cube2_cluster0,True,1.4878952210406615,0.9361527418388832,0.14488573469226468
cube10_cluster0,6,173,cube16_cluster0,True,1.2818221967222105,1.1303237926357586,0.03978297558768145
cube10_cluster0,6,173,cube3_cluster1,True,1.414861062884321,0.579791701249823,0.21928642897761627
cube10_cluster0,6,173,cube16_cluster0,True,1.0480789902662038,1.0302982858356768,0.004669153675624032
cube10_cluster0,6,173,cube9_cluster0,True,1.3139890568824073,1.2473518625871443,0.017498704952477503
cube10_cluster0,6,173,cube9_cluster0,True,1.4444117962909575,1.3787770781268724,0.017235458064205803
cube10_cluster0,6,173,cube3_cluster0,True,1.0321790440074483,0.8075879810937983,0.058976863993936875
cube10_cluster0,6,173,cube3_cluster1,True,1.4559094290674022,1.3109252063095727,0.03807237329894425
cube10_cluster0,6,173,cube17_cluster0,True,1.1318564323096958,0.9441399003540443,0.049293735159971507
cube10_cluster0,6,173,cube3_cluster1,True,1.5474174029342045,0.7805911194389686,0.20136602428415662
cube10_cluster0,6,173,cube17_cluster1,False,1.3444467508846716,1.2963351349565044,0.012633949865649738
cube15_cluster0,5,23,cube8_cluster0,True,1.130675292451341,0.938300120065469,0.05051707859797555
cube15_cluster0,5,23,cube15_cluster1,False,1.3864141253741804,1.1325738310663025,0.06665761459676828
cube15_cluster0,5,23,cube15_cluster1,False,1.0767307706315026,0.9732783944555835,0.02716624891669255
cube15_cluster0,5,23,cube8_cluster0,True,1.0253963957868595,0.944318148261102,0.021290877362434544
cube15_cluster0,5,23,cube15_cluster1,False,1.2610153894130296,1.1924218666776238,0.01801243027549326
cube15_cluster0,5,23,cube23_cluster0,True,0.7292270750901039,0.7097269481320435,0.0051206682961921655
cube15_cluster0,5,23,cube23_cluster0,True,1.3961281553909257,1.3921094383717079,0.0010553016847498337
cube15_cluster0,5,23,cube23_cluster0,True,0.7564894422247359,0.606008482183714,0.03951579817505289
cube15_cluster1,2,4,cube16_cluster1,True,0.41907300239656764,0.3816404519214161,0.009829662897886459
cube15_cluster1,2,4,cube16_cluster1,True,0.4456206541466343,0.29288957210454936,0.040106672707213055
cube16_cluster0,8,307,cube24_cluster0,True,1.6173756942137758,1.519097165860258,0.025807613735984593
cube16_cluster0,8,307,cube10_cluster0,True,1.6747768414735504,1.5636989102705088,0.029168694231650614
cube16_cluster0,8,307,cube8_cluster0,True,1.59129039494372,1.2239595964573537,0.09645984244459434
cube16_cluster0,8,307,cube9_cluster0,True,1.5132526664394972,1.4632614197227654,0.013127534641187384
cube16_cluster0,8,307,cube8_cluster0,True,1.699819630906265,0.938300120065469,0.19997248348592825
cube16_cluster0,8,307,cube24_cluster0,True,1.58748532543239,1.4377804601978437,0.03931199826754938
cube16_cluster0,8,307,cube17_cluster0,True,1.757492868549365,1.3054794363279183,0.11869721960310753
cube16_cluster0,8,307,cube17_cluster0,True,1.634417670343029,1.4904245933109908,0.037812101737334375
cube16_cluster0,8,307,cube16_cluster1,False,1.5639613558007182,1.1785824055315919,0.10119922690283972
cube16_cluster0,8,307,cube9_cluster0,True,1.524867138980208,1.4344109399858174,0.023753496137786115
cube16_cluster0,8,307,cube17_cluster0,True,1.1514177340823146,0.7927922599671364,0.09417385330147308
cube16_cluster0,8,307,cube16_cluster1,False,1.8445860041789777,1.2476972399056026,0.1567409985658889
cube16_cluster0,8,307,cube15_cluster0,True,1.9613881667621667,0.9399645174395388,0.2682224433367248
cube16_cluster0,8,307,cube24_cluster0,True,1.2780328394201448,1.0599245746612276,0.05727450282198399
cube16_cluster0,8,307,cube9_cluster0,True,0.8860867887506108,0.8656004775430048,0.0053796369906890275
cube16_cluster0,8,307,cube16_cluster1,False,1.8893539935837322,1.3419105566743177,0.1437568205258163
cube16_cluster0,8,307,cube10_cluster0,True,1.130169490319597,0.809133990743473,0.08430285136949632
cube16_cluster0,8,307,cube15_cluster0,True,1.9153090461029536,0.86358392986671,0.27617950747719855
cube16_cluster0,8,307,cube8_cluster1,False,1.9310770940937156,1.8448356677193007,0.02264671090622395
cube16_cluster0,8,307,cube17_cluster0,True,1.2728261005658097,0.8965986202814455,0.09879608140971997
cube16_cluster0,8,307,cube17_cluster1,False,2.8261635727484014,1.955403891499734,0.22865858786264853
cube16_cluster0,8,307,cube8_cluster0,True,1.5973808683120931,0.944318148261102,0.1714920919839366
cube16_cluster0,8,307,cube9_cluster0,True,1.4091071836072322,1.1794581468733654,0.06030507104817086
cube16_cluster0,8,307,cube17_cluster0,True,1.3778527385037855,1.033808364237618,0.0903449051166215
cube16_cluster0,8,307,cube17_cluster0,True,2.1322836464973287,1.523687348809392,0.15981535778988235
cube16_cluster0,8,307,cube17_cluster0,True,2.080138407534476,1.7973780772272199,0.07425191958694889
cube16_cluster0,8,307,cube9_cluster0,True,1.7222877257800806,1.4572959606182636,0.06958595364709808
cube16_cluster0,8,307,cube8_cluster1,False,1.7534605796235883,1.423774304802717,0.08657451609396376
cube16_cluster0,8,307,cube17_cluster0,True,1.6341259515568045,1.3912278549343415,0.06378422998245883
cube16_cluster0,8,307,cube24_cluster0,True,1.0739459829759723,0.8369834421940043,0.06222557281688907
cube16_cluster0,8,307,cube25_cluster0,True,1.6338262768098022,1.580068089821507,0.014116720591808653
cube16_cluster0,8,307,cube17_cluster0,True,1.212035056662719,1.1960840895071683,0.0041886707703340685
cube16_cluster0,8,307,cube24_cluster0,True,1.0188529325899471,0.9688895613133686,0.013120214643582128
cube16_cluster0,8,307,cube17_cluster0,True,1.6836507949583155,1.0895813424093055,0.1560006567109313
cube16_cluster0,8,307,cube9_cluster0,True,1.2503239588985429,1.073704435164224,0.04637969781530316
cube16_cluster0,8,307,cube24_cluster0,True,1.1439224442264408,1.1158811778886486,0.007363543008198751
cube16_cluster0,8,307,cube17_cluster0,True,1.1733291821225111,1.0607196273212594,0.02957089347978487
cube16_cluster0,8,307,cube10_cluster0,True,1.2769362479582775,0.9260768708950146,0.09213450211958471
cube16_cluster0,8,307,cube17_cluster0,True,1.3423635899696613,0.7389625104709828,0.15845111082211893
cube16_cluster0,8,307,cube10_cluster0,True,1.4945375950983493,1.3485362450172327,0.0383394675413945
cube16_cluster0,8,307,cube8_cluster0,True,1.7090994881023962,1.0421495353562549,0.1751388329685898
cube16_cluster0,8,307,cube24_cluster0,True,0.9464401883138404,0.8530725568952929,0.024518028581238912
cube16_cluster0,8,307,cube15_cluster0,True,1.8380945396922113,0.7874992363820867,0.2758828223713093
cube16_cluster0,8,307,cube17_cluster0,True,1.7312959725921933,1.613148653113052,0.031025092012893423
cube16_cluster0,8,307,cube17_cluster0,True,0.9963239072479244,0.8551212882583346,0.037079336763006135
cube16_cluster0,8,307,cube17_cluster0,True,1.8851041881791737,1.640701436045613,0.06417934750086988
cube16_cluster0,8,307,cube10_cluster0,True,1.230783812245115,0.7982057006525802,0.11359356923278716
cube16_cluster0,8,307,cube17_cluster0,True,1.0410310219500205,0.8022603311419559,0.06270038698262785
cube16_cluster0,8,307,cube24_cluster0,True,1.9039084144373477,1.7911422340732863,0.029612022830151526
cube16_cluster0,8,307,cube17_cluster0,True,2.125642501579706,1.7837947647671306,0.08976807544822851
cube16_cluster0,8,307,cube17_cluster0,True,1.7160375988566987,1.3902212656271642,0.0855582823403326
cube16_cluster0,8,307,cube25_cluster0,True,0.9279466623984125,0.7395678819286617,0.049467639410833146
cube16_cluster0,8,307,cube15_cluster0,True,1.4422368808403248,0.9760941681618109,0.12240752152268582
cube16_cluster0,8,307,cube17_cluster0,True,2.315573293238287,1.9040097596126482,0.1080752111531511
cube16_cluster0,8,307,cube3_cluster1,False,2.76319753939856,2.7228844353591204,0.010586086655734657
cube16_cluster0,8,307,cube9_cluster0,True,1.7091139824930013,1.4543038684771425,0.06691228601723445
cube16_cluster0,8,307,cube9_cluster0,True,1.679939184564899,1.4640076360527727,0.05670290439604957
cube16_cluster0,8,307,cube17_cluster0,True,1.3803120732826901,1.0818892652884415,0.07836483398510088
cube16_cluster0,8,307,cube25_cluster0,True,1.31776840080902,1.2320282089715187,0.022515088388706504
cube16_cluster0,8,307,cube15_cluster0,True,1.7810182062084565,1.049835875600885,0.1920060411468476
cube16_cluster0,8,307,cube15_cluster0,True,1.6842500352903242,1.6716024181975289,0.0033212220622330455
cube16_cluster0,8,307,cube17_cluster0,True,1.1724566365275846,0.9442364644763581,0.05992985594851117
cube16_cluster0,8,307,cube25_cluster0,True,1.1561602236299797,0.9734549644823934,0.04797779163575652
cube16_cluster0,8,307,cube17_cluster0,True,0.9230567372910873,0.43945366804330127,0.12699255291846992
cube16_cluster0,8,307,cube24_cluster0,True,1.0421327368717344,0.9116257207856857,0.03427070711589578
cube16_cluster0,8,307,cube17_cluster1,False,1.7542022292414658,1.4177301860807792,0.08835643622595726
cube16_cluster0,8,307,cube17_cluster0,True,1.9974168437242106,1.5046374848161905,0.12940221597558216
cube16_cluster0,8,307,cube3_cluster1,False,1.3929511293729508,1.1429500461108064,0.06564945058191031
cube16_cluster0,8,307,cube16_cluster1,False,1.761484544846851,0.9888664613966099,0.2028869316336969
cube16_cluster0,8,307,cube8_cluster1,False,1.836618590136362,1.5813841062013452,0.06702372414251254
cube16_cluster0,8,307,cube17_cluster0,True,1.3950505163612228,1.094401000017217,0.07894956017052476
cube16_cluster0,8,307,cube10_cluster0,True,1.0574185179849138,0.974196515077192,0.02185382037520704
cube16_cluster0,8,307,cube9_cluster0,True,1.4805017079370595,1.4518424986193423,0.007525812773568048
cube16_cluster0,8,307,cube9_cluster0,True,1.1578886558128916,0.9931879522007525,0.04324985540663947
cube16_cluster0,8,307,cube15_cluster0,True,1.7560231981143541,1.0445106039926306,0.18684083395439377
cube16_cluster0,8,307,cube15_cluster0,True,1.4105782622356964,1.0852416596360441,0.08543230667707492
cube16_cluster0,8,307,cube17_cluster0,True,1.315335702714181,1.0109911482051164,0.0799198648678086
cube16_cluster0,8,307,cube9_cluster0,True,1.5424779544535618,1.28628747795919,0.06727476459987022
cube16_cluster0,8,307,cube23_cluster0,True,1.7700525501085593,1.3633086802232568,0.1068095835310065
cube16_cluster0,8,307,cube17_cluster0,True,1.6809221064284388,1.3942525533370356,0.07527846845078891
cube16_cluster0,8,307,cube23_cluster0,True,1.8415331019386414,1.5140819277444626,0.08598758612460923
cube16_cluster0,8,307,cube25_cluster0,True,1.3823191642465078,0.9776188263263345,0.1062729588531981
cube16_cluster0,8,307,cube9_cluster0,True,1.6245350576426074,1.6025517796520587,0.005772735474732447
cube16_cluster0,8,307,cube10_cluster0,True,1.6133444618365322,1.22179928331337,0.10281845787479373
cube16_cluster0,8,307,cube15_cluster0,True,1.2174950384852272,0.6198687552938397,0.1569346685737525
cube16_cluster0,8,307,cube23_cluster0,True,1.5146079472288212,0.7097269481320435,0.21135906566899115
cube16_cluster0,8,307,cube17_cluster0,True,1.5611681755819948,1.0984993431426415,0.12149529215906699
cube16_cluster0,8,307,cube25_cluster0,True,0.9550600945742159,0.9241517811468118,0.008116420010848053
cube16_cluster0,8,307,cube24_cluster0,True,0.9575447657041405,0.9365060322423483,0.005524701232024822
cube16_cluster0,8,307,cube17_cluster0,True,1.5658775461050891,0.966415662103982,0.15741669122370813
cube16_cluster0,8,307,cube9_cluster0,True,1.5109566146241644,1.2471371201755428,0.06927811926794124
cube16_cluster0,8,307,cube9_cluster0,True,1.0174389355131008,0.9938608092502409,0.006191537311398719
cube16_cluster0,8,307,cube8_cluster1,False,1.7111870291375857,1.4955509678563685,0.056625310434815355
cube16_cluster0,8,307,cube15_cluster0,True,1.2747771611756962,0.8120324361532907,0.12151522129823553
cube16_cluster0,8,307,cube17_cluster0,True,0.961327368191544,0.9442254218891419,0.004490914055187344
cube16_cluster0,8,307,cube24_cluster0,True,1.4049697096721878,1.2494985597349735,0.040826205396932456
cube16_cluster0,8,307,cube17_cluster0,True,1.5157975335859248,1.3736225280300016,0.03733468223191388
cube16_cluster0,8,307,cube9_cluster0,True,1.6528906047323895,1.3488859614402553,0.07983060531602212
cube16_cluster0,8,307,cube17_cluster0,True,1.5391814056243618,1.4227782695401523,0.03056707527113674
cube16_cluster0,8,307,cube3_cluster1,False,2.1111470832706916,1.796583239724525,0.08260341608234477
cube16_cluster0,8,307,cube17_cluster0,True,1.1921213010286396,0.800560663518868,0.10282251735311361
cube16_cluster0,8,307,cube24_cluster0,True,1.3436879481285446,1.1589338578730646,0.048515807850779545
cube16_cluster0,8,307,cube15_cluster0,True,1.784924153499328,0.7881232113215082,0.26175660256994326
cube16_cluster0,8,307,cube17_cluster0,True,1.2847424063125543,0.6609898093767965,0.16379535141827453
cube16_cluster0,8,307,cube24_cluster0,True,1.6281379373049691,1.3985947291402863,0.060277280818896085
cube16_cluster0,8,307,cube15_cluster0,True,1.2701075550629355,0.9013437179477922,0.09683615360858723
cube16_cluster0,8,307,cube15_cluster0,True,1.203850806764299,1.0782098594229688,0.03299289369438513
cube16_cluster0,8,307,cube17_cluster1,False,2.2951973471473317,1.7205038208005072,0.1509126031189582
cube16_cluster0,8,307,cube3_cluster1,False,1.9044318236148317,1.6047741324956069,0.07868911017474665
cube16_cluster0,8,307,cube3_cluster1,False,2.2149254202886826,1.7159070408777624,0.13104056194928815
cube16_cluster0,8,307,cube17_cluster0,True,1.7569257532562934,1.266326666740411,0.12882968371774128
cube16_cluster0,8,307,cube17_cluster0,True,1.297259208252471,1.0165177999022987,0.07372175741516604
cube16_cluster0,8,307,cube24_cluster0,True,0.9993466402080038,0.9582069054389286,0.010803157128096565
cube16_cluster0,8,307,cube23_cluster0,True,1.586982393302357,1.0643270256819106,0.1372475562115464
cube16_cluster0,8,307,cube16_cluster1,False,1.664407093115372,1.372406534290067,0.07667837277485412
cube16_cluster0,8,307,cube17_cluster0,True,1.6243367548826317,1.1918270192557063,0.11357561393228732
cube16_cluster0,8,307,cube24_cluster0,True,1.0604982941155447,1.0385366408589485,0.005767056891726204
cube16_cluster0,8,307,cube17_cluster0,True,0.9645622967353848,0.8299621817676741,0.03534554122962154
cube16_cluster0,8,307,cube9_cluster0,True,1.4408604364310036,1.2760289223212762,0.0432842058069856
cube16_cluster0,8,307,cube3_cluster1,False,2.0727243389296,1.9108285984058506,0.04251328145562888
cube16_cluster0,8,307,cube16_cluster1,False,1.7133627483453513,1.689834573524099,0.006178420229446425
cube16_cluster0,8,307,cube15_cluster0,True,1.5807911499847809,0.8173206045982735,0.20048481864992423
cube16_cluster0,8,307,cube24_cluster0,True,0.9670940501810646,0.8272435873740971,0.03672426505958873
cube16_cluster0,8,307,cube9_cluster0,True,1.4348379360650516,1.1093216158297354,0.08547949992874913
cube16_cluster0,8,307,cube24_cluster0,True,1.8855118452785327,1.7475236834869015,0.0362352310246971
cube16_cluster0,8,307,cube17_cluster1,False,2.304502085273867,1.96778863416945,0.08841982914676066
cube16_cluster0,8,307,cube17_cluster0,True,2.007126784709427,1.539697085893953,0.12274547978948817
cube16_cluster0,8,307,cube17_cluster0,True,2.358312767157393,1.918188375630728,0.11557519717274879
cube16_cluster0,8,307,cube24_cluster0,True,0.900436730548027,0.8029716238471463,0.025594011923183373
cube16_cluster0,8,307,cube15_cluster0,True,1.651635451569269,0.963319748273596,0.18074940779708415
cube16_cluster0,8,307,cube24_cluster0,True,1.4659736504370986,1.1941223780079244,0.07138723737550666
cube16_cluster0,8,307,cube24_cluster0,True,0.7586971024489714,0.5817264552552172,0.0464719016645728
cube16_cluster0,8,307,cube17_cluster1,False,2.0027041183788237,1.5801123418451244,0.11097119095592198
cube16_cluster0,8,307,cube15_cluster1,False,1.6787163475010283,1.564591777740646,0.02996873135469521
cube16_cluster0,8,307,cube17_cluster1,False,1.7918116570870914,1.487181210483986,0.0799949391781059
cube16_cluster0,8,307,cube17_cluster0,True,1.1406693529867884,1.1293618158603058,0.0029693215329380926
cube16_cluster0,8,307,cube3_cluster1,False,2.9487692910377117,2.6016786089179735,0.09114485539795912
cube16_cluster0,8,307,cube17_cluster0,True,1.6829868689132257,1.5114655170734361,0.04504093488083604
cube16_cluster0,8,307,cube15_cluster0,True,1.5424754597570687,1.2128268057272273,0.08656463699972405
cube16_cluster0,8,307,cube15_cluster0,True,1.579276420107769,0.9242452357751467,0.17200900413844794
cube16_cluster0,8,307,cube8_cluster1,False,1.8605956696910402,1.2606296286121592,0.15754908119070732
cube16_cluster0,8,307,cube15_cluster0,True,1.9073631100121413,0.7883317355902079,0.2938539063756285
cube16_cluster0,8,307,cube17_cluster0,True,0.9578809682002657,0.8523455572756264,0.027713246893709773
cube16_cluster0,8,307,cube9_cluster0,True,1.7388701614662863,1.394410142449941,0.09045405204162821
cube16_cluster0,8,307,cube3_cluster1,False,1.8185990197711455,1.3526861845847133,0.12234715646002532
cube16_cluster0,8,307,cube17_cluster0,True,1.1525874210001659,0.87361587415638,0.07325699768699116
cube16_cluster0,8,307,cube24_cluster0,True,1.1038753716642193,0.8666735020379366,0.06228841977312083
cube16_cluster0,8,307,cube8_cluster0,True,1.9848950448657507,1.4162116718259226,0.14933435690750627
cube16_cluster0,8,307,cube15_cluster0,True,1.3017450498860097,1.2283655192744265,0.019269219979969398
cube16_cluster0,8,307,cube24_cluster0,True,1.411679725060216,1.1134991112358583,0.07830123460393018
cube16_cluster0,8,307,cube9_cluster0,True,1.4337397776129368,0.8912888625365951,0.1424458009450901
cube16_cluster0,8,307,cube15_cluster0,True,1.827092512168592,1.1771144950648196,0.17068205927907446
cube16_cluster0,8,307,cube17_cluster0,True,1.5791053480882784,1.0257000838538755,0.14532237649558505
cube16_cluster0,8,307,cube24_cluster0,True,1.1808024783699547,1.0883732607199479,0.024271604255714712
cube16_cluster0,8,307,cube17_cluster0,True,0.9150087663567993,0.899582358701783,0.004050923195170577
cube16_cluster0,8,307,cube24_cluster0,True,1.6641912527710028,1.643235703153838,0.005502857431886733
cube16_cluster0,8,307,cube17_cluster0,True,1.2908208143123483,1.1718249071749258,0.03124792830147994
cube16_cluster0,8,307,cube17_cluster1,False,2.3184159640593913,0.9491048798086181,0.3595765233645895
cube16_cluster0,8,307,cube24_cluster0,True,1.0388540054173134,0.8473904982719103,0.05027767834670286
cube16_cluster0,8,307,cube10_cluster0,True,1.5994655615728213,1.447323113455128,0.03995209940206592
cube16_cluster0,8,307,cube17_cluster0,True,1.1083613227562752,0.79115084313976,0.08329841388652011
cube16_cluster0,8,307,cube24_cluster0,True,1.2422753860274305,0.9654815168601943,0.07268514679280894
cube16_cluster0,8,307,cube16_cluster1,False,1.5978642322887082,1.3678730197054874,0.06039492528487805
cube16_cluster0,8,307,cube25_cluster0,True,1.1997381923512647,1.0039449336160278,0.05141465667223549
cube16_cluster0,8,307,cube17_cluster0,True,1.2584090569021646,1.1856861061882633,0.0190968042888712
cube16_cluster0,8,307,cube16_cluster1,False,1.8836160623465859,0.9773197272635509,0.2379903946264596
cube16_cluster0,8,307,cube16_cluster1,False,1.6435554763722948,1.525297935131709,0.031054035879802218
cube16_cluster0,8,307,cube17_cluster0,True,1.2900453365199227,0.765072864211029,0.13785602017399184
cube16_cluster0,8,307,cube10_cluster0,True,1.7681898313010165,1.3571437822707804,0.10793932142447671
cube16_cluster0,8,307,cube17_cluster0,True,1.8063928068711035,1.187976773015307,0.16239398775367067
cube16_cluster0,8,307,cube24_cluster0,True,1.3048903915521364,1.1389336296598898,0.04357969212139264
cube16_cluster0,8,307,cube9_cluster0,True,0.8976573970983137,0.8590146935733923,0.0101474450522706
cube16_cluster0,8,307,cube9_cluster0,True,1.353418940316889,0.9111452155369975,0.11613960491590969
cube16_cluster0,8,307,cube17_cluster0,True,0.8112884713678973,0.690484862582224,0.031722624724692006
cube16_cluster0,8,307,cube9_cluster0,True,1.2946451449715812,1.1835762133424852,0.02916633097355072
cube16_cluster0,8,307,cube17_cluster1,False,1.7466707389279483,1.0409542511455223,0.18531879576270235
cube16_cluster0,8,307,cube15_cluster0,True,1.4902318627880586,1.2600055489950361,0.060456662078388
cube16_cluster0,8,307,cube24_cluster0,True,1.0652008304592493,0.7432637679423674,0.08453959879056135
cube16_cluster0,8,307,cube24_cluster0,True,1.459475741065946,1.3489633224201452,0.029020192520395626
cube16_cluster0,8,307,cube23_cluster0,True,1.513548071260165,1.3921094383717079,0.03188937993594969
cube16_cluster0,8,307,cube24_cluster0,True,1.7272863860188694,1.672475798817932,0.01439307737735026
cube16_cluster0,8,307,cube24_cluster0,True,1.0435293286585654,0.8880640456607469,0.040824664758216375
cube16_cluster0,8,307,cube16_cluster1,False,1.3867430962648322,1.122357427818266,0.06942679467131878
cube16_cluster0,8,307,cube24_cluster0,True,1.0295205335216167,0.7046570176052627,0.08530807569202922
cube16_cluster0,8,307,cube24_cluster0,True,1.8008231950299494,1.5370595741880175,0.06926344704519183
cube16_cluster0,8,307,cube15_cluster0,True,1.423252313292136,1.1754227427245094,0.06507921859144626
cube16_cluster0,8,307,cube24_cluster0,True,1.3630975468678042,1.3627027246276127,0.00010367900333820467
cube16_cluster0,8,307,cube24_cluster0,True,1.1986437024815446,1.129769118705968,0.01808623596715841
cube16_cluster0,8,307,cube3_cluster1,False,2.3880441011538043,2.207685104350638,0.047361670970108495
cube16_cluster0,8,307,cube15_cluster0,True,1.6548137348798384,1.2056354322980285,0.11795272401636052
cube16_cluster0,8,307,cube25_cluster0,True,1.1781486299738098,1.0337114602011572,0.03792871900974101
cube16_cluster0,8,307,cube24_cluster0,True,1.3616171466196063,1.0941729535232436,0.07022995304259602
cube16_cluster0,8,307,cube23_cluster0,True,2.037437395196256,1.4769747164019815,0.14717563001888484
cube16_cluster0,8,307,cube17_cluster0,True,1.0251099181054601,0.6368751951247765,0.10194914329141778
cube16_cluster0,8,307,cube23_cluster0,True,1.821044619520914,0.606008482183714,0.3190644368917104
cube16_cluster0,8,307,cube24_cluster0,True,1.1622203276671645,1.0994817518031244,0.01647494075634434
cube16_cluster0,8,307,cube15_cluster0,True,1.4808952451253767,0.754936271124208,0.19063440512459817
cube16_cluster0,8,307,cube15_cluster0,True,1.3505873781041842,0.9533681419694348,0.10430844647768393
cube16_cluster0,8,307,cube15_cluster0,True,1.3452882789911669,0.8145760296648741,0.1393632664736401
cube16_cluster0,8,307,cube17_cluster0,True,1.2428044400761022,0.9441399003540443,0.07842831193052348
cube16_cluster0,8,307,cube3_cluster1,False,1.879818687113742,1.6397323745988486,0.06304586485456322
cube16_cluster0,8,307,cube9_cluster0,True,1.2154301510220178,1.0289953409397232,0.04895715927123238
cube16_cluster0,8,307,cube15_cluster0,True,1.721526436424713,1.2362444508043948,0.12743343075784364
cube16_cluster1,2,3,cube15_cluster1,True,0.41262708568624085,0.41096251248120835,0.00043711137143020475
cube17_cluster0,6,230,cube10_cluster0,True,1.6082548116948128,1.5636989102705088,0.011700231097079536
cube17_cluster0,6,230,cube18_cluster0,True,1.533220295771251,1.0246288455137038,0.133554418422477
cube17_cluster0,6,230,cube24_cluster0,True,1.9755952402657173,1.4377804601978437,0.14122836735577105
cube17_cluster0,6,230,cube25_cluster0,True,1.1698916838192424,1.1436745901270122,0.006884521356032029
cube17_cluster0,6,230,cube17_cluster1,False,1.5618456180674003,1.1611153918827681,0.10523042075381803
cube17_cluster0,6,230,cube18_cluster0,True,1.4812765895075575,0.7264506603989761,0.19821477124960077
cube17_cluster0,6,230,cube9_cluster0,True,2.0177452133307994,1.4344109399858174,0.1531816344593205
cube17_cluster0,6,230,cube18_cluster0,True,1.906545136213056,1.8041982726133377,0.026875945001637664
cube17_cluster0,6,230,cube3_cluster1,False,1.5782098611629753,1.4150608797786641,0.04284237832540691
cube17_cluster0,6,230,cube9_cluster0,True,1.3908095979501613,0.8656004775430048,0.13791816317525205
cube17_cluster0,6,230,cube10_cluster0,True,1.182346974675586,0.809133990743473,0.098004484722521
cube17_cluster0,6,230,cube18_cluster0,True,1.3311436908983705,0.8979071279903648,0.11376647635195465
cube17_cluster0,6,230,cube17_cluster1,False,1.507428476337696,1.0892274025695678,0.10981820705494434
cube17_cluster0,6,230,cube9_cluster0,True,1.7531778466512982,1.1794581468733654,0.1506568795101818
cube17_cluster0,6,230,cube18_cluster0,True,1.2777030725024534,1.2112860901679154,0.017440878026111717
cube17_cluster0,6,230,cube25_cluster0,True,1.856784360775143,1.580068089821507,0.0726647697607477
cube17_cluster0,6,230,cube16_cluster0,True,1.0862945043080947,0.9489285905135292,0.03607183077618609
cube17_cluster0,6,230,cube24_cluster0,True,1.271189074146736,1.1158811778886486,0.040783335525329055
cube17_cluster0,6,230,cube10_cluster0,True,1.3008590293277822,0.9260768708950146,0.09841654471238556
cube17_cluster0,6,230,cube10_cluster0,True,1.4316099638541333,1.3485362450172327,0.02181488147281334
cube17_cluster0,6,230,cube24_cluster0,True,1.323484575052697,0.8530725568952929,0.12352862690110365
cube17_cluster0,6,230,cube18_cluster0,True,1.3968003714914337,1.262238178328886,0.0353355830900745
cube17_cluster0,6,230,cube10_cluster0,True,1.1562210646010147,0.7982057006525802,0.0940136404067187
cube17_cluster0,6,230,cube16_cluster0,True,1.678804221521248,1.666515205201086,0.003227054695458269
cube17_cluster0,6,230,cube16_cluster0,True,0.8365953044562402,0.6523520323242888,0.048381668715383165
cube17_cluster0,6,230,cube16_cluster0,True,0.956621688592752,0.746190297042356,0.0552585815237633
cube17_cluster0,6,230,cube25_cluster0,True,0.9073785790213832,0.7395678819286617,0.04406652932120595
cube17_cluster0,6,230,cube16_cluster0,True,0.8942523001080016,0.8821445478232993,0.003179455364355754
cube17_cluster0,6,230,cube17_cluster1,False,1.4362778976096764,1.202162079840818,0.061478032848937984
cube17_cluster0,6,230,cube18_cluster0,True,2.115447745960836,1.1809898646575847,0.24538552273058734
cube17_cluster0,6,230,cube16_cluster0,True,1.272102056058809,1.1001266642433079,0.04516016426400009
cube17_cluster0,6,230,cube25_cluster0,True,1.2573162368149688,1.2320282089715187,0.006640551763056849
cube17_cluster0,6,230,cube16_cluster0,True,1.2040149908812614,1.1689676757628826,0.009203308049189729
cube17_cluster0,6,230,cube25_cluster0,True,1.0497517060068429,0.9734549644823934,0.020035269835283046
cube17_cluster0,6,230,cube18_cluster0,True,1.9397084807824447,0.7713012561506417,0.3068198399467791
cube17_cluster0,6,230,cube18_cluster0,True,1.3344903119491256,1.3091232446438923,0.006661307262083669
cube17_cluster0,6,230,cube10_cluster0,True,1.3197027403663961,1.0614921102991626,0.0678052501898482
cube17_cluster0,6,230,cube17_cluster1,False,1.4435242651470261,1.4177301860807792,0.006773439126221101
cube17_cluster0,6,230,cube16_cluster0,True,1.6008606737524638,1.3768266667079196,0.05883058298077868
cube17_cluster0,6,230,cube10_cluster0,True,1.0400472480245277,0.974196515077192,0.01729218282576658
cube17_cluster0,6,230,cube9_cluster0,True,1.9174132282280387,1.4518424986193423,0.12225732067641071
cube17_cluster0,6,230,cube10_cluster0,True,1.7211030076408798,1.6013110338130103,0.031456972759097764
cube17_cluster0,6,230,cube9_cluster0,True,1.557778517668414,0.9931879522007525,0.14825959929068233
cube17_cluster0,6,230,cube10_cluster0,True,0.7576189712891642,0.6072635352268312,0.03948283599693647
cube17_cluster0,6,230,cube18_cluster0,True,1.5345644324788494,1.230889033162559,0.07974414694616425
cube17_cluster0,6,230,cube16_cluster0,True,1.2434731191452633,1.1552539151724421,0.023166068706655687
cube17_cluster0,6,230,cube9_cluster0,True,1.91604218316074,1.28628747795919,0.1653714850287406
cube17_cluster0,6,230,cube16_cluster0,True,1.1074494268390904,1.0806904019068924,0.007026830692027035
cube17_cluster0,6,230,cube3_cluster1,False,1.2776848707591553,1.1677988697213584,0.028855697345960028
cube17_cluster0,6,230,cube25_cluster0,True,1.2031382436420914,0.9776188263263345,0.05922064676338876
cube17_cluster0,6,230,cube18_cluster0,True,1.0799617135971467,1.0732527839392623,0.001761742550415122
cube17_cluster0,6,230,cube10_cluster0,True,1.428428834251288,1.22179928331337,0.05426023086002855
cube17_cluster0,6,230,cube16_cluster0,True,1.3182191447427705,1.0231640229774612,0.07748049081435428
cube17_cluster0,6,230,cube25_cluster0,True,0.9777424295619078,0.9241517811468118,0.01407272552131419
cube17_cluster0,6,230,cube25_cluster0,True,1.5885673086725767,1.4467347919153408,0.037244745815755605
cube17_cluster0,6,230,cube16_cluster0,True,1.1434707618459188,0.8683780370622879,0.0722384319518693
cube17_cluster0,6,230,cube33_cluster1,False,1.6870610401789976,1.348266643852714,0.0889662784209958
cube17_cluster0,6,230,cube16_cluster0,True,1.7837308879197804,1.5511111293402053,0.06108517269596222
cube17_cluster0,6,230,cube33_cluster1,False,1.6072998541493715,1.4784586669092028,0.03383326601736723
cube17_cluster0,6,230,cube17_cluster1,False,1.983085769267086,1.2731043140513278,0.1864387619848263
cube17_cluster0,6,230,cube24_cluster0,True,1.6936709795554787,1.2494985597349735,0.11663819590044627
cube17_cluster0,6,230,cube16_cluster0,True,1.5364565976896654,1.263323820368883,0.0717237562855623
cube17_cluster0,6,230,cube10_cluster0,True,1.7387935471267784,1.4536504365702922,0.07487762973259389
cube17_cluster0,6,230,cube25_cluster0,True,1.5701186530615785,1.5632002413463473,0.0018167518399435495
cube17_cluster0,6,230,cube18_cluster0,True,2.1413477123104383,1.0647389225431643,0.28271387714654445
cube17_cluster0,6,230,cube16_cluster0,True,1.1643426527004546,0.7445938954051681,0.11022462358685226
cube17_cluster0,6,230,cube16_cluster0,True,1.3779356421928888,1.2624151835608324,0.03033528711638651
cube17_cluster0,6,230,cube3_cluster1,False,1.7785674508553435,1.6047741324956069,0.04563754571079242
cube17_cluster0,6,230,cube3_cluster1,False,1.7948429462638813,1.7159070408777624,0.020728305462382954
cube17_cluster0,6,230,cube16_cluster0,True,1.630829087385001,1.423000594576281,0.05457506899621082
cube17_cluster0,6,230,cube16_cluster0,True,1.1538804771808218,0.9281762525671441,0.05926917654339495
cube17_cluster0,6,230,cube24_cluster0,True,1.170238815146044,0.9582069054389286,0.05567887225316317
cube17_cluster0,6,230,cube16_cluster0,True,1.25958818263777,1.2423717363503373,0.004520981369339809
cube17_cluster0,6,230,cube24_cluster0,True,1.442648241826248,1.0385366408589485,0.10611835849311524
cube17_cluster0,6,230,cube18_cluster0,True,2.2385609327649165,1.3287428195896194,0.23891520180653886
cube17_cluster0,6,230,cube16_cluster0,True,1.7306559103433314,1.3751719871890844,0.09334889249782752
cube17_cluster0,6,230,cube16_cluster0,True,1.0742890016013258,1.0312261627833785,0.01130815783678516
cube17_cluster0,6,230,cube16_cluster0,True,1.401602559147666,1.2936161277142166,0.028356876703904042
cube17_cluster0,6,230,cube16_cluster0,True,1.3596301053056947,1.1129333893620428,0.06478173474584578
cube17_cluster0,6,230,cube18_cluster0,True,1.4359083927092455,1.036874416462579,0.10478499117797786
cube17_cluster0,6,230,cube17_cluster1,False,1.428497863467969,1.4234792688227726,0.0013178662142235137
cube17_cluster0,6,230,cube17_cluster1,False,1.9070639814556123,1.5577096466470515,0.09173928304359315
cube17_cluster0,6,230,cube18_cluster0,True,1.6550109547477043,0.7763474373559168,0.2307341088704563
cube17_cluster0,6,230,cube17_cluster1,False,2.013335900379155,1.96778863416945,0.011960560183012265
cube17_cluster0,6,230,cube18_cluster0,True,1.5090863443003042,0.7990372414532347,0.18645652602716886
cube17_cluster0,6,230,cube10_cluster0,True,1.4124205075814047,1.4014643445009376,0.002877051880468341
cube17_cluster0,6,230,cube25_cluster0,True,1.0958212722332374,1.0579728499831023,0.009938869438850011
cube17_cluster0,6,230,cube24_cluster0,True,1.2963317533953498,0.8029716238471463,0.1295547244085243
cube17_cluster0,6,230,cube18_cluster0,True,1.9310730833203384,0.7006013267868917,0.32311777900688277
cube17_cluster0,6,230,cube24_cluster0,True,1.966257665025925,1.1941223780079244,0.20276015090096597
cube17_cluster0,6,230,cube16_cluster0,True,1.4739766476080507,1.0996687577406792,0.09829200336904315
cube17_cluster0,6,230,cube10_cluster0,True,1.4530396328067174,1.3025926559275343,0.03950687431010542
cube17_cluster0,6,230,cube18_cluster0,True,1.6519656748265927,0.8670913231921862,0.20610538677787446
cube17_cluster0,6,230,cube24_cluster0,True,1.285602568064344,0.5817264552552172,0.184835519433315
cube17_cluster0,6,230,cube16_cluster0,True,0.8149908959104678,0.43138805852099904,0.10073282558489541
cube17_cluster0,6,230,cube17_cluster1,False,1.6419655504060409,1.5801123418451244,0.016242446255701266
cube17_cluster0,6,230,cube16_cluster0,True,1.3023583320627974,1.2043109355565733,0.02574691928382931
cube17_cluster0,6,230,cube17_cluster1,False,1.5028943397717613,1.487181210483986,0.004126215339568365
cube17_cluster0,6,230,cube16_cluster0,True,1.4734186166406615,1.3589844846127341,0.03005002137360251
cube17_cluster0,6,230,cube3_cluster1,False,2.6794565532394117,2.6016786089179735,0.02042422874919597
cube17_cluster0,6,230,cube18_cluster0,True,1.9379868540034075,0.6072097128663941,0.34945763843351785
cube17_cluster0,6,230,cube10_cluster0,True,1.6126729857106834,1.50058952601547,0.02943274265973807
cube17_cluster0,6,230,cube25_cluster0,True,1.6223936654159934,1.287378650720365,0.08797382541097537
cube17_cluster0,6,230,cube18_cluster0,True,1.8033353043251528,0.532214305890402,0.33379213434394966
cube17_cluster0,6,230,cube25_cluster1,False,1.8638452123397051,1.6213458209999665,0.06367953130510345
cube17_cluster0,6,230,cube18_cluster0,True,2.1297230094470527,0.8517178558866093,0.3355998905177438
cube17_cluster0,6,230,cube16_cluster0,True,1.850561826065015,1.6978750933915925,0.040095026710930334
cube17_cluster0,6,230,cube17_cluster1,False,2.5877810382465594,1.331756796310592,0.329827776442849
cube17_cluster0,6,230,cube24_cluster0,True,1.4276892274302033,0.8666735020379366,0.1473208582108216
cube17_cluster0,6,230,cube18_cluster0,True,2.454126987184908,1.2699221926414521,0.3109682291125246
cube17_cluster0,6,230,cube25_cluster0,True,1.0650406604880251,0.8478945704741007,0.057021838943298604
cube17_cluster0,6,230,cube25_cluster0,True,1.334058603916795,1.1399864283694376,0.05096270596779963
cube17_cluster0,6,230,cube16_cluster0,True,1.2713320893088558,0.8404030391259475,0.11316053120709076
cube17_cluster0,6,230,cube16_cluster0,True,1.1357134346344364,0.9119455018306287,0.0587607127726563
cube17_cluster0,6,230,cube18_cluster0,True,0.9486538321384681,0.8684938284182115,0.021049749601927344
cube17_cluster0,6,230,cube17_cluster1,False,1.8133109062514823,0.9491048798086181,0.22693761997046813
cube17_cluster0,6,230,cube24_cluster0,True,1.5173620375674728,0.8473904982719103,0.17593229151791615
cube17_cluster0,6,230,cube25_cluster0,True,1.7138724060324504,1.653086966063161,0.015962053785099687
cube17_cluster0,6,230,cube10_cluster0,True,1.4964955024695659,1.447323113455128,0.01291250533987831
cube17_cluster0,6,230,cube16_cluster0,True,1.5866623889854128,1.5249561120972923,0.01620386248851805
cube17_cluster0,6,230,cube25_cluster0,True,1.0070642092420603,1.0039449336160278,0.0008191113750009429
cube17_cluster0,6,230,cube33_cluster1,False,1.5823378126041612,1.283196347150647,0.07855355103681028
cube17_cluster0,6,230,cube18_cluster0,True,1.6116099396625263,1.2349021094989046,0.09892221968579809
cube17_cluster0,6,230,cube10_cluster0,True,1.600615289831677,1.3571437822707804,0.06393480578226989
cube17_cluster0,6,230,cube16_cluster0,True,1.2603095176555357,1.223851958441075,0.009573633444928445
cube17_cluster0,6,230,cube18_cluster0,True,1.5979619702087284,1.2791168296704167,0.08372767039214546
cube17_cluster0,6,230,cube16_cluster0,True,1.1553962531361843,0.9371454140103461,0.0573119423751783
cube17_cluster0,6,230,cube10_cluster0,True,1.127665180748917,1.0392652448592463,0.023213528305186117
cube17_cluster0,6,230,cube16_cluster0,True,1.0947341375432966,0.9324473249889644,0.04261597566643275
cube17_cluster0,6,230,cube17_cluster1,False,1.114718172537064,1.0409542511455223,0.01937015971664474
cube17_cluster0,6,230,cube24_cluster0,True,1.3311924226701057,0.7432637679423674,0.1543881036857976
cube17_cluster0,6,230,cube25_cluster0,True,1.7658915592983337,1.7292356628632213,0.009625716137514534
cube17_cluster0,6,230,cube16_cluster0,True,1.343318506601582,1.1303237926357586,0.055931701440050434
cube17_cluster0,6,230,cube16_cluster0,True,1.4533111105391354,1.3148082539850858,0.036370388152535314
cube17_cluster0,6,230,cube25_cluster0,True,0.9305101725796202,0.7900271054783103,0.03689038483722098
cube17_cluster0,6,230,cube24_cluster0,True,1.6652306415877693,1.129769118705968,0.14061040986803655
cube17_cluster0,6,230,cube16_cluster0,True,1.3156698745216757,1.148622196342225,0.04386616309964322
cube17_cluster0,6,230,cube25_cluster0,True,1.2720782635426986,1.0337114602011572,0.06259432748109216
cube17_cluster0,6,230,cube25_cluster0,True,1.0270079090018167,0.9919098417151971,0.009216635399285071
cube17_cluster0,6,230,cube33_cluster1,False,2.025582697505883,1.7355855721554894,0.0761522778268277
cube17_cluster0,6,230,cube16_cluster0,True,1.3076788721326311,1.1770929451859031,0.034291428844701696
cube17_cluster0,6,230,cube25_cluster0,True,1.1869572685500578,1.0374977292747793,0.03924757648893442
cube17_cluster0,6,230,cube18_cluster0,True,1.1927877195243342,0.6721618061557464,0.1367146282942864
cube18_cluster0,2,19,cube17_cluster1,False,1.2466757425354436,1.1611153918827681,0.022467862693434443
cube18_cluster0,2,19,cube25_cluster1,False,1.6463311194219663,1.6213458209999665,0.006561056026742949
cube18_cluster0,2,19,cube17_cluster1,False,1.5193909032663466,1.331756796310592,0.04927209062992851
cube18_cluster0,2,19,cube33_cluster1,False,1.6919173160571084,1.283196347150647,0.10732876313931651
cube23_cluster0,5,18,cube16_cluster1,False,1.149775382309668,0.9081365161278011,0.06345356026894214
cube23_cluster0,5,18,cube15_cluster0,True,1.1169312916243266,1.0445106039926306,0.01901743101168755
cube23_cluster0,5,18,cube24_cluster0,True,0.9510554462526843,0.9196697379961593,0.008241782300616918
cube23_cluster0,5,18,cube24_cluster0,True,0.9042377044248103,0.8272435873740971,0.020218398322372374
cube23_cluster0,5,18,cube15_cluster0,True,0.9300514041326473,0.8652614221699123,0.017013633155362782
cube23_cluster0,5,18,cube31_cluster0,True,0.6854929302678919,0.685168580973457,8.517304284619951e-05
cube24_cluster0,10,201,cube16_cluster0,True,1.0371057280886722,0.7391719282095829,0.07823642208515467
cube24_cluster0,10,201,cube17_cluster0,True,1.9437333807270691,1.3054794363279183,0.16760335689267836
cube24_cluster0,10,201,cube16_cluster0,True,0.8570883128476173,0.8305144777884518,0.006978200449072568
cube24_cluster0,10,201,cube16_cluster1,True,1.9657134291634728,1.2866154994127739,0.17832885121020936
cube24_cluster0,10,201,cube17_cluster0,True,1.8941809752816083,1.4904245933109908,0.10602507916942536
cube24_cluster0,10,201,cube25_cluster0,True,1.2432683140974687,0.8361850820279357,0.10689869890863728
cube24_cluster0,10,201,cube32_cluster0,True,1.5139850256722427,1.4846097499157334,0.007713849431943481
cube24_cluster0,10,201,cube16_cluster1,True,1.6418671545378583,1.5031707954280282,0.036421201278252296
cube24_cluster0,10,201,cube16_cluster1,True,1.5705399994969051,1.2476972399056026,0.08477743182133672
cube24_cluster0,10,201,cube16_cluster1,True,2.1063857991415373,1.4520154942659411,0.17183545939740721
cube24_cluster0,10,201,cube32_cluster0,True,0.9388121249996702,0.7643560175333672,0.045811591919432744
cube24_cluster0,10,201,cube25_cluster0,True,1.7867811891309604,1.710160089252856,0.02012044525705024
cube24_cluster0,10,201,cube16_cluster1,True,1.7320548720537015,0.9081365161278011,0.21635821207290165
cube24_cluster0,10,201,cube17_cluster0,True,2.159129657648894,1.7422066692164182,0.10948258610887675
cube24_cluster0,10,201,cube31_cluster0,True,1.7577302415792686,1.3883355796000314,0.09700180611377157
cube24_cluster0,10,201,cube16_cluster1,True,1.6017444562031595,1.3249934713136216,0.07267388552452662
cube24_cluster0,10,201,cube33_cluster0,True,2.214379893700088,2.0682320846260884,0.03837792718440914
cube24_cluster0,10,201,cube25_cluster0,True,1.596769272069091,1.580068089821507,0.0043856747511472295
cube24_cluster0,10,201,cube17_cluster0,True,1.3985017524350503,1.1960840895071683,0.05315420311741486
cube24_cluster0,10,201,cube25_cluster0,True,1.5834540202297016,1.2416433088443972,0.08975835269452612
cube24_cluster0,10,201,cube16_cluster0,True,1.6352129103531905,1.519422855846218,0.030406082093898015
cube24_cluster0,10,201,cube23_cluster0,True,1.2237762728320105,0.37673741219071266,0.22242957949234096
cube24_cluster0,10,201,cube32_cluster0,True,1.3186739250560493,1.1695004720462083,0.03917245118987599
cube24_cluster0,10,201,cube23_cluster0,True,1.2553292427071845,0.5572419438989424,0.18331539618536707
cube24_cluster0,10,201,cube25_cluster0,True,1.472074227141748,0.9876799663742057,0.12720031717252556
cube24_cluster0,10,201,cube17_cluster0,True,1.9145348330411818,1.3902212656271642,0.1376829939463855
cube24_cluster0,10,201,cube25_cluster0,True,0.9100841206952737,0.7395678819286617,0.0447769955403908
cube24_cluster0,10,201,cube25_cluster0,True,1.29826901435379,1.2408463059897648,0.015079011682003986
cube24_cluster0,10,201,cube16_cluster0,True,1.080011302428407,0.9478715417933561,0.03469946038841746
cube24_cluster0,10,201,cube16_cluster0,True,1.1374440940895099,0.9917986528373939,0.0382460070700387
cube24_cluster0,10,201,cube25_cluster0,True,1.1647110120058672,0.9997115394300293,0.04332831113995799
cube24_cluster0,10,201,cube17_cluster0,True,1.5956957559380744,1.0818892652884415,0.1349238706345856
cube24_cluster0,10,201,cube25_cluster0,True,1.3549338405278224,1.2320282089715187,0.032274608892928
cube24_cluster0,10,201,cube25_cluster0,True,1.1160183841610467,0.6531728242566902,0.12154170020189946
cube24_cluster0,10,201,cube17_cluster0,True,1.3934232834299516,0.9442364644763581,0.11795496038718438
cube24_cluster0,10,201,cube25_cluster0,True,1.6063586733352295,1.5043600511406234,0.0267844979702201
cube24_cluster0,10,201,cube25_cluster0,True,1.2249472968180128,0.9734549644823934,0.06604104761451901
cube24_cluster0,10,201,cube23_cluster0,True,1.3834348521360467,1.3302248659695453,0.013972764884538453
cube24_cluster0,10,201,cube17_cluster1,False,2.029795429491702,1.4177301860807792,0.160726291366013
cube24_cluster0,10,201,cube33_cluster0,True,1.3937569130278675,1.375724199463638,0.004735330433553721
cube24_cluster0,10,201,cube16_cluster1,True,1.7102995387154047,1.5656576222945715,0.03798248479661745
cube24_cluster0,10,201,cube23_cluster0,True,1.0434839907517495,0.6897132252856518,0.09289902300318516
cube24_cluster0,10,201,cube16_cluster1,True,1.593560786609104,0.3816404519214161,0.3182462375087595
cube24_cluster0,10,201,cube23_cluster0,True,1.4876160694583622,0.7410204896955251,0.19605350896387405
cube24_cluster0,10,201,cube15_cluster0,True,1.5033140744833604,1.0445106039926306,0.12048026100433687
cube24_cluster0,10,201,cube32_cluster0,True,1.1855110621060752,1.177508176018178,0.002101531192923492
cube24_cluster0,10,201,cube16_cluster0,True,1.4030101639380466,1.1552539151724421,0.06505996453080133
cube24_cluster0,10,201,cube23_cluster0,True,1.417080905375026,1.3633086802232568,0.014120406966712374
cube24_cluster0,10,201,cube25_cluster0,True,1.3669311765624412,0.9762064077903868,0.10260302101064303
cube24_cluster0,10,201,cube33_cluster0,True,1.33018471926991,1.244258673205894,0.02256389308866944
cube24_cluster0,10,201,cube25_cluster0,True,0.9457953787102513,0.8335324819785823,0.02947986222699613
cube24_cluster0,10,201,cube16_cluster0,True,1.6612170142641287,1.4842147283046505,0.046480209898920294
cube24_cluster0,10,201,cube23_cluster0,True,1.5955239908282806,1.5140819277444626,0.02138641411446846
cube24_cluster0,10,201,cube25_cluster0,True,1.4269263094481723,0.9776188263263345,0.11798664639528804
cube24_cluster0,10,201,cube23_cluster0,True,1.2601466490796662,0.7097269481320435,0.14453837753487206
cube24_cluster0,10,201,cube15_cluster0,True,1.3185076544995091,1.2934129636523435,0.006589782112711262
cube24_cluster0,10,201,cube16_cluster0,True,1.1206681585896217,1.0231640229774612,0.025604260785103854
cube24_cluster0,10,201,cube16_cluster1,True,1.7438290989129264,1.665518885045157,0.020564000956668715
cube24_cluster0,10,201,cube32_cluster0,True,1.378930463332134,1.2920828732864262,0.022805887464436545
cube24_cluster0,10,201,cube16_cluster1,True,1.6202641537740714,0.29288957210454936,0.34856413766664773
cube24_cluster0,10,201,cube25_cluster0,True,1.1544667084068108,1.0524969449879833,0.026776919751959553
cube24_cluster0,10,201,cube32_cluster0,True,0.7446337226644767,0.7326472631427804,0.0031476042893643897
cube24_cluster0,10,201,cube16_cluster1,True,1.3340142299885538,1.2112130938122645,0.03224716875468227
cube24_cluster0,10,201,cube32_cluster0,True,1.3076075578357516,1.2908291137588714,0.004405963449812289
cube24_cluster0,10,201,cube25_cluster0,True,1.7867095238012705,1.2331004139615378,0.14537590567161426
cube24_cluster0,10,201,cube16_cluster0,True,0.7788964526740151,0.7445938954051681,0.009007737122054757
cube24_cluster0,10,201,cube32_cluster0,True,1.136661973729857,1.0213770787904193,0.030273428876431394
cube24_cluster0,10,201,cube16_cluster1,True,1.7300447601699651,1.4688775677702786,0.06858163359668804
cube24_cluster0,10,201,cube31_cluster0,True,1.3513243233924683,1.0949446022245553,0.06732445961991342
cube24_cluster0,10,201,cube32_cluster0,True,0.9097086501180699,0.8968614057990149,0.003373643505988932
cube24_cluster0,10,201,cube16_cluster1,True,1.5872438759620602,1.2122174806415047,0.09848068050446249
cube24_cluster0,10,201,cube16_cluster0,True,1.228604474664197,1.1706744300988707,0.015212236476237392
cube24_cluster0,10,201,cube16_cluster1,True,1.4979153676775923,0.918988721947737,0.1520242061493027
cube24_cluster0,10,201,cube23_cluster0,True,0.9400033363864547,0.7334004167787943,0.054253237561532115
cube24_cluster0,10,201,cube23_cluster0,True,0.9849402339593839,0.3733021072436124,0.160614131946521
cube24_cluster0,10,201,cube16_cluster0,True,1.0837761634503251,0.8189058594408615,0.06955405835362576
cube24_cluster0,10,201,cube25_cluster0,True,0.9684848977158973,0.7817598222112163,0.04903338200296596
cube24_cluster0,10,201,cube23_cluster0,True,1.7396198702933725,1.4894539948141388,0.06569272446845081
cube24_cluster0,10,201,cube32_cluster0,True,1.7726919626434412,1.6372046635471778,0.03557851282256221
cube24_cluster0,10,201,cube25_cluster0,True,1.5272758513082245,1.3179999296495153,0.05495515898429519
cube24_cluster0,10,201,cube25_cluster0,True,2.070897925008424,1.827019322129734,0.06404170765484932
cube24_cluster0,10,201,cube23_cluster0,True,1.5813362809847695,1.1142029923705672,0.12266764345931527
cube24_cluster0,10,201,cube32_cluster0,True,1.1944856553831977,1.0930418234627024,0.026638811894750706
cube24_cluster0,10,201,cube17_cluster0,True,1.4284326248304196,1.1293618158603058,0.07853499687994515
cube24_cluster0,10,201,cube16_cluster0,True,2.0232360704574406,1.964287741242585,0.01547963462869856
cube24_cluster0,10,201,cube25_cluster0,True,1.3915034247417704,1.3232416635825055,0.017925310792194858
cube24_cluster0,10,201,cube32_cluster0,True,1.1286122910490455,1.1160587991888624,0.0032965050901053138
cube24_cluster0,10,201,cube33_cluster0,True,1.0460631647070002,1.0229652345485643,0.006065439416078999
cube24_cluster0,10,201,cube33_cluster0,True,0.8767292553894666,0.6448571078977949,0.060888852517947865
cube24_cluster0,10,201,cube32_cluster0,True,1.0784087630457198,0.8985372450917128,0.04723366065031298
cube24_cluster0,10,201,cube23_cluster0,True,1.1515689362921715,0.6310451335805191,0.13668781437636698
cube24_cluster0,10,201,cube25_cluster0,True,2.0048217193268405,1.4190671964568091,0.15381718391181634
cube24_cluster0,10,201,cube33_cluster0,True,0.9762020649134495,0.6807534115281809,0.07758383090512441
cube24_cluster0,10,201,cube23_cluster0,True,1.124472845184605,0.5997596674918922,0.13778793027266423
cube24_cluster0,10,201,cube16_cluster0,True,1.6701526615156912,1.5776683097398758,0.024286082293251264
cube24_cluster0,10,201,cube25_cluster0,True,0.9543244864080931,0.9090561593339137,0.01188731169642933
cube24_cluster0,10,201,cube17_cluster0,True,1.3765880023791421,0.79115084313976,0.15373384528097947
cube24_cluster0,10,201,cube16_cluster0,True,0.908740898990521,0.8260667471378613,0.021709956515513926
cube24_cluster0,10,201,cube23_cluster0,True,1.5605098193296538,1.2729787507736492,0.07550469953819423
cube24_cluster0,10,201,cube25_cluster0,True,1.3844081744182786,1.0039449336160278,0.09990837799326807
cube24_cluster0,10,201,cube16_cluster1,True,1.3737338634431193,0.7684739760387201,0.15893922757807682
cube24_cluster0,10,201,cube25_cluster0,True,1.3276599640775266,1.0112429604352366,0.08309004974234074
cube24_cluster0,10,201,cube33_cluster0,True,1.3587996311883497,1.0361517050533275,0.08472626920558766
cube24_cluster0,10,201,cube32_cluster0,True,0.7262335069657729,0.713133060749147,0.0034401334797319644
cube24_cluster0,10,201,cube16_cluster0,True,1.2746636150978177,1.0043319250836646,0.07098820010191427
cube24_cluster0,10,201,cube32_cluster0,True,1.7631063299642953,1.4930838041061856,0.07090701462575942
cube24_cluster0,10,201,cube23_cluster0,True,1.4657510903473814,1.3921094383717079,0.01933805217586939
cube24_cluster0,10,201,cube32_cluster0,True,1.3698403084774358,1.2176496967539472,0.039964747004297294
cube24_cluster0,10,201,cube32_cluster0,True,1.3133009919416945,1.2790276030034113,0.00900007761574013
cube24_cluster0,10,201,cube23_cluster0,True,1.5650448365247127,0.7705733011887375,0.20862557520634217
cube24_cluster0,10,201,cube25_cluster0,True,1.4483293116633489,0.8527202880010128,0.15640494295002594
cube24_cluster0,10,201,cube32_cluster0,True,1.522289618422176,1.4673832889943461,0.014418218966782416
cube24_cluster0,10,201,cube25_cluster0,True,1.1616168769962483,1.0337114602011572,0.033587535819767575
cube24_cluster0,10,201,cube25_cluster0,True,1.2578348955804837,1.0347312578026189,0.05858627111461069
cube24_cluster0,10,201,cube17_cluster0,True,1.5500696893946064,1.0537066148941923,0.1303432877366025
cube24_cluster0,10,201,cube32_cluster0,True,1.5295763059977623,1.3279264416494045,0.052952581771436594
cube24_cluster0,10,201,cube23_cluster0,True,1.6884389914014968,1.4769747164019815,0.05552981327230226
cube24_cluster0,10,201,cube25_cluster0,True,0.7914302385158979,0.760157909293328,0.008212009344477904
cube24_cluster0,10,201,cube23_cluster0,True,1.4733976085119367,0.606008482183714,0.2277734913830812
cube24_cluster0,10,201,cube33_cluster0,True,0.9250815425809005,0.9088136197291482,0.004271902278945667
cube24_cluster0,10,201,cube23_cluster0,True,1.3537837546245348,0.6397301486731348,0.18750809518528003
cube24_cluster0,10,201,cube16_cluster0,True,1.6040274945216197,1.5930281004610438,0.0028884041916472747
cube24_cluster0,10,201,cube23_cluster0,True,1.1924073530292199,0.7960551208930395,0.10408077411956579
cube25_cluster0,6,134,cube24_cluster0,True,1.7202347760179935,1.4377804601978437,0.07417156120335107
cube25_cluster0,6,134,cube17_cluster0,True,1.4187983201225085,1.3054794363279183,0.029757160907457003
cube25_cluster0,6,134,cube17_cluster0,True,1.5530142984956148,1.4904245933109908,0.01643584781249026
cube25_cluster0,6,134,cube32_cluster0,True,1.3228976108094415,0.7643560175333672,0.14667115936961783
cube25_cluster0,6,134,cube17_cluster1,False,1.9191333538745683,1.3192803563411863,0.1575193963327179
cube25_cluster0,6,134,cube18_cluster0,True,1.602880616655589,0.8979071279903648,0.18512368667281093
cube25_cluster0,6,134,cube25_cluster1,False,1.967971214460672,1.4760072236303017,0.129188103038065
cube25_cluster0,6,134,cube17_cluster0,True,1.7464082578925073,1.7422066692164182,0.0011033231718728027
cube25_cluster0,6,134,cube18_cluster0,True,1.4449066938208963,1.2112860901679154,0.06134799127390336
cube25_cluster0,6,134,cube24_cluster0,True,0.927723974245493,0.7465906043427507,0.047565018763122954
cube25_cluster0,6,134,cube33_cluster0,True,2.263721744331555,2.0682320846260884,0.05133493257967735
cube25_cluster0,6,134,cube24_cluster0,True,0.9452469959116362,0.8211558788554326,0.032585913430995296
cube25_cluster0,6,134,cube17_cluster0,True,1.3265670523267583,1.1960840895071683,0.03426439080835381
cube25_cluster0,6,134,cube24_cluster0,True,1.208517267871407,1.009632343409674,0.05222651777971144
cube25_cluster0,6,134,cube24_cluster0,True,1.173309661602038,1.1158811778886486,0.01508052826948322
cube25_cluster0,6,134,cube24_cluster0,True,1.1286197427714837,0.8530725568952929,0.07235777191891307
cube25_cluster0,6,134,cube17_cluster0,True,1.4529626474969972,1.3902212656271642,0.016475677604106058
cube25_cluster0,6,134,cube24_cluster0,True,0.8012193727723791,0.6048361809555467,0.05156957113173096
cube25_cluster0,6,134,cube17_cluster0,True,1.0984740845223684,1.0775845966598567,0.005485509835464907
cube25_cluster0,6,134,cube17_cluster1,False,1.445072327619799,1.202162079840818,0.0637874208356301
cube25_cluster0,6,134,cube24_cluster0,True,0.6837090450259483,0.6834784896785716,6.054306519996586e-05
cube25_cluster0,6,134,cube18_cluster0,True,2.3051672193541917,1.1809898646575847,0.29520522363125584
cube25_cluster0,6,134,cube17_cluster0,True,1.1998457173102917,1.0818892652884415,0.03097497085525029
cube25_cluster0,6,134,cube17_cluster0,True,0.9612921179136222,0.9442364644763581,0.004478757703212742
cube25_cluster0,6,134,cube17_cluster0,True,0.501345776252417,0.44763333081216317,0.014104709013864675
cube25_cluster0,6,134,cube18_cluster0,True,2.03523501476015,1.2192074588353163,0.21428611431251487
cube25_cluster0,6,134,cube17_cluster1,False,1.4943351493912727,1.4177301860807792,0.020116207848219374
cube25_cluster0,6,134,cube33_cluster0,True,1.6136613204704082,1.375724199463638,0.062481494333193756
cube25_cluster0,6,134,cube24_cluster0,True,1.8962084473259848,1.658712334971829,0.062365686932008856
cube25_cluster0,6,134,cube24_cluster0,True,1.0853326220186525,0.5613753157295595,0.13758944096329517
cube25_cluster0,6,134,cube24_cluster0,True,0.7997037726100091,0.6412771124744128,0.04160231251687466
cube25_cluster0,6,134,cube17_cluster0,True,1.6286592482369073,1.576439238700533,0.01371280032355042
cube25_cluster0,6,134,cube17_cluster1,False,1.5672001886923839,1.5177469386592166,0.01298625850658012
cube25_cluster0,6,134,cube24_cluster0,True,1.1823331066437421,0.9159995597392595,0.06993830105718699
cube25_cluster0,6,134,cube16_cluster0,True,1.3162142953165046,1.1552539151724421,0.04226765893983305
cube25_cluster0,6,134,cube33_cluster1,False,1.3581372852159868,1.2908123021371551,0.0176793159929118
cube25_cluster0,6,134,cube16_cluster0,True,1.1060866833709266,1.0231640229774612,0.02177521402942518
cube25_cluster0,6,134,cube33_cluster1,False,1.549048040139296,1.4784586669092028,0.018536533958206026
cube25_cluster0,6,134,cube24_cluster0,True,1.2091712189102306,0.6595161971566398,0.1443375753291193
cube25_cluster0,6,134,cube24_cluster0,True,1.388740645334574,0.7423039266804351,0.16975212611826
cube25_cluster0,6,134,cube24_cluster0,True,1.5193274974639008,1.2494985597349735,0.07085617902875252
cube25_cluster0,6,134,cube32_cluster0,True,1.947162212451966,1.2908291137588714,0.17235088250695121
cube25_cluster0,6,134,cube18_cluster0,True,2.34565564750283,1.0647389225431643,0.33636445945558524
cube25_cluster0,6,134,cube16_cluster0,True,0.9118313318568338,0.7445938954051681,0.04391599298898504
cube25_cluster0,6,134,cube16_cluster1,False,2.3035157439686906,1.4688775677702786,0.21917320112032623
cube25_cluster0,6,134,cube18_cluster0,True,1.694670994686099,1.1342918969688958,0.147153681906832
cube25_cluster0,6,134,cube24_cluster0,True,1.1050516804394301,0.9988923206409207,0.027877093786796342
cube25_cluster0,6,134,cube17_cluster0,True,1.7640252140263994,1.756711329475863,0.0019206016873885628
cube25_cluster0,6,134,cube24_cluster0,True,1.0529300413520608,0.9582069054389286,0.024873979540209316
cube25_cluster0,6,134,cube24_cluster0,True,1.2116791181465532,1.0190792299045506,0.050576088232252014
cube25_cluster0,6,134,cube33_cluster0,True,1.4640880796357139,1.4422513614208516,0.00573424936648973
cube25_cluster0,6,134,cube24_cluster0,True,1.7190675836078713,1.493929971301242,0.05912038604150873
cube25_cluster0,6,134,cube18_cluster0,True,1.6929162719648347,1.5383927099508512,0.04057737196898717
cube25_cluster0,6,134,cube24_cluster0,True,1.5656164964998422,1.375620825436427,0.049892229487564235
cube25_cluster0,6,134,cube18_cluster0,True,1.6427501208882536,0.7990372414532347,0.22155618792143714
cube25_cluster0,6,134,cube24_cluster0,True,1.1559313060122243,0.8029716238471463,0.0926860352337191
cube25_cluster0,6,134,cube18_cluster0,True,2.0658689595896877,0.7006013267868917,0.35851472650134963
cube25_cluster0,6,134,cube24_cluster0,True,1.0225174129777863,0.5817264552552172,0.11575023523245075
cube25_cluster0,6,134,cube24_cluster0,True,1.5139517186814277,1.4155132043188283,0.02584962552833343
cube25_cluster0,6,134,cube33_cluster0,True,1.0903952940160047,0.9451301097688057,0.03814615284890098
cube25_cluster0,6,134,cube17_cluster0,True,1.2304355309044712,1.1293618158603058,0.0265416204375574
cube25_cluster0,6,134,cube24_cluster0,True,1.3212048327566417,1.1844447579644102,0.03591273947495914
cube25_cluster0,6,134,cube24_cluster0,True,1.2126624975851683,0.8666735020379366,0.09085555617871263
cube25_cluster0,6,134,cube18_cluster0,True,2.587389553336351,1.2699221926414521,0.3459625344844103
cube25_cluster0,6,134,cube18_cluster0,True,1.9412729490874499,1.1085361553937143,0.21867390441669082
cube25_cluster0,6,134,cube33_cluster0,True,0.9931342694057751,0.6448571078977949,0.09145642092778994
cube25_cluster0,6,134,cube32_cluster0,True,1.4653817847890342,0.8985372450917128,0.1488514854052229
cube25_cluster0,6,134,cube33_cluster0,True,0.7923123013079312,0.6807534115281809,0.02929499234964904
cube25_cluster0,6,134,cube24_cluster0,True,1.2619959461086228,0.8473904982719103,0.10887400767862408
cube25_cluster0,6,134,cube17_cluster0,True,0.9626282705218681,0.79115084313976,0.045029400464759624
cube25_cluster0,6,134,cube33_cluster1,False,1.516614940448658,1.5041390030136967,0.0032761395567261213
cube25_cluster0,6,134,cube17_cluster0,True,1.1762465528836112,1.1445177999233167,0.008331864695595518
cube25_cluster0,6,134,cube33_cluster0,True,1.1638656927307984,1.0361517050533275,0.03353726717199549
cube25_cluster0,6,134,cube24_cluster0,True,1.093479051506105,0.7690360665959846,0.08519764565248039
cube25_cluster0,6,134,cube24_cluster0,True,1.958918615843153,1.8892634884902757,0.01829120410704163
cube25_cluster0,6,134,cube24_cluster0,True,0.9499838997615703,0.7432637679423674,0.05428401709731991
cube25_cluster0,6,134,cube17_cluster0,True,1.0572450453117215,0.916325526408048,0.037004995624729496
cube25_cluster0,6,134,cube24_cluster0,True,1.4610768702115458,1.2019983694582097,0.06803315013722176
cube25_cluster0,6,134,cube17_cluster0,True,1.072234937375962,1.0537066148941923,0.004865475682188101
cube25_cluster0,6,134,cube33_cluster1,False,1.4523320450313375,1.4325667491131373,0.005190300780649455
cube25_cluster0,6,134,cube25_cluster1,False,1.6990649770102626,1.2782822814519685,0.11049613232599995
cube25_cluster0,6,134,cube33_cluster0,True,1.2351021924205843,0.9917899776243932,0.06389297603358184
cube25_cluster0,6,134,cube33_cluster0,True,0.9229517136453643,0.9088136197291482,0.0037126163045533506
cube26_cluster0,1,4,cube25_cluster1,True,0.6464695068531506,0.6464695068531506,0.0
cube26_cluster0,1,4,cube25_cluster1,True,0.7036600143269367,0.7036600143269367,0.0
cube26_cluster0,1,4,cube25_cluster1,True,0.5426292378322847,0.5426292378322847,0.0
cube26_cluster0,1,4,cube25_cluster1,True,0.5292921481202507,0.5292921481202507,0.0
cube31_cluster0,5,31,cube16_cluster1,False,1.0912030725226562,0.9081365161278011,0.04807266708777641
cube31_cluster0,5,31,cube41_cluster0,True,1.574031635801346,1.5551767712280262,0.004951224546242588
cube31_cluster0,5,31,cube23_cluster0,True,1.3052081075722441,1.2749543007080053,0.007944548770478278
cube31_cluster0,5,31,cube23_cluster0,True,0.9484410511268347,0.7410204896955251,0.05446794757716463
cube31_cluster0,5,31,cube41_cluster0,True,1.6199403420799585,1.4694849495248277,0.039509084238538654
cube31_cluster0,5,31,cube41_cluster0,True,1.278969457190497,1.1441466991894325,0.035404006547550756
cube31_cluster0,5,31,cube32_cluster0,True,0.9525015057320942,0.8783675155412392,0.01946733854897385
cube31_cluster0,5,31,cube42_cluster0,True,1.450000516515308,1.1946340681064198,0.06705837757318146
cube31_cluster0,5,31,cube41_cluster0,True,1.0232816004192085,0.969349280630725,0.01416244728431525
cube31_cluster0,5,31,cube41_cluster0,True,0.7546471163664811,0.6897022498434979,0.017054305324263944
cube31_cluster0,5,31,cube23_cluster0,True,1.0997843766481918,0.7960551208930395,0.07975828946737035
cube32_cluster0,8,191,cube43_cluster0,True,2.1311759994164072,1.5100508057510558,0.16310540408321267
cube32_cluster0,8,191,cube31_cluster0,True,1.2038905722323878,0.42288274309670565,0.20509005086655888
cube32_cluster0,8,191,cube42_cluster0,True,0.7481488768467792,0.7026910099115599,0.011937084231725101
cube32_cluster0,8,191,cube42_cluster0,True,1.0827304578243764,1.053267859186723,0.007736780129264985
cube32_cluster0,8,191,cube16_cluster1,False,1.7408668782943686,1.2866154994127739,0.1192848969313545
cube32_cluster0,8,191,cube33_cluster0,True,1.2963510140165189,1.1413846657956574,0.040693646149992616
cube32_cluster0,8,191,cube16_cluster1,False,1.5254138273539783,1.5031707954280282,0.005840945991755341
cube32_cluster0,8,191,cube24_cluster0,True,1.2551706723539355,1.2488431279198136,0.0016615920627718057
cube32_cluster0,8,191,cube41_cluster0,True,1.7513685034891842,1.4817187333793391,0.07080913020959805
cube32_cluster0,8,191,cube33_cluster0,True,1.8587402313958568,1.3364193204598862,0.13715972900178885
cube32_cluster0,8,191,cube33_cluster0,True,1.3739750032267208,0.8351591601099644,0.14149124317334538
cube32_cluster0,8,191,cube33_cluster0,True,0.9883872470056989,0.7228127009968807,0.0697389899536455
cube32_cluster0,8,191,cube31_cluster0,True,1.592791241386474,1.1641250798538814,0.1125663041954202
cube32_cluster0,8,191,cube16_cluster1,False,1.5616722507734142,0.9081365161278011,0.1716163040387364
cube32_cluster0,8,191,cube31_cluster0,True,1.0628019550820473,0.9528507588205316,0.02887281739424885
cube32_cluster0,8,191,cube31_cluster0,True,1.5875582497407212,1.3883355796000314,0.052315208668449235
cube32_cluster0,8,191,cube42_cluster0,True,1.7909410972254556,1.6377504251156203,0.040227359526034054
cube32_cluster0,8,191,cube31_cluster0,True,1.7738206987056564,1.3440017090149603,0.11286903302446087
cube32_cluster0,8,191,cube24_cluster0,True,0.9932606888068473,0.7465906043427507,0.06477474140814427
cube32_cluster0,8,191,cube33_cluster0,True,0.7737738956995127,0.7532950563680204,0.00537767490094416
cube32_cluster0,8,191,cube33_cluster0,True,1.043824480352555,0.9547142915763928,0.023400038344118565
cube32_cluster0,8,191,cube33_cluster0,True,2.229093743720237,2.0682320846260884,0.0422417351214114
cube32_cluster0,8,191,cube31_cluster0,True,1.7956422520878095,1.1312235024841413,0.17447414746624612
cube32_cluster0,8,191,cube42_cluster0,True,0.8488303961931857,0.8172537345813096,0.008291926014804036
cube32_cluster0,8,191,cube31_cluster0,True,1.1674788155464255,0.9024931256331898,0.06958435830708472
cube32_cluster0,8,191,cube33_cluster0,True,1.3203053665013744,0.8439416216977866,0.12509153046630933
cube32_cluster0,8,191,cube31_cluster0,True,1.1083294274524866,0.9877568893961459,0.03166194632190949
cube32_cluster0,8,191,cube33_cluster0,True,0.809332235400659,0.7993603487722242,0.0026185841672349813
cube32_cluster0,8,191,cube42_cluster0,True,2.172127525075214,2.0303232798535844,0.0372373218048056
cube32_cluster0,8,191,cube42_cluster0,True,1.2988805170933937,1.2154091665290028,0.02191929823814512
cube32_cluster0,8,191,cube24_cluster0,True,0.7950054742169932,0.5932651514852268,0.05297633584119426
cube32_cluster0,8,191,cube31_cluster0,True,1.7814004257435905,1.0697064726027228,0.18688845822789504
cube32_cluster0,8,191,cube31_cluster0,True,0.9928058201139384,0.9908417889881279,0.0005157480225796716
cube32_cluster0,8,191,cube33_cluster0,True,0.8024692647262729,0.5762296844525253,0.05940975915404169
cube32_cluster0,8,191,cube43_cluster0,True,1.2325374047819482,1.0380986948503532,0.05105895667451895
cube32_cluster0,8,191,cube25_cluster0,True,1.3466884755560062,0.6531728242566902,0.18211489679832862
cube32_cluster0,8,191,cube33_cluster0,True,0.851765011244331,0.35626492871025894,0.13011666892476498
cube32_cluster0,8,191,cube42_cluster0,True,0.9533542785873059,0.8534038915012726,0.026246638262630812
cube32_cluster0,8,191,cube33_cluster0,True,1.4331429816192256,1.375724199463638,0.015077980672764179
cube32_cluster0,8,191,cube16_cluster1,False,1.649718407903832,1.5656576222945715,0.02207408191485759
cube32_cluster0,8,191,cube23_cluster0,True,0.9147829947220789,0.6897132252856518,0.05910257073008464
cube32_cluster0,8,191,cube33_cluster0,True,0.972563097140211,0.9272636959290127,0.011895471661162216
cube32_cluster0,8,191,cube23_cluster0,True,1.3596284875661435,0.7410204896955251,0.1624443968636638
cube32_cluster0,8,191,cube43_cluster0,True,1.1139051245447111,0.8305728055172713,0.07440212191699129
cube32_cluster0,8,191,cube41_cluster0,True,1.8355822870230003,1.4694849495248277,0.09613593970332411
cube32_cluster0,8,191,cube25_cluster0,True,1.5524424721226417,0.9762064077903868,0.1513176684487714
cube32_cluster0,8,191,cube42_cluster0,True,1.4649981803945908,1.2586590200116363,0.05418397526889759
cube32_cluster0,8,191,cube33_cluster0,True,1.4035195593504142,1.244258673205894,0.041821377484243465
cube32_cluster0,8,191,cube33_cluster0,True,0.7845495255864066,0.770991225782651,0.0035603643045340133
cube32_cluster0,8,191,cube33_cluster0,True,1.6667704367349374,1.0592614595648528,0.15952983104866986
cube32_cluster0,8,191,cube42_cluster0,True,1.539168614289214,1.4714511569455864,0.01778237842574287
cube32_cluster0,8,191,cube24_cluster0,True,1.639137004031868,1.529998322989359,0.028659453607895576
cube32_cluster0,8,191,cube41_cluster0,True,2.205157804571409,2.0434333253494046,0.04246830880903552
cube32_cluster0,8,191,cube31_cluster0,True,1.3823867900907452,0.8053646254138573,0.15152409577722137
cube32_cluster0,8,191,cube15_cluster1,False,2.0328674354711485,1.6114803271616853,0.11065484909842825
cube32_cluster0,8,191,cube31_cluster0,True,1.4616937233764833,0.8840218795956898,0.15169469934289165
cube32_cluster0,8,191,cube24_cluster0,True,1.0249805758762243,0.9500615680985566,0.019673481548831754
cube32_cluster0,8,191,cube41_cluster0,True,1.355978917520295,1.1441466991894325,0.05562643396383301
cube32_cluster0,8,191,cube42_cluster0,True,0.7245954544177358,0.5186499945107934,0.05408059083709121
cube32_cluster0,8,191,cube16_cluster1,False,1.248969391828387,1.2112130938122645,0.009914677922280199
cube32_cluster0,8,191,cube33_cluster0,True,0.6830498595613952,0.5683383006157339,0.030122872756837383
cube32_cluster0,8,191,cube31_cluster0,True,1.4176618526847178,1.3120800038698988,0.027725441328776634
cube32_cluster0,8,191,cube33_cluster0,True,1.3554634978267246,1.0218389806742785,0.08760868539416317
cube32_cluster0,8,191,cube24_cluster0,True,1.5386763626342814,1.5010276177434825,0.009886434830315436
cube32_cluster0,8,191,cube16_cluster1,False,1.6773075422638082,1.3854750102822724,0.07663424948613665
cube32_cluster0,8,191,cube31_cluster0,True,1.190577177636745,1.0949446022245553,0.025112795319211432
cube32_cluster0,8,191,cube33_cluster0,True,1.229424696127793,0.9666800641473994,0.06899586396900603
cube32_cluster0,8,191,cube25_cluster0,True,1.8591476565981,1.5929974695033384,0.0698901513827539
cube32_cluster0,8,191,cube16_cluster1,False,1.462906388723855,1.2122174806415047,0.06583007108544535
cube32_cluster0,8,191,cube25_cluster0,True,1.92996600051005,1.38586500824531,0.14287910571090393
cube32_cluster0,8,191,cube24_cluster0,True,1.3559086378892975,1.2860992381953749,0.018331715509222184
cube32_cluster0,8,191,cube24_cluster0,True,1.3937059328609782,1.2638069667380891,0.03411103522373074
cube32_cluster0,8,191,cube24_cluster0,True,1.372613305151897,1.2651051017286539,0.028231295623561282
cube32_cluster0,8,191,cube33_cluster0,True,1.2513098044369724,1.241195812584289,0.0026559005251283255
cube32_cluster0,8,191,cube42_cluster0,True,1.5960661159348215,1.4369536497341417,0.041782402902048134
cube32_cluster0,8,191,cube24_cluster0,True,1.4147728170513072,1.3819893838931188,0.008608820197659293
cube32_cluster0,8,191,cube33_cluster0,True,1.105725565792733,0.9846664991560108,0.03178970710429357
cube32_cluster0,8,191,cube33_cluster0,True,1.7135398228579157,1.4753451842259304,0.06254911760262095
cube32_cluster0,8,191,cube31_cluster0,True,1.6365996396614984,1.5565539848680492,0.021019721955160452
cube32_cluster0,8,191,cube23_cluster0,True,1.5089285983090877,1.4894539948141388,0.005113965919913026
cube32_cluster0,8,191,cube42_cluster0,True,1.341682621457367,1.1946340681064198,0.03861445962708826
cube32_cluster0,8,191,cube31_cluster0,True,1.3431816518540884,0.9885305167697163,0.0931302051284567
cube32_cluster0,8,191,cube31_cluster0,True,1.1838077277138865,0.9727125292070983,0.05543289501637287
cube32_cluster0,8,191,cube33_cluster0,True,1.2618522616375552,0.8572289587481652,0.10625272971106599
cube32_cluster0,8,191,cube33_cluster0,True,1.824502816326613,1.4914545652655058,0.08745735984072261
cube32_cluster0,8,191,cube31_cluster0,True,0.810165404035426,0.49301883694682763,0.08328163066987046
cube32_cluster0,8,191,cube33_cluster1,False,2.293924633658283,1.539070358023954,0.19822221495271175
cube32_cluster0,8,191,cube42_cluster0,True,1.3587345833394133,1.3561109826995474,0.000688948776965657
cube32_cluster0,8,191,cube33_cluster0,True,0.9026725682190744,0.7460953364180345,0.04111665880501878
cube32_cluster0,8,191,cube33_cluster0,True,1.0908623908299095,1.0229652345485643,0.017829566767398754
cube32_cluster0,8,191,cube33_cluster0,True,0.8773984876058807,0.6448571078977949,0.061064590665743136
cube32_cluster0,8,191,cube24_cluster0,True,1.2000335719528916,1.1089607429223485,0.02391542112850013
cube32_cluster0,8,191,cube42_cluster0,True,1.4183396006193851,1.3833081100100593,0.009199152585895346
cube32_cluster0,8,191,cube42_cluster0,True,1.0907726746238484,1.0192524984301268,0.018780959711746224
cube32_cluster0,8,191,cube33_cluster0,True,1.9771816368450392,1.8524735671002384,0.032747923149165095
cube32_cluster0,8,191,cube16_cluster1,False,2.091325554324068,2.039832982035114,0.013521777728756674
cube32_cluster0,8,191,cube33_cluster0,True,1.0784997384182637,0.6807534115281809,0.10444685875191459
cube32_cluster0,8,191,cube42_cluster0,True,1.2978300081831062,1.2966255212405282,0.00031629425353496256
cube32_cluster0,8,191,cube31_cluster0,True,1.2951037819028992,0.9506105535903933,0.09046277269202987
cube32_cluster0,8,191,cube42_cluster0,True,0.9165072175737037,0.8755722342660138,0.010749390077288649
cube32_cluster0,8,191,cube31_cluster0,True,1.5288598124522543,1.3068982686125699,0.05828636105591767
cube32_cluster0,8,191,cube33_cluster0,True,1.3814722862368158,1.159046252759235,0.05840833448551645
cube32_cluster0,8,191,cube42_cluster0,True,1.3966564379437842,1.2284586271187932,0.04416818409607573
cube32_cluster0,8,191,cube41_cluster0,True,1.1944648003171416,0.969349280630725,0.059114584593131174
cube32_cluster0,8,191,cube42_cluster0,True,0.8983982954230284,0.8808641409374031,0.004604410482464276
cube32_cluster0,8,191,cube33_cluster0,True,1.46374956269006,1.0361517050533275,0.11228577115571257
cube32_cluster0,8,191,cube24_cluster0,True,0.8463423203656908,0.7690360665959846,0.02030036438364277
cube32_cluster0,8,191,cube33_cluster0,True,0.9524499568999555,0.7803715733413323,0.045187209552213274
cube32_cluster0,8,191,cube31_cluster0,True,1.223529699156293,0.6628888931467126,0.14722240563147793
cube32_cluster0,8,191,cube33_cluster0,True,0.6898166695861274,0.4581724613689613,0.060828996424757927
cube32_cluster0,8,191,cube42_cluster0,True,1.259677315384421,1.2533419189388049,0.0016636539747996466
cube32_cluster0,8,191,cube33_cluster0,True,1.213905651635754,1.1892475413114745,0.0064751375236228965
cube32_cluster0,8,191,cube42_cluster0,True,1.576170441254255,1.4400605108534106,0.03574201372634821
cube32_cluster0,8,191,cube24_cluster0,True,1.2984305048299167,1.2019983694582097,0.025322757097635238
cube32_cluster0,8,191,cube41_cluster0,True,1.353991826325663,0.6897022498434979,0.17444022703539847
cube32_cluster0,8,191,cube33_cluster0,True,1.1625370897471612,0.9088136197291482,0.0666269369279191
cube32_cluster0,8,191,cube24_cluster0,True,0.9077511934207684,0.8006486744876403,0.02812476422962437
cube32_cluster0,8,191,cube42_cluster0,True,1.2965368916256133,1.2505807490923404,0.012067929741767488
cube32_cluster0,8,191,cube33_cluster0,True,1.6211456839315517,1.0379930049810453,0.1531339483770423
cube32_cluster0,8,191,cube33_cluster0,True,0.7294173651411603,0.6945795880912908,0.00914828405131686
cube32_cluster0,8,191,cube23_cluster0,True,1.175846378502272,0.7960551208930395,0.09973191744819243
cube33_cluster0,5,94,cube43_cluster0,True,1.5735112197181922,1.5100508057510558,0.016664493034514533
cube33_cluster0,5,94,cube33_cluster1,False,1.2571502952329823,1.1036728741308943,0.04030265885494362
cube33_cluster0,5,94,cube25_cluster0,True,0.9622892039261857,0.7554080192227846,0.054326309047515814
cube33_cluster0,5,94,cube32_cluster0,True,1.3070654032712183,1.2331272204221906,0.019415920194128605
cube33_cluster0,5,94,cube16_cluster1,False,1.8981187595354905,1.5031707954280282,0.10371201801918356
cube33_cluster0,5,94,cube32_cluster0,True,0.9040878055723846,0.7643560175333672,0.03669310146136664
cube33_cluster0,5,94,cube32_cluster0,True,0.9987802105715249,0.9965950395118741,0.0005738186315902499
cube33_cluster0,5,94,cube24_cluster0,True,0.936349598940581,0.7465906043427507,0.04983007903713989
cube33_cluster0,5,94,cube32_cluster0,True,1.013921403562684,0.8666932267009906,0.03866162816187306
cube33_cluster0,5,94,cube32_cluster0,True,1.3761886572074484,1.1695004720462083,0.05427562801149748
cube33_cluster0,5,94,cube43_cluster0,True,0.8953203637050167,0.7663626653422128,0.03386386144954648
cube33_cluster0,5,94,cube32_cluster0,True,0.9897836032467034,0.8491295247675593,0.036935291854628995
cube33_cluster0,5,94,cube32_cluster0,True,1.3461259539828825,1.318800620889386,0.00717554132625378
cube33_cluster0,5,94,cube43_cluster0,True,1.0483878156480633,1.0380986948503532,0.0027018888019468557
cube33_cluster0,5,94,cube25_cluster0,True,0.8450692209319182,0.6531728242566902,0.050391353693324696
cube33_cluster0,5,94,cube25_cluster0,True,1.0374339175304725,0.8437004995044033,0.050873749372640664
cube33_cluster0,5,94,cube43_cluster0,True,0.7969769519216662,0.689627356159762,0.028189645780732152
cube33_cluster0,5,94,cube25_cluster0,True,1.4455121649450136,1.1869643702358141,0.06789378850021023
cube33_cluster0,5,94,cube43_cluster0,True,0.8507070112035319,0.8305728055172713,0.005287175255237503
cube33_cluster0,5,94,cube25_cluster0,True,1.1040388118060476,0.9762064077903868,0.03356836290742451
cube33_cluster0,5,94,cube43_cluster0,True,1.4433902614810463,1.3171129194526383,0.0331600088165068
cube33_cluster0,5,94,cube42_cluster0,True,1.5955640081540472,1.4714511569455864,0.032591620746883425
cube33_cluster0,5,94,cube25_cluster0,True,1.73085364143033,1.569853657354637,0.042278058800179624
cube33_cluster0,5,94,cube32_cluster0,True,1.3779357045040208,1.2124555814771276,0.043454528345187614
cube33_cluster0,5,94,cube32_cluster0,True,1.5070536446615461,1.2920828732864262,0.056450607524559646
cube33_cluster0,5,94,cube43_cluster0,True,0.9826496377860575,0.9225336788618048,0.01578625029573812
cube33_cluster0,5,94,cube25_cluster0,True,1.2533368121197945,0.9229353737335145,0.08676231566080023
cube33_cluster0,5,94,cube42_cluster0,True,0.9645903152436677,0.5186499945107934,0.11710244078317178
cube33_cluster0,5,94,cube18_cluster0,False,2.2723606202616273,2.055147723816074,0.05703938208941038
cube33_cluster0,5,94,cube25_cluster0,True,1.5033754601822094,1.4284319461486799,0.019679916809880047
cube33_cluster0,5,94,cube32_cluster0,True,1.1259893023453933,0.9085800728834421,0.05709093848464446
cube33_cluster0,5,94,cube25_cluster0,True,1.495543976329062,1.38586500824531,0.02880133118278972
cube33_cluster0,5,94,cube32_cluster0,True,1.3764105230633707,0.9458726167931313,0.11305781812029088
cube33_cluster0,5,94,cube32_cluster0,True,1.712141346653374,1.3149270341084336,0.10430715355942279
cube33_cluster0,5,94,cube33_cluster1,False,1.6497459313776752,1.3552812133397791,0.07732545276483693
cube33_cluster0,5,94,cube33_cluster1,False,2.1320854417767383,1.7172387014992467,0.10893737026873776
cube33_cluster0,5,94,cube43_cluster0,True,0.9526481745674478,0.8461251227810878,0.027972598089705293
cube33_cluster0,5,94,cube25_cluster0,True,1.4295657788455052,1.3179999296495153,0.02929681986914032
cube33_cluster0,5,94,cube44_cluster0,False,1.139134622367743,1.0274389665930634,0.029330906643732245
cube33_cluster0,5,94,cube25_cluster0,True,1.1674056646599458,0.9312808524317937,0.06200558809291439
cube33_cluster0,5,94,cube33_cluster1,False,1.7213432917597793,1.539070358023954,0.04786426442465662
cube33_cluster0,5,94,cube32_cluster0,True,0.9187300270215291,0.6334551516596111,0.07491223073099662
cube33_cluster0,5,94,cube32_cluster0,True,1.055230410863391,0.943401806449631,0.029365818512902393
cube33_cluster0,5,94,cube32_cluster0,True,1.0443303409435973,0.8985372450917128,0.03828478067543357
cube33_cluster0,5,94,cube42_cluster0,True,1.4165728355321885,1.3833081100100593,0.008735205967071542
cube33_cluster0,5,94,cube43_cluster0,True,1.474642076822965,1.454650284502292,0.005249777980456376
cube33_cluster0,5,94,cube42_cluster0,True,1.4116797387889746,1.2284586271187932,0.04811325278755542
cube33_cluster0,5,94,cube25_cluster0,True,1.4959818276493344,1.366912342572056,0.033893216267901066
cube33_cluster0,5,94,cube32_cluster0,True,0.7400662388715982,0.46140675266610737,0.07317505160425827
cube33_cluster0,5,94,cube24_cluster0,True,0.7982720928533509,0.7690360665959846,0.007677282977937522
cube33_cluster0,5,94,cube32_cluster0,True,1.473371022359315,1.240210076448705,0.06122728668395276
cube33_cluster0,5,94,cube32_cluster0,True,1.3970642081961449,1.072027846614463,0.08535346438721475
cube33_cluster0,5,94,cube25_cluster0,True,0.9770629607331729,0.9483454227377208,0.007541129689784973
cube33_cluster0,5,94,cube24_cluster0,True,1.401031770160911,1.2019983694582097,0.05226550714534476
cube33_cluster0,5,94,cube32_cluster0,True,1.234393929837951,0.9081468202843793,0.08567140276616321
cube33_cluster0,5,94,cube33_cluster1,False,1.7614291631573784,1.4325667491131373,0.08635817300202184
cube33_cluster0,5,94,cube43_cluster0,True,1.1398185201166502,1.0887619313009649,0.013407289922906459
cube34_cluster0,2,4,cube33_cluster1,True,0.7093888807894579,0.7093888807894579,0.0
cube34_cluster0,2,4,cube33_cluster1,True,0.3620404758912026,0.3620404758912026,0.0
cube34_cluster0,2,4,cube33_cluster1,True,0.7378680334901456,0.7378680334901456,0.0
cube34_cluster0,2,4,cube33_cluster1,True,0.530973577142752,0.530973577142752,0.0
cube41_cluster0,5,33,cube50_cluster0,True,1.0393556990875072,0.6044328325248735,0.1142092940669664
cube41_cluster0,5,33,cube31_cluster0,True,0.5500662494135606,0.42288274309670565,0.03339796453612707
cube41_cluster0,5,33,cube50_cluster0,True,0.8437074418908201,0.7751714598655254,0.0179973202769461
cube41_cluster0,5,33,cube50_cluster0,True,1.3346535400994004,1.179029501419968,0.04086635347067598
cube41_cluster0,5,33,cube50_cluster0,True,1.1138265463360626,1.0125027369363253,0.026607294381136737
cube41_cluster0,5,33,cube31_cluster0,True,0.9143027023078878,0.9024931256331898,0.0031011554437382714
cube41_cluster0,5,33,cube50_cluster0,True,0.5190387533288121,0.45362440783120744,0.017177588937044706
cube41_cluster0,5,33,cube31_cluster0,True,0.889073243325854,0.8840218795956898,0.00132647126663425
cube41_cluster0,5,33,cube32_cluster0,True,1.0172220528013383,0.8783675155412392,0.036462738332907134
cube41_cluster0,5,33,cube42_cluster0,True,1.4257944006179388,1.1946340681064198,0.060701932278430376
cube41_cluster0,5,33,cube31_cluster0,True,0.6622945972684261,0.49301883694682763,0.04445125003836654
cube41_cluster0,5,33,cube50_cluster0,True,0.6773473574799407,0.4655628113766317,0.05561391539588895
cube41_cluster0,5,33,cube31_cluster0,True,0.6908563649213211,0.6628888931467126,0.007344164802049667
cube42_cluster0,8,221,cube43_cluster0,True,1.1465833279735813,1.1093620616601305,0.009774180381765644
cube42_cluster0,8,221,cube43_cluster0,True,1.9619894629895733,1.5100508057510558,0.11867758394200355
cube42_cluster0,8,221,cube43_cluster0,True,1.7641975605049824,1.6406054984573515,0.032454863250350324
cube42_cluster0,8,221,cube50_cluster0,True,1.56200398313075,0.6044328325248735,0.2514549901547665
cube42_cluster0,8,221,cube31_cluster0,True,1.330016371335535,0.42288274309670565,0.2382102650163661
cube42_cluster0,8,221,cube32_cluster0,True,1.1022196704431808,1.0355327412200677,0.01751176517863927
cube42_cluster0,8,221,cube50_cluster0,True,0.9279957095757989,0.7751714598655254,0.04013113822611708
cube42_cluster0,8,221,cube52_cluster0,True,1.2251878899199304,1.0145789230100761,0.05530521222085151
cube42_cluster0,8,221,cube33_cluster0,True,1.3783669132103538,1.1413846657956574,0.06223074771291173
cube42_cluster0,8,221,cube43_cluster0,True,0.94027311190387,0.49174215260405124,0.11778273382973381
cube42_cluster0,8,221,cube41_cluster0,True,1.6888625890127629,1.4817187333793391,0.05439528555759655
cube42_cluster0,8,221,cube43_cluster0,True,1.9115610797839662,1.6346574762825332,0.07271396266294834
cube42_cluster0,8,221,cube41_cluster0,True,1.509277997233062,1.4661028742855482,0.0113376432746838
cube42_cluster0,8,221,cube51_cluster0,True,1.9313036217259272,1.8874079970099489,0.011526844635837039
cube42_cluster0,8,221,cube41_cluster0,True,1.6109084513241803,0.957074924151819,0.17169450336296857
cube42_cluster0,8,221,cube33_cluster0,True,1.3666035285467926,0.8351591601099644,0.13955551851007136
cube42_cluster0,8,221,cube32_cluster0,True,1.1125531564777056,0.9965950395118741,0.030450214735019267
cube42_cluster0,8,221,cube33_cluster0,True,1.0006065860095128,0.7228127009968807,0.07294774761824062
cube42_cluster0,8,221,cube32_cluster0,True,1.1835075536454038,1.1421425707948638,0.01086230652297055
cube42_cluster0,8,221,cube50_cluster0,True,1.6706539103513263,1.179029501419968,0.1290989299640654
cube42_cluster0,8,221,cube50_cluster0,True,1.812289418242235,1.0125027369363253,0.2100213148092901
cube42_cluster0,8,221,cube51_cluster0,True,1.4989354574478775,1.4808507740559627,0.004748977536957664
cube42_cluster0,8,221,cube51_cluster0,True,1.2361494420680252,1.0676792092602114,0.04423972120009697
cube42_cluster0,8,221,cube43_cluster0,True,0.820802378120471,0.3627397430462258,0.12028572009503673
cube42_cluster0,8,221,cube32_cluster0,True,1.1038658431142643,1.0532148772155763,0.013300774697864884
cube42_cluster0,8,221,cube43_cluster0,True,1.4009869244089437,1.2264104025243818,0.04584321234402327
cube42_cluster0,8,221,cube43_cluster0,True,1.0314805392980209,0.6004656773806388,0.11318306508233711
cube42_cluster0,8,221,cube32_cluster0,True,0.9189144361758841,0.8666932267009906,0.01371311542340315
cube42_cluster0,8,221,cube41_cluster0,True,1.7153491164811543,0.9764633028304398,0.19402895009888244
cube42_cluster0,8,221,cube43_cluster0,True,1.324583548806933,0.9337260731870487,0.1026378693862373
cube42_cluster0,8,221,cube43_cluster0,True,0.9371818622516153,0.9300036838829168,0.001884965696688107
cube42_cluster0,8,221,cube31_cluster0,True,1.2527295697026821,0.9024931256331898,0.09197092199322379
cube42_cluster0,8,221,cube33_cluster0,True,1.2217229309321294,0.8439416216977866,0.0992041117091623
cube42_cluster0,8,221,cube41_cluster0,True,1.337194161435799,1.169367872136767,0.04407062378257501
cube42_cluster0,8,221,cube51_cluster0,True,1.3283910669914778,1.2199852021396467,0.02846701852054403
cube42_cluster0,8,221,cube50_cluster0,True,1.3931521467150405,1.3812399578505836,0.003128101062504319
cube42_cluster0,8,221,cube31_cluster0,True,1.7121971835485443,1.443745456142668,0.07049452819162705
cube42_cluster0,8,221,cube41_cluster0,True,1.0704348583852472,0.5419332208222635,0.1387827671981271
cube42_cluster0,8,221,cube50_cluster0,True,1.17962314286607,0.45362440783120744,0.19064484623942257
cube42_cluster0,8,221,cube51_cluster0,True,1.3574760407690485,1.3164520337273908,0.010772767412888462
cube42_cluster0,8,221,cube43_cluster0,True,1.6275940537397162,1.4843600744297538,0.037612765207500176
cube42_cluster0,8,221,cube41_cluster0,True,1.1016753062977664,0.4831445559771683,0.16242411191468895
cube42_cluster0,8,221,cube33_cluster0,True,0.8527773143077407,0.7993603487722242,0.01402711697645874
cube42_cluster0,8,221,cube43_cluster0,True,1.703892098427315,1.3076974128746917,0.10403940291222294
cube42_cluster0,8,221,cube51_cluster0,True,1.1080357580030287,1.023153902764761,0.02228969206074361
cube42_cluster0,8,221,cube51_cluster0,True,0.959898026147891,0.8823303302650893,0.020369018210497157
cube42_cluster0,8,221,cube50_cluster0,True,1.5408226491596033,1.3833796651796169,0.041344002439479506
cube42_cluster0,8,221,cube51_cluster0,True,1.060465228122966,0.8566079196505256,0.05353224923545449
cube42_cluster0,8,221,cube43_cluster0,True,0.9494272945361357,0.5876495796276395,0.09500162121944733
cube42_cluster0,8,221,cube32_cluster0,True,1.9813305865917967,1.97600084959975,0.0013995711566859713
cube42_cluster0,8,221,cube43_cluster0,True,1.262656949184463,1.0380986948503532,0.05896824857038316
cube42_cluster0,8,221,cube43_cluster0,True,0.6930628293111262,0.5634734805669627,0.034029730732811264
cube42_cluster0,8,221,cube43_cluster0,True,0.7270470279508435,0.5858660366616374,0.037073657401024925
cube42_cluster0,8,221,cube41_cluster0,True,1.3300693678529065,0.988181194539995,0.08977869393834023
cube42_cluster0,8,221,cube43_cluster0,True,1.7855014374354055,1.5929861669658605,0.05055386788744862
cube42_cluster0,8,221,cube52_cluster0,True,1.4117723120459318,1.1416232795784003,0.07094023483942871
cube42_cluster0,8,221,cube43_cluster0,True,1.0140209233665962,0.8449353051843367,0.04440131934679837
cube42_cluster0,8,221,cube32_cluster0,True,0.8709552195747334,0.8645880368850436,0.00167200093646987
cube42_cluster0,8,221,cube51_cluster0,True,1.4315932784385919,1.2686083371533212,0.04279930194255731
cube42_cluster0,8,221,cube43_cluster0,True,1.0007426012999265,0.8305728055172713,0.04468602076837005
cube42_cluster0,8,221,cube52_cluster0,True,1.1719531004548853,1.0135289493259012,0.04160165366010711
cube42_cluster0,8,221,cube41_cluster0,True,1.7085100280283185,1.4694849495248277,0.06276718834293245
cube42_cluster0,8,221,cube51_cluster0,True,2.085732732759213,1.908406347217782,0.046565317368101634
cube42_cluster0,8,221,cube43_cluster0,True,0.9636603394020031,0.7162593588440095,0.06496667228448569
cube42_cluster0,8,221,cube33_cluster0,True,0.8188419329518185,0.770991225782651,0.012565436095801892
cube42_cluster0,8,221,cube43_cluster0,True,1.3689640702427577,1.2520136094093104,0.030710800924675877
cube42_cluster0,8,221,cube51_cluster0,True,1.597951506846814,1.5236484045759768,0.01951174681710101
cube42_cluster0,8,221,cube32_cluster0,True,1.582228430075045,1.388783798886131,0.050797914912457
cube42_cluster0,8,221,cube43_cluster0,True,1.709555564162206,1.6715148085430278,0.009989375540029587
cube42_cluster0,8,221,cube32_cluster0,True,0.9255151019169672,0.9104778660584067,0.003948727979510214
cube42_cluster0,8,221,cube43_cluster0,True,1.1642077442955838,0.8921112322747322,0.07145163647428046
cube42_cluster0,8,221,cube41_cluster0,True,1.6828904876496802,0.9359691803356877,0.19613904393233786
cube42_cluster0,8,221,cube32_cluster0,True,1.800063175311259,1.7894109704528773,0.0027972334652063688
cube42_cluster0,8,221,cube43_cluster0,True,1.9518405857969796,1.7152936523612747,0.062116435714025524
cube42_cluster0,8,221,cube41_cluster0,True,2.103602372529842,2.0434333253494046,0.01580019109473549
cube42_cluster0,8,221,cube50_cluster0,True,2.295863801924618,2.015450446633545,0.07363561177607302
cube42_cluster0,8,221,cube31_cluster0,True,1.581692558225796,0.8840218795956898,0.18320599311623204
cube42_cluster0,8,221,cube41_cluster0,True,1.195209895513986,1.1441466991894325,0.013409025032695813
cube42_cluster0,8,221,cube51_cluster0,True,0.8470243397175696,0.8256288376917426,0.0056183874669329635
cube42_cluster0,8,221,cube51_cluster0,True,1.0506041365548466,1.0091805280017467,0.010877701436915778
cube42_cluster0,8,221,cube32_cluster0,True,1.3447510035257877,1.2901556108508454,0.014336568012608812
cube42_cluster0,8,221,cube43_cluster0,True,1.5095766392023138,1.154323530602591,0.0932882813656952
cube42_cluster0,8,221,cube43_cluster0,True,1.2371233937700905,0.8367331840548761,0.10514113356307947
cube42_cluster0,8,221,cube33_cluster0,True,1.475685468548158,1.0218389806742785,0.1191785739032491
cube42_cluster0,8,221,cube32_cluster0,True,1.9119086108808516,1.6736578059770528,0.06256386667825566
cube42_cluster0,8,221,cube50_cluster0,True,1.9372346967430483,1.7309666554629954,0.05416529962969454
cube42_cluster0,8,221,cube51_cluster0,True,0.5238735421563605,0.47038369761279164,0.014046254760884143
cube42_cluster0,8,221,cube43_cluster0,True,1.1653309167501888,0.9016981590860889,0.06922908281118947
cube42_cluster0,8,221,cube41_cluster0,True,0.7897876233666755,0.7756579377875229,0.003710408303286621
cube42_cluster0,8,221,cube43_cluster0,True,2.345684491067579,2.1774316784614944,0.04418262738033151
cube42_cluster0,8,221,cube43_cluster0,True,0.9342414328649576,0.8285888071730358,0.027744027100626383
cube42_cluster0,8,221,cube41_cluster0,True,1.502276707652463,1.3607899114251614,0.0371539607577514
cube42_cluster0,8,221,cube32_cluster0,True,0.9846603329537342,0.8783675155412392,0.027912139311078905
cube42_cluster0,8,221,cube43_cluster0,True,1.618270526410408,1.2143523230662217,0.10606757292236667
cube42_cluster0,8,221,cube32_cluster0,True,1.037572379024886,0.9085800728834421,0.033872949336782546
cube42_cluster0,8,221,cube43_cluster0,True,1.111285788888726,1.048123541882342,0.01658619538516174
cube42_cluster0,8,221,cube32_cluster0,True,1.20911584753721,0.9992446629109932,0.05511147305405322
cube42_cluster0,8,221,cube43_cluster0,True,1.170044616909626,1.1480694458177971,0.0057706066301693
cube42_cluster0,8,221,cube43_cluster0,True,1.5277555237282652,1.0453188483911684,0.126686261768049
cube42_cluster0,8,221,cube41_cluster0,True,0.9645435092283831,0.6474803029676485,0.08325974039452483
cube42_cluster0,8,221,cube51_cluster0,True,1.5822005992690453,1.4380330279875577,0.037857923345211306
cube42_cluster0,8,221,cube43_cluster0,True,1.0418498888734748,0.6324287679004926,0.10751262073661612
cube42_cluster0,8,221,cube32_cluster0,True,0.7876781811673794,0.7456850131636662,0.011027265848871912
cube42_cluster0,8,221,cube32_cluster0,True,0.8680537850172569,0.8566309473367082,0.0029995990738489716
cube42_cluster0,8,221,cube31_cluster0,True,1.8431096842255077,1.5565539848680492,0.07524857084001603
cube42_cluster0,8,221,cube43_cluster0,True,1.3538785533823674,1.3358980176219473,0.004721628716313298
cube42_cluster0,8,221,cube43_cluster0,True,1.1900251241499957,0.9617816826474026,0.059935966428824414
cube42_cluster0,8,221,cube32_cluster0,True,2.0640381759774664,1.8892831123190152,0.04589009681831758
cube42_cluster0,8,221,cube51_cluster0,True,1.0058226682127667,0.818154323612679,0.04928108132113015
cube42_cluster0,8,221,cube41_cluster0,True,1.0966250028535562,0.7649365645986111,0.08710027753350243
cube42_cluster0,8,221,cube43_cluster0,True,1.342092543481267,1.2653801499907669,0.02014441865515397
cube42_cluster0,8,221,cube41_cluster0,True,1.47318034015214,1.007851223130251,0.12219387401701783
cube42_cluster0,8,221,cube43_cluster0,True,1.9069373994763588,1.7404719898264276,0.04371326132595764
cube42_cluster0,8,221,cube32_cluster0,True,0.7482526204890912,0.7155162566216351,0.00859645995891339
cube42_cluster0,8,221,cube43_cluster0,True,1.1642748448648166,1.114562550228691,0.013054282755269413
cube42_cluster0,8,221,cube43_cluster0,True,2.205521577302196,1.9784626281061164,0.05962492270002752
cube42_cluster0,8,221,cube31_cluster0,True,1.2744728378937138,0.9727125292070983,0.07924125053462795
cube42_cluster0,8,221,cube33_cluster0,True,1.765422879290259,1.4914545652655058,0.07194316543707864
cube42_cluster0,8,221,cube31_cluster0,True,0.9375432371592785,0.49301883694682763,0.11673062477733478
cube42_cluster0,8,221,cube43_cluster0,True,1.626922006271089,1.4848558538923173,0.037306097750675435
cube42_cluster0,8,221,cube51_cluster0,True,0.888030818005801,0.5948346550871654,0.07699233442180561
cube42_cluster0,8,221,cube43_cluster0,True,1.0081051903300462,0.7644774490789676,0.06397583222819161
cube42_cluster0,8,221,cube51_cluster0,True,0.6306434367335312,0.2600677583084465,0.09731193709315133
cube42_cluster0,8,221,cube32_cluster0,True,1.3866105095258743,1.3367357172365886,0.013096954096975692
cube42_cluster0,8,221,cube43_cluster0,True,0.9614150629242164,0.6150778183413094,0.09094700521389058
cube42_cluster0,8,221,cube31_cluster0,True,1.7676809028760427,1.6577460657440202,0.02886852154141009
cube42_cluster0,8,221,cube41_cluster0,True,1.0793725737799278,0.8034498551112211,0.07245638557763193
cube42_cluster0,8,221,cube33_cluster0,True,1.8839387706850494,1.8524735671002384,0.008262657508666844
cube42_cluster0,8,221,cube50_cluster0,True,1.4561532270262176,0.4655628113766317,0.2601257390189425
cube42_cluster0,8,221,cube51_cluster0,True,1.1572197502862858,1.0001661830719224,0.041241742895732916
cube42_cluster0,8,221,cube43_cluster0,True,1.6483266756078583,1.4381024719372177,0.05520417467761809
cube42_cluster0,8,221,cube50_cluster0,True,1.1780951726568716,0.8703472318845376,0.08081358274849224
cube42_cluster0,8,221,cube51_cluster0,True,1.5969159488911053,1.3994919212100716,0.051842891157945076
cube42_cluster0,8,221,cube41_cluster0,True,1.6520578372246681,1.2842437605580312,0.09658674968275106
cube42_cluster0,8,221,cube52_cluster0,True,1.087797183583863,0.8970502305576229,0.05008951362508868
cube42_cluster0,8,221,cube43_cluster0,True,1.0857726227163307,1.0146024281222534,0.018689055711048994
cube42_cluster0,8,221,cube51_cluster0,True,1.4159830458171325,1.4069921446515226,0.0023609806567903282
cube42_cluster0,8,221,cube41_cluster0,True,1.0670367566683072,1.0033528033093924,0.01672319373317623
cube42_cluster0,8,221,cube31_cluster0,True,1.7253441839472365,1.3068982686125699,0.1098825016336443
cube42_cluster0,8,221,cube43_cluster0,True,0.7090815280773318,0.37919984807665413,0.08662582884240372
cube42_cluster0,8,221,cube33_cluster0,True,1.2578599782877484,1.159046252759235,0.02594815472897945
cube42_cluster0,8,221,cube31_cluster0,True,2.1016078352338647,1.5611853797763307,0.14191313421515167
cube42_cluster0,8,221,cube50_cluster0,True,1.8873540958917552,1.3138729636631863,0.15059423246746484
cube42_cluster0,8,221,cube43_cluster0,True,0.9775456615783051,0.4735686623404524,0.13234267897628255
cube42_cluster0,8,221,cube41_cluster0,True,1.26309106018564,0.969349280630725,0.07713561153057931
cube42_cluster0,8,221,cube31_cluster0,True,1.2515646005496783,0.6628888931467126,0.1545842772265058
cube42_cluster0,8,221,cube43_cluster0,True,1.8530289926485515,1.6409515988853622,0.05569081621457532
cube42_cluster0,8,221,cube43_cluster0,True,1.2759090389263705,1.132005712267001,0.03778853358883537
cube42_cluster0,8,221,cube43_cluster0,True,1.20277246554788,0.8085290787313463,0.10352699837271488
cube42_cluster0,8,221,cube43_cluster0,True,1.405223386145675,0.9566572913136164,0.11779196030330487
cube42_cluster0,8,221,cube32_cluster0,True,0.6452421972569113,0.46251426125326905,0.047983746502517806
cube42_cluster0,8,221,cube41_cluster0,True,1.3809058114744426,0.6897022498434979,0.18150774976342746
cube42_cluster0,8,221,cube41_cluster0,True,1.3647438452437062,1.2258372918312264,0.03647639760102157
cube43_cluster0,9,136,cube52_cluster0,True,1.62971544197185,1.5228503846231622,0.028062407609607383
cube43_cluster0,9,136,cube42_cluster0,True,1.384560584370368,1.2724880942953107,0.029429862074074453
cube43_cluster0,9,136,cube52_cluster0,True,1.5452908989552976,1.4019947037321376,0.03762910289878365
cube43_cluster0,9,136,cube52_cluster0,True,1.0263838153782487,1.0145789230100761,0.003099925360469299
cube43_cluster0,9,136,cube33_cluster0,True,1.245019591128127,1.1413846657956574,0.027214185716306988
cube43_cluster0,9,136,cube42_cluster0,True,1.0697907263828332,0.8906416438027726,0.047043951530809786
cube43_cluster0,9,136,cube33_cluster0,True,1.210202534883124,1.172531121687197,0.009892387451631568
cube43_cluster0,9,136,cube33_cluster0,True,0.9904475951358375,0.8351591601099644,0.04077822507066284
cube43_cluster0,9,136,cube32_cluster0,True,1.1294142319950344,0.9965950395118741,0.034877876925474866
cube43_cluster0,9,136,cube33_cluster0,True,0.7916223488160701,0.7228127009968807,0.018069184001606075
cube43_cluster0,9,136,cube52_cluster0,True,0.8163995132276147,0.6937992627998764,0.03219441682717051
cube43_cluster0,9,136,cube51_cluster0,True,1.5860730379726702,1.4808507740559627,0.027631015533933902
cube43_cluster0,9,136,cube32_cluster0,True,1.219576198081271,1.0532148772155763,0.043685927958406985
cube43_cluster0,9,136,cube32_cluster0,True,1.0419698553070347,0.8666932267009906,0.04602705803386701
cube43_cluster0,9,136,cube33_cluster0,True,0.8600933815665317,0.8439416216977866,0.004241398267071516
cube43_cluster0,9,136,cube51_cluster0,True,1.504075987320322,1.3164520337273908,0.04926942439071779
cube43_cluster0,9,136,cube44_cluster0,True,1.5250701271361888,0.9624935827710321,0.1477307240669651
cube43_cluster0,9,136,cube33_cluster0,True,0.8930964619704729,0.7993603487722242,0.024614790667511426
cube43_cluster0,9,136,cube33_cluster1,True,1.3693326543084843,0.9090343756896223,0.12087279263282726
cube43_cluster0,9,136,cube51_cluster0,True,1.2423489157540997,0.8566079196505256,0.10129429893135586
cube43_cluster0,9,136,cube52_cluster0,True,1.3050228224971547,1.1416232795784003,0.04290817494859959
cube43_cluster0,9,136,cube51_cluster0,True,1.6860236207443833,1.2686083371533212,0.10961186117546287
cube43_cluster0,9,136,cube52_cluster0,True,1.0307141405127505,1.0135289493259012,0.004512773884178501
cube43_cluster0,9,136,cube52_cluster0,True,0.7995056773887715,0.7019486133560887,0.025618159611789416
cube43_cluster0,9,136,cube42_cluster0,True,0.722406305161836,0.5466634358113798,0.04614949129819596
cube43_cluster0,9,136,cube51_cluster0,True,2.3920280212882146,1.908406347217782,0.12699743848284023
cube43_cluster0,9,136,cube42_cluster0,True,1.1504887939548525,1.094609840431168,0.014673626810150189
cube43_cluster0,9,136,cube42_cluster0,True,1.2238418578352588,1.0263439341479095,0.0518622960027222
cube43_cluster0,9,136,cube33_cluster0,True,0.9049454629877508,0.770991225782651,0.03517593588349582
cube43_cluster0,9,136,cube44_cluster0,True,1.2897728842381562,1.2819722185992706,0.002048428777522702
cube43_cluster0,9,136,cube32_cluster0,True,1.9061033028693668,1.7894109704528773,0.030643017263374334
cube43_cluster0,9,136,cube42_cluster0,True,1.4821419429901033,1.4630732887613485,0.00500736499666092
cube43_cluster0,9,136,cube42_cluster0,True,0.919278873845346,0.5186499945107934,0.10520380740903122
cube43_cluster0,9,136,cube32_cluster0,True,1.6115759037068131,1.2901556108508454,0.08440389680129899
cube43_cluster0,9,136,cube33_cluster0,True,1.2272441183704723,1.0218389806742785,0.05393870402680228
cube43_cluster0,9,136,cube32_cluster0,True,1.2149464926096523,0.9085800728834421,0.0804507999298663
cube43_cluster0,9,136,cube42_cluster0,True,0.882295428618161,0.6665315637620292,0.056658871227297035
cube43_cluster0,9,136,cube44_cluster0,True,1.604130393855345,0.7529901228816638,0.22350659616530316
cube43_cluster0,9,136,cube42_cluster0,True,1.2796952416798086,1.1030108390050573,0.046396734808655964
cube43_cluster0,9,136,cube52_cluster0,True,0.8447557258548419,0.7232160178909761,0.03191592191361443
cube43_cluster0,9,136,cube33_cluster1,True,1.6497196577872493,1.3552812133397791,0.07731855340762707
cube43_cluster0,9,136,cube33_cluster1,True,2.103735836694302,1.7172387014992467,0.1014928585346645
cube43_cluster0,9,136,cube44_cluster0,True,1.0935222508274072,1.0274389665930634,0.017353250018056217
cube43_cluster0,9,136,cube51_cluster0,True,1.2662445502735085,0.818154323612679,0.11766699890880619
cube43_cluster0,9,136,cube33_cluster1,True,1.4917882220728182,1.2941177780900839,0.05190759925684603
cube43_cluster0,9,136,cube53_cluster0,True,1.6132544834767746,1.0305988517096665,0.15300342544459097
cube43_cluster0,9,136,cube42_cluster0,True,0.6887727023229945,0.47989781464289016,0.05484984879916898
cube43_cluster0,9,136,cube32_cluster0,True,0.8740985800224078,0.7155162566216351,0.04164318917109258
cube43_cluster0,9,136,cube42_cluster0,True,1.2733749204599747,1.2439346476078839,0.0077309174524443
cube43_cluster0,9,136,cube33_cluster0,True,1.5120254370142707,1.4914545652655058,0.005401842306744309
cube43_cluster0,9,136,cube33_cluster1,True,1.7824503733840358,1.539070358023954,0.06391078023550965
cube43_cluster0,9,136,cube44_cluster0,True,1.6887609940682355,0.6741146710199869,0.26644274006295615
cube43_cluster0,9,136,cube52_cluster0,True,1.3241756803185927,1.219919460038493,0.02737733569721512
cube43_cluster0,9,136,cube52_cluster0,True,1.4568073444122511,1.422018308020033,0.009135484917192876
cube43_cluster0,9,136,cube42_cluster0,True,1.4792307995755047,1.3833081100100593,0.025188978328175828
cube43_cluster0,9,136,cube42_cluster0,True,1.4629308792165163,1.4233172761810713,0.01040240002528281
cube43_cluster0,9,136,cube52_cluster0,True,1.4501491830854705,1.3922776840378348,0.015196862618571356
cube43_cluster0,9,136,cube42_cluster0,True,1.9055411985447748,1.5899172030708912,0.08288180844240901
cube43_cluster0,9,136,cube52_cluster0,True,1.0317971140935978,1.0302987605390082,0.0003934626456522824
cube43_cluster0,9,136,cube33_cluster1,True,1.30033235408723,1.071680019742527,0.06004334032529369
cube43_cluster0,9,136,cube52_cluster0,True,1.0049783692430792,0.8970502305576229,0.028341569222717484
cube43_cluster0,9,136,cube42_cluster0,True,1.347446628886911,1.2284586271187932,0.031245852377869008
cube43_cluster0,9,136,cube44_cluster0,True,1.375870452216241,0.4255231408967169,0.24955803405340526
cube43_cluster0,9,136,cube42_cluster0,True,1.2255989945203574,1.1072466692947025,0.031078925838127828
cube43_cluster0,9,136,cube33_cluster1,True,1.8056373602678946,0.530973577142752,0.33472245778662996
cube47_cluster0,2,8,cube48_cluster0,True,0.6072927414705919,0.4446297169041524,0.04271476768595076
cube47_cluster0,2,8,cube48_cluster0,True,0.8005513012912395,0.5300918846811018,0.07102174067998568
cube47_cluster0,2,8,cube56_cluster0,True,0.7397458609179743,0.7157915239522892,0.006290328987103632
cube47_cluster0,2,8,cube56_cluster0,True,0.6644178941954295,0.4026796169686043,0.06873159856743179
cube47_cluster1,0,8,cube46_cluster0,False,1.1858930757312665,1.0499195356966051,0.03570619807112085
cube48_cluster0,2,4,cube56_cluster0,True,0.6314292200845335,0.4026796169686043,0.06006888278017607
cube50_cluster0,5,37,cube51_cluster0,True,1.3181001832715238,1.293311813407532,0.006509343244268463
cube50_cluster0,5,37,cube41_cluster0,True,1.5547453445163724,1.4661028742855482,0.023277217014195713
cube50_cluster0,5,37,cube42_cluster0,True,1.2914472037040452,1.1563138448966563,0.03548556928327741
cube50_cluster0,5,37,cube41_cluster0,True,1.3022008816300856,1.2607358354394687,0.01088858282231184
cube50_cluster0,5,37,cube41_cluster0,True,1.3871880198621533,1.169367872136767,0.057198844249997875
cube50_cluster0,5,37,cube41_cluster0,True,0.6758002874254053,0.5419332208222635,0.035153045174180636
cube50_cluster0,5,37,cube51_cluster0,True,1.4625897674486654,1.3754929820542166,0.022871325331820777
cube50_cluster0,5,37,cube41_cluster0,True,1.3571413739849765,1.2519852123112385,0.02761365730541522
cube50_cluster0,5,37,cube41_cluster0,True,0.9461100589745509,0.9325959233071947,0.0035487669496257626
cube50_cluster0,5,37,cube41_cluster0,True,1.1225704117103463,0.988181194539995,0.03529016017148804
cube50_cluster0,5,37,cube41_cluster0,True,1.1132925122998878,1.0577794491115684,0.014577545228516535
cube50_cluster0,5,37,cube41_cluster0,True,1.3887515950594143,1.3607899114251614,0.007342644855698733
cube50_cluster0,5,37,cube41_cluster0,True,1.1571625546829265,0.7649365645986111,0.10299723671989434
cube50_cluster0,5,37,cube66_cluster1,False,1.3728151070354726,1.3493965650004442,0.006149631025465965
cube50_cluster0,5,37,cube41_cluster0,True,0.9763254902509907,0.9567494558568532,0.00514060133571551
cube51_cluster0,8,242,cube52_cluster0,True,1.9826017379817142,1.7590533942311803,0.0587030494197095
cube51_cluster0,8,242,cube43_cluster0,True,1.281377333247673,1.1093620616601305,0.04517063655911851
cube51_cluster0,8,242,cube43_cluster0,True,1.7364345560572911,1.6406054984573515,0.02516439088634496
cube51_cluster0,8,242,cube50_cluster0,True,1.3533350322595858,0.6044328325248735,0.1966592196747196
cube51_cluster0,8,242,cube50_cluster0,True,0.8389508359722246,0.7751714598655254,0.016748251428460266
cube51_cluster0,8,242,cube52_cluster0,True,1.1962402868409545,1.0145789230100761,0.04770366820751904
cube51_cluster0,8,242,cube50_cluster0,True,2.0132203175788197,1.813705585033405,0.052391903281751036
cube51_cluster0,8,242,cube52_cluster0,True,1.3476967131143363,0.9034686701183049,0.11665280236080741
cube51_cluster0,8,242,cube50_cluster0,True,1.211990440333227,0.826272914151675,0.10128813580811714
cube51_cluster0,8,242,cube50_cluster0,True,1.4767456116666338,1.455565092859917,0.005561933590674639
cube51_cluster0,8,242,cube52_cluster0,True,1.3616443228200399,1.1313002751071788,0.060487578613034186
cube51_cluster0,8,242,cube43_cluster0,True,1.650063436895471,1.3658410821795457,0.07463584232005888
cube51_cluster0,8,242,cube52_cluster0,True,0.9955672649175168,0.7898614289647952,0.05401766638598249
cube51_cluster0,8,242,cube41_cluster0,True,1.5789017703580872,1.4661028742855482,0.029620613866073967
cube51_cluster0,8,242,cube50_cluster0,True,1.566752805801358,1.179029501419968,0.10181484647308842
cube51_cluster0,8,242,cube50_cluster0,True,1.761017186294577,1.0125027369363253,0.19655739771920877
cube51_cluster0,8,242,cube42_cluster0,True,1.220732269400662,1.1563138448966563,0.01691606340603646
cube51_cluster0,8,242,cube66_cluster1,False,2.2628178320534778,1.7959121684184056,0.12260786989904256
cube51_cluster0,8,242,cube52_cluster0,True,1.8949465141075412,1.5030742618495827,0.10290434634659139
cube51_cluster0,8,242,cube52_cluster0,True,2.3801784487861095,1.9543577296560568,0.1118191005115332
cube51_cluster0,8,242,cube52_cluster0,True,1.0644590807550773,0.7364894318354046,0.08612373585814295
cube51_cluster0,8,242,cube52_cluster0,True,1.1104191396510394,0.8894307834607775,0.05803080522526273
cube51_cluster0,8,242,cube42_cluster0,True,1.5023140760803912,1.4469249776781896,0.014544992489168596
cube51_cluster0,8,242,cube50_cluster0,True,2.0676363905008324,1.203538743322401,0.2269091599371289
cube51_cluster0,8,242,cube43_cluster0,True,1.090062582003772,0.6004656773806388,0.1285665140954995
cube51_cluster0,8,242,cube43_cluster0,True,1.347159911724843,0.9337260731870487,0.10856634698465026
cube51_cluster0,8,242,cube43_cluster0,True,1.0268634710611924,0.9300036838829168,0.025435057035600502
cube51_cluster0,8,242,cube59_cluster2,False,1.4875304420959523,1.3039561392816774,0.0482059996039195
cube51_cluster0,8,242,cube50_cluster0,True,1.0127496556539723,0.7482834815174367,0.0694479351969767
cube51_cluster0,8,242,cube52_cluster0,True,1.4819746405660146,0.9007204624319701,0.15263540839512013
cube51_cluster0,8,242,cube41_cluster0,True,1.5452220739542686,1.169367872136767,0.09869805972939831
cube51_cluster0,8,242,cube50_cluster0,True,1.3971286729001344,1.3812399578505836,0.004172323574941429
cube51_cluster0,8,242,cube41_cluster0,True,1.1176482621653483,0.5419332208222635,0.1511808495496961
cube51_cluster0,8,242,cube50_cluster0,True,1.1809041858350766,0.45362440783120744,0.1909812438501438
cube51_cluster0,8,242,cube52_cluster0,True,2.200303670891017,1.9173217340434234,0.07431011272526915
cube51_cluster0,8,242,cube52_cluster0,True,1.2160274412154013,0.6354444274855412,0.15245916286126124
cube51_cluster0,8,242,cube50_cluster0,True,1.94225866284781,1.6203192602994054,0.08454021327503398
cube51_cluster0,8,242,cube52_cluster0,True,1.461479931287361,1.0507769118083377,0.10784924300850894
cube51_cluster0,8,242,cube52_cluster0,True,2.2259406560898283,1.9085425215138037,0.08334769145296109
cube51_cluster0,8,242,cube42_cluster0,True,1.0698219534819857,0.9322208737929598,0.03613358455567167
cube51_cluster0,8,242,cube42_cluster0,True,1.058212922546516,0.9854707375651399,0.01910185514335385
cube51_cluster0,8,242,cube50_cluster0,True,1.5854730393534724,1.18159968481289,0.10605579577613418
cube51_cluster0,8,242,cube50_cluster0,True,0.8567292986645988,0.658881787103722,0.051954096612254405
cube51_cluster0,8,242,cube52_cluster0,True,1.2141860780623412,1.0591052546247441,0.040723706960073436
cube51_cluster0,8,242,cube41_cluster0,True,1.3940150604194692,0.988181194539995,0.10657061951440934
cube51_cluster0,8,242,cube42_cluster0,True,0.9635349976664851,0.8126539884839677,0.03962084974523908
cube51_cluster0,8,242,cube52_cluster0,True,0.906898494691328,0.5681247542901989,0.0889608542439484
cube51_cluster0,8,242,cube50_cluster0,True,0.9032349293670445,0.8798326976529058,0.006145347989603683
cube51_cluster0,8,242,cube52_cluster0,True,1.4781491815598635,1.272245749478951,0.05406955447016029
cube51_cluster0,8,242,cube52_cluster0,True,1.2348756544293287,1.1416232795784003,0.02448776259102234
cube51_cluster0,8,242,cube42_cluster0,True,1.3453126414422585,1.2544122812173049,0.023870131395424862
cube51_cluster0,8,242,cube50_cluster0,True,1.7367691487329975,1.6467538015650862,0.02363772991862116
cube51_cluster0,8,242,cube60_cluster0,True,1.697693908705973,1.3532333435632646,0.09045419545258958
cube51_cluster0,8,242,cube52_cluster0,True,1.5250334164863957,1.2734427523544574,0.06606686921624504
cube51_cluster0,8,242,cube52_cluster0,True,1.2858132449949935,1.2342647610094604,0.013536459953784061
cube51_cluster0,8,242,cube66_cluster1,False,1.6737975461566363,1.5624905523059602,0.02922884531887719
cube51_cluster0,8,242,cube50_cluster0,True,1.4616689354365884,1.1940645078991106,0.07027203007236824
cube51_cluster0,8,242,cube52_cluster0,True,2.840180510967684,2.4961446186026697,0.09034267779767012
cube51_cluster0,8,242,cube52_cluster0,True,1.1237603682170423,1.0135289493259012,0.028946402922101273
cube51_cluster0,8,242,cube52_cluster0,True,1.4463388713689058,1.1744423665086203,0.07139911526104296
cube51_cluster0,8,242,cube52_cluster0,True,2.420693906876927,1.953060433801766,0.12279899023038947
cube51_cluster0,8,242,cube52_cluster0,True,1.2536760721326154,0.8424054323742364,0.10799829820056098
cube51_cluster0,8,242,cube50_cluster0,True,2.1122939237820475,1.9472101313726204,0.04335045324700831
cube51_cluster0,8,242,cube42_cluster0,True,1.3375147460461667,1.2979723576356414,0.010383699302316432
cube51_cluster0,8,242,cube42_cluster0,True,1.8313360788317499,1.8305490714711758,0.00020666550781073086
cube51_cluster0,8,242,cube52_cluster0,True,1.2762236046579507,0.975256270248836,0.079033018134335
cube51_cluster0,8,242,cube52_cluster0,True,1.1592838525084235,1.1033652640020788,0.014684034824393602
cube51_cluster0,8,242,cube42_cluster0,True,0.7328717692868603,0.6180256524564094,0.030158207208563083
cube51_cluster0,8,242,cube42_cluster0,True,1.533692589220286,1.4837040590816573,0.013126821276838693
cube51_cluster0,8,242,cube42_cluster0,True,1.6956783627421723,1.4751285818475595,0.05791563681550041
cube51_cluster0,8,242,cube42_cluster0,True,1.5135690442244363,1.4630732887613485,0.01326001695518324
cube51_cluster0,8,242,cube42_cluster0,True,1.0086443649498689,0.9298557255576484,0.020689633903593362
cube51_cluster0,8,242,cube50_cluster0,True,2.2588131375732488,2.015450446633545,0.06390623090050433
cube51_cluster0,8,242,cube52_cluster0,True,1.5486215979035967,1.4607769154177024,0.02306772061341128
cube51_cluster0,8,242,cube42_cluster0,True,1.1880725974532702,1.098321777394691,0.023568265982045106
cube51_cluster0,8,242,cube52_cluster0,True,1.4638267054118694,1.2328146778822875,0.060662987884847405
cube51_cluster0,8,242,cube52_cluster0,True,1.6859177914442511,1.2306505319958259,0.11955166377971785
cube51_cluster0,8,242,cube43_cluster0,True,1.3086412384156936,0.8367331840548761,0.12392148101806667
cube51_cluster0,8,242,cube42_cluster0,True,1.5981503516773656,1.5910766827003453,0.0018575218790262173
cube51_cluster0,8,242,cube52_cluster0,True,1.3199711585535705,1.2999561890717366,0.005255864225669383
cube51_cluster0,8,242,cube52_cluster0,True,1.2165927582011156,0.9970713942173959,0.057645577965001395
cube51_cluster0,8,242,cube50_cluster0,True,1.3632554407941968,0.9846592090340556,0.09941810764624949
cube51_cluster0,8,242,cube50_cluster0,True,1.2989584631549835,1.0851592968105326,0.056142947951413856
cube51_cluster0,8,242,cube42_cluster0,True,1.3110322210491625,1.2064414970399968,0.027465175260725175
cube51_cluster0,8,242,cube50_cluster0,True,1.7839651822138438,1.7309666554629954,0.013917236347314328
cube51_cluster0,8,242,cube41_cluster0,True,1.4661514231938073,1.0577794491115684,0.10723711826255365
cube51_cluster0,8,242,cube43_cluster0,True,1.039842467758252,0.8285888071730358,0.05547450662961518
cube51_cluster0,8,242,cube50_cluster0,True,2.1753142477128207,1.3695429559277368,0.21159285355935445
cube51_cluster0,8,242,cube41_cluster0,True,1.539208393037517,1.3607899114251614,0.04685209815362202
cube51_cluster0,8,242,cube50_cluster0,True,1.401235929543172,1.3351735028522436,0.01734777289672604
cube51_cluster0,8,242,cube43_cluster0,True,1.3413015234882097,1.048123541882342,0.07698756006971684
cube51_cluster0,8,242,cube52_cluster0,True,1.13566256209506,1.0699789583269883,0.017248295260753957
cube51_cluster0,8,242,cube42_cluster0,True,0.850677592482804,0.6665315637620292,0.0483561329199652
cube51_cluster0,8,242,cube50_cluster0,True,1.818906779055185,1.5577601259250649,0.06857624005300894
cube51_cluster0,8,242,cube42_cluster0,True,0.9870622791169124,0.9534787756202819,0.008818915999886373
cube51_cluster0,8,242,cube42_cluster0,True,2.1765338984823113,2.138986385263592,0.00985985173088717
cube51_cluster0,8,242,cube52_cluster0,True,1.3761071393466608,1.050216865210764,0.08557769897571224
cube51_cluster0,8,242,cube42_cluster0,True,1.2407721724978114,1.1102153263941104,0.03428379231232244
cube51_cluster0,8,242,cube50_cluster0,True,1.3076529084447286,1.049927406522256,0.06767785715718691
cube51_cluster0,8,242,cube59_cluster0,True,1.2071167235389062,1.1500544929442933,0.014984351422135826
cube51_cluster0,8,242,cube50_cluster0,True,1.3060500798823518,1.2958977009420622,0.002665980846292944
cube51_cluster0,8,242,cube43_cluster0,True,1.5551299305262223,1.3358980176219473,0.05756956907700807
cube51_cluster0,8,242,cube50_cluster0,True,2.340288659619845,2.3277246327195606,0.0032992715564961416
cube51_cluster0,8,242,cube52_cluster0,True,1.7945299976748832,1.5208296487201518,0.0718727987034928
cube51_cluster0,8,242,cube41_cluster0,True,1.354748959803866,0.7649365645986111,0.15488276765194606
cube51_cluster0,8,242,cube50_cluster0,True,1.304030435014596,1.0291532548252282,0.07218183066036833
cube51_cluster0,8,242,cube42_cluster0,True,0.6120959829864208,0.47989781464289016,0.03471479805784434
cube51_cluster0,8,242,cube43_cluster0,True,1.1069838000398937,0.7054687326255502,0.10543651744288939
cube51_cluster0,8,242,cube52_cluster0,True,1.6758751451460714,1.559850935956793,0.03046757033244475
cube51_cluster0,8,242,cube50_cluster0,True,1.8397815166234357,1.2412124490804335,0.15718224059981378
cube51_cluster0,8,242,cube50_cluster0,True,0.8520796351620362,0.6639392665718438,0.04940503324648789
cube51_cluster0,8,242,cube52_cluster0,True,1.9340830831183087,1.9155367212162242,0.0048702127737919425
cube51_cluster0,8,242,cube52_cluster0,True,0.9091972370497305,0.9038215257763991,0.0014116438496033963
cube51_cluster0,8,242,cube43_cluster0,True,0.9973313826396701,0.6150778183413094,0.10037851097169305
cube51_cluster0,8,242,cube50_cluster0,True,1.4304313679051026,1.4272918822862923,0.0008244184516936144
cube51_cluster0,8,242,cube42_cluster0,True,0.9174537048608787,0.8354278833569005,0.021539707128466715
cube51_cluster0,8,242,cube50_cluster0,True,1.0859876111607818,0.7700472847051645,0.08296487590308511
cube51_cluster0,8,242,cube50_cluster0,True,1.3880189876173183,0.4655628113766317,0.24223391501304273
cube51_cluster0,8,242,cube42_cluster0,True,1.7658573052321387,1.6151947712342887,0.039563478890473014
cube51_cluster0,8,242,cube42_cluster0,True,1.126681225589117,0.9569020688833013,0.04458344024977505
cube51_cluster0,8,242,cube50_cluster0,True,1.0183207238591059,0.8703472318845376,0.03885734542450318
cube51_cluster0,8,242,cube52_cluster0,True,1.7934101944316265,1.4865562920747322,0.08057881124267763
cube51_cluster0,8,242,cube52_cluster0,True,0.9348617771253573,0.8970502305576229,0.009929186007651023
cube51_cluster0,8,242,cube43_cluster0,True,1.2407483104165067,1.0146024281222534,0.059385154377157634
cube51_cluster0,8,242,cube50_cluster0,True,1.6526182982606836,1.454854236133346,0.05193218306935397
cube51_cluster0,8,242,cube59_cluster2,False,1.446385039257308,1.4165913804303805,0.00782371543071171
cube51_cluster0,8,242,cube43_cluster0,True,1.050635940536638,0.4735686623404524,0.151535942436912
cube51_cluster0,8,242,cube52_cluster0,True,1.431915592796644,1.2736221713932367,0.041567324470221795
cube51_cluster0,8,242,cube52_cluster0,True,1.1754838635021256,1.0259733415365315,0.039260964373357715
cube51_cluster0,8,242,cube52_cluster0,True,1.3097030220294714,0.8430897203788452,0.12253109661710526
cube51_cluster0,8,242,cube66_cluster1,False,1.5603511204571545,1.3493965650004442,0.0553959626205396
cube51_cluster0,8,242,cube42_cluster0,True,0.9855934896456088,0.8800542470869624,0.027714253068019553
cube51_cluster0,8,242,cube50_cluster0,True,1.760364598306757,0.9489079191949292,0.21308581730765438
cube51_cluster0,8,242,cube43_cluster0,True,1.4017610233055031,1.132005712267001,0.07083684490542988
cube51_cluster0,8,242,cube50_cluster0,True,1.520549948621479,0.8854314042082333,0.16678001131455794
cube51_cluster0,8,242,cube52_cluster0,True,1.2703514936159659,0.7248503296592289,0.14324678612692657
cube51_cluster0,8,242,cube50_cluster0,True,1.9847594464631126,1.8700403019657028,0.03012486469742481
cube51_cluster0,8,242,cube52_cluster0,True,1.094674412361085,0.4847242075442103,0.16017088928596196
cube51_cluster0,8,242,cube43_cluster0,True,1.2070107287663108,0.6995886424853539,0.13324734734265714
cube51_cluster0,8,242,cube43_cluster0,True,1.4567281249526223,0.9566572913136164,0.131316932919105
cube51_cluster0,8,242,cube41_cluster0,True,1.3344150418726848,0.9567494558568532,0.09917372317797797
cube51_cluster0,8,242,cube50_cluster0,True,1.7916087969510912,1.1530364583959767,0.16768696613602546
cube51_cluster0,8,242,cube50_cluster0,True,0.9496117539454937,0.8332744742590884,0.030549781600738454
cube51_cluster0,8,242,cube42_cluster0,True,0.7451316473229065,0.7240320304629233,0.005540689009312199
cube51_cluster0,8,242,cube52_cluster0,True,0.7113899698256995,0.6912749950309919,0.005282125287260645
cube51_cluster0,8,242,cube42_cluster0,True,1.2077274728138312,1.1094416665506788,0.025809524890779024
cube52_cluster0,8,159,cube51_cluster0,True,2.037419861708369,1.9246879486019068,0.029603024362604966
cube52_cluster0,8,159,cube43_cluster0,True,1.2021483821391101,1.1685680465739532,0.008818084111648125
cube52_cluster0,8,159,cube43_cluster0,True,1.6407406945293868,1.6406054984573515,3.5502037567738186e-05
cube52_cluster0,8,159,cube51_cluster0,True,1.242952562310581,1.2130568314801393,0.00785051919837166
cube52_cluster0,8,159,cube51_cluster0,True,1.9810972043102204,1.6284062740684109,0.09261546187509526
cube52_cluster0,8,159,cube51_cluster0,True,1.5378369338609852,1.183598777365488,0.09302175832851503
cube52_cluster0,8,159,cube44_cluster0,True,1.419001598386262,0.6598545219661328,0.19934949012035524
cube52_cluster0,8,159,cube43_cluster0,True,1.4072082219327149,1.3658410821795457,0.010862872918406584
cube52_cluster0,8,159,cube51_cluster0,True,1.183522533451,1.1354638060240025,0.012620061521653044
cube52_cluster0,8,159,cube44_cluster0,True,1.4160047517539402,1.3114241242448164,0.02746252395349124
cube52_cluster0,8,159,cube51_cluster0,True,1.6272728456942152,1.4808507740559627,0.03844994761897471
cube52_cluster0,8,159,cube51_cluster0,True,2.1234457471586436,1.8662940813721214,0.06752716970192621
cube52_cluster0,8,159,cube51_cluster0,True,1.2130818685808642,1.180525687558724,0.008549144544736266
cube52_cluster0,8,159,cube44_cluster0,True,1.3383312796344082,1.090664259392693,0.06503653341805125
cube52_cluster0,8,159,cube43_cluster0,True,0.7145793757347728,0.6004656773806388,0.02996587655967615
cube52_cluster0,8,159,cube51_cluster0,True,1.5207910999068606,1.214434853849515,0.08044812835835687
cube52_cluster0,8,159,cube43_cluster0,True,0.9342621732442067,0.9337260731870487,0.0001407780868391206
cube52_cluster0,8,159,cube43_cluster0,True,1.025891382573455,0.9300036838829168,0.025179789841137834
cube52_cluster0,8,159,cube51_cluster0,True,1.5148556828630482,1.3164520337273908,0.052100136484385745
cube52_cluster0,8,159,cube51_cluster0,True,2.1294909658600014,1.8953215194083626,0.06149211556215675
cube52_cluster0,8,159,cube44_cluster0,True,1.6284236458381558,0.9624935827710321,0.17487101334073857
cube52_cluster0,8,159,cube51_cluster0,True,0.6081085361342367,0.5309303434309047,0.02026673597476267
cube52_cluster0,8,159,cube51_cluster0,True,1.6100739635605699,1.3139494241794847,0.07776131631319698
cube52_cluster0,8,159,cube51_cluster0,True,1.175846120574561,1.1742098862797135,0.0004296696681405253
cube52_cluster0,8,159,cube51_cluster0,True,1.1382183289730397,0.8566079196505256,0.07394995417193594
cube52_cluster0,8,159,cube53_cluster0,True,1.7458395764764043,0.6277694694650866,0.2936014807599241
cube52_cluster0,8,159,cube51_cluster0,True,0.8247660580506726,0.6440241038253306,0.04746223431181107
cube52_cluster0,8,159,cube51_cluster0,True,1.6143546800009374,1.2686083371533212,0.09079183638916566
cube52_cluster0,8,159,cube44_cluster0,True,1.6818060723887633,1.5569192822171354,0.03279485453712496
cube52_cluster0,8,159,cube51_cluster0,True,1.3371755565499632,1.0488869377709276,0.07570362969994093
cube52_cluster0,8,159,cube61_cluster1,False,1.7273713741311894,1.6527613365236813,0.019592347012722926
cube52_cluster0,8,159,cube44_cluster0,True,1.3510384844483978,1.2819722185992706,0.018136571040314083
cube52_cluster0,8,159,cube42_cluster0,True,1.5772559974372558,1.4630732887613485,0.02998399843998876
cube52_cluster0,8,159,cube44_cluster0,True,1.9175174083704758,1.4938980909060302,0.11124101977695626
cube52_cluster0,8,159,cube61_cluster1,False,1.8710358616529197,1.3884030463570125,0.12673776746700458
cube52_cluster0,8,159,cube61_cluster0,True,1.636414379274603,1.4960830141502517,0.03685054840407613
cube52_cluster0,8,159,cube43_cluster0,True,0.7982825057338416,0.754857652203412,0.011403221692776983
cube52_cluster0,8,159,cube43_cluster0,True,0.9466162006963385,0.8367331840548761,0.02885491365343709
cube52_cluster0,8,159,cube51_cluster0,True,0.8384690608620688,0.5877287344615036,0.06584357336430195
cube52_cluster0,8,159,cube53_cluster0,True,1.1981181696659369,0.783100811485893,0.1089821739608492
cube52_cluster0,8,159,cube43_cluster0,True,0.9524171354118643,0.8285888071730358,0.03251690596408902
cube52_cluster0,8,159,cube43_cluster0,True,1.2808888089989139,1.048123541882342,0.061123382752431454
cube52_cluster0,8,159,cube42_cluster0,True,1.0692428917672825,0.6665315637620292,0.10575065148391541
cube52_cluster0,8,159,cube44_cluster0,True,2.163846289451832,1.9901713452671757,0.0456064610472554
cube52_cluster0,8,159,cube51_cluster0,True,1.2282732020103466,1.1729277169725745,0.014533539765142508
cube52_cluster0,8,159,cube44_cluster0,True,1.5366992562339716,0.7529901228816638,0.2057994043436001
cube52_cluster0,8,159,cube61_cluster1,False,1.5531640822681603,1.348773532995021,0.05367227649108453
cube52_cluster0,8,159,cube50_cluster0,False,2.710416391148719,2.3277246327195606,0.10049357928883679
cube52_cluster0,8,159,cube51_cluster0,True,1.230004930552452,0.818154323612679,0.10815059564790495
cube52_cluster0,8,159,cube33_cluster1,False,1.511624336093539,1.2941177780900839,0.057116496635002456
cube52_cluster0,8,159,cube51_cluster0,True,1.2283735877827686,1.1455395118016443,0.02175195205821918
cube52_cluster0,8,159,cube53_cluster0,True,1.532539516477773,1.0305988517096665,0.13180794433675436
cube52_cluster0,8,159,cube43_cluster0,True,1.2393263848251201,1.2064782228494315,0.008625817769230808
cube52_cluster0,8,159,cube42_cluster0,True,0.8143752355951737,0.47989781464289016,0.0878326550871258
cube52_cluster0,8,159,cube43_cluster0,True,0.7933118334499631,0.7054687326255502,0.023067305274381937
cube52_cluster0,8,159,cube43_cluster0,True,2.008014198614196,1.9784626281061164,0.007760143845671774
cube52_cluster0,8,159,cube51_cluster0,True,1.600354053656536,1.527821712000718,0.01904675098599814
cube52_cluster0,8,159,cube51_cluster0,True,1.5874327450598251,1.5343246201680474,0.013946016453555978
cube52_cluster0,8,159,cube61_cluster0,True,1.4565293920652027,1.4384749065188247,0.004741047683445107
cube52_cluster0,8,159,cube44_cluster0,True,1.7067952245692193,1.1195336536457736,0.15421292970385936
cube52_cluster0,8,159,cube43_cluster0,True,0.7005648083574787,0.6150778183413094,0.022448598434983556
cube52_cluster0,8,159,cube53_cluster0,True,1.2367716157130373,1.1680865753650034,0.01803646249531091
cube52_cluster0,8,159,cube51_cluster0,True,1.6905296062669648,1.2856021935412947,0.10633258793970979
cube52_cluster0,8,159,cube51_cluster0,True,1.1527622673661588,1.0081314047695598,0.03797958209924377
cube52_cluster0,8,159,cube61_cluster1,False,1.6450351484844856,1.5117491252612605,0.03500046512069427
cube52_cluster0,8,159,cube51_cluster0,True,1.2319821737564551,1.1203981466423483,0.029301593329805094
cube52_cluster0,8,159,cube51_cluster0,True,1.449347477675466,1.0715357802820242,0.09921209153838151
cube52_cluster0,8,159,cube61_cluster1,False,1.6422460866499689,1.4535208431624875,0.04955861944365609
cube52_cluster0,8,159,cube51_cluster0,True,2.508139133648839,2.13043539058343,0.09918374309192357
cube52_cluster0,8,159,cube51_cluster0,True,1.4222891961353552,1.3034692368776422,0.031201724975145294
cube52_cluster0,8,159,cube43_cluster0,True,1.1706318848335897,1.0146024281222534,0.040972814893575446
cube52_cluster0,8,159,cube51_cluster0,True,1.9348636049179004,1.4983491628554322,0.11462723648449663
cube52_cluster0,8,159,cube44_cluster0,True,1.4384116471076003,0.4255231408967169,0.2659811432246911
cube52_cluster0,8,159,cube62_cluster1,True,1.7434782368420096,0.6972540352397864,0.27473498564269616
cube52_cluster0,8,159,cube43_cluster0,True,0.5658493865195214,0.4735686623404524,0.024232610365548874
cube52_cluster0,8,159,cube51_cluster0,True,1.475765052687451,1.3144822910205816,0.04235231525241331
cube52_cluster0,8,159,cube51_cluster0,True,1.4587169677657645,1.2633308832064511,0.051307734091774145
cube52_cluster0,8,159,cube61_cluster1,False,2.357894889943511,1.784134771672704,0.15066749327159396
cube52_cluster0,8,159,cube51_cluster0,True,3.085352475046575,2.9114878666664037,0.04565626623236948
cube52_cluster0,8,159,cube51_cluster0,True,1.422717759763224,1.2247462307198742,0.05198666318948944
cube52_cluster0,8,159,cube51_cluster0,True,1.0278926494502418,0.7574856941418796,0.07100796451712497
cube52_cluster0,8,159,cube51_cluster0,True,0.9702365194460207,0.7835128697243237,0.04903300759711011
cube52_cluster0,8,159,cube43_cluster0,True,1.2227230666869435,1.132005712267001,0.023822074681447803
cube52_cluster0,8,159,cube43_cluster0,True,0.7026095117617943,0.6995886424853539,0.0007932701958340491
cube52_cluster0,8,159,cube43_cluster0,True,0.9922985208176694,0.9566572913136164,0.009359267985856576
cube52_cluster0,8,159,cube53_cluster0,True,1.986469021786325,0.8533481851574233,0.29755375215554525
cube52_cluster0,8,159,cube53_cluster0,True,1.8617693227212497,0.6480521312884295,0.318718086096586
cube52_cluster0,8,159,cube53_cluster0,True,1.4962172216638034,1.2429629165282572,0.06650373579469052
cube53_cluster0,5,8,cube44_cluster0,True,0.9119351421517147,0.6598545219661328,0.06619553004167535
cube53_cluster0,5,8,cube44_cluster0,True,1.173227384604733,0.7529901228816638,0.11035290322017342
cube53_cluster0,5,8,cube44_cluster0,True,0.7326224824506266,0.4255231408967169,0.08064326275714737
cube53_cluster0,5,8,cube62_cluster1,True,1.0323696705727832,0.6972540352397864,0.08800024805472655
cube56_cluster0,2,6,cube48_cluster0,True,0.5795207078563299,0.5300918846811018,0.012979844095161492
cube56_cluster0,2,6,cube48_cluster0,True,1.1737584703896449,1.0404622752356925,0.035003136235774605
cube56_cluster0,2,6,cube47_cluster0,True,0.7137745662010726,0.5865829831890109,0.033400085449348395
cube59_cluster0,5,234,cube59_cluster1,False,2.4156015551023446,1.355480074611597,0.2783843647242201
cube59_cluster0,5,234,cube50_cluster0,True,1.6383050368151681,1.3652893534135875,0.07169300781294863
cube59_cluster0,5,234,cube66_cluster0,True,2.163415693012063,1.3480571774074572,0.214110426556018
cube59_cluster0,5,234,cube66_cluster0,True,1.620217564727484,1.231745473711926,0.10201147534563078
cube59_cluster0,5,234,cube67_cluster0,True,1.197283368534199,1.0492733758383264,0.038866930392168944
cube59_cluster0,5,234,cube50_cluster0,True,1.4468340618914697,1.1275694261833764,0.08383782842449707
cube59_cluster0,5,234,cube66_cluster0,True,1.9705844397173837,1.1576342246117444,0.2134780148779154
cube59_cluster0,5,234,cube66_cluster0,True,2.166423641661381,1.6407451027181503,0.13804143091707183
cube59_cluster0,5,234,cube50_cluster0,True,1.3627603683150697,1.353595292806619,0.0024067182582589155
cube59_cluster0,5,234,cube50_cluster0,True,1.7462093215484131,1.3079569390162156,0.11508361385491851
cube59_cluster0,5,234,cube66_cluster0,True,1.7248176650775577,0.8755619070142081,0.2230117293608739
cube59_cluster0,5,234,cube50_cluster0,True,1.8177235039490736,1.5424386907663787,0.07228887372474947
cube59_cluster0,5,234,cube67_cluster0,True,1.3407003655892973,1.3181780396638925,0.005914287664422412
cube59_cluster0,5,234,cube66_cluster0,True,1.12337816004095,0.8214713465301143,0.07927972221279891
cube59_cluster0,5,234,cube50_cluster0,True,1.7305548454648152,1.3573046116476002,0.09801426641810121
cube59_cluster0,5,234,cube66_cluster0,True,2.450621427712024,1.8691700474658384,0.1526871930119975
cube59_cluster0,5,234,cube66_cluster0,True,1.8402517670586875,1.4048005486812383,0.11434803749121075
cube59_cluster0,5,234,cube50_cluster0,True,1.4903192175341367,1.4477340682424193,0.011182718160538454
cube59_cluster0,5,234,cube66_cluster0,True,2.471789112100297,2.3637237797994044,0.02837759580851946
cube59_cluster0,5,234,cube50_cluster0,True,2.4657176999951416,2.1315015013846788,0.0877640589714751
cube59_cluster0,5,234,cube50_cluster0,True,2.341786575361026,2.1537161717677282,0.0493866606716727
cube59_cluster0,5,234,cube66_cluster0,True,1.332202958697152,1.0670687050274303,0.06962337065400108
cube59_cluster0,5,234,cube66_cluster0,True,1.7145505158214576,1.1708710966190008,0.14276840203091218
cube59_cluster0,5,234,cube50_cluster0,True,1.8263495740048878,1.504191951144524,0.08459751720107701
cube59_cluster0,5,234,cube66_cluster0,True,1.5475151713595978,1.3375564936367466,0.055134448449394795
cube59_cluster0,5,234,cube66_cluster0,True,1.2927106001790725,1.0130827061555383,0.07342935226713625
cube59_cluster0,5,234,cube66_cluster0,True,1.1332537317321443,1.1103195128119738,0.006022449390972001
cube59_cluster0,5,234,cube50_cluster0,True,1.128860294051832,1.1008776321579774,0.007348153676696803
cube59_cluster0,5,234,cube66_cluster0,True,1.8918419005756089,1.5688991181109677,0.08480369749424747
cube59_cluster0,5,234,cube66_cluster0,True,2.2932255792730047,1.312638530384755,0.2574988882738101
cube59_cluster0,5,234,cube66_cluster0,True,2.1222646602758912,1.8288226883025633,0.07705688305966765
cube59_cluster0,5,234,cube60_cluster0,True,1.9323839142020927,1.8513180130580187,0.02128763524378603
cube59_cluster0,5,234,cube50_cluster0,True,2.261748150078005,1.7494387752069338,0.13453073302478963
cube59_cluster0,5,234,cube66_cluster1,False,1.586266554513314,1.3033996213953079,0.07427991312947639
cube59_cluster0,5,234,cube50_cluster0,True,2.6255572280119677,2.219811898157798,0.10654737024947776
cube59_cluster0,5,234,cube50_cluster0,True,1.6325462152927706,1.3557827393802961,0.0726771656254857
cube59_cluster0,5,234,cube66_cluster0,True,2.3161660442227854,1.6095604323985848,0.1855522767703845
cube59_cluster0,5,234,cube67_cluster0,True,1.2609626404449807,1.0827993959732318,0.04678507373184636
cube59_cluster0,5,234,cube66_cluster0,True,1.8373800460163552,1.3301565290704371,0.13319520369760723
cube59_cluster0,5,234,cube50_cluster0,True,1.5078584392312437,1.2685352405108288,0.06284547371751183
cube59_cluster0,5,234,cube66_cluster1,False,1.571179679396632,1.3102444545413063,0.06852071969327041
cube59_cluster0,5,234,cube66_cluster0,True,1.671401179763833,1.1898673545471763,0.1264491763378929
cube59_cluster0,5,234,cube66_cluster0,True,1.9495165639246455,1.2073472417248101,0.19489118849168477
cube59_cluster0,5,234,cube66_cluster0,True,1.5312933817566743,1.3426159786351477,0.04954605672312871
cube59_cluster0,5,234,cube66_cluster0,True,1.751638041742604,1.1018371789501422,0.17063553914782542
cube59_cluster0,5,234,cube59_cluster2,False,1.8589499127421194,1.6493187518204917,0.05504844362983117
cube59_cluster0,5,234,cube50_cluster0,True,1.5857082234151914,1.3293772172569671,0.06731166722085885
cube59_cluster0,5,234,cube50_cluster0,True,1.4105744553534962,1.2726322141712123,0.03622317242585145
cube59_cluster0,5,234,cube59_cluster2,False,2.2429315419519438,1.9844840600408422,0.06786744669402472
cube59_cluster0,5,234,cube50_cluster0,True,2.2227013944215326,1.7061950927335385,0.13563283200799509
cube59_cluster0,5,234,cube66_cluster0,True,1.1320823002187694,1.1016668681441897,0.00798699101161025
cube59_cluster0,5,234,cube50_cluster0,True,1.6381002984602242,1.3444478447264663,0.0771121548678912
cube59_cluster0,5,234,cube66_cluster0,True,2.487409940448741,1.4520038568162854,0.27189418394784576
cube59_cluster0,5,234,cube66_cluster0,True,2.156839688840594,1.3326294711019324,0.2164348540114229
cube59_cluster0,5,234,cube66_cluster0,True,2.248183760232927,1.3495755607942457,0.2359715158501553
cube59_cluster0,5,234,cube66_cluster0,True,2.1116455431537986,1.440307215184701,0.17629120566464035
cube59_cluster0,5,234,cube50_cluster0,True,2.239999520936466,1.8735240636576416,0.09623523269649853
cube59_cluster0,5,234,cube66_cluster0,True,2.0449383355504507,1.3071139000301395,0.19375023574208275
cube59_cluster0,5,234,cube50_cluster0,True,1.7781301430178766,1.6357676289410472,0.03738392134406609
cube59_cluster0,5,234,cube50_cluster0,True,1.864109959254235,1.18159968481289,0.1792249215440411
cube59_cluster0,5,234,cube50_cluster0,True,2.143344314449895,1.5252146009758278,0.1623188009764549
cube59_cluster0,5,234,cube50_cluster0,True,2.849216269072502,2.480233138374784,0.0968937393719139
cube59_cluster0,5,234,cube66_cluster1,False,1.4563570003332482,1.4434211249921134,0.0033969177167568515
cube59_cluster0,5,234,cube50_cluster0,True,2.0092293514248967,1.7195652928389817,0.07606481560542531
cube59_cluster0,5,234,cube66_cluster0,True,1.8455775233705995,1.1630233250513704,0.17923645580786468
cube59_cluster0,5,234,cube66_cluster0,True,1.680392275271156,1.4924777717892133,0.04934572182243829
cube59_cluster0,5,234,cube50_cluster0,True,2.268905873214388,1.8676452523105358,0.10536970063794492
cube59_cluster0,5,234,cube66_cluster0,True,2.3304663296471815,1.5215252373994055,0.21242523258793578
cube59_cluster0,5,234,cube66_cluster0,True,2.2775012303916196,1.7505743597500045,0.13836923865723666
cube59_cluster0,5,234,cube50_cluster0,True,1.9979241283942284,1.8380924196004549,0.04197127360794905
cube59_cluster0,5,234,cube66_cluster0,True,1.4364200766311068,0.9617918491054278,0.12463578941797693
cube59_cluster0,5,234,cube66_cluster0,True,2.302201323823537,1.3918982111276261,0.23904256106292812
cube59_cluster0,5,234,cube50_cluster0,True,1.6455572693638547,1.1940645078991106,0.11856049319910335
cube59_cluster0,5,234,cube66_cluster0,True,2.0553499807082067,1.2006276461895098,0.22444723410419234
cube59_cluster0,5,234,cube66_cluster1,False,2.326223798043289,1.3656415663259833,0.2522456900111172
cube59_cluster0,5,234,cube59_cluster2,False,1.7373261543717637,1.1320620625500435,0.15894033164404142
cube59_cluster0,5,234,cube66_cluster0,True,1.775655773603504,1.2928700487781506,0.12677792099940488
cube59_cluster0,5,234,cube66_cluster0,True,2.213179949534928,1.5488159588167276,0.1744597679655714
cube59_cluster0,5,234,cube66_cluster0,True,1.2986986785327834,1.1643908956460942,0.03526877580022376
cube59_cluster0,5,234,cube66_cluster0,True,1.2391421336713602,0.9460221075900959,0.07697234114226759
cube59_cluster0,5,234,cube66_cluster0,True,2.054917524511744,1.5433893125549067,0.13432560224909354
cube59_cluster0,5,234,cube66_cluster0,True,1.4628150718675037,1.107715956730687,0.09324784319598381
cube59_cluster0,5,234,cube66_cluster0,True,1.6586915457069737,1.5223784758068872,0.03579535748127404
cube59_cluster0,5,234,cube60_cluster0,True,1.6517312801342774,1.506023502905333,0.03826237628963115
cube59_cluster0,5,234,cube50_cluster0,True,1.6941061976529597,1.5489872120768144,0.038107761565530356
cube59_cluster0,5,234,cube50_cluster0,True,1.6710524663936857,1.6088741321660933,0.016327823171308334
cube59_cluster0,5,234,cube66_cluster0,True,2.3391567869261,1.6220419400924002,0.18831196683015256
cube59_cluster0,5,234,cube66_cluster0,True,1.6400847174612054,0.6251683144880017,0.2665136621503933
cube59_cluster0,5,234,cube66_cluster0,True,2.0327504938134795,1.4553944727247623,0.1516117653573842
cube59_cluster0,5,234,cube66_cluster0,True,1.6673561491808209,0.91175980212272,0.19841708043340284
cube59_cluster0,5,234,cube50_cluster0,True,1.8530317797545768,1.6904179105325146,0.04270185965647575
cube59_cluster0,5,234,cube50_cluster0,True,2.3488932958272972,1.8692603326583668,0.12595001630451663
cube59_cluster0,5,234,cube50_cluster0,True,1.8879552557996289,1.8413060908675345,0.012249915112110397
cube59_cluster0,5,234,cube66_cluster0,True,1.6410186479711766,1.4404664264720886,0.052664344420424156
cube59_cluster0,5,234,cube59_cluster2,False,1.5332590325385822,1.4400136824762386,0.02448591790497126
cube59_cluster0,5,234,cube66_cluster0,True,1.5238115276543518,0.8746137155437688,0.17047718005024953
cube59_cluster0,5,234,cube60_cluster0,True,1.2634213061921749,1.1637857447146513,0.026163966107942135
cube59_cluster0,5,234,cube66_cluster0,True,0.9259895818908773,0.8841198228608856,0.010994859064005299
cube59_cluster0,5,234,cube66_cluster0,True,1.0694453689654366,0.8900653335447163,0.04710459897642001
cube59_cluster0,5,234,cube66_cluster0,True,2.3984422247203465,1.515130284897533,0.23195476909595422
cube59_cluster0,5,234,cube66_cluster0,True,2.57531382140369,1.4916483932878444,0.2845669268393459
cube59_cluster0,5,234,cube66_cluster0,True,2.356317550516864,1.4357756335628749,0.2417312369093993
cube59_cluster0,5,234,cube66_cluster0,True,1.9238160816662357,1.2621563761150587,0.1737496317008988
cube59_cluster0,5,234,cube66_cluster0,True,1.2181438412032317,0.8370745524362071,0.1000675241673347
cube59_cluster0,5,234,cube60_cluster0,True,1.344167919879875,1.3402317387861193,0.0010336280260234124
cube59_cluster0,5,234,cube66_cluster0,True,1.4411559508247043,1.3519539106248581,0.023424158221606036
cube59_cluster0,5,234,cube50_cluster0,True,2.0169366044456436,1.4334578275841325,0.15321958060076718
cube59_cluster0,5,234,cube50_cluster0,True,2.1802076420208905,1.6367088819962112,0.14272096153341948
cube59_cluster0,5,234,cube50_cluster0,True,1.8432171563065678,1.7716791262193867,0.018785648084616715
cube59_cluster0,5,234,cube66_cluster0,True,1.1183787152819096,1.0425172678390588,0.019920963061385803
cube59_cluster0,5,234,cube66_cluster0,True,1.4778887187593128,0.7285349500696309,0.19677780017607893
cube59_cluster0,5,234,cube50_cluster0,True,2.5859297304045414,2.3086457999107113,0.07281383526256491
cube59_cluster0,5,234,cube66_cluster0,True,1.1522934636922146,1.0887958948885472,0.016674249770657002
cube59_cluster0,5,234,cube66_cluster0,True,1.9581610015818594,1.3378034712706282,0.16290381824697445
cube59_cluster0,5,234,cube66_cluster0,True,1.8905353193336272,0.8847767319665539,0.2641088503182682
cube59_cluster0,5,234,cube66_cluster0,True,1.3204399035312329,0.862266749017484,0.12031474213121099
cube59_cluster0,5,234,cube67_cluster0,True,1.6995065397842093,1.3868800611656862,0.08209467051445819
cube59_cluster0,5,234,cube50_cluster0,True,1.3273117644478971,1.1407162886734354,0.0489993495460924
cube59_cluster0,5,234,cube66_cluster0,True,1.8821631323225736,1.1978119068938136,0.17970834913281397
cube59_cluster0,5,234,cube59_cluster1,False,2.5757600128043747,1.193172322477162,0.3630629158359244
cube59_cluster0,5,234,cube66_cluster0,True,1.9968767355911718,1.6344320490354234,0.09517676574932087
cube59_cluster0,5,234,cube66_cluster1,False,1.2571132826638245,1.2360942117370657,0.005519537915909765
cube59_cluster0,5,234,cube50_cluster0,True,1.4624235726456405,1.2954747123476522,0.043840213853579835
cube59_cluster0,5,234,cube50_cluster0,True,2.5212460354413055,2.237945596512847,0.0743937503093354
cube59_cluster0,5,234,cube50_cluster0,True,2.2264002104884506,1.86528512324515,0.09482761740477247
cube59_cluster0,5,234,cube67_cluster0,True,0.9209217202932225,0.7951867750271565,0.033017577235889106
cube59_cluster0,5,234,cube59_cluster1,False,2.470024561673535,1.4352715558710942,0.2717226878880356
cube59_cluster0,5,234,cube66_cluster0,True,2.084704508232675,1.7746597415957859,0.08141672155942391
cube59_cluster0,5,234,cube66_cluster0,True,1.5631616953353036,1.1660072925277911,0.10429142146220413
cube59_cluster0,5,234,cube66_cluster0,True,2.692927833946929,1.7604722488039986,0.24485972643757892
cube59_cluster0,5,234,cube59_cluster1,False,1.7376224891720937,1.1467059931777615,0.15517270083641144
cube59_cluster0,5,234,cube66_cluster0,True,1.9122039451403583,1.1315520847175877,0.2049965746698878
cube59_cluster0,5,234,cube60_cluster0,True,1.025709277155598,1.0073442082862363,0.004822605828104847
cube59_cluster0,5,234,cube67_cluster0,True,1.610673898179637,1.3119907606048231,0.07843319566462371
cube59_cluster0,5,234,cube66_cluster1,False,1.5944384353132306,1.2179955964473472,0.09885263385489483
cube59_cluster0,5,234,cube66_cluster0,True,2.1711576764067324,1.6997502847264818,0.12379000866811841
cube59_cluster0,5,234,cube50_cluster0,True,2.391062286884713,2.1467878409551884,0.06414565471965748
cube59_cluster0,5,234,cube50_cluster0,True,1.8408519241777117,1.4654843138643165,0.09857028242345396
cube59_cluster0,5,234,cube66_cluster0,True,1.8612991964676062,0.8800237986705134,0.25767964640127317
cube59_cluster0,5,234,cube66_cluster0,True,1.3217432139705756,1.0274778574258958,0.07727310110169187
cube59_cluster0,5,234,cube66_cluster1,False,1.729223241024464,1.3493965650004442,0.09974121820577686
cube59_cluster0,5,234,cube66_cluster0,True,1.9142133204886957,1.8204174895579843,0.024630472344866657
cube59_cluster0,5,234,cube66_cluster1,False,1.5578666845549518,1.4658848728306728,0.024154116951948426
cube59_cluster0,5,234,cube50_cluster0,True,1.418892997956396,0.9489079191949292,0.12341651403979394
cube59_cluster0,5,234,cube66_cluster0,True,1.0765296363659795,0.6807661337263702,0.1039261757174832
cube59_cluster0,5,234,cube50_cluster0,True,1.5759575315642567,1.32789681013914,0.06513991803561568
cube59_cluster0,5,234,cube66_cluster0,True,1.7219063342940113,1.091170127740997,0.16562922400982122
cube59_cluster0,5,234,cube66_cluster0,True,1.8093074637306747,0.960478910266829,0.22289954685799215
cube59_cluster0,5,234,cube50_cluster0,True,1.9456491454479816,1.4818603060150088,0.1217894022597897
cube59_cluster0,5,234,cube50_cluster0,True,1.4920215468740725,1.4675818265730276,0.006417789031964995
cube59_cluster0,5,234,cube50_cluster0,True,2.7326496365218165,2.35920242897702,0.09806599106195502
cube59_cluster0,5,234,cube66_cluster0,True,1.4741068902193653,1.2123673050201194,0.0687319420366267
cube59_cluster0,5,234,cube50_cluster0,True,1.5721488501815857,1.1530364583959767,0.11005751612661857
cube59_cluster0,5,234,cube66_cluster0,True,1.499344274186668,0.7576398212071067,0.19476911538501973
cube59_cluster0,5,234,cube66_cluster0,True,1.6753771890128075,1.3277186578685558,0.09129397065772661
cube59_cluster0,5,234,cube66_cluster0,True,1.348598917689877,0.9435389974145623,0.10636738398026534
cube59_cluster0,5,234,cube66_cluster0,True,1.4179187786362302,1.3075828903395146,0.02897383623954572
cube59_cluster0,5,234,cube66_cluster0,True,1.687825725574911,0.9508172944080377,0.1935359557206659
cube59_cluster2,3,6,cube66_cluster1,True,0.6443936691522811,0.567672070433022,0.020146835917521897
cube59_cluster2,3,6,cube66_cluster1,True,0.658587374833878,0.5467415688978003,0.029370335575287048
cube60_cluster0,11,1088,cube67_cluster0,True,2.5212008068952634,1.9871717039837722,0.1402342611616935
cube60_cluster0,11,1088,cube67_cluster0,True,1.9666654352086421,1.6555710629049158,0.08169234450655838
cube60_cluster0,11,1088,cube59_cluster1,True,2.5414532813007624,1.355480074611597,0.3114326082434201
cube60_cluster0,11,1088,cube68_cluster0,True,1.8495767196038924,1.1869085927143523,0.17401443978074693
cube60_cluster0,11,1088,cube62_cluster3,False,2.6945645389192765,1.971896114480866,0.18977031778510012
cube60_cluster0,11,1088,cube61_cluster0,True,1.4535003739950134,1.0179883889753578,0.114363994608766
cube60_cluster0,11,1088,cube61_cluster0,True,1.656040719743604,1.562758107129366,0.0244957029268089
cube60_cluster0,11,1088,cube67_cluster0,True,2.4590853702252273,1.9667979404309164,0.1292730370311598
cube60_cluster0,11,1088,cube61_cluster0,True,1.8216693950444527,1.5150089612989548,0.08052800703064265
cube60_cluster0,11,1088,cube50_cluster0,True,1.825737285231435,1.3652893534135875,0.12091209106371018
cube60_cluster0,11,1088,cube59_cluster1,True,2.812498807125074,0.3115030796677577,0.6567531359178702
cube60_cluster0,11,1088,cube67_cluster0,True,1.328798360908066,1.2596248707850626,0.018164727776985645
cube60_cluster0,11,1088,cube66_cluster0,True,2.434410701592483,1.3480571774074572,0.28527281190092396
cube60_cluster0,11,1088,cube66_cluster0,True,1.883197104313962,1.231745473711926,0.17106902526845638
cube60_cluster0,11,1088,cube67_cluster0,True,1.3560874331812753,1.0492733758383264,0.08056834807491928
cube60_cluster0,11,1088,cube50_cluster0,True,1.3394324106060174,1.1275694261833764,0.055634513036913226
cube60_cluster0,11,1088,cube61_cluster0,True,1.1218826376708533,1.0220122283365065,0.02622563637180503
cube60_cluster0,11,1088,cube61_cluster0,True,0.8638908804885354,0.6639855521876988,0.052494472424286225
cube60_cluster0,11,1088,cube67_cluster0,True,2.126122205382885,1.7569759930843944,0.0969365640563155
cube60_cluster0,11,1088,cube67_cluster0,True,1.5409341552656166,1.527089990539396,0.0036354314796661867
cube60_cluster0,11,1088,cube68_cluster0,True,1.6404953595626295,1.3129246308090903,0.08601898075312107
cube60_cluster0,11,1088,cube68_cluster0,True,2.059720443182251,1.2304469143355885,0.21776446261962634
cube60_cluster0,11,1088,cube66_cluster0,True,2.3474742486374893,1.1576342246117444,0.312448021578173
cube60_cluster0,11,1088,cube67_cluster0,True,1.2769806746785122,1.1761286736919987,0.026483399065548894
cube60_cluster0,11,1088,cube61_cluster0,True,1.433662497579807,1.2783229579333124,0.04079164497357772
cube60_cluster0,11,1088,cube67_cluster0,True,1.8262100525104203,1.4542656756983845,0.0976713527242487
cube60_cluster0,11,1088,cube51_cluster0,True,1.487444775447526,1.2130568314801393,0.07205335886033157
cube60_cluster0,11,1088,cube61_cluster0,True,1.327643904110924,1.273478501733939,0.014223653994604967
cube60_cluster0,11,1088,cube67_cluster0,True,1.4143876151023613,1.2379878965654882,0.04632197770361775
cube60_cluster0,11,1088,cube67_cluster0,True,2.8456837306797027,2.407529397136041,0.11505786651757295
cube60_cluster0,11,1088,cube59_cluster0,True,1.5044172465561578,1.346415618679704,0.04149070046332591
cube60_cluster0,11,1088,cube66_cluster0,True,2.294335063500987,1.6407451027181503,0.1716305436414991
cube60_cluster0,11,1088,cube66_cluster1,True,1.6234873964087206,1.061525703735671,0.14756926606346576
cube60_cluster0,11,1088,cube59_cluster2,True,1.8879072639547945,1.5351389494252978,0.09263578273092533
cube60_cluster0,11,1088,cube61_cluster0,True,1.5220069686683162,1.3879609382877598,0.03520004046519307
cube60_cluster0,11,1088,cube59_cluster0,True,1.4305975183616726,1.1194063127061837,0.08171777262174199
cube60_cluster0,11,1088,cube59_cluster0,True,1.4564481863356507,1.1337613353667184,0.08473649073713803
cube60_cluster0,11,1088,cube67_cluster0,True,2.0528051628186215,1.4402840466519033,0.1608460020311137
cube60_cluster0,11,1088,cube52_cluster0,True,1.5439525953328745,1.202723675608029,0.08960557614506527
cube60_cluster0,11,1088,cube68_cluster0,True,1.6833867866206178,1.0339999567720415,0.1705268154777748
cube60_cluster0,11,1088,cube50_cluster0,True,1.6260128006827104,1.353595292806619,0.07153592891517944
cube60_cluster0,11,1088,cube67_cluster0,True,1.2596838878309427,1.0603589532512439,0.05234206296902827
cube60_cluster0,11,1088,cube61_cluster0,True,1.1179582687522538,1.0791402511651804,0.010193481940228772
cube60_cluster0,11,1088,cube61_cluster0,True,1.0215552557993544,0.9398147918284376,0.02146477319209952
cube60_cluster0,11,1088,cube59_cluster1,True,2.9456798502857273,1.6110270733899188,0.3504753674565305
cube60_cluster0,11,1088,cube67_cluster0,True,2.6279428408824947,1.9477780484827836,0.17860900578330202
cube60_cluster0,11,1088,cube67_cluster0,True,1.8675365645317088,1.6394682488729544,0.0598899789663675
cube60_cluster0,11,1088,cube66_cluster1,True,1.1173076449492048,1.0833429265709358,0.008919021756256145
cube60_cluster0,11,1088,cube67_cluster0,True,1.4045858802614237,1.2760046607006075,0.03376499937189576
cube60_cluster0,11,1088,cube50_cluster0,True,1.7490286937002675,1.452846427447613,0.07777647519712216
cube60_cluster0,11,1088,cube67_cluster0,True,1.560694336151664,1.3181780396638925,0.06368397054058952
cube60_cluster0,11,1088,cube67_cluster0,True,1.3755658143189644,1.2070808738521446,0.04424358338229431
cube60_cluster0,11,1088,cube50_cluster0,True,1.8086628930154576,1.3573046116476002,0.11852517917422145
cube60_cluster0,11,1088,cube66_cluster1,True,1.4326267587949357,1.2890194552228567,0.03771079891350279
cube60_cluster0,11,1088,cube50_cluster0,True,3.0460789578268352,2.973687981874964,0.019009628823669387
cube60_cluster0,11,1088,cube67_cluster0,True,2.7630900044162163,2.241102852492981,0.1370720849983033
cube60_cluster0,11,1088,cube62_cluster3,False,2.2757016317565326,1.679576684131418,0.15654042286177874
cube60_cluster0,11,1088,cube51_cluster0,True,1.4086331395775131,1.183598777365488,0.059093272911058085
cube60_cluster0,11,1088,cube67_cluster0,True,2.224218667929364,1.6520551082706114,0.15024824230541603
cube60_cluster0,11,1088,cube67_cluster0,True,2.239742326342777,1.682506075683569,0.14632838075242052
cube60_cluster0,11,1088,cube66_cluster0,True,2.482857773281491,1.8691700474658384,0.1611523498336782
cube60_cluster0,11,1088,cube61_cluster0,True,1.477880884927738,1.4261873392888094,0.013574552660110203
cube60_cluster0,11,1088,cube68_cluster0,True,2.0905072645489415,1.8611271261024462,0.06023445925482175
cube60_cluster0,11,1088,cube66_cluster0,True,1.998362061022145,1.4048005486812383,0.15586727330652633
cube60_cluster0,11,1088,cube59_cluster2,True,1.5275966869358446,1.2380901397008024,0.07602345365006784
cube60_cluster0,11,1088,cube59_cluster2,True,1.456225273319005,1.1827193639541598,0.07182173951574516
cube60_cluster0,11,1088,cube67_cluster0,True,2.0924969499685404,1.7521048613111736,0.08938582709800917
cube60_cluster0,11,1088,cube66_cluster1,True,1.4337941346000826,0.899429277667673,0.1403224290476736
cube60_cluster0,11,1088,cube67_cluster0,True,1.434326777312735,1.3604175304065111,0.01940832171206463
cube60_cluster0,11,1088,cube51_cluster0,True,1.9647155153123244,1.901657264287407,0.01655888638730892
cube60_cluster0,11,1088,cube66_cluster0,True,2.6903094915022656,2.3637237797994044,0.08576031856115363
cube60_cluster0,11,1088,cube50_cluster0,True,2.747901992513059,2.1315015013846788,0.16186471295632712
cube60_cluster0,11,1088,cube59_cluster0,True,1.8242366925761297,1.2425952658878952,0.15273709857377654
cube60_cluster0,11,1088,cube50_cluster0,True,2.10461090227989,1.8762192062948864,0.05997489756140015
cube60_cluster0,11,1088,cube61_cluster0,True,1.3566385516874566,1.171074034106636,0.048728623363220314
cube60_cluster0,11,1088,cube61_cluster0,True,1.2929849726891773,0.8416635622044449,0.11851549700329628
cube60_cluster0,11,1088,cube61_cluster0,True,1.222865334100227,1.178132528215182,0.01174668561840236
cube60_cluster0,11,1088,cube61_cluster0,True,1.0555745508819376,1.0142767261521273,0.010844671024473958
cube60_cluster0,11,1088,cube66_cluster1,True,1.6932981080275256,1.2972842255721972,0.103991924621945
cube60_cluster0,11,1088,cube66_cluster1,True,1.7801449197674113,1.0237309018926348,0.1986317980625074
cube60_cluster0,11,1088,cube66_cluster0,True,1.8137670442039222,1.0670687050274303,0.19608049324314408
cube60_cluster0,11,1088,cube59_cluster0,True,1.6384271943840587,1.4044717261154798,0.06143592560501298
cube60_cluster0,11,1088,cube59_cluster0,True,1.5079629449732883,1.0600725242879407,0.11761453052610077
cube60_cluster0,11,1088,cube50_cluster0,True,2.0181232818532884,1.504191951144524,0.13495665321770745
cube60_cluster0,11,1088,cube59_cluster0,True,1.9001596817018014,1.515695669266083,0.10095896727957701
cube60_cluster0,11,1088,cube66_cluster0,True,1.550199860442336,1.0130827061555383,0.14104517315260276
cube60_cluster0,11,1088,cube66_cluster0,True,1.4465563008197704,1.1103195128119738,0.08829465900750574
cube60_cluster0,11,1088,cube50_cluster0,True,1.2618422345374487,1.1008776321579774,0.04226876768476808
cube60_cluster0,11,1088,cube59_cluster1,True,2.1528367623974747,1.6195747825768894,0.1400328171967733
cube60_cluster0,11,1088,cube61_cluster0,True,1.9232978943317207,1.7704354548488779,0.04014116673301117
cube60_cluster0,11,1088,cube66_cluster1,True,2.320383078927011,0.879072483289958,0.37848335489907103
cube60_cluster0,11,1088,cube59_cluster2,True,2.3657705534237348,1.0999219556028195,0.33240761952893555
cube60_cluster0,11,1088,cube52_cluster0,True,2.188679059420752,1.5030742618495827,0.18003753299610012
cube60_cluster0,11,1088,cube61_cluster0,True,2.039234005690773,1.7776035338328517,0.06870328923714425
cube60_cluster0,11,1088,cube66_cluster1,True,2.1359668247170824,1.8180555553951658,0.08348243892566293
cube60_cluster0,11,1088,cube67_cluster0,True,2.4135801350996244,1.7352171779770305,0.17813584984958228
cube60_cluster0,11,1088,cube61_cluster0,True,1.4187386486140068,1.1269791619548948,0.07661506802811203
cube60_cluster0,11,1088,cube68_cluster0,True,2.118903473238357,1.4952072249943227,0.1637805544397799
cube60_cluster0,11,1088,cube66_cluster0,True,1.9303312811638356,1.5688991181109677,0.09491088045475324
cube60_cluster0,11,1088,cube66_cluster0,True,2.5498786391241386,1.312638530384755,0.3248951257202116
cube60_cluster0,11,1088,cube67_cluster0,True,1.2161425878073318,0.9015668209953732,0.08260654709217147
cube60_cluster0,11,1088,cube67_cluster0,True,1.2731436373253162,0.9704208863971381,0.07949398465702034
cube60_cluster0,11,1088,cube62_cluster3,False,2.339660071038091,1.4734407523894553,0.22746630378833438
cube60_cluster0,11,1088,cube66_cluster0,True,2.303405750090135,1.8288226883025633,0.12462392904580101
cube60_cluster0,11,1088,cube50_cluster0,True,2.122125568986556,1.7494387752069338,0.0978663089435929
cube60_cluster0,11,1088,cube66_cluster1,True,1.7087574292972816,1.3033996213953079,0.10644560827741693
cube60_cluster0,11,1088,cube50_cluster0,True,2.6579117052215158,2.219811898157798,0.11504354804581372
cube60_cluster0,11,1088,cube67_cluster0,True,2.0060402581173347,1.4351989973827453,0.14990101101848063
cube60_cluster0,11,1088,cube61_cluster0,True,1.1052841074393696,1.011927899555179,0.024515028799220177
cube60_cluster0,11,1088,cube68_cluster0,True,1.3739785628662546,0.9070769500174265,0.12260680617608634
cube60_cluster0,11,1088,cube61_cluster0,True,0.874317584256962,0.8361350943294551,0.010026594496639599
cube60_cluster0,11,1088,cube59_cluster0,True,1.670408314914075,1.6417074405482588,0.00753675387622439
cube60_cluster0,11,1088,cube59_cluster0,True,1.571928848684175,1.514197474891174,0.015160066194094378
cube60_cluster0,11,1088,cube67_cluster0,True,1.8918745606424767,1.37344810176234,0.13613705888193586
cube60_cluster0,11,1088,cube61_cluster0,True,1.0545052637522259,0.5175086840220158,0.14101351067622128
cube60_cluster0,11,1088,cube67_cluster0,True,1.7445401075522666,1.6091354214016536,0.035556818938591264
cube60_cluster0,11,1088,cube67_cluster0,True,1.8499178404939132,1.2595543169056453,0.15502749212702746
cube60_cluster0,11,1088,cube61_cluster0,True,0.9937831654066592,0.7709019397910652,0.0585278664226578
cube60_cluster0,11,1088,cube52_cluster0,True,1.2232863284015072,0.8894307834607775,0.08766935252076943
cube60_cluster0,11,1088,cube61_cluster0,True,0.9047936623705407,0.737557799266251,0.043915579833212016
cube60_cluster0,11,1088,cube67_cluster0,True,1.8318881708039705,1.6343414739203523,0.0518751036813786
cube60_cluster0,11,1088,cube51_cluster0,True,2.0144346327021485,1.9713576828040535,0.011311863359364207
cube60_cluster0,11,1088,cube67_cluster0,True,2.077468496100248,1.4819850286746779,0.15637197230104613
cube60_cluster0,11,1088,cube67_cluster0,True,1.1948671478573367,0.9954061271154885,0.05237779874129108
cube60_cluster0,11,1088,cube67_cluster0,True,1.3498913358950042,1.0827993959732318,0.07013745253389488
cube60_cluster0,11,1088,cube51_cluster0,True,1.3167120852907241,1.254987557833936,0.016208655026975105
cube60_cluster0,11,1088,cube67_cluster0,True,2.6447202895297504,2.0647579288960975,0.15229618142839582
cube60_cluster0,11,1088,cube67_cluster0,True,1.6385749306079687,1.2488199803707347,0.10234834989824486
cube60_cluster0,11,1088,cube61_cluster0,True,1.3994432303694098,1.0551924424821255,0.09039910864503069
cube60_cluster0,11,1088,cube61_cluster0,True,1.1650306544502527,0.9328168910358696,0.06097855971978635
cube60_cluster0,11,1088,cube51_cluster0,True,1.3642893853236369,1.214434853849515,0.03935130012284769
cube60_cluster0,11,1088,cube59_cluster0,True,2.0833825146345455,1.8029362217665448,0.07364426107391034
cube60_cluster0,11,1088,cube68_cluster0,True,1.9585301826430686,1.4047363583242325,0.14542441107770862
cube60_cluster0,11,1088,cube61_cluster0,True,1.3831187474974527,0.8795997930270979,0.13222239794815346
cube60_cluster0,11,1088,cube61_cluster0,True,0.9837574133656709,0.8132372610806339,0.04477802321727563
cube60_cluster0,11,1088,cube61_cluster0,True,1.0606934878991163,0.9381051819325283,0.03219128025151337
cube60_cluster0,11,1088,cube66_cluster0,True,2.1086377015234516,1.3301565290704371,0.20442655924939532
cube60_cluster0,11,1088,cube66_cluster1,True,1.6002829216818146,1.1760053815769114,0.111413866846828
cube60_cluster0,11,1088,cube59_cluster2,True,1.5769739352299033,0.9469604520997893,0.16543943924962348
cube60_cluster0,11,1088,cube67_cluster0,True,1.55441061347277,1.0346879504019917,0.13647743777888788
cube60_cluster0,11,1088,cube50_cluster0,True,1.4552773300184103,1.2685352405108288,0.04903784982337715
cube60_cluster0,11,1088,cube66_cluster1,True,1.494670096649931,1.3102444545413063,0.04842955846295949
cube60_cluster0,11,1088,cube59_cluster0,True,1.1546386019152086,1.143897256115152,0.0028206415791591465
cube60_cluster0,11,1088,cube61_cluster0,True,1.1720850241021292,0.9087233932563166,0.06915788581305518
cube60_cluster0,11,1088,cube52_cluster0,True,2.177999582781725,1.6931998421262633,0.12730679483860835
cube60_cluster0,11,1088,cube61_cluster0,True,1.2877299734873384,0.9416748852120552,0.09087291190864556
cube60_cluster0,11,1088,cube68_cluster0,True,1.3615078240832994,0.921385795864201,0.1155745765760647
cube60_cluster0,11,1088,cube66_cluster0,True,2.0481599982528627,1.1898673545471763,0.22538478538787068
cube60_cluster0,11,1088,cube66_cluster0,True,1.82332678584581,0.9878744689125897,0.21938699176170706
cube60_cluster0,11,1088,cube61_cluster0,True,1.3792124508434227,0.9305190569908468,0.11782538860148471
cube60_cluster0,11,1088,cube61_cluster0,True,1.720733214875005,1.5068935213089298,0.056153590264633145
cube60_cluster0,11,1088,cube68_cluster0,True,1.216715875430881,0.6132821882036337,0.15845967350287754
cube60_cluster0,11,1088,cube59_cluster0,True,1.8143179435579933,1.6889708861640325,0.03291571917448067
cube60_cluster0,11,1088,cube61_cluster0,True,1.4011586996900867,1.3639842472230268,0.009761887221851739
cube60_cluster0,11,1088,cube66_cluster0,True,1.82642928012879,1.1018371789501422,0.190275468880631
cube60_cluster0,11,1088,cube61_cluster0,True,1.10031729907147,1.0536265374435279,0.012260838265693566
cube60_cluster0,11,1088,cube66_cluster1,True,1.7855000984079352,0.567672070433022,0.31979757806077663
cube60_cluster0,11,1088,cube59_cluster2,True,1.7415017182518255,0.5152661932191507,0.3220053587448
cube60_cluster0,11,1088,cube66_cluster0,True,1.800252836464371,0.9830111868901016,0.21460493125522734
cube60_cluster0,11,1088,cube67_cluster0,True,1.396547158951477,1.0974372286458596,0.07854527001215858
cube60_cluster0,11,1088,cube51_cluster0,True,1.0280472100119615,0.9681134648338836,0.015738401573769576
cube60_cluster0,11,1088,cube59_cluster0,True,1.3356685765086491,0.7592565770330774,0.15136386843057184
cube60_cluster0,11,1088,cube50_cluster0,True,1.6319459337421751,1.3293772172569671,0.07945353572608081
cube60_cluster0,11,1088,cube59_cluster0,True,1.3162729268431708,1.1402194717715648,0.04623105007260609
cube60_cluster0,11,1088,cube59_cluster0,True,1.609633477378695,1.3504648820435394,0.06805680867389563
cube60_cluster0,11,1088,cube68_cluster0,True,2.0885946834593816,1.64789555853652,0.11572612024555735
cube60_cluster0,11,1088,cube61_cluster0,True,1.6234198072912436,1.493216266939355,0.034191015400353665
cube60_cluster0,11,1088,cube67_cluster0,True,1.9691303033560281,1.6493498243580171,0.08397328715182567
cube60_cluster0,11,1088,cube61_cluster0,True,1.5419173307241234,1.3156858430754734,0.05940763405768414
cube60_cluster0,11,1088,cube66_cluster1,True,2.1867885809830754,1.7656635394187898,0.11058603124527257
cube60_cluster0,11,1088,cube68_cluster0,True,2.3380812874703785,1.79742968130166,0.14197330842757275
cube60_cluster0,11,1088,cube68_cluster0,True,1.1956325351265649,0.5697864345679492,0.16434509848672121
cube60_cluster0,11,1088,cube68_cluster0,True,1.3284835211871777,1.1735245491880615,0.04069170917876584
cube60_cluster0,11,1088,cube67_cluster0,True,1.7154155956198687,1.1335852744796349,0.152786701626811
cube60_cluster0,11,1088,cube61_cluster0,True,1.1918727584637143,0.877402656453973,0.08257879986755592
cube60_cluster0,11,1088,cube67_cluster0,True,0.9017515077289913,0.5327521500685483,0.09689800051820029
cube60_cluster0,11,1088,cube51_cluster0,True,1.9887649901332627,1.8953215194083626,0.024537943730123874
cube60_cluster0,11,1088,cube67_cluster0,True,2.65991382012863,2.108795957943086,0.14472171234722186
cube60_cluster0,11,1088,cube61_cluster0,True,1.45010415729668,1.4287201676546268,0.00561536435335367
cube60_cluster0,11,1088,cube68_cluster0,True,1.8778017388258141,1.6135186205749716,0.06939986533197962
cube60_cluster0,11,1088,cube50_cluster0,True,1.39775191382495,1.2726322141712123,0.03285601579025354
cube60_cluster0,11,1088,cube62_cluster1,False,2.326452980981609,2.297626922866004,0.007569626711366548
cube60_cluster0,11,1088,cube66_cluster0,True,2.781028906715905,1.7939945837320008,0.2591919209463401
cube60_cluster0,11,1088,cube61_cluster0,True,1.654653899126142,1.2853925937098567,0.0969667871251534
cube60_cluster0,11,1088,cube59_cluster2,True,2.1170711871789836,0.72675903540803,0.36509133364598245
cube60_cluster0,11,1088,cube59_cluster1,True,3.2650006890576524,2.1987608667204737,0.279991020885263
cube60_cluster0,11,1088,cube67_cluster0,True,2.8368598028923198,2.2152965009522965,0.16322044985482415
cube60_cluster0,11,1088,cube61_cluster0,True,1.3199884860527575,0.9459355500598164,0.09822505333202056
cube60_cluster0,11,1088,cube68_cluster0,True,1.3301541204925322,0.8302173922727146,0.131281717283337
cube60_cluster0,11,1088,cube51_cluster0,True,1.4985173189165018,1.4979944604604778,0.00013730088654890328
cube60_cluster0,11,1088,cube67_cluster0,True,1.3078221934998377,1.294510496956492,0.00349560711089963
cube60_cluster0,11,1088,cube59_cluster2,True,1.34296393139512,1.1110924613813986,0.06088867461449788
cube60_cluster0,11,1088,cube51_cluster0,True,1.583314691558545,1.3186284609801928,0.06950572128459584
cube60_cluster0,11,1088,cube59_cluster0,True,1.7734260695429256,1.5037610472540868,0.07081313538092793
cube60_cluster0,11,1088,cube51_cluster0,True,1.695943089059061,1.3754929820542166,0.0841491292328649
cube60_cluster0,11,1088,cube50_cluster0,True,1.918907756704947,1.3444478447264663,0.15085125676505573
cube60_cluster0,11,1088,cube59_cluster0,True,1.8596459698370613,1.5550879509619022,0.0799759198983311
cube60_cluster0,11,1088,cube62_cluster2,False,3.2236941287897243,2.1818376512063398,0.27358803588396446
cube60_cluster0,11,1088,cube52_cluster0,True,2.4759205507931763,1.9085425215138037,0.14899157799000626
cube60_cluster0,11,1088,cube62_cluster2,False,2.7413467603027084,2.096277835692991,0.16939294796449444
cube60_cluster0,11,1088,cube67_cluster0,True,1.003208126878581,0.9757844832381248,0.00720135734796899
cube60_cluster0,11,1088,cube67_cluster0,True,1.2202903618097014,0.6749883038207755,0.14319450156390062
cube60_cluster0,11,1088,cube66_cluster0,True,1.6453802775497641,0.8328619350783476,0.21336460656468675
cube60_cluster0,11,1088,cube66_cluster0,True,2.512443384553352,1.3326294711019324,0.30981519838361204
cube60_cluster0,11,1088,cube66_cluster0,True,2.579310043023488,1.3495755607942457,0.3229241732337893
cube60_cluster0,11,1088,cube67_cluster0,True,1.541073559648475,0.9816051840081935,0.14691452932716084
cube60_cluster0,11,1088,cube61_cluster0,True,1.1974576298061783,0.9857196933922507,0.055601675846924783
cube60_cluster0,11,1088,cube61_cluster0,True,1.1479749674333133,1.0512824734346604,0.02539112640464073
cube60_cluster0,11,1088,cube61_cluster0,True,1.0554991252728363,0.8327894005068209,0.058482830871602366
cube60_cluster0,11,1088,cube66_cluster0,True,2.4392174697553397,1.440307215184701,0.2623105009686513
cube60_cluster0,11,1088,cube59_cluster0,True,1.5716265794330653,1.3032096766110104,0.0704853833720735
cube60_cluster0,11,1088,cube67_cluster0,True,2.052860494420848,1.4841884784251889,0.14933137458558915
cube60_cluster0,11,1088,cube66_cluster0,True,2.406904621204277,1.4580454307397839,0.24916725848052565
cube60_cluster0,11,1088,cube67_cluster0,True,1.1375748562008767,0.8491533277810479,0.07573853132829092
cube60_cluster0,11,1088,cube50_cluster0,True,2.4648701392108423,1.8735240636576416,0.1552855069957006
cube60_cluster0,11,1088,cube59_cluster0,True,1.9684198213685933,1.828493233978058,0.03674425512131882
cube60_cluster0,11,1088,cube50_cluster0,True,1.9297451960228618,1.6357676289410472,0.07719752854866996
cube60_cluster0,11,1088,cube61_cluster0,True,1.115696891295687,1.0788169258588653,0.009684555909977537
cube60_cluster0,11,1088,cube68_cluster0,True,1.274269945043504,0.8262460288267336,0.11764958600737586
cube60_cluster0,11,1088,cube68_cluster0,True,1.6397347668995104,1.4051845667593559,0.06159210021075077
cube60_cluster0,11,1088,cube51_cluster0,True,1.517497456045369,1.1742098862797135,0.09014617077912086
cube60_cluster0,11,1088,cube61_cluster0,True,1.1388545703775046,1.060443306011558,0.02059053648043448
cube60_cluster0,11,1088,cube66_cluster1,True,1.834948584640514,0.8746371423419772,0.25217458161297107
cube60_cluster0,11,1088,cube66_cluster1,True,1.960622940161853,1.177021264110494,0.2057711864147965
cube60_cluster0,11,1088,cube67_cluster0,True,1.0680415470190292,0.915932421108302,0.03994334910166343
cube60_cluster0,11,1088,cube51_cluster0,True,1.358906874332501,1.3429774878478662,0.004183003758134251
cube60_cluster0,11,1088,cube50_cluster0,True,1.8239088592531292,1.18159968481289,0.16866824677518158
cube60_cluster0,11,1088,cube59_cluster0,True,1.3536167567310287,1.191611034209712,0.04254216236134332
cube60_cluster0,11,1088,cube59_cluster0,True,1.8172148668147512,1.3600663997192783,0.12004566263303347
cube60_cluster0,11,1088,cube59_cluster0,True,1.5451030299241395,1.1106417153879051,0.11408809204434829
cube60_cluster0,11,1088,cube61_cluster0,True,1.106181212120588,1.001685816512147,0.02744014234066435
cube60_cluster0,11,1088,cube67_cluster0,True,1.6601381828495094,1.05280335207778,0.15948410078532999
cube60_cluster0,11,1088,cube67_cluster0,True,2.20200197143518,2.006620345057287,0.05130656338820347
cube60_cluster0,11,1088,cube61_cluster0,True,1.9848997687101413,1.9574852083566583,0.00719897210710727
cube60_cluster0,11,1088,cube66_cluster1,True,1.2868817479759163,1.244615314951885,0.011099024331727443
cube60_cluster0,11,1088,cube68_cluster0,True,1.8690943049870306,1.2803666967718386,0.1545979062066804
cube60_cluster0,11,1088,cube61_cluster0,True,0.9626469070842861,0.5867264027817966,0.09871547054080315
cube60_cluster0,11,1088,cube68_cluster0,True,1.5363997021761933,0.8358669774166828,0.18395755688341164
cube60_cluster0,11,1088,cube66_cluster0,True,1.925797795224057,0.9168963431264117,0.2649341561134394
cube60_cluster0,11,1088,cube67_cluster0,True,2.0802982823479717,1.605629279598819,0.12464649685565468
cube60_cluster0,11,1088,cube61_cluster0,True,1.0083465048575406,0.7398760154030561,0.07049945504301042
cube60_cluster0,11,1088,cube68_cluster0,True,1.397668107831318,0.9707075475119549,0.11211841900588707
cube60_cluster0,11,1088,cube67_cluster0,True,1.6988469235761097,1.2739716352113684,0.1115708335460623
cube60_cluster0,11,1088,cube52_cluster0,True,1.4667975201739343,1.0591052546247441,0.10705862906895404
cube60_cluster0,11,1088,cube59_cluster1,True,2.451077145443223,1.3011548411843266,0.30196576151361
cube60_cluster0,11,1088,cube61_cluster0,True,0.8066045973320503,0.7017910614856022,0.027523684906002967
cube60_cluster0,11,1088,cube68_cluster0,True,1.8558907769243203,1.2524243827175225,0.15846826224661276
cube60_cluster0,11,1088,cube67_cluster0,True,1.2172948310982907,0.9614818227464872,0.06717564272468299
cube60_cluster0,11,1088,cube61_cluster0,True,1.2261146766721622,1.1565230940346316,0.018274517476746018
cube60_cluster0,11,1088,cube51_cluster0,True,1.5467780792410635,1.531386870914041,0.004041679969047347
cube60_cluster0,11,1088,cube66_cluster1,True,1.6754647685376656,1.4434211249921134,0.060933886809668984
cube60_cluster0,11,1088,cube66_cluster0,True,2.28797077647444,1.9051842916346815,0.10051845412829884
cube60_cluster0,11,1088,cube67_cluster0,True,1.1965951164341877,0.9533591414375872,0.06387295571650849
cube60_cluster0,11,1088,cube61_cluster0,True,1.5018215988865358,1.232629968156511,0.07068882433658871
cube60_cluster0,11,1088,cube67_cluster0,True,1.8015284779876521,1.524074506782539,0.07285848738617423
cube60_cluster0,11,1088,cube66_cluster1,True,2.105400832985019,1.6681631508297525,0.11481715692048625
cube60_cluster0,11,1088,cube68_cluster0,True,1.590569893275817,1.2122674943884297,0.09934094811394868
cube60_cluster0,11,1088,cube66_cluster1,True,1.9633575010457032,1.5850929052390021,0.09933102115105327
cube60_cluster0,11,1088,cube59_cluster0,True,1.570053074697604,1.5004733029325614,0.01827141598102602
cube60_cluster0,11,1088,cube67_cluster0,True,2.244572380549862,1.8230928454492221,0.11067912006550021
cube60_cluster0,11,1088,cube61_cluster0,True,1.7279291655527198,1.4735500155289336,0.06679911631040368
cube60_cluster0,11,1088,cube59_cluster0,True,1.1931713286257988,0.9891483977228865,0.053575741133260045
cube60_cluster0,11,1088,cube62_cluster3,False,2.5271261103685982,1.8752796517500616,0.1711727057886341
cube60_cluster0,11,1088,cube61_cluster0,True,1.6066590142488582,1.6002426093493758,0.001684926524579898
cube60_cluster0,11,1088,cube67_cluster0,True,1.4102114152900627,1.288943141828875,0.03184464411858539
cube60_cluster0,11,1088,cube50_cluster0,True,1.8464521233186955,1.6467538015650862,0.052440113195458084
cube60_cluster0,11,1088,cube62_cluster3,False,2.4382074508528055,1.5158069070626232,0.24221930611710324
cube60_cluster0,11,1088,cube51_cluster0,True,1.1745078681878551,0.907813957600682,0.07003293135826252
cube60_cluster0,11,1088,cube66_cluster0,True,2.3433511188218374,1.5215252373994055,0.21580873524777403
cube60_cluster0,11,1088,cube66_cluster1,True,1.413700957999792,1.3248890602975285,0.023321708103067534
cube60_cluster0,11,1088,cube61_cluster0,True,1.2607336546162502,1.1214228664098511,0.036582548309572964
cube60_cluster0,11,1088,cube67_cluster0,True,2.3769713257644183,1.7941030513167646,0.1530592647032291
cube60_cluster0,11,1088,cube68_cluster0,True,2.003356856805079,1.429494802435345,0.1506942613511627
cube60_cluster0,11,1088,cube67_cluster0,True,1.3140912347559217,0.9325713640341691,0.10018584548572276
cube60_cluster0,11,1088,cube61_cluster0,True,0.9254767603158174,0.8534797742281443,0.018906168399490633
cube60_cluster0,11,1088,cube61_cluster0,True,1.0033454435102158,0.789235327710231,0.056224602241260024
cube60_cluster0,11,1088,cube67_cluster0,True,1.4404763141553567,1.1104516960516675,0.08666336391148215
cube60_cluster0,11,1088,cube67_cluster0,True,2.0712637874708135,1.3860135832117217,0.1799444179751004
cube60_cluster0,11,1088,cube61_cluster0,True,1.015621749962741,0.6216364278951623,0.10345923143041849
cube60_cluster0,11,1088,cube68_cluster0,True,1.041929605507092,0.8304127322275535,0.055543625405193905
cube60_cluster0,11,1088,cube67_cluster0,True,1.1774173818565248,0.825550301060516,0.09239912175859138
cube60_cluster0,11,1088,cube68_cluster0,True,1.589121461593503,1.2402159610284227,0.09162142066834916
cube60_cluster0,11,1088,cube52_cluster0,True,1.5618746360288336,1.2342647610094604,0.08602926043195608
cube60_cluster0,11,1088,cube66_cluster1,True,1.8935202101156896,0.5467415688978003,0.35365957898148886
cube60_cluster0,11,1088,cube66_cluster1,True,2.0114098850622395,1.2410305957597942,0.20229903175802044
cube60_cluster0,11,1088,cube50_cluster0,True,2.0488082461556347,1.8380924196004549,0.05533327320728189
cube60_cluster0,11,1088,cube61_cluster0,True,1.8227667294859695,1.7198683803080839,0.027020763274975147
cube60_cluster0,11,1088,cube51_cluster0,True,1.445569366311897,1.3662486035377417,0.02082936772878313
cube60_cluster0,11,1088,cube61_cluster0,True,1.0008678658012893,0.7587309200723542,0.06358435429664974
cube60_cluster0,11,1088,cube50_cluster0,True,1.6001264297150661,1.3097351248791278,0.07625578804493963
cube60_cluster0,11,1088,cube59_cluster0,True,1.3837519781406509,1.3185760463262624,0.017114982299064913
cube60_cluster0,11,1088,cube66_cluster0,True,1.8188854547784075,0.9617918491054278,0.225069921999893
cube60_cluster0,11,1088,cube51_cluster0,True,1.3592072761210212,0.8446100170408725,0.13513152378681795
cube60_cluster0,11,1088,cube59_cluster1,True,2.5869696952928467,1.6979925087405368,0.23344244399059624
cube60_cluster0,11,1088,cube51_cluster0,True,1.6172842934402043,1.5164569252862345,0.026476930565886132
cube60_cluster0,11,1088,cube50_cluster0,True,1.6927940292425026,1.1940645078991106,0.13096470878424607
cube60_cluster0,11,1088,cube68_cluster0,True,2.3076032494399246,1.7691561177921742,0.14139442077142755
cube60_cluster0,11,1088,cube62_cluster3,False,2.6530788240937175,1.8150275472779904,0.22006946995797988
cube60_cluster0,11,1088,cube61_cluster0,True,1.1113301816931838,1.0435126383170306,0.017808660684045467
cube60_cluster0,11,1088,cube61_cluster0,True,0.91094208531688,0.7624137118399447,0.03900305545620838
cube60_cluster0,11,1088,cube61_cluster0,True,1.2144169728730747,1.2029201429465357,0.0030190291908436567
cube60_cluster0,11,1088,cube66_cluster0,True,2.1869614063100937,1.3628342941405898,0.21641303076616208
cube60_cluster0,11,1088,cube68_cluster0,True,1.3595649966769956,1.1102580215932065,0.06546718008948345
cube60_cluster0,11,1088,cube51_cluster0,True,1.3559668975603325,1.2875334961396618,0.01797038295233111
cube60_cluster0,11,1088,cube66_cluster0,True,2.16695458907344,1.2006276461895098,0.25375423200189406
cube60_cluster0,11,1088,cube61_cluster0,True,1.3252296793444485,1.3068073777816152,0.004837634942509891
cube60_cluster0,11,1088,cube66_cluster0,True,2.1105795455465635,1.1737883918822443,0.24599823226993545
cube60_cluster0,11,1088,cube67_cluster0,True,1.3566148427099827,0.8944963763362606,0.12135076786598731
cube60_cluster0,11,1088,cube61_cluster0,True,1.1579000018260885,0.8171011370830655,0.08949264514129417
cube60_cluster0,11,1088,cube59_cluster2,True,1.947503358994511,0.8498775655068045,0.2882328722209681
cube60_cluster0,11,1088,cube66_cluster1,True,2.2099797982911427,1.3656415663259833,0.2217204034099784
cube60_cluster0,11,1088,cube59_cluster2,True,1.8774406018798042,1.1320620625500435,0.1957339182056066
cube60_cluster0,11,1088,cube50_cluster0,True,2.044372436651503,1.9472101313726204,0.025514497279765794
cube60_cluster0,11,1088,cube66_cluster0,True,2.4795088628128372,1.6505651755758615,0.21767784731311474
cube60_cluster0,11,1088,cube67_cluster0,True,1.458933259651829,1.3255005804750575,0.03503897648492219
cube60_cluster0,11,1088,cube66_cluster0,True,1.9680563610267716,1.2928700487781506,0.17730167350142825
cube60_cluster0,11,1088,cube51_cluster0,True,1.2577994873760774,1.0488869377709276,0.054859738695063956
cube60_cluster0,11,1088,cube66_cluster1,True,1.6036476111582372,1.3612506590346876,0.0636526311086199
cube60_cluster0,11,1088,cube59_cluster2,True,1.4029865939623472,1.1014599305749195,0.07917989605838895
cube60_cluster0,11,1088,cube68_cluster0,True,2.1071946384119755,1.4738246019015235,0.16632085897146118
cube60_cluster0,11,1088,cube52_cluster0,True,1.5790083559030008,1.1769346711204551,0.10558320850050185
cube60_cluster0,11,1088,cube66_cluster0,True,2.8136431523298944,1.9738929860247505,0.22051559267122686
cube60_cluster0,11,1088,cube61_cluster0,True,1.1656403710345131,0.8999310363432692,0.06977438501206061
cube60_cluster0,11,1088,cube61_cluster0,True,1.6021837979072278,1.539383159917773,0.01649123806346897
cube60_cluster0,11,1088,cube67_cluster0,True,1.5107572256292068,1.0685650409161562,0.11611819276633546
cube60_cluster0,11,1088,cube61_cluster0,True,1.012766336450846,0.968718946865487,0.01156669758432217
cube60_cluster0,11,1088,cube61_cluster0,True,0.9811454573020162,0.8557310301254477,0.032933410254680426
cube60_cluster0,11,1088,cube59_cluster0,True,1.521786207596707,1.3021016807034123,0.05768842400082324
cube60_cluster0,11,1088,cube62_cluster3,False,2.565193532081588,1.8363703848323227,0.1913865274660513
cube60_cluster0,11,1088,cube66_cluster0,True,2.266515497784846,1.54681681500081,0.18899047353228351
cube60_cluster0,11,1088,cube51_cluster0,True,1.7273993185574081,1.5215021382403229,0.0540679127778321
cube60_cluster0,11,1088,cube66_cluster1,True,1.48703265187777,1.452325991662617,0.009113853207862652
cube60_cluster0,11,1088,cube66_cluster0,True,2.4377994901545543,1.5488159588167276,0.23344411011010982
cube60_cluster0,11,1088,cube61_cluster0,True,1.4363222707991619,1.2382390761475683,0.0520159862057518
cube60_cluster0,11,1088,cube68_cluster0,True,1.3234493384011878,0.878450338273526,0.11685525313203336
cube60_cluster0,11,1088,cube51_cluster0,True,1.8868905948727717,1.865199166027128,0.005696096862747996
cube60_cluster0,11,1088,cube66_cluster1,True,1.7615710274687393,1.3763139166030243,0.10116723228190126
cube60_cluster0,11,1088,cube68_cluster0,True,1.809490798137574,1.5041326034713645,0.08018604339206144
cube60_cluster0,11,1088,cube61_cluster0,True,1.3176071864531687,1.110208918591405,0.054462093360162424
cube60_cluster0,11,1088,cube66_cluster0,True,1.5692381875391228,1.1643908956460942,0.10631154847630249
cube60_cluster0,11,1088,cube61_cluster0,True,2.0394559930978673,2.037122369103337,0.000612801877122435
cube60_cluster0,11,1088,cube66_cluster1,True,1.6318161249881038,1.3900348952265453,0.06349094447011311
cube60_cluster0,11,1088,cube67_cluster0,True,2.865636817719469,2.1519071757102357,0.18742302333465408
cube60_cluster0,11,1088,cube61_cluster0,True,1.371776569541303,0.9165002620936006,0.11955403975414824
cube60_cluster0,11,1088,cube61_cluster0,True,1.6560001321696662,1.5323990972583938,0.03245721949441343
cube60_cluster0,11,1088,cube61_cluster0,True,1.6840748956836715,1.4045275320040975,0.07340820526742259
cube60_cluster0,11,1088,cube68_cluster0,True,1.7919617064709374,1.2960880622493076,0.13021476497789647
cube60_cluster0,11,1088,cube52_cluster0,True,1.520645596855247,0.975256270248836,0.1432174180117663
cube60_cluster0,11,1088,cube66_cluster0,True,1.5449172129679671,0.9460221075900959,0.15726785704774582
cube60_cluster0,11,1088,cube50_cluster0,True,1.756879339315328,1.6244054046488374,0.0347872133744305
cube60_cluster0,11,1088,cube66_cluster0,True,2.1043663641988033,1.1912704928460898,0.23977593017091203
cube60_cluster0,11,1088,cube59_cluster1,True,3.015023853712903,2.0051806946864046,0.2651814452118772
cube60_cluster0,11,1088,cube68_cluster0,True,1.2171747566392335,0.7834898770054292,0.11388420282878155
cube60_cluster0,11,1088,cube59_cluster0,True,1.768047931084514,1.6173812836632262,0.039564559061747405
cube60_cluster0,11,1088,cube67_cluster0,True,2.2927923880106076,2.0136738602641797,0.07329559438176773
cube60_cluster0,11,1088,cube61_cluster0,True,1.4099668797114924,1.1633112852781715,0.06477093637439431
cube60_cluster0,11,1088,cube67_cluster0,True,2.0596331164867996,1.5562946609531059,0.13217499952944342
cube60_cluster0,11,1088,cube61_cluster0,True,1.3306484628514839,1.128148040956766,0.05317593534606208
cube60_cluster0,11,1088,cube59_cluster0,True,1.745878518234908,1.4077069819415027,0.08880271745392183
cube60_cluster0,11,1088,cube59_cluster2,True,2.2547106293462096,1.3975728409799422,0.22508152422777827
cube60_cluster0,11,1088,cube59_cluster2,True,1.9878833093876522,0.41249464850464257,0.41369180761306545
cube60_cluster0,11,1088,cube61_cluster0,True,1.3045411155953566,1.2898792648721664,0.003850153095065279
cube60_cluster0,11,1088,cube61_cluster0,True,1.2989092309542165,1.2026082681784909,0.02528831161145888
cube60_cluster0,11,1088,cube66_cluster0,True,1.8999583992711293,1.107715956730687,0.20804022287341095
cube60_cluster0,11,1088,cube50_cluster0,True,1.6213350800279906,1.4533657939342113,0.044108174263907535
cube60_cluster0,11,1088,cube59_cluster0,True,1.6349053519334928,1.4728684609837839,0.042550347086676314
cube60_cluster0,11,1088,cube59_cluster0,True,2.4088883825114262,2.022758487142076,0.10139642258136877
cube60_cluster0,11,1088,cube59_cluster0,True,1.9816986914603363,1.5466480301677605,0.11424285253678772
cube60_cluster0,11,1088,cube59_cluster0,True,1.59673324167723,1.3748841616582579,0.05825682843172352
cube60_cluster0,11,1088,cube67_cluster0,True,1.365946719338151,1.3082420175544034,0.015153062213429352
cube60_cluster0,11,1088,cube51_cluster0,True,1.3712285849588632,1.3677711838021815,0.000907902011526138
cube60_cluster0,11,1088,cube67_cluster0,True,2.3603083142696017,1.8196002346553686,0.14198813816599679
cube60_cluster0,11,1088,cube50_cluster0,True,1.7488231634426419,1.5489872120768144,0.052476254272560745
cube60_cluster0,11,1088,cube50_cluster0,True,2.872227951797473,2.4360956239642144,0.11452689456245446
cube60_cluster0,11,1088,cube51_cluster0,True,1.2711194666525958,1.2386004421771792,0.008539387359502909
cube60_cluster0,11,1088,cube66_cluster1,True,1.3780605217718496,1.2350047661865515,0.03756596425187148
cube60_cluster0,11,1088,cube66_cluster0,True,1.9920490837327898,0.6251683144880017,0.3589383307503735
cube60_cluster0,11,1088,cube66_cluster0,True,1.9901824302983597,1.4105329572391607,0.15221401819498592
cube60_cluster0,11,1088,cube61_cluster0,True,1.1079586381015993,1.0584917856227267,0.012989830463451167
cube60_cluster0,11,1088,cube67_cluster0,True,1.0726700779752878,0.7730072466871569,0.07869045996595626
cube60_cluster0,11,1088,cube50_cluster0,True,2.403671555684494,2.278202008650754,0.03294788454532045
cube60_cluster0,11,1088,cube67_cluster0,True,2.2089163112901797,1.552279056384097,0.17243075291396387
cube60_cluster0,11,1088,cube59_cluster0,True,1.6306881805699542,1.2773994353079692,0.09277244610537151
cube60_cluster0,11,1088,cube50_cluster0,True,1.2527735787461516,1.1652988838369929,0.022970563109860176
cube60_cluster0,11,1088,cube59_cluster0,True,1.3340463312096271,1.3172843652468336,0.004401636352016179
cube60_cluster0,11,1088,cube59_cluster0,True,1.5169332874927288,1.4109807573210766,0.027822781016667256
cube60_cluster0,11,1088,cube66_cluster0,True,2.153328781278495,1.4553944727247623,0.1832752214548344
cube60_cluster0,11,1088,cube67_cluster0,True,1.4768519438945875,1.2902900414420826,0.048990533303730925
cube60_cluster0,11,1088,cube59_cluster1,True,3.004917126333601,0.5228976134209185,0.6517700452739255
cube60_cluster0,11,1088,cube59_cluster1,True,2.3571538302633224,1.2035996879029918,0.3029194700849908
cube60_cluster0,11,1088,cube67_cluster0,True,1.5672969937442018,1.4408152245099064,0.033213690718902525
cube60_cluster0,11,1088,cube67_cluster0,True,2.64224877388511,2.0487589252271703,0.1558484546624146
cube60_cluster0,11,1088,cube61_cluster0,True,1.7413816109476508,1.4982697762933346,0.06384035687669676
cube60_cluster0,11,1088,cube61_cluster0,True,1.3112131035711294,1.29293675942385,0.0047993070120288285
cube60_cluster0,11,1088,cube61_cluster0,True,1.517506622833723,1.2736934280210004,0.06402453171489596
cube60_cluster0,11,1088,cube52_cluster0,True,1.6928649688177115,1.2306505319958259,0.12137596938556405
cube60_cluster0,11,1088,cube61_cluster0,True,1.4899833552619306,1.2854964837803993,0.05369757038172398
cube60_cluster0,11,1088,cube61_cluster0,True,1.3275230761827619,1.2164416498072903,0.029169612052272507
cube60_cluster0,11,1088,cube61_cluster0,True,1.4137645787749724,1.4090563104464642,0.001236375558559744
cube60_cluster0,11,1088,cube59_cluster1,True,2.300232005663411,0.8970389770413355,0.36847380894271026
cube60_cluster0,11,1088,cube66_cluster1,True,2.0245617855870486,1.8293803640048518,0.05125399027664005
cube60_cluster0,11,1088,cube67_cluster0,True,2.4754791395077214,2.2599169859377515,0.05660590251636221
cube60_cluster0,11,1088,cube59_cluster0,True,2.2209115270197546,1.886772635794438,0.08774375830999573
cube60_cluster0,11,1088,cube67_cluster0,True,1.6673513311271968,1.2326854054267649,0.11414182225358266
cube60_cluster0,11,1088,cube51_cluster0,True,1.1576182487378806,0.5877287344615036,0.14965108557312
cube60_cluster0,11,1088,cube68_cluster0,True,1.6116130053188664,1.2225005474788266,0.10217963353778564
cube60_cluster0,11,1088,cube61_cluster0,True,1.2956070833364413,1.1401798973677553,0.04081466060543945
cube60_cluster0,11,1088,cube68_cluster0,True,1.2924403330029033,0.8469494121412734,0.11698442987596368
cube60_cluster0,11,1088,cube50_cluster0,True,2.5527226803417524,2.484660818710025,0.017872817843031703
cube60_cluster0,11,1088,cube50_cluster0,True,1.330206507990843,1.0851592968105326,0.06434858029694257
cube60_cluster0,11,1088,cube59_cluster0,True,1.2512068192463826,1.235674718646378,0.004078677809983976
cube60_cluster0,11,1088,cube66_cluster1,True,1.487939213078878,1.1771552930598248,0.08161082077212194
cube60_cluster0,11,1088,cube59_cluster0,True,1.5885801469726721,1.2109508423072148,0.09916419581638673
cube60_cluster0,11,1088,cube50_cluster0,True,1.8286045537230835,1.6904179105325146,0.036287351578020176
cube60_cluster0,11,1088,cube59_cluster1,True,2.4082641917759697,1.1342128221251153,0.3345616400509971
cube60_cluster0,11,1088,cube51_cluster0,True,1.3798204537140748,1.3727123102258112,0.001866574770688402
cube60_cluster0,11,1088,cube67_cluster0,True,1.732723816285065,1.5568762407211632,0.04617698680059751
cube60_cluster0,11,1088,cube67_cluster0,True,1.225636209187478,0.777961940590574,0.11755776970865434
cube60_cluster0,11,1088,cube51_cluster0,True,1.472541187924135,1.4490429180030588,0.0061705673024084464
cube60_cluster0,11,1088,cube67_cluster0,True,2.299056188422278,1.6650655050066796,0.16648383877857467
cube60_cluster0,11,1088,cube67_cluster0,True,1.5819025084252285,1.1339839567554961,0.11762191762876886
cube60_cluster0,11,1088,cube61_cluster0,True,1.1734606627742366,1.1302385953895924,0.011349970727290265
cube60_cluster0,11,1088,cube66_cluster0,True,1.8749179151908961,1.2536544482047243,0.16314171419604717
cube60_cluster0,11,1088,cube61_cluster0,True,0.9681895723567513,0.8692842283819012,0.02597221342739259
cube60_cluster0,11,1088,cube66_cluster0,True,2.437373924311068,1.5524399038064276,0.23238072207252516
cube60_cluster0,11,1088,cube61_cluster0,True,1.0110838279632146,0.6969470072648288,0.08249128130685926
cube60_cluster0,11,1088,cube61_cluster0,True,1.1955968087150979,0.9580934609830034,0.062367586918121797
cube60_cluster0,11,1088,cube67_cluster0,True,1.5537191526202854,1.362365047962884,0.050248949618267404
cube60_cluster0,11,1088,cube62_cluster3,False,2.854882780886638,2.3069787362398677,0.14387777458128118
cube60_cluster0,11,1088,cube59_cluster2,True,2.290502050654475,1.5284608774282185,0.2001094702883367
cube60_cluster0,11,1088,cube61_cluster0,True,1.2366059238034495,1.1015349947107222,0.0354691754484426
cube60_cluster0,11,1088,cube59_cluster0,True,1.4238797957143219,1.2212883728368187,0.05319983190060622
cube60_cluster0,11,1088,cube59_cluster0,True,2.14697892941816,1.6952167348422085,0.11863124543540783
cube60_cluster0,11,1088,cube66_cluster0,True,1.9151976005692768,1.4404664264720886,0.12466282284427527
cube60_cluster0,11,1088,cube50_cluster0,True,1.7813676275092971,1.5852801025202414,0.051491930008958374
cube60_cluster0,11,1088,cube59_cluster2,True,1.4618137712049915,1.4400136824762386,0.005724630585615659
cube60_cluster0,11,1088,cube66_cluster0,True,1.8844562345529159,0.8746137155437688,0.2651812771454556
cube60_cluster0,11,1088,cube67_cluster0,True,1.2426032366443878,1.1176714190288917,0.03280667859369495
cube60_cluster0,11,1088,cube61_cluster0,True,1.151078950112638,1.069376583602247,0.02145476892604014
cube60_cluster0,11,1088,cube68_cluster0,True,1.414997502920941,0.8236851820393067,0.1552766431315365
cube60_cluster0,11,1088,cube50_cluster0,True,1.5871625135041032,1.3351735028522436,0.06617147368368499
cube60_cluster0,11,1088,cube61_cluster0,True,1.8017770987375314,1.5821586799677427,0.05767106422809529
cube60_cluster0,11,1088,cube67_cluster0,True,2.063521903358073,1.4783463543550197,0.15366514730552475
cube60_cluster0,11,1088,cube61_cluster0,True,1.00355621588526,0.9925479670733192,0.002890729419820533
cube60_cluster0,11,1088,cube67_cluster0,True,1.7112359353635402,1.2614682663027927,0.11810748968788794
cube60_cluster0,11,1088,cube61_cluster0,True,0.774305421238098,0.6325718001515527,0.0372187761425004
cube60_cluster0,11,1088,cube61_cluster0,True,1.019692250627141,0.9054928435118189,0.029988383394481184
cube60_cluster0,11,1088,cube59_cluster1,True,2.82584038303545,0.5068130412103751,0.6089688448093895
cube60_cluster0,11,1088,cube61_cluster0,True,0.8864450939502657,0.8371710328121984,0.012939204100414388
cube60_cluster0,11,1088,cube67_cluster0,True,1.8108500917988912,1.1925975936933002,0.16235104381114293
cube60_cluster0,11,1088,cube61_cluster0,True,1.3594947553294383,1.1994461088657196,0.0420282407164775
cube60_cluster0,11,1088,cube61_cluster0,True,1.2452800356849851,1.1660250479188266,0.02081209543107683
cube60_cluster0,11,1088,cube66_cluster1,True,1.7116738191722551,1.4729989287501555,0.06267523012081723
cube60_cluster0,11,1088,cube67_cluster0,True,1.4152833901363842,1.0829042211767679,0.08728166111260545
cube60_cluster0,11,1088,cube52_cluster0,True,1.4180503984745334,0.8975048638572308,0.13669352110230357
cube60_cluster0,11,1088,cube68_cluster0,True,1.2990375628299105,0.5357780819038808,0.20042939382661176
cube60_cluster0,11,1088,cube50_cluster0,True,1.9938629364656826,1.9031259096206377,0.023827240594662017
cube60_cluster0,11,1088,cube59_cluster0,True,1.9748860717020122,1.7385127628409605,0.062070842479849245
cube60_cluster0,11,1088,cube61_cluster0,True,1.4463143661687061,1.434405387742405,0.003127258012153084
cube60_cluster0,11,1088,cube61_cluster0,True,1.3132112655388437,1.1618617713043013,0.03974387235726125
cube60_cluster0,11,1088,cube67_cluster0,True,1.575580784083152,1.2847713340923437,0.07636559156787842
cube60_cluster0,11,1088,cube61_cluster0,True,1.2744122178676431,1.1765054519855513,0.025709990151007937
cube60_cluster0,11,1088,cube61_cluster0,True,1.5443514164410121,1.1283868305711495,0.10923091279270203
cube60_cluster0,11,1088,cube66_cluster0,True,1.8896298519509598,1.2256279754628423,0.17436467797658964
cube60_cluster0,11,1088,cube67_cluster0,True,2.4290460357436148,2.2443787130258808,0.048493022984781975
cube60_cluster0,11,1088,cube67_cluster0,True,1.5071948279581582,1.2973378039970647,0.05510775451062501
cube60_cluster0,11,1088,cube61_cluster0,True,1.1438387422660068,0.895912880806147,0.06510450425856687
cube60_cluster0,11,1088,cube66_cluster0,True,1.365621703785243,0.8841198228608856,0.12644078787328578
cube60_cluster0,11,1088,cube68_cluster0,True,1.739263503965964,1.1955798231221024,0.14276952112373034
cube60_cluster0,11,1088,cube61_cluster0,True,1.6171820100305763,1.4339418886468007,0.048118244674938034
cube60_cluster0,11,1088,cube67_cluster0,True,1.5014295186027746,0.9315846023917665,0.14963937426991175
cube60_cluster0,11,1088,cube61_cluster0,True,1.1013175901208672,0.9745199297488156,0.033296642678017185
cube60_cluster0,11,1088,cube61_cluster0,True,1.0511466013041446,0.7656573196949336,0.07496853309638021
cube60_cluster0,11,1088,cube59_cluster1,True,2.5446868708888988,1.3397883689243628,0.31640232765709847
cube60_cluster0,11,1088,cube59_cluster0,True,1.2566513610393726,0.7939945646957598,0.12149213152047213
cube60_cluster0,11,1088,cube50_cluster0,True,1.4892299975793133,1.4466865854327826,0.011171758125427379
cube60_cluster0,11,1088,cube68_cluster0,True,1.4271305196686412,0.6768143159921741,0.19703053239339097
cube60_cluster0,11,1088,cube66_cluster1,True,1.7410219426172646,1.4935005940564492,0.06499828052053724
cube60_cluster0,11,1088,cube66_cluster1,True,1.3011994924421173,0.7499356837444905,0.1447600374144878
cube60_cluster0,11,1088,cube67_cluster0,True,1.0479892872155423,0.8575569007126117,0.05000690950530944
cube60_cluster0,11,1088,cube66_cluster0,True,2.15724036076475,1.2621563761150587,0.23504606880164297
cube60_cluster0,11,1088,cube61_cluster0,True,1.656837230545725,1.5571499652746312,0.02617754335167485
cube60_cluster0,11,1088,cube59_cluster0,True,2.273360293383024,1.9981575367004523,0.07226732596151794
cube60_cluster0,11,1088,cube67_cluster0,True,1.354347934081222,0.7350150042459371,0.16263476157956266
cube60_cluster0,11,1088,cube61_cluster0,True,0.9174371394790798,0.8411210847043985,0.020040341430374267
cube60_cluster0,11,1088,cube67_cluster0,True,1.015587455282615,0.8859603823236822,0.03403963698577992
cube60_cluster0,11,1088,cube61_cluster0,True,1.1835818418300659,1.0074480121593505,0.046252156174241416
cube60_cluster0,11,1088,cube66_cluster1,True,1.6065752179179127,0.9665520863059227,0.16806793955361682
cube60_cluster0,11,1088,cube61_cluster0,True,1.0862237604609506,0.8614765514433912,0.05901786743999557
cube60_cluster0,11,1088,cube51_cluster0,True,2.0456909201986564,1.96640846232249,0.020819308990337876
cube60_cluster0,11,1088,cube66_cluster0,True,1.4958348610114058,0.8370745524362071,0.17298825972599324
cube60_cluster0,11,1088,cube50_cluster0,True,1.4174718402327777,1.049927406522256,0.09651594234187376
cube60_cluster0,11,1088,cube61_cluster0,True,1.1742975126723207,1.1536309808181984,0.005426962331335317
cube60_cluster0,11,1088,cube68_cluster0,True,1.7165797723894796,0.9962878240732179,0.18914626308219903
cube60_cluster0,11,1088,cube59_cluster1,True,2.8998601601638097,1.5574508417453174,0.35251220938831535
cube60_cluster0,11,1088,cube59_cluster0,True,1.2428579008377025,1.1500544929442933,0.02436986536551448
cube60_cluster0,11,1088,cube67_cluster0,True,1.5456402514912804,1.1675268735941322,0.09929131183239452
cube60_cluster0,11,1088,cube59_cluster1,True,2.3119473384890457,1.0385666550905546,0.33438552007821154
cube60_cluster0,11,1088,cube50_cluster0,True,2.2291298104439647,1.9681265440135027,0.06853858718394744
cube60_cluster0,11,1088,cube61_cluster0,True,1.4252073410988573,1.0314865409367278,0.10338976886036473
cube60_cluster0,11,1088,cube67_cluster0,True,1.5711531637061216,1.0223670886380778,0.14410939282788063
cube60_cluster0,11,1088,cube52_cluster0,True,1.3137979218262155,1.0599394769394694,0.06666238087823749
cube60_cluster0,11,1088,cube68_cluster0,True,1.009870988063355,0.638176868847969,0.09760563591410677
cube60_cluster0,11,1088,cube50_cluster0,True,2.0383267467345463,1.4334578275841325,0.1588365606186613
cube60_cluster0,11,1088,cube59_cluster0,True,1.437836220623204,1.1452221240847509,0.0768394857318617
cube60_cluster0,11,1088,cube62_cluster3,False,3.1019282338609577,2.3706610485547728,0.19202832370766926
cube60_cluster0,11,1088,cube61_cluster1,False,2.3080186029839562,1.8310313754572498,0.1252552549497634
cube60_cluster0,11,1088,cube62_cluster3,False,2.5033495046281304,1.853184150018542,0.17073125348323442
cube60_cluster0,11,1088,cube67_cluster0,True,1.643786781405703,1.5345133888304725,0.028694828407055704
cube60_cluster0,11,1088,cube67_cluster0,True,2.5566653669633506,1.9456445285790633,0.1604520340896486
cube60_cluster0,11,1088,cube61_cluster0,True,1.4394926151038363,1.042217456026352,0.10432313165591423
cube60_cluster0,11,1088,cube50_cluster0,True,2.406913561674021,1.6367088819962112,0.20225317985300442
cube60_cluster0,11,1088,cube50_cluster0,True,2.214323820425771,1.7716791262193867,0.11623702024993207
cube60_cluster0,11,1088,cube59_cluster0,True,1.722140949446349,1.1393330458778579,0.1530434115117291
cube60_cluster0,11,1088,cube61_cluster0,True,1.4968276834784506,1.2184154477337974,0.07311012445795032
cube60_cluster0,11,1088,cube68_cluster0,True,1.7273704227901832,1.1006464160670038,0.16457563371726516
cube60_cluster0,11,1088,cube67_cluster0,True,1.5205391480620878,0.9829086137802429,0.14117998502691476
cube60_cluster0,11,1088,cube50_cluster0,True,2.4775268089908535,2.3277246327195606,0.039337551821216475
cube60_cluster0,11,1088,cube52_cluster0,True,2.037084293334972,1.5208296487201518,0.13556674769998595
cube60_cluster0,11,1088,cube68_cluster0,True,2.1512343354457535,1.6937743504208522,0.12012746620222818
cube60_cluster0,11,1088,cube61_cluster0,True,1.0620572942405753,1.0211131696928075,0.010751790536442348
cube60_cluster0,11,1088,cube61_cluster0,True,0.7953018063175488,0.6595259130023411,0.0356542967018462
cube60_cluster0,11,1088,cube51_cluster0,True,1.3446391614660809,1.2220363455585213,0.03219509051361437
cube60_cluster0,11,1088,cube66_cluster0,True,1.5886279765869018,1.0425172678390588,0.1434068505559243
cube60_cluster0,11,1088,cube66_cluster0,True,1.6435054662377075,1.1725206500042962,0.1236790417652858
cube60_cluster0,11,1088,cube66_cluster0,True,2.0505376497481285,0.7285349500696309,0.3471534993738055
cube60_cluster0,11,1088,cube59_cluster0,True,1.2343251939789321,1.2124619542579105,0.005741213825544281
cube60_cluster0,11,1088,cube61_cluster0,True,1.4597807135616756,1.4055539095064291,0.014239777870510105
cube60_cluster0,11,1088,cube61_cluster0,True,1.3566013564136694,1.3509633257326124,0.0014805280511014324
cube60_cluster0,11,1088,cube51_cluster0,True,1.264148403861085,1.2356639777221783,0.007479915293804616
cube60_cluster0,11,1088,cube66_cluster0,True,2.381803114684891,1.3378034712706282,0.2741508240825882
cube60_cluster0,11,1088,cube66_cluster0,True,1.7501468681871104,1.1886161350714937,0.14745609752115657
cube60_cluster0,11,1088,cube67_cluster0,True,1.8390308118756729,1.3084407065471688,0.1393311918672341
cube60_cluster0,11,1088,cube66_cluster1,True,1.340869414599898,1.24819908743751,0.0243349188094413
cube60_cluster0,11,1088,cube66_cluster0,True,1.9678351918891912,1.063430170491348,0.23749374196123618
cube60_cluster0,11,1088,cube61_cluster0,True,0.9830081574892842,0.818339039745762,0.04324156106289584
cube60_cluster0,11,1088,cube59_cluster0,True,1.2305194497967422,0.8297097291013713,0.10525129574718277
cube60_cluster0,11,1088,cube50_cluster0,True,1.6044653682388157,1.5772424403234302,0.007148650068056018
cube60_cluster0,11,1088,cube62_cluster3,False,2.529576289158862,1.9902117654311948,0.14163532487163727
cube60_cluster0,11,1088,cube66_cluster1,True,1.9969302769267732,1.4012027485961471,0.1564360618806446
cube60_cluster0,11,1088,cube68_cluster0,True,2.2403960207998748,1.7649683283648532,0.12484572623654193
cube60_cluster0,11,1088,cube67_cluster0,True,1.98070777877887,1.5952886736835383,0.10120977142626418
cube60_cluster0,11,1088,cube68_cluster0,True,2.2966314222784354,1.6580885209405167,0.16767923602097815
cube60_cluster0,11,1088,cube66_cluster0,True,2.21212271172367,0.8847767319665539,0.34855662689985206
cube60_cluster0,11,1088,cube59_cluster0,True,1.491057365265744,1.4515975697477876,0.010362010684217778
cube60_cluster0,11,1088,cube59_cluster0,True,1.7877406179341013,1.4637469078132694,0.08507966759137667
cube60_cluster0,11,1088,cube66_cluster0,True,1.8514949709214732,0.862266749017484,0.2597680314849684
cube60_cluster0,11,1088,cube67_cluster0,True,1.7512078232837383,1.3868800611656862,0.09567125511095226
cube60_cluster0,11,1088,cube50_cluster0,True,1.5786610557528449,1.1407162886734354,0.11500283506307275
cube60_cluster0,11,1088,cube61_cluster0,True,1.1408175146127892,1.0654915291041827,0.01978035254349539
cube60_cluster0,11,1088,cube68_cluster0,True,1.4621698859124341,1.2289743784008857,0.061236362445078366
cube60_cluster0,11,1088,cube59_cluster1,True,2.467270183717335,1.2643848453641855,0.3158736776076888
cube60_cluster0,11,1088,cube67_cluster0,True,1.606272176855954,1.3745500275001754,0.06084946350778361
cube60_cluster0,11,1088,cube50_cluster0,True,1.8667973774326951,1.7063754790493453,0.0421262554255847
cube60_cluster0,11,1088,cube61_cluster0,True,1.6602053770389988,1.4208277306384656,0.06285977149669976
cube60_cluster0,11,1088,cube66_cluster0,True,2.2118459326181648,1.6344320490354234,0.15162695985531363
cube60_cluster0,11,1088,cube59_cluster0,True,1.616045561161772,1.3928773609130662,0.058603225004104316
cube60_cluster0,11,1088,cube68_cluster0,True,1.5510773462609246,0.8425365268292229,0.18606045583319747
cube60_cluster0,11,1088,cube61_cluster0,True,1.3500393945930287,1.0207236147380017,0.0864772253517251
cube60_cluster0,11,1088,cube66_cluster1,True,1.5177185814932324,1.2360942117370657,0.07395362013524787
cube60_cluster0,11,1088,cube59_cluster0,True,1.556004806365464,1.268222859416787,0.07557057936730095
cube60_cluster0,11,1088,cube59_cluster1,True,3.1924465176756454,1.3936572389813662,0.47235606469386643
cube60_cluster0,11,1088,cube50_cluster0,True,1.5482268142675897,1.2954747123476522,0.06637185890537875
cube60_cluster0,11,1088,cube59_cluster0,True,1.1344807458334174,1.084922833374886,0.013013742510377523
cube60_cluster0,11,1088,cube66_cluster1,True,2.029663065589473,1.782900885103787,0.06479892551622589
cube60_cluster0,11,1088,cube66_cluster1,True,1.8188876176961182,1.7223930052002712,0.02533916338204092
cube60_cluster0,11,1088,cube67_cluster0,True,2.3434663229692196,1.801227958236169,0.14238998593390706
cube60_cluster0,11,1088,cube61_cluster0,True,1.7023597816298204,1.5725498920994325,0.034087644007656355
cube60_cluster0,11,1088,cube61_cluster0,True,1.4346885521172879,1.2583851929748762,0.04629667404804053
cube60_cluster0,11,1088,cube61_cluster0,True,1.6321420926348442,1.624968711699557,0.0018837059066762157
cube60_cluster0,11,1088,cube59_cluster1,True,3.112778245604608,1.9424083964210606,0.3073352186077006
cube60_cluster0,11,1088,cube67_cluster0,True,2.387709781156339,2.0437314821291244,0.09032755397926744
cube60_cluster0,11,1088,cube67_cluster0,True,1.8320863658727125,1.7718379100226311,0.015821043546515038
cube60_cluster0,11,1088,cube52_cluster0,True,1.3384595657260956,0.9038215257763991,0.11413449954845292
cube60_cluster0,11,1088,cube61_cluster0,True,1.0317122820596891,0.9734628294703797,0.015296111957944636
cube60_cluster0,11,1088,cube61_cluster0,True,1.1957021236338343,1.1223227579855246,0.01926917666116402
cube60_cluster0,11,1088,cube67_cluster0,True,1.4198179593442601,1.0041912313753538,0.1091421924348415
cube60_cluster0,11,1088,cube66_cluster1,True,1.4709466478470066,1.369572164720082,0.02662060113287306
cube60_cluster0,11,1088,cube66_cluster1,True,1.3024242003283064,1.2079382215685217,0.024811702862781854
cube60_cluster0,11,1088,cube67_cluster0,True,2.307340290571366,1.7807269603056153,0.1382869040003538
cube60_cluster0,11,1088,cube67_cluster0,True,2.375130489751529,1.9305959579379077,0.11673328530200805
cube60_cluster0,11,1088,cube66_cluster1,True,1.8727547510753124,1.1077581503480065,0.2008855556922352
cube60_cluster0,11,1088,cube59_cluster2,True,1.704015595410746,0.9611229015155558,0.19508114348606678
cube60_cluster0,11,1088,cube66_cluster0,True,2.343787319464262,1.4716936446427962,0.2290088901253079
cube60_cluster0,11,1088,cube67_cluster0,True,0.8557490636366536,0.7119293684859077,0.03776657223362509
cube60_cluster0,11,1088,cube50_cluster0,True,2.5747310175092633,2.237945596512847,0.08843872820034292
cube60_cluster0,11,1088,cube51_cluster0,True,1.5043165780102832,1.2856021935412947,0.05743366783612645
cube60_cluster0,11,1088,cube61_cluster0,True,0.815949359887641,0.7817910592213904,0.008969855819383208
cube60_cluster0,11,1088,cube68_cluster0,True,1.3278639783169575,0.9880902801405901,0.08922343982035036
cube60_cluster0,11,1088,cube66_cluster0,True,1.2337436938468336,0.71597881252295,0.13596333082236656
cube60_cluster0,11,1088,cube61_cluster0,True,1.1276570475549865,1.0150656152264765,0.02956613457889068
cube60_cluster0,11,1088,cube67_cluster0,True,0.7946226730848573,0.7941040219104105,0.00013619606844020622
cube60_cluster0,11,1088,cube67_cluster0,True,1.1235920591151578,0.6775059641168567,0.1171407206190404
cube60_cluster0,11,1088,cube67_cluster0,True,1.1342894816381865,0.7951867750271565,0.08904723967339619
cube60_cluster0,11,1088,cube59_cluster0,True,0.932703900777964,0.8368765331363994,0.025163947108912538
cube60_cluster0,11,1088,cube62_cluster0,False,2.4564136406271535,2.047880245402429,0.10727950691614743
cube60_cluster0,11,1088,cube61_cluster0,True,1.6131309838267747,1.5473409532787057,0.017276242578192966
cube60_cluster0,11,1088,cube61_cluster0,True,1.7118172814138444,1.3281482230496209,0.10075021499198485
cube60_cluster0,11,1088,cube51_cluster0,True,1.1056588173909758,0.9794090252956457,0.033152774295973804
cube60_cluster0,11,1088,cube51_cluster0,True,1.2399452077522966,1.0715357802820242,0.04422375392127578
cube60_cluster0,11,1088,cube61_cluster0,True,1.0271465375537656,0.8146653131745851,0.05579686078735095
cube60_cluster0,11,1088,cube59_cluster0,True,1.1309170939707778,0.9839107314566025,0.03860338045408021
cube60_cluster0,11,1088,cube59_cluster1,True,2.641807853648016,1.4352715558710942,0.31683240737453605
cube60_cluster0,11,1088,cube66_cluster1,True,1.1176998949521628,0.9945299195024592,0.03234402471761141
cube60_cluster0,11,1088,cube66_cluster1,True,1.4050827661622423,0.7869592207801375,0.16231718125607936
cube60_cluster0,11,1088,cube67_cluster0,True,1.9083530927113603,1.7218094603440328,0.04898573564030351
cube60_cluster0,11,1088,cube66_cluster1,True,1.563484765925751,1.1753806113668106,0.10191485645938111
cube60_cluster0,11,1088,cube50_cluster0,True,2.628195596588995,2.573462359775745,0.014372765423547035
cube60_cluster0,11,1088,cube61_cluster0,True,1.759080014808772,1.753598040129192,0.0014395482656409195
cube60_cluster0,11,1088,cube66_cluster0,True,2.1404790591995235,1.7746597415957859,0.09606293260638542
cube60_cluster0,11,1088,cube61_cluster0,True,1.9653081671337753,1.9468593746624074,0.0048445913667302075
cube60_cluster0,11,1088,cube67_cluster0,True,1.8669396601161279,1.2062791754653406,0.1734872396253742
cube60_cluster0,11,1088,cube67_cluster0,True,1.100896681876863,0.9349767688959804,0.04357001572017863
cube60_cluster0,11,1088,cube51_cluster0,True,2.20458574146968,2.13043539058343,0.01947163481301324
cube60_cluster0,11,1088,cube67_cluster0,True,2.069635380009255,1.4948063653431207,0.15094818189968545
cube60_cluster0,11,1088,cube68_cluster0,True,1.7552956399299082,1.2869884276978127,0.12297591188573247
cube60_cluster0,11,1088,cube59_cluster0,True,1.177850749619781,1.0593793795668,0.031110186612707667
cube60_cluster0,11,1088,cube66_cluster0,True,1.918076366758192,1.1660072925277911,0.19749083035412537
cube60_cluster0,11,1088,cube67_cluster0,True,2.204597434018086,1.7841760514660006,0.11040125273573505
cube60_cluster0,11,1088,cube66_cluster1,True,1.6213452655167053,1.3512586094077268,0.07092385501573006
cube60_cluster0,11,1088,cube67_cluster0,True,1.1588500503152674,0.9762598096123276,0.04794758817583828
cube60_cluster0,11,1088,cube59_cluster0,True,0.980814217760003,0.9470311695109114,0.008871315786297879
cube60_cluster0,11,1088,cube67_cluster0,True,1.1806487707819555,1.0207532080473998,0.04198804143981259
cube60_cluster0,11,1088,cube51_cluster0,True,1.3836484266629996,1.005590650848344,0.0992767109109936
cube60_cluster0,11,1088,cube59_cluster1,True,2.7363384333439935,1.859976666194102,0.23012967693446026
cube60_cluster0,11,1088,cube61_cluster0,True,1.395823058441418,1.2194726349058342,0.04630903300070345
cube60_cluster0,11,1088,cube50_cluster0,True,2.0026033558881733,1.8334449491526417,0.0444204333781002
cube60_cluster0,11,1088,cube59_cluster1,True,2.2819842650351774,1.1467059931777615,0.2981202874503924
cube60_cluster0,11,1088,cube59_cluster0,True,1.5785207039473306,1.4175672588939796,0.04226583780814432
cube60_cluster0,11,1088,cube51_cluster0,True,1.4260419920037184,1.3034692368776422,0.03218719665266507
cube60_cluster0,11,1088,cube59_cluster1,True,2.604092542453222,1.3554554213644794,0.327887943148231
cube60_cluster0,11,1088,cube61_cluster0,True,1.0063494248320712,0.8334128365557949,0.045412571248513035
cube60_cluster0,11,1088,cube50_cluster0,True,1.5882257501198087,1.454854236133346,0.03502291470996458
cube60_cluster0,11,1088,cube66_cluster0,True,2.248593913201943,1.1315520847175877,0.2933314582485837
cube60_cluster0,11,1088,cube51_cluster0,True,1.7273937083338167,1.4983491628554322,0.060146333660771725
cube60_cluster0,11,1088,cube66_cluster1,True,2.036348482644453,1.6297127761275194,0.10678118019125354
cube60_cluster0,11,1088,cube59_cluster0,True,0.7867815041976414,0.6515443766828533,0.03551281859971822
cube60_cluster0,11,1088,cube67_cluster0,True,1.6745998055177609,1.3119907606048231,0.09521992570569877
cube60_cluster0,11,1088,cube59_cluster0,True,1.3276997167641849,1.223035927424132,0.027484361972905522
cube60_cluster0,11,1088,cube66_cluster1,True,1.7254690428631203,1.2179955964473472,0.13326083434274733
cube60_cluster0,11,1088,cube61_cluster0,True,1.2651365169047002,1.1456216388913207,0.031384208322470346
cube60_cluster0,11,1088,cube67_cluster0,True,1.8561380993545102,1.3180051542874804,0.14131191642330485
cube60_cluster0,11,1088,cube61_cluster0,True,0.7560110690937861,0.49121548267157117,0.06953443776443599
cube60_cluster0,11,1088,cube61_cluster0,True,1.1521612354119362,0.7030141819028792,0.11794451811408738
cube60_cluster0,11,1088,cube67_cluster0,True,1.819022087088169,1.4666608774610068,0.09252887834147741
cube60_cluster0,11,1088,cube66_cluster0,True,2.3168102385389284,1.6997502847264818,0.1620378856575143
cube60_cluster0,11,1088,cube59_cluster2,True,1.5022331220260423,1.4165913804303805,0.02248923568358185
cube60_cluster0,11,1088,cube59_cluster0,True,1.7779664304807088,1.5563409842099343,0.05819810295538089
cube60_cluster0,11,1088,cube50_cluster0,True,2.526397270963219,2.1467878409551884,0.09968417012660587
cube60_cluster0,11,1088,cube50_cluster0,True,1.9152915283262621,1.4654843138643165,0.11811787417833822
cube60_cluster0,11,1088,cube61_cluster0,True,1.0879679079865505,0.44883571519861654,0.16783398199016084
cube60_cluster0,11,1088,cube68_cluster0,True,2.323348203619161,1.6534019036296606,0.1759256637603303
cube60_cluster0,11,1088,cube67_cluster0,True,1.89985504855897,1.5781126728111494,0.08448847469438676
cube60_cluster0,11,1088,cube67_cluster0,True,2.1078553005312504,1.6648312386614876,0.11633664093294814
cube60_cluster0,11,1088,cube61_cluster0,True,1.6791472811620487,1.4154429365793062,0.06924788129724564
cube60_cluster0,11,1088,cube66_cluster0,True,2.24189777831244,0.8800237986705134,0.35762356450089133
cube60_cluster0,11,1088,cube50_cluster0,True,1.828141070232646,1.782240102806164,0.012053440942761652
cube60_cluster0,11,1088,cube59_cluster0,True,1.2307103432562065,1.0110733346810554,0.05767594584897685
cube60_cluster0,11,1088,cube50_cluster0,True,1.8373836151239569,1.505670692418216,0.08710670706861313
cube60_cluster0,11,1088,cube67_cluster0,True,1.3566751602752634,1.1159097021484543,0.06322420622695092
cube60_cluster0,11,1088,cube52_cluster0,True,1.7063597911887132,1.2736221713932367,0.11363545555483744
cube60_cluster0,11,1088,cube67_cluster0,True,1.5972382666736642,1.06170281674583,0.14062982286373987
cube60_cluster0,11,1088,cube61_cluster0,True,1.0728278191904872,0.9102716551484443,0.042686706468679246
cube60_cluster0,11,1088,cube61_cluster0,True,0.8723773485207093,0.8254309410728587,0.012327970005290654
cube60_cluster0,11,1088,cube67_cluster0,True,1.7038817531022121,1.1941355132084754,0.1338576623291205
cube60_cluster0,11,1088,cube51_cluster0,True,1.5256445077954832,1.3144822910205816,0.055450493790038906
cube60_cluster0,11,1088,cube61_cluster0,True,0.9702336913011114,0.9635353098750117,0.0017589726199322602
cube60_cluster0,11,1088,cube50_cluster0,True,1.7478549949066733,1.4639634481059383,0.07454897326494515
cube60_cluster0,11,1088,cube51_cluster0,True,1.3624558349247182,1.1150116042083373,0.06497802963181656
cube60_cluster0,11,1088,cube66_cluster0,True,1.9278439735584025,1.0849181547065758,0.22134950843754442
cube60_cluster0,11,1088,cube67_cluster0,True,1.790558512538291,1.3188815129653562,0.12386080680145574
cube60_cluster0,11,1088,cube67_cluster0,True,1.3353167941769777,0.9143229351510332,0.1105515831482657
cube60_cluster0,11,1088,cube61_cluster0,True,1.2074739482705719,1.1187525720854021,0.02329793745461475
cube60_cluster0,11,1088,cube59_cluster0,True,1.0274141576435758,0.9103744270364624,0.03073424286947979
cube60_cluster0,11,1088,cube59_cluster0,True,1.8875798757062816,1.7682429872604846,0.031337468855710336
cube60_cluster0,11,1088,cube50_cluster0,True,2.310745219212471,2.216239456529693,0.02481689805497032
cube60_cluster0,11,1088,cube61_cluster0,True,1.643140399142419,1.6424547768955529,0.00018004211512274128
cube60_cluster0,11,1088,cube61_cluster0,True,0.9758828396594939,0.7873726282736058,0.04950215273102082
cube60_cluster0,11,1088,cube66_cluster1,True,1.7130058972626387,1.3493965650004442,0.09548259782713867
cube60_cluster0,11,1088,cube66_cluster0,True,2.221507068198908,1.8204174895579843,0.1053247855102142
cube60_cluster0,11,1088,cube66_cluster1,True,1.5701329321567254,1.4658848728306728,0.027375192657903377
cube60_cluster0,11,1088,cube59_cluster0,True,1.661624525748429,1.5607314633095495,0.026494181665979066
cube60_cluster0,11,1088,cube51_cluster0,True,1.2866235605599945,0.7574856941418796,0.13894983877333272
cube60_cluster0,11,1088,cube61_cluster0,True,0.9761046027377723,0.9390681023354533,0.009725661469792167
cube60_cluster0,11,1088,cube50_cluster0,True,1.7691180578325998,0.9489079191949292,0.21538444658183234
cube60_cluster0,11,1088,cube61_cluster0,True,1.6630086508270157,1.2220580712437512,0.11579215140064798
cube60_cluster0,11,1088,cube61_cluster0,True,0.9065884001478492,0.8755265831757816,0.00815672952966311
cube60_cluster0,11,1088,cube67_cluster0,True,2.1818170430824364,1.6548300549026742,0.13838502532223107
cube60_cluster0,11,1088,cube50_cluster0,True,1.8110524325852522,1.32789681013914,0.12687505488081655
cube60_cluster0,11,1088,cube59_cluster0,True,1.7197642173934156,1.3862366581528434,0.08758322456990979
cube60_cluster0,11,1088,cube67_cluster0,True,1.5724531702862508,1.3113260614040814,0.06857110779868726
cube60_cluster0,11,1088,cube59_cluster1,True,2.787315507904088,0.44995439805952153,0.613783231138723
cube60_cluster0,11,1088,cube52_cluster0,True,1.5767869371184133,0.7248503296592289,0.22371571147020283
cube60_cluster0,11,1088,cube66_cluster0,True,2.001128932611893,1.091170127740997,0.23895214697652364
cube60_cluster0,11,1088,cube67_cluster0,True,1.1561225598493954,0.8309798144909935,0.08538140041213661
cube60_cluster0,11,1088,cube50_cluster0,True,2.1148864010329054,1.8700403019657028,0.06429576892685322
cube60_cluster0,11,1088,cube52_cluster0,True,1.4311849493446032,0.4847242075442103,0.24853743386139798
cube60_cluster0,11,1088,cube61_cluster0,True,1.1466953909880078,0.6315059800236812,0.13528702089647068
cube60_cluster0,11,1088,cube51_cluster0,True,1.1907228346547631,1.1120667266651942,0.020654831599317736
cube60_cluster0,11,1088,cube61_cluster0,True,1.1198128113916734,0.8011140512383884,0.08368923139129164
cube60_cluster0,11,1088,cube66_cluster1,True,1.3343250102828992,1.0249694521861803,0.08123573769564164
cube60_cluster0,11,1088,cube68_cluster0,True,2.0009588000172096,1.4054813044534618,0.15637040411005082
cube60_cluster0,11,1088,cube59_cluster0,True,1.849413457011946,1.827203247055754,0.005832327051975093
cube60_cluster0,11,1088,cube67_cluster0,True,1.9026686561571693,1.259884497378064,0.16879297607824972
cube60_cluster0,11,1088,cube61_cluster0,True,1.0128691147283282,0.6145345920429207,0.10460131700583009
cube60_cluster0,11,1088,cube51_cluster0,True,1.3320840476967373,0.746103411613234,0.15387656048746973
cube60_cluster0,11,1088,cube59_cluster0,True,1.8954127254889255,1.525724485715188,0.0970788986633738
cube60_cluster0,11,1088,cube67_cluster0,True,1.300515566179375,0.6888484074326127,0.16062175566102235
cube60_cluster0,11,1088,cube51_cluster0,True,1.0899501967975518,1.0709537890390692,0.004988393314546714
cube60_cluster0,11,1088,cube68_cluster0,True,1.3269013760958548,0.9411448812742499,0.10129836884301453
cube60_cluster0,11,1088,cube67_cluster0,True,2.237542703438998,1.5358706507750943,0.18425674059085834
cube60_cluster0,11,1088,cube59_cluster0,True,1.470244224412239,0.7800452485589117,0.18124394888903753
cube60_cluster0,11,1088,cube50_cluster0,True,1.7524132825628582,1.4675818265730276,0.07479579028291909
cube60_cluster0,11,1088,cube67_cluster0,True,1.7417984862858473,1.3027300446265393,0.11529790825971906
cube60_cluster0,11,1088,cube61_cluster0,True,1.3669960736427826,1.2267852228902565,0.03681890173201249
cube60_cluster0,11,1088,cube50_cluster0,True,1.766809437186243,1.1530364583959767,0.1611747369804491
cube60_cluster0,11,1088,cube66_cluster0,True,1.8433492583724422,0.7576398212071067,0.2851036767979162
cube60_cluster0,11,1088,cube66_cluster0,True,1.9231840084887422,1.3277186578685558,0.1563672148883812
cube60_cluster0,11,1088,cube66_cluster0,True,1.6678100503213105,0.9435389974145623,0.19019116267529196
cube60_cluster0,11,1088,cube51_cluster0,True,1.436168654975425,1.3761367827843067,0.015764169400089675
cube60_cluster0,11,1088,cube50_cluster0,True,1.7122857177981265,1.524387034099299,0.04934156760015937
cube60_cluster0,11,1088,cube59_cluster0,True,1.3150818631045746,1.1388913783331205,0.046267033614721405
cube60_cluster0,11,1088,cube68_cluster0,True,1.7945574069015446,1.0652620952937777,0.19151051625168186
cube60_cluster0,11,1088,cube68_cluster0,True,1.57724502475984,1.4127652243546285,0.04319184696132657
cube60_cluster0,11,1088,cube61_cluster0,True,1.4183851587821046,1.1220415804140853,0.07781883522055773
cube60_cluster0,11,1088,cube67_cluster0,True,2.225532708779013,2.1239934180286046,0.026663879065081397
cube60_cluster0,11,1088,cube61_cluster0,True,1.0695752530736649,0.8674802172572512,0.05306948231407131
cube60_cluster0,11,1088,cube66_cluster0,True,1.831645600338688,1.3075828903395146,0.1376171196259865
cube60_cluster0,11,1088,cube59_cluster0,True,1.0369152664161947,1.0069619840018849,0.00786563205233117
cube60_cluster0,11,1088,cube59_cluster0,True,1.2172491884023537,1.208551835785962,0.002283895786901661
cube60_cluster0,11,1088,cube67_cluster0,True,0.8086152270169636,0.6461556010369376,0.04266135589559793
cube60_cluster0,11,1088,cube61_cluster0,True,1.4848510495383676,1.4348661018404651,0.013125880539853259
cube60_cluster0,11,1088,cube61_cluster0,True,1.192868855913501,0.8812014158782111,0.08184283018139013
cube60_cluster0,11,1088,cube61_cluster0,True,1.035687709840496,0.6828980792498377,0.0926413802574863
cube60_cluster0,11,1088,cube59_cluster0,True,1.3669735573542559,1.3019429627154597,0.01707681724152889
cube60_cluster0,11,1088,cube66_cluster0,True,2.064231262971399,0.9508172944080377,0.2923787943341171
cube61_cluster0,10,650,cube68_cluster0,True,1.5114494971927483,1.1869085927143523,0.08522335900449722
cube61_cluster0,10,650,cube62_cluster0,True,1.526425226343219,0.5317347190747977,0.2612024094021255
cube61_cluster0,10,650,cube68_cluster0,True,1.3449775593119537,1.3129246308090903,0.008416992111781258
cube61_cluster0,10,650,cube68_cluster0,True,1.7595061902291373,1.2304469143355885,0.13892920116372165
cube61_cluster0,10,650,cube69_cluster0,True,1.3635623381330408,0.6467773657795678,0.1882253428919468
cube61_cluster0,10,650,cube62_cluster1,True,1.3283776448983295,1.16637061232143,0.04254250637756968
cube61_cluster0,10,650,cube51_cluster0,True,1.468178196995901,1.2130568314801393,0.06699401962292444
cube61_cluster0,10,650,cube67_cluster0,True,1.478117374322331,1.2379878965654882,0.06305719990312078
cube61_cluster0,10,650,cube69_cluster0,True,1.798533226411719,1.1799191829929416,0.16244598440444533
cube61_cluster0,10,650,cube59_cluster2,False,1.7626938888215966,1.5351389494252978,0.05975516807222163
cube61_cluster0,10,650,cube68_cluster0,True,1.325100759176567,1.0793537708414669,0.06453233944367211
cube61_cluster0,10,650,cube52_cluster0,True,1.2087541115639993,1.202723675608029,0.0015835723674193667
cube61_cluster0,10,650,cube68_cluster0,True,1.384324704396487,1.0339999567720415,0.09199411021221655
cube61_cluster0,10,650,cube67_cluster0,True,2.498176024921058,1.9477780484827836,0.14453267275117965
cube61_cluster0,10,650,cube60_cluster0,True,1.9435543111275075,1.7004241630521637,0.06384516591997391
cube61_cluster0,10,650,cube62_cluster3,True,2.505939153123577,1.8170432875667777,0.18090175647171514
cube61_cluster0,10,650,cube62_cluster3,True,2.601205236046806,1.339236502313711,0.33138878016082446
cube61_cluster0,10,650,cube62_cluster3,True,1.9978430928896966,1.679576684131418,0.08357569735707819
cube61_cluster0,10,650,cube51_cluster0,True,1.513863697681877,1.183598777365488,0.08672646647100511
cube61_cluster0,10,650,cube60_cluster0,True,0.9278442426622089,0.8703414272208374,0.015100047533316618
cube61_cluster0,10,650,cube68_cluster0,True,1.8384481422346826,1.5920150811596634,0.06471249985676797
cube61_cluster0,10,650,cube62_cluster1,True,1.6997331277412644,1.4473612755367984,0.06627200659842512
cube61_cluster0,10,650,cube60_cluster0,True,1.2782074418263945,1.192235452088992,0.022575957744054832
cube61_cluster0,10,650,cube60_cluster0,True,0.9471322648707396,0.8927142818179887,0.014289980837574073
cube61_cluster0,10,650,cube68_cluster0,True,2.035048724329216,1.8611271261024462,0.04567123157599568
cube61_cluster0,10,650,cube67_cluster0,True,2.0098413936890336,1.7521048613111736,0.06768075371797935
cube61_cluster0,10,650,cube62_cluster3,True,2.431203116712209,0.8046800644144355,0.4271195282389781
cube61_cluster0,10,650,cube68_cluster0,True,1.076626250576942,0.6755527184572948,0.10532057174725036
cube61_cluster0,10,650,cube69_cluster0,True,2.130283793270931,1.6636253643875296,0.12254294687790943
cube61_cluster0,10,650,cube60_cluster0,True,1.8523975651818847,1.7288794523847877,0.03243544442381905
cube61_cluster0,10,650,cube60_cluster0,True,1.4207049119355497,1.2276426326089644,0.05069751058875035
cube61_cluster0,10,650,cube68_cluster0,True,1.1886645960108435,0.9963447458865666,0.050502551156608996
cube61_cluster0,10,650,cube44_cluster0,False,1.7734869269179632,1.3114241242448164,0.12133615076388342
cube61_cluster0,10,650,cube69_cluster0,True,2.1555913195139675,1.2669081043209132,0.23336524809220205
cube61_cluster0,10,650,cube68_cluster0,True,1.8049937031282322,1.7567287854257756,0.012674206400237543
cube61_cluster0,10,650,cube52_cluster0,True,1.8206167844722587,1.5030742618495827,0.08338560727240303
cube61_cluster0,10,650,cube68_cluster0,True,1.9480764408234474,1.4952072249943227,0.1189219455240035
cube61_cluster0,10,650,cube62_cluster3,True,2.039987748832367,1.4734407523894553,0.1487733515390754
cube61_cluster0,10,650,cube69_cluster0,True,1.5989187207568312,1.0461972508627329,0.14514281438262833
cube61_cluster0,10,650,cube52_cluster0,True,1.222877407240723,0.9693485284325246,0.06657583792528395
cube61_cluster0,10,650,cube69_cluster0,True,1.9293103578011639,1.248616180401568,0.17874802051849936
cube61_cluster0,10,650,cube68_cluster0,True,0.8709177526194133,0.6700184709159233,0.0527554812724751
cube61_cluster0,10,650,cube68_cluster0,True,1.2643075937988926,0.9070769500174265,0.09380757550831982
cube61_cluster0,10,650,cube67_cluster0,True,1.6896358745507143,1.2595543169056453,0.11293798249347946
cube61_cluster0,10,650,cube60_cluster0,True,1.4233495413847252,1.2151186209865288,0.05468074513890345
cube61_cluster0,10,650,cube60_cluster0,True,1.440544377096691,1.3576364703366515,0.021771339774498535
cube61_cluster0,10,650,cube62_cluster1,True,2.1616951548793844,1.6440432014818052,0.135933676325592
cube61_cluster0,10,650,cube52_cluster0,True,0.9443532546255627,0.8894307834607775,0.014422457733065877
cube61_cluster0,10,650,cube67_cluster0,True,1.2742714337109229,0.9954061271154885,0.07322909935214017
cube61_cluster0,10,650,cube68_cluster0,True,1.4891966818821734,1.2721354099687605,0.05699956599301642
cube61_cluster0,10,650,cube67_cluster0,True,1.6119403398019605,1.2488199803707347,0.09535419519270322
cube61_cluster0,10,650,cube51_cluster0,True,1.4900182740776124,1.214434853849515,0.07236728693886346
cube61_cluster0,10,650,cube60_cluster0,True,0.9255147334206861,0.8396470735144896,0.022548561078374003
cube61_cluster0,10,650,cube60_cluster0,True,1.1330055468435327,0.9381141150798169,0.051177839917572764
cube61_cluster0,10,650,cube52_cluster0,True,1.961632787328968,1.6931998421262633,0.07048959604772254
cube61_cluster0,10,650,cube68_cluster0,True,1.1717521378644,1.041589086690315,0.03418038307731475
cube61_cluster0,10,650,cube68_cluster0,True,1.7772246925858164,1.2738908801548379,0.13217378026615756
cube61_cluster0,10,650,cube68_cluster0,True,0.9543736894621648,0.921385795864201,0.00866251082716315
cube61_cluster0,10,650,cube68_cluster0,True,0.8144995995699388,0.6132821882036337,0.05283902106080361
cube61_cluster0,10,650,cube60_cluster0,True,0.858784204977475,0.771720372714811,0.022862671949329786
cube61_cluster0,10,650,cube68_cluster0,True,1.8973614209945702,1.64789555853652,0.06550890338399296
cube61_cluster0,10,650,cube67_cluster0,True,1.8652065839884375,1.6493498243580171,0.05668326508517315
cube61_cluster0,10,650,cube66_cluster1,False,1.9033215027577906,1.7656635394187898,0.03614852201241871
cube61_cluster0,10,650,cube68_cluster0,True,2.058604660214854,1.79742968130166,0.06858367830916312
cube61_cluster0,10,650,cube68_cluster0,True,0.6146643914124765,0.5697864345679492,0.011784801776209029
cube61_cluster0,10,650,cube68_cluster0,True,1.4614357822877662,0.9135006110063085,0.1438859483317267
cube61_cluster0,10,650,cube60_cluster0,True,1.5593555021478371,1.3890943248952123,0.044710017237579655
cube61_cluster0,10,650,cube68_cluster0,True,1.2040940221597585,1.1735245491880615,0.008027441637387289
cube61_cluster0,10,650,cube51_cluster0,True,2.0916972072868703,1.8953215194083626,0.0515676006225564
cube61_cluster0,10,650,cube68_cluster0,True,1.7984319114974436,1.6135186205749716,0.04855761341491518
cube61_cluster0,10,650,cube60_cluster0,True,0.7269230054526141,0.6141451719478244,0.029615082906037555
cube61_cluster0,10,650,cube62_cluster1,True,2.3573696661640007,2.297626922866004,0.01568824511715021
cube61_cluster0,10,650,cube68_cluster0,True,1.5738889399906382,1.3561782290519646,0.057170106514835325
cube61_cluster0,10,650,cube62_cluster2,False,2.495863312360969,1.186465811593781,0.3438434161845441
cube61_cluster0,10,650,cube67_cluster0,True,2.702646155223686,2.2152965009522965,0.12797639364887217
cube61_cluster0,10,650,cube68_cluster0,True,0.9624450917742471,0.8302173922727146,0.03472255284143397
cube61_cluster0,10,650,cube51_cluster0,True,1.505053869970267,1.4979944604604778,0.001853777390493988
cube61_cluster0,10,650,cube62_cluster1,True,1.5561505277114651,1.1762992258145941,0.09974768487784763
cube61_cluster0,10,650,cube52_cluster0,True,2.239090973584979,1.9085425215138037,0.08680092096408715
cube61_cluster0,10,650,cube62_cluster2,False,2.5609456853348824,2.096277835692991,0.12202022740869872
cube61_cluster0,10,650,cube62_cluster2,False,2.5434789789398478,1.9101643802499613,0.16630630118469444
cube61_cluster0,10,650,cube52_cluster0,True,1.5974579305733239,1.1362326231872644,0.12111622729497361
cube61_cluster0,10,650,cube60_cluster0,True,1.075560067463148,0.9819902277360956,0.02457112780858319
cube61_cluster0,10,650,cube67_cluster0,True,1.9513107651673143,1.4841884784251889,0.1226647544044048
cube61_cluster0,10,650,cube68_cluster0,True,1.2137516889398479,0.990469750672652,0.058633092228384816
cube61_cluster0,10,650,cube67_cluster0,True,1.1375569587773375,0.8491533277810479,0.07573383152456668
cube61_cluster0,10,650,cube60_cluster0,True,1.6385313786130014,1.3746643604918576,0.06929059882582955
cube61_cluster0,10,650,cube62_cluster1,True,1.2797961454351048,0.7599657759587694,0.1365057211217307
cube61_cluster0,10,650,cube52_cluster0,True,1.284119107409101,0.7927578812786986,0.12902981903838498
cube61_cluster0,10,650,cube68_cluster0,True,0.9504300384407302,0.8262460288267336,0.032610306706827075
cube61_cluster0,10,650,cube68_cluster0,True,1.4736277637047221,1.4051845667593559,0.01797295522444304
cube61_cluster0,10,650,cube51_cluster0,True,1.4121411849426302,1.1742098862797135,0.062479965405118354
cube61_cluster0,10,650,cube51_cluster0,True,1.50337282854957,1.3429774878478662,0.042119281466968035
cube61_cluster0,10,650,cube68_cluster0,True,1.6514297472464403,1.2803666967718386,0.09743991936771701
cube61_cluster0,10,650,cube68_cluster0,True,1.228288338110491,0.8358669774166828,0.10304854039028528
cube61_cluster0,10,650,cube60_cluster0,True,1.4012735540434036,1.384580196484433,0.004383620014016705
cube61_cluster0,10,650,cube60_cluster0,True,1.1824542954609427,1.1107625421006497,0.018826015303389395
cube61_cluster0,10,650,cube53_cluster0,True,2.00329203209146,0.6277694694650866,0.3612076368675337
cube61_cluster0,10,650,cube67_cluster0,True,2.0277282373043186,1.605629279598819,0.11084177837544207
cube61_cluster0,10,650,cube68_cluster0,True,1.16833297297494,0.9707075475119549,0.05189577754371992
cube61_cluster0,10,650,cube52_cluster0,True,1.1841419930969643,1.0591052546247441,0.03283423046070546
cube61_cluster0,10,650,cube68_cluster0,True,1.6372608437452107,1.2524243827175225,0.10105677103751988
cube61_cluster0,10,650,cube62_cluster1,True,1.2778832121740054,1.0646549194269648,0.055993038448892175
cube61_cluster0,10,650,cube68_cluster0,True,1.09840630794548,1.030557046483348,0.0178169897476273
cube61_cluster0,10,650,cube62_cluster1,True,2.0678927499059565,1.2393248305580942,0.21757917191881354
cube61_cluster0,10,650,cube60_cluster0,True,1.1249175728318792,1.0879683924572094,0.009702731521788873
cube61_cluster0,10,650,cube60_cluster0,True,2.4002624778427437,2.1708153222593207,0.0602520577314422
cube61_cluster0,10,650,cube60_cluster0,True,2.2366991278585,1.9955868816447193,0.06331527162187231
cube61_cluster0,10,650,cube62_cluster3,True,2.110835330330565,0.9420643216965213,0.30691536841235995
cube61_cluster0,10,650,cube66_cluster1,False,1.908733734453106,1.6681631508297525,0.06317303283235058
cube61_cluster0,10,650,cube68_cluster0,True,1.28699659589379,1.2122674943884297,0.019623612795159295
cube61_cluster0,10,650,cube66_cluster1,False,1.7335796767660405,1.5850929052390021,0.03899213092292941
cube61_cluster0,10,650,cube62_cluster3,True,2.160094252195454,1.405524784395966,0.19814742536526372
cube61_cluster0,10,650,cube67_cluster0,True,2.2039311016433554,1.8230928454492221,0.10000685578430639
cube61_cluster0,10,650,cube60_cluster0,True,2.153992253629062,1.945174579766864,0.05483482464142437
cube61_cluster0,10,650,cube60_cluster0,True,1.9034646095157617,1.7093091628305408,0.05098457269085034
cube61_cluster0,10,650,cube62_cluster3,True,2.283160575085592,1.8752796517500616,0.10710816997437587
cube61_cluster0,10,650,cube60_cluster0,True,1.7448561990499174,1.7173898963519105,0.007212559474191797
cube61_cluster0,10,650,cube60_cluster0,True,1.2371158375125497,1.194339509788687,0.01123292097914101
cube61_cluster0,10,650,cube60_cluster0,True,1.5041916140255813,1.3639459318348965,0.036828048351492115
cube61_cluster0,10,650,cube62_cluster3,True,2.069081803192997,1.5158069070626232,0.14528814226631198
cube61_cluster0,10,650,cube68_cluster0,True,1.1819324295835913,0.6283263810620067,0.14537510177967966
cube61_cluster0,10,650,cube62_cluster3,True,2.7746814855358775,1.4486085321921853,0.3482223344098875
cube61_cluster0,10,650,cube60_cluster0,True,1.9026289301943289,1.8053386387267591,0.025548106026015
cube61_cluster0,10,650,cube60_cluster0,True,1.7911927730828108,1.7452205809934036,0.012072144301674801
cube61_cluster0,10,650,cube68_cluster0,True,1.1306633661672785,1.0402868442854298,0.023732573193796912
cube61_cluster0,10,650,cube68_cluster0,True,1.8002952638747274,1.429494802435345,0.09737096436293843
cube61_cluster0,10,650,cube67_cluster0,True,1.546919499357367,1.1104516960516675,0.11461498930253348
cube61_cluster0,10,650,cube68_cluster0,True,0.8985546958661842,0.8304127322275535,0.017893852362862925
cube61_cluster0,10,650,cube60_cluster0,True,1.1942179479340067,1.1390656026673296,0.01448282190547384
cube61_cluster0,10,650,cube68_cluster0,True,1.4157358832425213,1.2402159610284227,0.04609094612383229
cube61_cluster0,10,650,cube52_cluster0,True,1.3236606923695604,1.2342647610094604,0.023475073393561557
cube61_cluster0,10,650,cube62_cluster1,True,1.6432234271687856,0.72189773834516,0.24193705278808186
cube61_cluster0,10,650,cube62_cluster0,True,1.5796713568515943,1.3018925228273526,0.07294379527889212
cube61_cluster0,10,650,cube62_cluster1,True,1.6485618571123302,1.3749836545116907,0.07184072347832943
cube61_cluster0,10,650,cube51_cluster0,True,1.56424235381509,1.3662486035377417,0.05199249841141819
cube61_cluster0,10,650,cube68_cluster0,True,1.4951584899425954,1.3362487244511827,0.04172917437190615
cube61_cluster0,10,650,cube59_cluster1,False,2.532756452121105,1.6979925087405368,0.21920622716286195
cube61_cluster0,10,650,cube62_cluster0,True,1.3510019512757605,0.6316470825451751,0.18890018910864484
cube61_cluster0,10,650,cube52_cluster0,True,1.5659277764786808,1.2893904102526803,0.07261778997601023
cube61_cluster0,10,650,cube68_cluster0,True,1.3428121729302362,1.240252476797073,0.02693183411501383
cube61_cluster0,10,650,cube68_cluster0,True,2.029924814052829,1.5515407671820018,0.12562205505041557
cube61_cluster0,10,650,cube68_cluster0,True,1.9871308564176318,1.7691561177921742,0.05723943930471611
cube61_cluster0,10,650,cube62_cluster3,True,2.365541222054637,1.8150275472779904,0.1445630547489224
cube61_cluster0,10,650,cube68_cluster0,True,1.193439162689491,1.1102580215932065,0.0218430901998188
cube61_cluster0,10,650,cube60_cluster0,True,1.2326731163022286,1.1460194558371115,0.02275496220342876
cube61_cluster0,10,650,cube61_cluster2,False,2.2797605057968684,1.0237664416450256,0.3298198518573964
cube61_cluster0,10,650,cube68_cluster0,True,0.8697620396265867,0.6595590972770071,0.05519859152562497
cube61_cluster0,10,650,cube60_cluster0,True,1.4915640318620622,1.4128826597965092,0.020661465861402425
cube61_cluster0,10,650,cube60_cluster0,True,1.0549698508120966,1.032905999151918,0.005793893851622452
cube61_cluster0,10,650,cube62_cluster1,True,1.634498114476502,1.0161149256888211,0.1623853627483388
cube61_cluster0,10,650,cube60_cluster0,True,2.0998503847399204,1.836586907349414,0.06913211104308419
cube61_cluster0,10,650,cube60_cluster0,True,1.9138935309869647,1.6926126064207447,0.058107632704922675
cube61_cluster0,10,650,cube52_cluster0,True,1.2994353685996076,1.253139543864479,0.012157129154959234
cube61_cluster0,10,650,cube51_cluster0,True,1.3907109701938758,1.0488869377709276,0.08976185075457885
cube61_cluster0,10,650,cube60_cluster0,True,1.2662209256819787,1.1377077267159492,0.03374713739058858
cube61_cluster0,10,650,cube68_cluster0,True,1.813249236848114,1.4738246019015235,0.08913177698051705
cube61_cluster0,10,650,cube52_cluster0,True,1.2520143651241606,1.1769346711204551,0.019715677215817733
cube61_cluster0,10,650,cube62_cluster3,True,2.423996521403703,1.8363703848323227,0.1543086634269923
cube61_cluster0,10,650,cube68_cluster0,True,0.6802860054422306,0.6625894221521715,0.004647063744724623
cube61_cluster0,10,650,cube66_cluster1,False,1.5703224181577333,1.452325991662617,0.030985468018594482
cube61_cluster0,10,650,cube68_cluster0,True,1.0643482155395998,0.878450338273526,0.04881616250464105
cube61_cluster0,10,650,cube51_cluster0,True,1.9357712699837302,1.865199166027128,0.018531999104589178
cube61_cluster0,10,650,cube66_cluster1,False,1.6090051296520678,1.3763139166030243,0.06110393640130707
cube61_cluster0,10,650,cube68_cluster0,True,1.6915609024549312,1.5041326034713645,0.04921804614290786
cube61_cluster0,10,650,cube62_cluster0,True,2.5117587868740836,0.9007374672667922,0.42304882494074203
cube61_cluster0,10,650,cube60_cluster0,True,2.0062917551323145,1.956087148781926,0.013183562169321051
cube61_cluster0,10,650,cube68_cluster0,True,1.5135068375611644,0.9904567191165935,0.13735121646126366
cube61_cluster0,10,650,cube68_cluster0,True,1.528995868531232,1.2960880622493076,0.06116081306181127
cube61_cluster0,10,650,cube62_cluster1,True,1.116164480057716,1.0544812926666118,0.016197799263616953
cube61_cluster0,10,650,cube52_cluster0,True,1.2803566979508954,0.975256270248836,0.08011835464706153
cube61_cluster0,10,650,cube62_cluster0,True,1.2841033674074807,0.8697792506151132,0.10880013108476341
cube61_cluster0,10,650,cube60_cluster0,True,1.2321001275912487,1.1706215948627254,0.016144057631852202
cube61_cluster0,10,650,cube68_cluster0,True,1.5733958409122033,1.0264800081565648,0.14361827343486702
cube61_cluster0,10,650,cube60_cluster0,True,1.0098287400140915,0.9321794626965192,0.020390441223151715
cube61_cluster0,10,650,cube68_cluster0,True,1.0227570464039468,0.7834898770054292,0.06283076060446832
cube61_cluster0,10,650,cube60_cluster0,True,1.6575406605097716,1.6425722824623854,0.003930646147972214
cube61_cluster0,10,650,cube60_cluster0,True,1.6452345024088417,1.5930531837166566,0.013702640236920291
cube61_cluster0,10,650,cube53_cluster0,True,1.876781936833693,0.8933710034660673,0.2582404309189811
cube61_cluster0,10,650,cube62_cluster0,True,1.978834726383903,0.3688969975932577,0.4227642776066258
cube61_cluster0,10,650,cube60_cluster0,True,2.029032378225897,1.9510933827318029,0.020466520249946645
cube61_cluster0,10,650,cube68_cluster0,True,1.725940539353383,1.6305117582488717,0.025059279613774334
cube61_cluster0,10,650,cube60_cluster0,True,1.919767691692036,1.794543364536993,0.0328834906231096
cube61_cluster0,10,650,cube60_cluster0,True,2.0710105109021018,1.9328503866956275,0.03628038778125142
cube61_cluster0,10,650,cube62_cluster0,True,1.8161703775801359,1.6347611884083613,0.04763744798317112
cube61_cluster0,10,650,cube67_cluster0,True,2.2267071994219836,1.8196002346553686,0.1069049310357302
cube61_cluster0,10,650,cube62_cluster1,True,1.1760834613010112,1.1245581021536537,0.013530387448412406
cube61_cluster0,10,650,cube62_cluster3,True,2.485575189041084,0.9382932377651529,0.4063110794206392
cube61_cluster0,10,650,cube62_cluster3,True,2.0788784691655566,0.920875876660976,0.3040876182549922
cube61_cluster0,10,650,cube60_cluster0,True,1.502326946368555,1.1628852180402685,0.0891362656455352
cube61_cluster0,10,650,cube60_cluster0,True,1.4281621730246625,1.3493729890398385,0.02068977691179456
cube61_cluster0,10,650,cube67_cluster0,True,1.1766401633497185,0.7730072466871569,0.10599265759135043
cube61_cluster0,10,650,cube60_cluster0,True,1.494691360639671,1.2534844393000149,0.06334013299413677
cube61_cluster0,10,650,cube68_cluster0,True,1.122320010890979,0.6983739588948665,0.11132681917514357
cube61_cluster0,10,650,cube60_cluster0,True,1.3334624999469815,1.2012684277267733,0.03471372242952256
cube61_cluster0,10,650,cube60_cluster0,True,1.1193717824369411,0.9234581634761214,0.05144626286601003
cube61_cluster0,10,650,cube52_cluster0,True,1.572658400233271,1.4922532584568438,0.021114122037815767
cube61_cluster0,10,650,cube68_cluster0,True,0.8412235237327877,0.7824589202297811,0.015431388869587151
cube61_cluster0,10,650,cube67_cluster0,True,1.5565309629122228,1.2902900414420826,0.06991397792708233
cube61_cluster0,10,650,cube60_cluster0,True,1.382090234637447,1.111642950285069,0.07101855478956531
cube61_cluster0,10,650,cube68_cluster0,True,1.155105420879706,1.1452856218218677,0.0025786464784869406
cube61_cluster0,10,650,cube60_cluster0,True,1.0593031201697893,0.8222788759647637,0.06224177592997123
cube61_cluster0,10,650,cube52_cluster0,True,1.3836144003561222,1.2306505319958259,0.04016780161791276
cube61_cluster0,10,650,cube68_cluster0,True,1.6349069699538863,1.2219662011630226,0.10843686851374856
cube61_cluster0,10,650,cube68_cluster0,True,1.8260478538470328,1.5316279577778102,0.07731368266536769
cube61_cluster0,10,650,cube62_cluster1,True,1.4800551323481121,1.1802162023587184,0.0787367028975278
cube61_cluster0,10,650,cube51_cluster0,True,1.177207829968473,0.5877287344615036,0.1547952442629029
cube61_cluster0,10,650,cube68_cluster0,True,1.385360073149312,1.2225005474788266,0.04276636822044057
cube61_cluster0,10,650,cube68_cluster0,True,1.093996209096871,0.8469494121412734,0.0648736648518817
cube61_cluster0,10,650,cube62_cluster1,True,1.122523819719282,0.740059485174238,0.10043385853544441
cube61_cluster0,10,650,cube68_cluster0,True,1.1549234487983706,0.9290755386514548,0.059306907885157835
cube61_cluster0,10,650,cube68_cluster0,True,1.3994225282063804,1.3306693497311135,0.018054355340246436
cube61_cluster0,10,650,cube60_cluster0,True,2.0577698874402235,1.7400597741003794,0.08342961603572978
cube61_cluster0,10,650,cube60_cluster0,True,1.309479796645234,1.2041998574170023,0.027646160878363215
cube61_cluster0,10,650,cube68_cluster0,True,1.8179562179735376,1.356858897680006,0.12108261831137883
cube61_cluster0,10,650,cube68_cluster0,True,0.9219447451573669,0.8183446827888018,0.027205030818271674
cube61_cluster0,10,650,cube68_cluster0,True,1.043052372355429,0.8236851820393067,0.05760509247413913
cube61_cluster0,10,650,cube62_cluster2,False,2.266677435993895,1.7674537190905149,0.13109448288990147
cube61_cluster0,10,650,cube60_cluster0,True,1.2789383389456257,1.1581708278954264,0.031713145579761126
cube61_cluster0,10,650,cube60_cluster0,True,1.570234000353109,1.4575382658615113,0.029593523979015945
cube61_cluster0,10,650,cube60_cluster0,True,1.5169194597231601,1.4379232331867002,0.020744145595260294
cube61_cluster0,10,650,cube67_cluster0,True,1.7402552538937537,1.2614682663027927,0.1257278659395073
cube61_cluster0,10,650,cube68_cluster0,True,1.4804208320358572,1.3744099041121831,0.027838116071561538
cube61_cluster0,10,650,cube67_cluster0,True,1.8388950251332443,1.1925975936933002,0.16971554976040723
cube61_cluster0,10,650,cube60_cluster0,True,1.1248968018608683,1.105597645164701,0.005067894175758672
cube61_cluster0,10,650,cube60_cluster0,True,1.368490555321738,1.368416532054742,1.9438263007327887e-05
cube61_cluster0,10,650,cube52_cluster0,True,0.9562409629083813,0.8975048638572308,0.01542390369560681
cube61_cluster0,10,650,cube68_cluster0,True,0.9259693351241711,0.5357780819038808,0.10246292160629969
cube61_cluster0,10,650,cube61_cluster2,False,2.7970515517374275,1.4150251464301589,0.3629155242618625
cube61_cluster0,10,650,cube68_cluster0,True,1.6080434253950198,1.120282146019032,0.12808448502835737
cube61_cluster0,10,650,cube60_cluster0,True,1.4309634392193902,1.2761395078075384,0.0406562479709803
cube61_cluster0,10,650,cube62_cluster3,True,2.2855233408951134,0.5996888589513967,0.4426945118297528
cube61_cluster0,10,650,cube60_cluster0,True,1.2828499742635415,1.171475114440882,0.029246666696751987
cube61_cluster0,10,650,cube60_cluster0,True,1.6367535608968276,1.5425263091327799,0.02474376201668946
cube61_cluster0,10,650,cube62_cluster1,True,1.8017791057999877,0.8549500313279597,0.24863415679238968
cube61_cluster0,10,650,cube68_cluster0,True,1.568078571023251,1.1955798231221024,0.09781692872313581
cube61_cluster0,10,650,cube67_cluster0,True,1.3764682762634932,0.9315846023917665,0.11682496884189741
cube61_cluster0,10,650,cube60_cluster0,True,1.4007587646293622,1.3909194069397874,0.0025837825099427852
cube61_cluster0,10,650,cube52_cluster0,True,1.3998886665034345,1.0223915980933176,0.09912947101681055
cube61_cluster0,10,650,cube68_cluster0,True,1.342926619295554,1.0800226529614398,0.06903770463883067
cube61_cluster0,10,650,cube68_cluster0,True,1.164386101911298,0.6768143159921741,0.12803472467864344
cube61_cluster0,10,650,cube60_cluster0,True,1.019069695840052,1.0030441480789662,0.004208255388582751
cube61_cluster0,10,650,cube60_cluster0,True,1.6508653133007176,1.6467626355222844,0.0010773495000672903
cube61_cluster0,10,650,cube60_cluster0,True,2.277898949278691,2.1344645349984783,0.03766539876213381
cube61_cluster0,10,650,cube60_cluster0,True,2.031076498527725,1.8434171422779966,0.04927872101030661
cube61_cluster0,10,650,cube51_cluster0,True,2.1076570139704507,1.96640846232249,0.03709139852588518
cube61_cluster0,10,650,cube62_cluster1,True,1.7611484994017015,1.1961145269126197,0.1483760364955159
cube61_cluster0,10,650,cube68_cluster0,True,1.415451304261742,0.9962878240732179,0.11007093177081788
cube61_cluster0,10,650,cube59_cluster1,False,2.898577067647553,1.5574508417453174,0.3521752735733225
cube61_cluster0,10,650,cube67_cluster0,True,1.5332254681270576,1.1675268735941322,0.09603123113066392
cube61_cluster0,10,650,cube60_cluster0,True,1.3335812581742652,1.035187081264517,0.07835731555781056
cube61_cluster0,10,650,cube68_cluster0,True,1.7944669890046274,1.441605107935691,0.09266035299208947
cube61_cluster0,10,650,cube52_cluster0,True,1.0875100963214943,1.0599394769394694,0.007239952687464908
cube61_cluster0,10,650,cube68_cluster0,True,0.6819613543027676,0.638176868847969,0.011497659836558092
cube61_cluster0,10,650,cube62_cluster3,True,2.2874836682591937,0.8007120454458461,0.39042126899956153
cube61_cluster0,10,650,cube61_cluster1,False,2.0887781496092566,1.8310313754572498,0.06768344317370868
cube61_cluster0,10,650,cube62_cluster3,True,2.273973665269885,1.853184150018542,0.11049792315464745
cube61_cluster0,10,650,cube67_cluster0,True,2.4369454056675455,1.9456445285790633,0.12901397158127195
cube61_cluster0,10,650,cube68_cluster0,True,1.0360249434392967,0.8435389320932959,0.05054618453920022
cube61_cluster0,10,650,cube68_cluster0,True,1.4283285799947647,1.1006464160670038,0.08604824325817785
cube61_cluster0,10,650,cube67_cluster0,True,1.5141659543293955,0.9829086137802429,0.13950640561060237
cube61_cluster0,10,650,cube50_cluster0,False,2.6995311936655226,2.3277246327195606,0.09763516273750479
cube61_cluster0,10,650,cube52_cluster0,True,1.8261340862849544,1.5208296487201518,0.08017192695653966
cube61_cluster0,10,650,cube68_cluster0,True,1.9008937214598793,1.6937743504208522,0.05438885598477676
cube61_cluster0,10,650,cube60_cluster0,True,1.1841315360925309,1.0404596340703538,0.037727762251029334
cube61_cluster0,10,650,cube62_cluster1,True,1.9599934861540225,1.9530856533982375,0.0018139738404792634
cube61_cluster0,10,650,cube60_cluster0,True,1.3524953476954615,1.2474771836187708,0.02757741959672387
cube61_cluster0,10,650,cube60_cluster0,True,1.4655337393168753,1.3516509619558457,0.02990523747712771
cube61_cluster0,10,650,cube62_cluster1,True,2.035879214805366,1.370325223948995,0.17477225803258997
cube61_cluster0,10,650,cube62_cluster1,True,1.9156018601150295,1.5788291974619098,0.08843537790194893
cube61_cluster0,10,650,cube62_cluster1,True,1.440091023428189,0.8472637690507198,0.15567445961445714
cube61_cluster0,10,650,cube62_cluster1,True,1.4710586700749448,0.5206950554457521,0.24956231524814426
cube61_cluster0,10,650,cube62_cluster3,True,2.3446760941155342,0.31360764794908824,0.5333517993010705
cube61_cluster0,10,650,cube60_cluster0,True,0.9947543173344251,0.8670542571026943,0.033533609871199355
cube61_cluster0,10,650,cube66_cluster1,False,1.8192807074986164,1.4012027485961471,0.10978587750187398
cube61_cluster0,10,650,cube68_cluster0,True,1.939902986492572,1.7649683283648532,0.045937257726906974
cube61_cluster0,10,650,cube68_cluster0,True,2.071228626026785,1.6580885209405167,0.10848921356003234
cube61_cluster0,10,650,cube68_cluster0,True,1.418533946219682,1.2289743784008857,0.04977771023015685
cube61_cluster0,10,650,cube62_cluster1,True,1.579887648694728,1.498434199196177,0.02138940414899779
cube61_cluster0,10,650,cube68_cluster0,True,1.2493168391637097,0.9813008763707206,0.07038009785778289
cube61_cluster0,10,650,cube68_cluster0,True,1.3552797508190204,1.0908078104001702,0.069449449403479
cube61_cluster0,10,650,cube60_cluster0,True,1.330901501912738,1.3013992551123128,0.0077471916045617605
cube61_cluster0,10,650,cube60_cluster0,True,1.4141137737020917,1.3900024590664017,0.006331550799645283
cube61_cluster0,10,650,cube60_cluster0,True,1.4671699623128267,1.4534061599033232,0.0036143286033460927
cube61_cluster0,10,650,cube68_cluster0,True,1.1233258013737484,0.9637534360078206,0.04190317088884103
cube61_cluster0,10,650,cube60_cluster0,True,1.7282812721646577,1.7127568149773984,0.0040766706752917645
cube61_cluster0,10,650,cube62_cluster1,True,1.6915159687420578,1.103673920485256,0.154365361115407
cube61_cluster0,10,650,cube62_cluster3,True,2.2232178412720565,0.8370213674975094,0.3640105703320378
cube61_cluster0,10,650,cube68_cluster0,True,1.266556271572269,0.8425365268292229,0.11134617064468497
cube61_cluster0,10,650,cube62_cluster1,True,2.0470070517590115,1.7464266452856787,0.07893141214900316
cube61_cluster0,10,650,cube62_cluster1,True,1.623467685806194,1.616996581608779,0.0016992903777666084
cube61_cluster0,10,650,cube68_cluster0,True,1.8730480017535618,1.3057383436335,0.14897362395162436
cube61_cluster0,10,650,cube59_cluster1,False,3.01302643555326,1.9424083964210606,0.2811407260120213
cube61_cluster0,10,650,cube68_cluster0,True,1.1441618922124717,0.8753645877365546,0.07058527557754173
cube61_cluster0,10,650,cube62_cluster1,True,1.9424304489698416,1.081563718169729,0.22606073207295713
cube61_cluster0,10,650,cube67_cluster0,True,1.950916070357503,1.7718379100226311,0.04702532758578552
cube61_cluster0,10,650,cube52_cluster0,True,1.2750250299849952,0.9038215257763991,0.09747680204977821
cube61_cluster0,10,650,cube62_cluster1,True,1.6856817005538993,1.5864130936762846,0.026067605053989203
cube61_cluster0,10,650,cube62_cluster0,True,1.748612544910501,1.006291804609795,0.1949309503799158
cube61_cluster0,10,650,cube60_cluster0,True,0.9239186005592128,0.723141064758367,0.05272351120452618
cube61_cluster0,10,650,cube67_cluster0,True,2.2344843284672535,1.7807269603056153,0.11915517136407482
cube61_cluster0,10,650,cube62_cluster1,True,1.5519361708837152,1.1154921971873906,0.1146087317265957
cube61_cluster0,10,650,cube44_cluster0,False,2.1092366522862123,1.1195336536457736,0.25989270627233446
cube61_cluster0,10,650,cube61_cluster2,False,2.5838381755302304,1.0385963204203021,0.4057753569722212
cube61_cluster0,10,650,cube60_cluster0,True,0.6676761467071762,0.5615594373975681,0.027865893910672273
cube61_cluster0,10,650,cube67_cluster0,True,0.828437897511807,0.7119293684859077,0.030594751106084582
cube61_cluster0,10,650,cube60_cluster0,True,1.9384698873388952,1.8453717975843915,0.024447247839321697
cube61_cluster0,10,650,cube60_cluster0,True,1.2418143109856297,1.190213617533811,0.013550169985485123
cube61_cluster0,10,650,cube60_cluster0,True,1.1370600821807963,0.9631350933802613,0.045672121929357164
cube61_cluster0,10,650,cube62_cluster0,True,2.2312753844399618,1.4999645213439337,0.19203979334959406
cube61_cluster0,10,650,cube53_cluster0,True,1.4963929542991197,1.1680865753650034,0.08621216003676734
cube61_cluster0,10,650,cube62_cluster0,True,1.3912159279401324,0.9527162761173493,0.11514854594585547
cube61_cluster0,10,650,cube62_cluster3,True,2.8227718326462514,0.9137746798192378,0.501296284840944
cube61_cluster0,10,650,cube51_cluster0,True,1.655498497299683,1.2856021935412947,0.09713353557174222
cube61_cluster0,10,650,cube60_cluster0,True,0.9134122406436013,0.6812391059278284,0.060967890759049
cube61_cluster0,10,650,cube68_cluster0,True,1.1816965099078398,0.9880902801405901,0.050840350160113186
cube61_cluster0,10,650,cube60_cluster0,True,1.6256349044300202,1.5990900425295753,0.006970592194232977
cube61_cluster0,10,650,cube60_cluster0,True,1.1993481564835953,1.0740827018962589,0.032894290549648604
cube61_cluster0,10,650,cube60_cluster0,True,1.2520268842097584,1.1412696113959857,0.029084490408189917
cube61_cluster0,10,650,cube60_cluster0,True,1.674564061260144,1.4535856970963295,0.05802818135244622
cube61_cluster0,10,650,cube60_cluster0,True,1.646654406288163,1.337504277409298,0.08118179266824574
cube61_cluster0,10,650,cube61_cluster2,False,1.9038712084742742,1.20837885209202,0.18263397295977582
cube61_cluster0,10,650,cube60_cluster0,True,1.1849368418706272,0.9014872082800006,0.07443292832997947
cube61_cluster0,10,650,cube51_cluster0,True,1.0813109403244607,0.9794090252956457,0.02675910299105172
cube61_cluster0,10,650,cube51_cluster0,True,1.3976503481484928,1.0715357802820242,0.08563659776122493
cube61_cluster0,10,650,cube61_cluster1,False,1.8590896952219287,1.6773374738998965,0.04772752708163937
cube61_cluster0,10,650,cube62_cluster2,False,2.186373576598791,1.6640562701466546,0.13715878247635682
cube61_cluster0,10,650,cube68_cluster0,True,1.8473398895077067,1.7123666632951462,0.03544351899800038
cube61_cluster0,10,650,cube51_cluster0,True,2.4122993011923035,2.13043539058343,0.07401652276417625
cube61_cluster0,10,650,cube60_cluster0,True,1.4922123220605852,1.341507937045582,0.03957446882798267
cube61_cluster0,10,650,cube60_cluster0,True,1.1201849606731733,1.0598528138133962,0.0158430205265084
cube61_cluster0,10,650,cube68_cluster0,True,1.4217104021852363,1.2869884276978127,0.03537754113303368
cube61_cluster0,10,650,cube60_cluster0,True,0.7922051297211508,0.7085323679293171,0.021972188154661128
cube61_cluster0,10,650,cube68_cluster0,True,1.1528582799010425,0.5780491605413871,0.1509429574585652
cube61_cluster0,10,650,cube68_cluster0,True,1.5699192614595316,1.3440762991763462,0.059305608592645914
cube61_cluster0,10,650,cube67_cluster0,True,1.3561278187830093,1.0207532080473998,0.08806825413163591
cube61_cluster0,10,650,cube62_cluster1,True,1.6181432500939126,0.7350000150356873,0.23191046778749086
cube61_cluster0,10,650,cube61_cluster1,False,1.8791631440983425,1.7512069029452757,0.033600882126646525
cube61_cluster0,10,650,cube68_cluster0,True,1.456070158985085,1.2061229249062075,0.06563530996599927
cube61_cluster0,10,650,cube51_cluster0,True,1.4397684821331589,1.3034692368776422,0.03579172717572235
cube61_cluster0,10,650,cube51_cluster0,True,1.9779141784534304,1.4983491628554322,0.12593217349903008
cube61_cluster0,10,650,cube60_cluster0,True,1.6885663174194712,1.4776822037742967,0.05537746483579011
cube61_cluster0,10,650,cube66_cluster1,False,1.954438287846575,1.6297127761275194,0.08527183625013392
cube61_cluster0,10,650,cube68_cluster0,True,0.7546039346265484,0.64108230965855,0.029810400063347484
cube61_cluster0,10,650,cube52_cluster0,True,1.1241082540850267,0.943557909838286,0.047411918170548586
cube61_cluster0,10,650,cube62_cluster0,True,1.8120530485951467,0.49021537916198,0.34711016298184266
cube61_cluster0,10,650,cube62_cluster1,True,1.9256821096932568,0.6972540352397864,0.3225811149094163
cube61_cluster0,10,650,cube68_cluster0,True,2.1327020190368593,1.6534019036296606,0.12586261159250509
cube61_cluster0,10,650,cube52_cluster0,True,1.1454804528889855,1.1374289342633233,0.002114301935125978
cube61_cluster0,10,650,cube68_cluster0,True,1.2769002964395262,0.823050973160499,0.11917931847118333
cube61_cluster0,10,650,cube68_cluster0,True,1.2441811576939878,0.8141818630049685,0.11291638051561026
cube61_cluster0,10,650,cube62_cluster2,False,2.99908763246823,1.6100571582571344,0.3647547693938204
cube61_cluster0,10,650,cube68_cluster0,True,1.4465717615877,1.4064084594888215,0.01054674916581017
cube61_cluster0,10,650,cube60_cluster0,True,1.388496609827635,1.149213651638584,0.0628349066881986
cube61_cluster0,10,650,cube60_cluster0,True,1.0400884686339742,0.9387267091553051,0.026617259945281118
cube61_cluster0,10,650,cube62_cluster1,True,1.420038042135752,1.4078156974977427,0.0032095469341094675
cube61_cluster0,10,650,cube60_cluster0,True,1.1465962109950218,1.1291546317852552,0.004580100523810135
cube61_cluster0,10,650,cube68_cluster0,True,1.5694237992921778,1.2060995791053373,0.09540772834714674
cube61_cluster0,10,650,cube51_cluster0,True,1.4619629791120474,1.3144822910205816,0.03872793676855594
cube61_cluster0,10,650,cube62_cluster3,True,2.681660136103177,0.7630925365452239,0.5038094522301062
cube61_cluster0,10,650,cube51_cluster0,True,3.02616120835521,2.9114878666664037,0.030112837032661568
cube61_cluster0,10,650,cube60_cluster0,True,2.0245888141420014,1.9735976656605556,0.01339010550941248
cube61_cluster0,10,650,cube60_cluster0,True,1.3915024095127042,1.307429719816705,0.02207720788832886
cube61_cluster0,10,650,cube60_cluster0,True,1.9826597545531115,1.854703171667354,0.03360097186451122
cube61_cluster0,10,650,cube51_cluster0,True,1.3560953219724317,0.7574856941418796,0.15719289159603486
cube61_cluster0,10,650,cube60_cluster0,True,1.123221327784106,1.0756651126623076,0.01248810346644587
cube61_cluster0,10,650,cube68_cluster0,True,1.8411453656247139,1.7248708717858818,0.03053329424658895
cube61_cluster0,10,650,cube68_cluster0,True,1.5034825925126838,0.9867528473764671,0.13569150751219905
cube61_cluster0,10,650,cube68_cluster0,True,0.853543675635963,0.7706017267517616,0.02178027912275536
cube61_cluster0,10,650,cube60_cluster0,True,1.0707342273256444,1.0666135684569344,0.0010820712743977374
cube61_cluster0,10,650,cube60_cluster0,True,1.699308241078028,1.4632843911984847,0.0619790757169313
cube61_cluster0,10,650,cube52_cluster0,True,1.220120548063221,0.7248503296592289,0.13005630737092153
cube61_cluster0,10,650,cube60_cluster0,True,1.8575142443982635,1.8318396032271063,0.006742075133357605
cube61_cluster0,10,650,cube52_cluster0,True,1.0934062697007791,0.4847242075442103,0.15983787925327636
cube61_cluster0,10,650,cube68_cluster0,True,0.8255305064578633,0.2757486125664581,0.14437089152932525
cube61_cluster0,10,650,cube60_cluster0,True,1.8410870243814055,1.592173407880609,0.06536388543764365
cube61_cluster0,10,650,cube68_cluster0,True,1.4171975606740168,1.2389071361168762,0.046818470798058946
cube61_cluster0,10,650,cube68_cluster0,True,1.8276240579630825,1.4054813044534618,0.11085327900752263
cube61_cluster0,10,650,cube60_cluster0,True,2.032751963283037,1.8138435055508777,0.057484630827700556
cube61_cluster0,10,650,cube67_cluster0,True,1.901413285258556,1.259884497378064,0.16846331986758414
cube61_cluster0,10,650,cube68_cluster0,True,1.1129499925620068,0.9311400776617532,0.04774267722284243
cube61_cluster0,10,650,cube69_cluster0,True,1.8780670073338877,0.6959435589310088,0.3104216745583734
cube61_cluster0,10,650,cube51_cluster0,True,1.201804175979324,1.0709537890390692,0.03436087515689119
cube61_cluster0,10,650,cube68_cluster0,True,1.0571870267546373,0.9411448812742499,0.030472280342663156
cube61_cluster0,10,650,cube67_cluster0,True,2.158663072895743,1.5358706507750943,0.16354321271450578
cube61_cluster0,10,650,cube62_cluster1,True,1.1609785343005017,1.1541746053740405,0.0017866890414717687
cube61_cluster0,10,650,cube68_cluster0,True,1.253715858487248,1.003662874887731,0.06566307943738996
cube61_cluster0,10,650,cube62_cluster1,True,1.7220048682494928,1.531956505464617,0.04990606615786571
cube61_cluster0,10,650,cube60_cluster0,True,1.7356492690468273,1.6896507605822852,0.012079054894006508
cube61_cluster0,10,650,cube60_cluster0,True,1.050230720839302,0.79941366319828,0.0658637227321076
cube61_cluster0,10,650,cube68_cluster0,True,1.5710370858492537,1.0652620952937777,0.1328148254990608
cube61_cluster0,10,650,cube68_cluster0,True,1.5270141254362275,1.3739024137387643,0.0402066247851189
cube61_cluster0,10,650,cube62_cluster1,True,1.853390766428091,1.0153704150709237,0.22006134903571445
cube61_cluster0,10,650,cube60_cluster0,True,1.1297935928488774,1.028442792804229,0.026614382034462643
cube61_cluster0,10,650,cube62_cluster1,True,1.4832696531696994,1.359149447348254,0.03259355204372175
cube61_cluster0,10,650,cube68_cluster0,True,1.4712798265457894,1.4127652243546285,0.015365739358979957
cube61_cluster0,10,650,cube60_cluster0,True,1.589309714879919,1.4005207805222546,0.0495753444537242
cube61_cluster0,10,650,cube62_cluster1,True,1.1770111307808369,0.6902318936614154,0.12782660400740117
cube61_cluster2,3,4,cube62_cluster2,True,0.35462835843371554,0.24493295943081206,0.028805645887353244
cube61_cluster2,3,4,cube62_cluster2,True,0.46456364664917,0.3359095006075452,0.03378414962250861
cube62_cluster1,5,11,cube53_cluster0,True,0.7668030532562846,0.6277694694650866,0.03650975535476105
cube62_cluster1,5,11,cube53_cluster0,True,0.9035446678565865,0.8933710034660673,0.0026715703345252706
cube62_cluster2,3,5,cube61_cluster2,True,0.8071320312464246,0.682491128735028,0.032730285257710545
cube62_cluster2,3,5,cube61_cluster2,True,0.4616262770415465,0.3620831425009559,0.026139695102595124
cube62_cluster3,3,8,cube69_cluster0,True,0.8799514188974351,0.6959435589310088,0.04831985026593744
cube66_cluster0,4,197,cube59_cluster1,True,1.479810925157949,1.355480074611597,0.032648866645873284
cube66_cluster0,4,197,cube59_cluster1,True,1.3367547205399435,1.0944068469638184,0.06363974324576853
cube66_cluster0,4,197,cube59_cluster1,True,1.4977033098600654,0.3115030796677577,0.31149222385810466
cube66_cluster0,4,197,cube67_cluster0,True,1.1512980829039259,1.0492733758383264,0.026791347770336454
cube66_cluster0,4,197,cube59_cluster1,True,2.6812560286249063,1.8154239610607759,0.22736461294522572
cube66_cluster0,4,197,cube67_cluster0,True,2.2598321280795846,2.0926670487739396,0.04389699224378842
cube66_cluster0,4,197,cube59_cluster0,True,1.9264001952113134,1.1194063127061837,0.211913901804467
cube66_cluster0,4,197,cube59_cluster0,True,1.5411520519889277,1.1337613353667184,0.10697944332655028
cube66_cluster0,4,197,cube67_cluster0,True,1.4290716115735322,1.3181780396638925,0.029120282096136738
cube66_cluster0,4,197,cube59_cluster0,True,2.3503422236087967,1.4044717261154798,0.24838243767512946
cube66_cluster0,4,197,cube59_cluster0,True,1.7832442172162628,1.0600725242879407,0.18990247441189054
cube66_cluster0,4,197,cube59_cluster1,True,1.536239133733776,1.484919166748637,0.01347645215170277
cube66_cluster0,4,197,cube59_cluster0,True,2.8277742005948956,1.9193108461318014,0.23855944668753434
cube66_cluster0,4,197,cube59_cluster0,True,0.9426155577826151,0.7084081364315504,0.06150208764408007
cube66_cluster0,4,197,cube67_cluster0,True,1.7879704035849506,1.7479327014407586,0.010513767036650206
cube66_cluster0,4,197,cube59_cluster1,True,1.8526819667605579,1.3316365040612443,0.1368248005491213
cube66_cluster0,4,197,cube59_cluster0,True,2.8261200322220934,1.8029362217665448,0.2686846557791833
cube66_cluster0,4,197,cube59_cluster0,True,1.0993615871014097,0.7592565770330774,0.0893104412180841
cube66_cluster0,4,197,cube59_cluster0,True,2.1589670371546577,1.1402194717715648,0.2675197126203249
cube66_cluster0,4,197,cube59_cluster0,True,2.3531988546941656,1.3504648820435394,0.2633145965823814
cube66_cluster0,4,197,cube59_cluster1,True,1.3297254703363746,1.2022881444178417,0.033464616716908216
cube66_cluster0,4,197,cube59_cluster1,True,1.9756716083964911,1.3106157966278145,0.174641437865846
cube66_cluster0,4,197,cube59_cluster0,True,1.5850305539416316,1.5037610472540868,0.02134110138037184
cube66_cluster0,4,197,cube59_cluster1,True,1.4785983451695632,1.453866277987311,0.00649455834784219
cube66_cluster0,4,197,cube59_cluster0,True,1.6343351538764632,1.3032096766110104,0.08695244585542741
cube66_cluster0,4,197,cube59_cluster0,True,1.4673546470358758,1.259304176259494,0.05463335967010758
cube66_cluster0,4,197,cube59_cluster0,True,2.843965971416453,1.828493233978058,0.26665975372528977
cube66_cluster0,4,197,cube59_cluster0,True,2.2509001113383125,1.476008441316654,0.20348396788376563
cube66_cluster0,4,197,cube59_cluster0,True,1.8529619280428176,1.1106417153879051,0.1949308118218904
cube66_cluster0,4,197,cube59_cluster0,True,1.8593654533540702,1.4743750527873571,0.10109719504699995
cube66_cluster0,4,197,cube59_cluster1,True,2.550614724079102,1.389559191056182,0.30488931025197474
cube66_cluster0,4,197,cube59_cluster0,True,1.617048140518599,0.9891483977228865,0.16488437808822534
cube66_cluster0,4,197,cube59_cluster1,True,2.207250414228636,1.3521387398108713,0.22454947346303789
cube66_cluster0,4,197,cube59_cluster1,True,1.4822097636636693,1.2582553245850807,0.05880968869831901
cube66_cluster0,4,197,cube59_cluster1,True,1.6922452164082793,0.5925295555724713,0.28878166441579267
cube66_cluster0,4,197,cube59_cluster2,False,2.57707867938543,1.1320620625500435,0.37945654370425874
cube66_cluster0,4,197,cube59_cluster1,True,1.8485373461086605,1.295492267177912,0.14522779303624936
cube66_cluster0,4,197,cube59_cluster1,True,1.3261050049979508,0.520479441331782,0.21155458584140588
cube66_cluster0,4,197,cube59_cluster0,True,2.492971794981114,1.4077069819415027,0.28498691998555215
cube66_cluster0,4,197,cube59_cluster0,True,2.933936889145051,2.022758487142076,0.23927240911542125
cube66_cluster0,4,197,cube59_cluster0,True,1.5206092648284986,1.3748841616582579,0.03826692602402461
cube66_cluster0,4,197,cube67_cluster0,True,1.5557612587336824,1.1658683827719947,0.1023845687334329
cube66_cluster0,4,197,cube59_cluster0,True,1.5031393170786003,0.9611960757892076,0.14231248750199155
cube66_cluster0,4,197,cube59_cluster0,True,1.2792976831154768,1.2773994353079692,0.0004984735426146791
cube66_cluster0,4,197,cube59_cluster1,True,1.7438215982181031,0.5228976134209185,0.3206105659956902
cube66_cluster0,4,197,cube67_cluster0,True,1.6714119171602488,1.270578954712135,0.10525739895392985
cube66_cluster0,4,197,cube59_cluster0,True,1.2975771925451127,1.2109508423072148,0.022747790628854698
cube66_cluster0,4,197,cube59_cluster0,True,1.5610945952613915,1.1733070158470111,0.10183172488236128
cube66_cluster0,4,197,cube59_cluster0,True,2.5330048239837017,1.6952167348422085,0.22000035775259288
cube66_cluster0,4,197,cube59_cluster1,True,2.195252143958048,0.9804377509339238,0.31900620757472853
cube66_cluster0,4,197,cube59_cluster1,True,1.9810376871390942,1.3371099778681568,0.1690932686230734
cube66_cluster0,4,197,cube59_cluster1,True,2.092004579048212,1.513610360863933,0.15188439245175514
cube66_cluster0,4,197,cube59_cluster0,True,2.362542406271437,1.7385127628409605,0.1638681029036945
cube66_cluster0,4,197,cube59_cluster0,True,1.5900434403131103,0.7939945646957598,0.20903977950298683
cube66_cluster0,4,197,cube59_cluster0,True,2.967626089290555,1.9981575367004523,0.25457920823184416
cube66_cluster0,4,197,cube59_cluster1,True,1.5235691430120413,0.8181255766611747,0.18524712750510877
cube66_cluster0,4,197,cube59_cluster0,True,1.78001861282163,1.1626482746509073,0.1621193915547055
cube66_cluster0,4,197,cube67_cluster0,True,1.487949510029173,1.3569453070011186,0.03440126674849128
cube66_cluster0,4,197,cube59_cluster0,True,1.8911883903092768,1.4829369993458998,0.10720545353774746
cube66_cluster0,4,197,cube59_cluster0,True,2.454512896162116,1.4637469078132694,0.26017184382414266
cube66_cluster0,4,197,cube67_cluster0,True,1.5214471007458952,1.3868800611656862,0.03533685574318708
cube66_cluster0,4,197,cube59_cluster1,True,1.8449231203485428,1.193172322477162,0.171147585595509
cube66_cluster0,4,197,cube59_cluster1,True,2.036085199404915,1.3936572389813662,0.16869943957818614
cube66_cluster0,4,197,cube59_cluster0,True,2.0374610033538763,1.084922833374886,0.25013334622973593
cube66_cluster0,4,197,cube59_cluster1,True,2.632897082032594,1.6624815168750506,0.254827890573278
cube66_cluster0,4,197,cube59_cluster0,True,1.5879758398392356,1.5270958063412257,0.01598689373022346
cube66_cluster0,4,197,cube59_cluster1,True,1.6153253973859594,1.0646670793897954,0.14460103757590786
cube66_cluster0,4,197,cube59_cluster1,True,1.8698093437089665,0.8390724295859043,0.2706680756087708
cube66_cluster0,4,197,cube59_cluster1,True,2.0692426799892916,1.3386926699749664,0.19183999586817688
cube66_cluster0,4,197,cube67_cluster0,True,0.8467111357817387,0.7951867750271565,0.013530125273799785
cube66_cluster0,4,197,cube59_cluster0,True,1.2100326997291244,0.9839107314566025,0.05937887463481661
cube66_cluster0,4,197,cube59_cluster1,True,1.8059709404606266,1.1708819008114013,0.16677226346193977
cube66_cluster0,4,197,cube59_cluster1,True,1.8283083516686744,1.7691315855383818,0.015539621400737239
cube66_cluster0,4,197,cube59_cluster0,True,1.8380971637125938,0.9470311695109114,0.23399095791206917
cube66_cluster0,4,197,cube59_cluster0,True,1.3057476448577294,0.6515443766828533,0.1717915961169518
cube66_cluster0,4,197,cube67_cluster0,True,1.5728037499357845,1.3119907606048231,0.06848862105229098
cube66_cluster0,4,197,cube59_cluster1,True,1.7883460200683547,1.1124406007653025,0.17749050861532847
cube66_cluster0,4,197,cube59_cluster0,True,1.7970929430242344,0.9103744270364624,0.23284932463418143
cube66_cluster0,4,197,cube59_cluster0,True,1.7624925805273457,0.9884106579135432,0.2032713309153885
cube66_cluster0,4,197,cube59_cluster1,True,1.5653373916564493,0.7459990028217879,0.21515552799129795
cube66_cluster0,4,197,cube59_cluster1,True,1.4350343528651623,0.44995439805952153,0.2586787103815554
cube66_cluster0,4,197,cube59_cluster1,True,2.061115965331504,0.9054496282757994,0.3034741253667359
cube66_cluster0,4,197,cube67_cluster0,True,1.1681094781055088,1.0642327475381852,0.02727768296443432
cube66_cluster0,4,197,cube59_cluster0,True,1.4023104395811987,0.7800452485589117,0.163404763586664
cube66_cluster0,4,197,cube59_cluster0,True,1.4198999392606293,0.8099494810733979,0.1601709558201725
cube66_cluster0,4,197,cube59_cluster0,True,1.3217797628828476,1.1805634326275312,0.037082937295651784
cube66_cluster0,4,197,cube59_cluster1,True,2.0365662409086696,1.0818523469183898,0.2507046840979373
cube66_cluster0,4,197,cube67_cluster0,True,1.6605060808732952,1.5919376275813837,0.018005847123251217
cube66_cluster1,3,5,cube59_cluster2,True,0.5323562844940551,0.5152661932191507,0.004487800964509122
cube66_cluster1,3,5,cube59_cluster2,True,0.8682575758284885,0.8498775655068045,0.004826529403647218
cube66_cluster1,3,5,cube59_cluster2,True,0.4927833184692343,0.41249464850464257,0.021083536928521385
cube67_cluster0,8,835,cube59_cluster1,True,1.9897695143173146,1.355480074611597,0.1665622911838535
cube67_cluster0,8,835,cube62_cluster3,False,2.0515228469886453,1.971896114480866,0.020909714360265726
cube67_cluster0,8,835,cube61_cluster0,True,1.508088992044923,1.0179883889753578,0.12869878362743808
cube67_cluster0,8,835,cube62_cluster3,False,2.381863379365035,2.3740707838800055,0.00204630958203823
cube67_cluster0,8,835,cube61_cluster0,True,1.7887901304610847,1.5150089612989548,0.0718940218203785
cube67_cluster0,8,835,cube59_cluster1,True,2.352092947012292,0.3115030796677577,0.5358520927435794
cube67_cluster0,8,835,cube66_cluster0,True,1.9994281116831805,1.3480571774074572,0.1710478346823306
cube67_cluster0,8,835,cube60_cluster0,True,1.4501227504485905,1.123841040124055,0.08568048881320688
cube67_cluster0,8,835,cube66_cluster0,True,2.6490881610177395,2.4539002098365894,0.0512557049275456
cube67_cluster0,8,835,cube66_cluster0,True,1.7055221089304005,1.3041081047286571,0.1054099785803586
cube67_cluster0,8,835,cube61_cluster0,True,0.7899024706284598,0.6639855521876988,0.03306536278458948
cube67_cluster0,8,835,cube68_cluster0,True,1.446744631322112,1.2304469143355885,0.056799059016065294
cube67_cluster0,8,835,cube59_cluster1,True,2.7163552288752446,2.2487259058189073,0.12279790044928887
cube67_cluster0,8,835,cube59_cluster1,True,3.43432615509883,1.8154239610607759,0.425118316279474
cube67_cluster0,8,835,cube61_cluster0,True,1.5043413895489048,1.2783229579333124,0.05935168625405514
cube67_cluster0,8,835,cube61_cluster0,True,1.640315579056698,1.273478501733939,0.0963301929138461
cube67_cluster0,8,835,cube66_cluster0,True,1.8245813043565302,1.6407451027181503,0.04827477336156163
cube67_cluster0,8,835,cube59_cluster2,True,1.6777078501737523,1.5351389494252978,0.0374381177956287
cube67_cluster0,8,835,cube59_cluster0,True,1.7837907561679547,1.1194063127061837,0.17446513878781258
cube67_cluster0,8,835,cube59_cluster0,True,1.4648987935812456,1.1337613353667184,0.0869555920126917
cube67_cluster0,8,835,cube61_cluster0,True,1.24267889894955,0.7267013379323206,0.1354939864714755
cube67_cluster0,8,835,cube61_cluster0,True,1.091635211064847,0.9398147918284376,0.03986753569197344
cube67_cluster0,8,835,cube61_cluster0,True,1.3785857948683928,0.6171804697503088,0.19994249869601247
cube67_cluster0,8,835,cube59_cluster1,True,2.3080501936854674,1.6110270733899188,0.18303594645751872
cube67_cluster0,8,835,cube68_cluster0,True,0.8858051517577018,0.7031710711441741,0.04795910039012991
cube67_cluster0,8,835,cube60_cluster0,True,1.5856797947751367,1.1337408327463936,0.11867766397890013
cube67_cluster0,8,835,cube62_cluster3,False,2.0057468527845947,1.679576684131418,0.08565119834235718
cube67_cluster0,8,835,cube66_cluster0,True,1.5665081803377179,1.1894631773089164,0.09901076015554865
cube67_cluster0,8,835,cube60_cluster0,True,1.1476517671843216,0.8703414272208374,0.07282077030120684
cube67_cluster0,8,835,cube60_cluster0,True,1.2854089991626307,0.8927142818179887,0.10312032293500864
cube67_cluster0,8,835,cube68_cluster0,True,1.236515925420008,1.2326869426480076,0.0010054781042922324
cube67_cluster0,8,835,cube68_cluster0,True,1.345923785056531,1.1240913895483216,0.05825244713484874
cube67_cluster0,8,835,cube66_cluster0,True,1.805073801985507,1.4881748791335208,0.08321660011935754
cube67_cluster0,8,835,cube68_cluster0,True,1.3223648325907502,1.0189946385236708,0.07966400106573858
cube67_cluster0,8,835,cube61_cluster0,True,1.2626993035136247,0.5940254188215589,0.17559153174738618
cube67_cluster0,8,835,cube66_cluster0,True,2.104379586991162,1.8691700474658384,0.061765240534058845
cube67_cluster0,8,835,cube61_cluster0,True,1.4405555848667417,1.4261873392888094,0.003773053363245381
cube67_cluster0,8,835,cube61_cluster0,True,0.9896981998986949,0.5452601330920017,0.11670795391294933
cube67_cluster0,8,835,cube61_cluster0,True,0.9506898933259953,0.6561110864566119,0.07735541211144033
cube67_cluster0,8,835,cube66_cluster0,True,1.5986001446297498,1.4048005486812383,0.050891127474336446
cube67_cluster0,8,835,cube59_cluster2,True,1.5038823675178903,1.1827193639541598,0.08433633349135017
cube67_cluster0,8,835,cube66_cluster1,True,1.940338274722656,0.899429277667673,0.2733392306575431
cube67_cluster0,8,835,cube61_cluster0,True,1.626693730176071,1.171074034106636,0.1196442124608369
cube67_cluster0,8,835,cube61_cluster0,True,1.578870750355155,0.8416635622044449,0.19358814864166424
cube67_cluster0,8,835,cube61_cluster0,True,1.7340764759172063,1.2743862095876812,0.12071313063368237
cube67_cluster0,8,835,cube66_cluster0,True,1.4968942325750474,1.0309699194766229,0.12235017052142975
cube67_cluster0,8,835,cube61_cluster0,True,1.237280448843957,1.178132528215182,0.015532046668253361
cube67_cluster0,8,835,cube66_cluster0,True,2.202976279251703,1.9079860517763862,0.07746344979025825
cube67_cluster0,8,835,cube59_cluster1,True,2.096118858116135,1.7745294749899596,0.08444829934225219
cube67_cluster0,8,835,cube66_cluster0,True,1.6178748056335168,1.0670687050274303,0.1446398447963422
cube67_cluster0,8,835,cube60_cluster0,True,1.86881159718662,1.3938612011691676,0.1247203897893183
cube67_cluster0,8,835,cube59_cluster0,True,2.127942010753126,1.4044717261154798,0.1899808835988015
cube67_cluster0,8,835,cube59_cluster0,True,1.7243671370954476,1.0600725242879407,0.1744415495576345
cube67_cluster0,8,835,cube66_cluster0,True,1.1289815264135672,1.0130827061555383,0.030434643617335454
cube67_cluster0,8,835,cube66_cluster0,True,1.2504564720035094,1.1103195128119738,0.03679949805456288
cube67_cluster0,8,835,cube59_cluster1,True,1.6934417185480515,1.6195747825768894,0.019397211001646222
cube67_cluster0,8,835,cube66_cluster1,True,2.623040380758849,0.879072483289958,0.457960152841699
cube67_cluster0,8,835,cube59_cluster2,True,2.380662221103101,1.0999219556028195,0.3363181217901345
cube67_cluster0,8,835,cube61_cluster0,True,2.151930398356773,1.7776035338328517,0.09829698605056283
cube67_cluster0,8,835,cube61_cluster0,True,1.4877259620058587,1.1269791619548948,0.09473090641649284
cube67_cluster0,8,835,cube68_cluster0,True,1.652411098955494,1.4952072249943227,0.04128121294609408
cube67_cluster0,8,835,cube66_cluster0,True,1.9196601308887504,1.312638530384755,0.15940184756180775
cube67_cluster0,8,835,cube60_cluster0,True,2.247697699036977,1.5580960393135037,0.1810870956656956
cube67_cluster0,8,835,cube68_cluster0,True,2.023027697790815,1.603340307192421,0.11020850889693785
cube67_cluster0,8,835,cube62_cluster3,False,1.8639143228114188,1.4734407523894553,0.10253705716178539
cube67_cluster0,8,835,cube66_cluster0,True,2.1410136207985095,1.8288226883025633,0.08198029755544076
cube67_cluster0,8,835,cube66_cluster0,True,2.0852175798219217,1.5965414085944045,0.12832473257693214
cube67_cluster0,8,835,cube66_cluster0,True,2.606196604446475,2.504845847031761,0.026614370839983987
cube67_cluster0,8,835,cube68_cluster0,True,0.937663972149788,0.9070769500174265,0.008032049988442282
cube67_cluster0,8,835,cube61_cluster0,True,1.367253947981539,0.8361350943294551,0.13947003941335748
cube67_cluster0,8,835,cube59_cluster0,True,1.7909628985586488,1.514197474891174,0.07267767709945205
cube67_cluster0,8,835,cube66_cluster0,True,1.5738684913848853,1.3019216224794208,0.07141234069131687
cube67_cluster0,8,835,cube60_cluster0,True,1.7613709093462395,1.2151186209865288,0.14344402888975966
cube67_cluster0,8,835,cube60_cluster0,True,1.3857703474146141,1.3576364703366515,0.007387862279662855
cube67_cluster0,8,835,cube66_cluster0,True,1.1628560060924034,0.6219942317268974,0.14202849789502964
cube67_cluster0,8,835,cube60_cluster0,True,1.2138888952576863,0.8260732948463365,0.10183908310270094
cube67_cluster0,8,835,cube60_cluster0,True,1.4167735742134249,1.0207869310537718,0.10398477167375779
cube67_cluster0,8,835,cube61_cluster2,False,2.303001292989294,2.032040476949189,0.07115340649786901
cube67_cluster0,8,835,cube68_cluster0,True,1.1225522541505453,1.057822305121779,0.016997868707143437
cube67_cluster0,8,835,cube60_cluster0,True,1.286926499458231,1.0123529107487614,0.07210210855038146
cube67_cluster0,8,835,cube59_cluster1,True,2.508196716521196,1.3316365040612443,0.3089607873560258
cube67_cluster0,8,835,cube59_cluster0,True,2.650833951333088,1.8029362217665448,0.22265511560733892
cube67_cluster0,8,835,cube60_cluster0,True,2.0494317725961304,1.6546046580609366,0.10368028332460161
cube67_cluster0,8,835,cube68_cluster0,True,1.482442428389745,1.4047363583242325,0.020405354809327675
cube67_cluster0,8,835,cube61_cluster0,True,1.4652165360278018,0.8795997930270979,0.15378100337769796
cube67_cluster0,8,835,cube66_cluster0,True,2.394391976805392,2.1186816884428903,0.07240060208778726
cube67_cluster0,8,835,cube61_cluster0,True,1.3434702492003614,0.8132372610806339,0.13923741407937973
cube67_cluster0,8,835,cube59_cluster1,True,1.841904709019016,1.2550145182894579,0.1541154065036892
cube67_cluster0,8,835,cube60_cluster0,True,1.2213500059082272,0.8396470735144896,0.10023391687018077
cube67_cluster0,8,835,cube66_cluster1,True,2.1274964946448423,1.1760053815769114,0.24985839257736728
cube67_cluster0,8,835,cube66_cluster0,True,1.7888962686957235,1.2809057878189092,0.1333966058676398
cube67_cluster0,8,835,cube61_cluster0,True,1.3606873151276941,0.9087233932563166,0.11868421835032199
cube67_cluster0,8,835,cube68_cluster0,True,1.0738357393340674,0.8274538773683366,0.0646990551414443
cube67_cluster0,8,835,cube66_cluster0,True,1.614030997032361,1.1898673545471763,0.11138395771179728
cube67_cluster0,8,835,cube66_cluster0,True,0.9705606704458669,0.7949662091366132,0.046110519841593645
cube67_cluster0,8,835,cube60_cluster0,True,1.5243627050672706,0.9253915699822304,0.15728782219525003
cube67_cluster0,8,835,cube66_cluster0,True,1.226456659732001,0.9878744689125897,0.06265088751435233
cube67_cluster0,8,835,cube66_cluster0,True,1.8201511580927414,1.754493038999557,0.01724160307013311
cube67_cluster0,8,835,cube61_cluster0,True,1.643555426188054,0.9305190569908468,0.18724097220663896
cube67_cluster0,8,835,cube61_cluster0,True,1.923467797909729,1.5068935213089298,0.10939101554501249
cube67_cluster0,8,835,cube68_cluster0,True,1.0507642938194417,0.6132821882036337,0.11488134170594595
cube67_cluster0,8,835,cube60_cluster0,True,2.299482177905154,1.708416134475457,0.15521197149412028
cube67_cluster0,8,835,cube60_cluster0,True,1.8882255190855093,1.4732586870034035,0.10896890597606128
cube67_cluster0,8,835,cube66_cluster1,True,2.068319749098921,0.567672070433022,0.39406507498262877
cube67_cluster0,8,835,cube59_cluster2,True,1.8453955122151895,0.5152661932191507,0.3492875225001193
cube67_cluster0,8,835,cube60_cluster0,True,1.4450027097276605,0.9666148183999301,0.12562306459197511
cube67_cluster0,8,835,cube66_cluster0,True,1.3909309740858076,0.9830111868901016,0.1071183754944269
cube67_cluster0,8,835,cube60_cluster0,True,1.4262178201741162,1.1429569366231764,0.07438336319913659
cube67_cluster0,8,835,cube59_cluster0,True,1.24909094934712,0.7592565770330774,0.12862887231905495
cube67_cluster0,8,835,cube59_cluster0,True,1.8003589279981889,1.1402194717715648,0.17335041929908782
cube67_cluster0,8,835,cube66_cluster0,True,1.6912500454357389,1.174784814923813,0.1356220468541532
cube67_cluster0,8,835,cube59_cluster0,True,2.1880650452412835,1.3504648820435394,0.21995100902659445
cube67_cluster0,8,835,cube60_cluster0,True,1.3230647768977368,0.8980836567263789,0.1115986246254761
cube67_cluster0,8,835,cube61_cluster0,True,1.7053242051481565,1.493216266939355,0.05569883708411162
cube67_cluster0,8,835,cube66_cluster0,True,1.8003918804250534,1.7281441489424412,0.018972013303836244
cube67_cluster0,8,835,cube62_cluster3,False,2.3617780739456773,2.309421105701569,0.013748765223373286
cube67_cluster0,8,835,cube66_cluster1,True,2.30201075601149,1.7656635394187898,0.1408429900822726
cube67_cluster0,8,835,cube68_cluster0,True,2.0615532822332736,1.79742968130166,0.06935797661602276
cube67_cluster0,8,835,cube68_cluster0,True,1.1193472653033647,0.5697864345679492,0.14431284108192216
cube67_cluster0,8,835,cube66_cluster0,True,1.3993905191854656,1.3343770060379758,0.01707233169888745
cube67_cluster0,8,835,cube68_cluster0,True,1.2729283082830318,1.1735245491880615,0.02610309557546434
cube67_cluster0,8,835,cube60_cluster0,True,2.402680565049895,1.9768164964943133,0.11183048392608438
cube67_cluster0,8,835,cube60_cluster0,True,2.212663278286595,1.8857505849795835,0.08584618283975101
cube67_cluster0,8,835,cube66_cluster0,True,1.3567267377376775,1.1730724021866006,0.048227015933653195
cube67_cluster0,8,835,cube60_cluster0,True,1.025599353348665,0.6141451719478244,0.1080464956236652
cube67_cluster0,8,835,cube59_cluster1,True,2.186957909021066,1.206403699388995,0.25749026479467346
cube67_cluster0,8,835,cube61_cluster0,True,1.0682918721973862,1.0104210072835935,0.01519669609713935
cube67_cluster0,8,835,cube61_cluster0,True,1.9429807392816183,1.2853925937098567,0.17268045363105963
cube67_cluster0,8,835,cube60_cluster0,True,1.1227048416557275,0.9706731584026611,0.03992301291807295
cube67_cluster0,8,835,cube66_cluster1,True,2.380602443149448,2.253196230971545,0.033456446352399194
cube67_cluster0,8,835,cube68_cluster0,True,2.486103508901012,2.4732458877255463,0.003376368433870177
cube67_cluster0,8,835,cube68_cluster0,True,1.114100331394298,0.8302173922727146,0.07454671291711101
cube67_cluster0,8,835,cube59_cluster1,True,2.816302521850957,1.3106157966278145,0.3953883118007382
cube67_cluster0,8,835,cube66_cluster0,True,1.0301850127283259,0.8057667313426561,0.05893149214100488
cube67_cluster0,8,835,cube60_cluster0,True,0.9664204970020543,0.6126261672503478,0.09290521090598698
cube67_cluster0,8,835,cube60_cluster0,True,1.167743235996376,1.029866882889535,0.036205870437010894
cube67_cluster0,8,835,cube59_cluster0,True,1.5042196182392111,1.5037610472540868,0.00012041921112258757
cube67_cluster0,8,835,cube60_cluster0,True,1.6217856627416036,1.2181058066757953,0.10600498372207587
cube67_cluster0,8,835,cube60_cluster0,True,1.6060092883486108,1.481435685344444,0.03271261263159063
cube67_cluster0,8,835,cube62_cluster2,False,2.652818936356418,2.1818376512063398,0.12367811451458052
cube67_cluster0,8,835,cube62_cluster2,False,2.3662789630676024,2.096277835692991,0.07090139545536778
cube67_cluster0,8,835,cube66_cluster0,True,1.1425998853790869,0.8328619350783476,0.0813361526129419
cube67_cluster0,8,835,cube60_cluster0,True,1.4688310735175454,0.9819902277360956,0.1278427822365531
cube67_cluster0,8,835,cube66_cluster0,True,2.0865983768640457,1.3326294711019324,0.19798971977743374
cube67_cluster0,8,835,cube61_cluster0,True,1.5636228411362487,0.9857196933922507,0.15175543899211097
cube67_cluster0,8,835,cube61_cluster0,True,1.2256359149227627,1.0512824734346604,0.045784632176001316
cube67_cluster0,8,835,cube61_cluster0,True,1.5310264096643527,0.8327894005068209,0.1833547096237292
cube67_cluster0,8,835,cube59_cluster1,True,2.49575838873807,1.701187494227391,0.20865166659420523
cube67_cluster0,8,835,cube60_cluster0,True,1.646216428161525,1.0814425610128326,0.14830773370071526
cube67_cluster0,8,835,cube59_cluster1,True,2.3205750393459166,1.453866277987311,0.22759482981142828
cube67_cluster0,8,835,cube66_cluster0,True,1.8729710919835922,1.440307215184701,0.11361609088990515
cube67_cluster0,8,835,cube59_cluster0,True,1.4666327052701404,1.3032096766110104,0.042914342225685145
cube67_cluster0,8,835,cube66_cluster0,True,1.7213019481482552,1.4580454307397839,0.06913028337501695
cube67_cluster0,8,835,cube66_cluster0,True,1.6575334770461632,0.9417673163577686,0.1879578063469603
cube67_cluster0,8,835,cube59_cluster0,True,2.52121638973963,1.828493233978058,0.18190679011349892
cube67_cluster0,8,835,cube62_cluster0,False,1.8945724081316615,1.4972518634113705,0.1043350497743307
cube67_cluster0,8,835,cube68_cluster0,True,1.0487580403544523,0.8262460288267336,0.058430912034701424
cube67_cluster0,8,835,cube68_cluster0,True,1.5427635895990863,1.4051845667593559,0.03612779250061767
cube67_cluster0,8,835,cube66_cluster1,True,2.047472904957752,0.8746371423419772,0.30798275924990864
cube67_cluster0,8,835,cube66_cluster1,True,1.8513087196190459,1.177021264110494,0.17706563671963754
cube67_cluster0,8,835,cube60_cluster0,True,1.0163595356114725,0.627946800011444,0.10199588881149374
cube67_cluster0,8,835,cube59_cluster0,True,1.8471254455286366,1.1106417153879051,0.19339817098134998
cube67_cluster0,8,835,cube61_cluster0,True,1.615246810985976,1.001685816512147,0.16111907060602979
cube67_cluster0,8,835,cube60_cluster0,True,1.3749401250971427,1.0894873440072352,0.07495894818175916
cube67_cluster0,8,835,cube60_cluster0,True,1.4461135315270555,1.3287706426372465,0.0308138512233262
cube67_cluster0,8,835,cube60_cluster0,True,1.876962171818645,1.7943152712639368,0.021702800415569056
cube67_cluster0,8,835,cube59_cluster1,True,2.965555424299164,1.182793244298622,0.46814740203554256
cube67_cluster0,8,835,cube68_cluster0,True,1.4785541353408345,1.2803666967718386,0.05204336031075436
cube67_cluster0,8,835,cube68_cluster0,True,1.189464020891022,0.8358669774166828,0.09285340418760198
cube67_cluster0,8,835,cube60_cluster0,True,1.6446972644427988,1.384580196484433,0.06830587442110456
cube67_cluster0,8,835,cube66_cluster0,True,1.3250773574874661,0.9168963431264117,0.10718697287671991
cube67_cluster0,8,835,cube60_cluster0,True,1.7232364650485112,1.1107625421006497,0.16083360924925572
cube67_cluster0,8,835,cube66_cluster0,True,1.412825263295184,0.856198087017408,0.14616843985143418
cube67_cluster0,8,835,cube60_cluster0,True,1.5106533228942887,0.9730047988260997,0.14118470908480346
cube67_cluster0,8,835,cube60_cluster0,True,1.2411205943427928,1.0339101722224777,0.05441276569502059
cube67_cluster0,8,835,cube61_cluster0,True,1.1004226405267055,0.7398760154030561,0.09467834114826679
cube67_cluster0,8,835,cube68_cluster0,True,1.1303436433807468,0.9707075475119549,0.04191990630631901
cube67_cluster0,8,835,cube68_cluster0,True,1.697910443527593,1.4234896598184272,0.07206198246698525
cube67_cluster0,8,835,cube62_cluster3,False,2.1654619693105435,1.4625278298961046,0.18458816036183773
cube67_cluster0,8,835,cube59_cluster1,True,1.854885068442283,1.3011548411843266,0.1454077107016507
cube67_cluster0,8,835,cube61_cluster0,True,1.2883250446958994,0.7017910614856022,0.15402186759726735
cube67_cluster0,8,835,cube68_cluster0,True,1.3231667436207224,1.2524243827175225,0.018576708010870906
cube67_cluster0,8,835,cube60_cluster0,True,1.58255686612321,1.0879683924572094,0.12987728347669575
cube67_cluster0,8,835,cube61_cluster0,True,1.2910715499317773,1.1565230940346316,0.03533197573000084
cube67_cluster0,8,835,cube66_cluster0,True,2.112784215802708,1.9051842916346815,0.05451504763355916
cube67_cluster0,8,835,cube60_cluster0,True,1.450701732050071,1.201579452359963,0.06541867969515734
cube67_cluster0,8,835,cube60_cluster0,True,1.5280152004521836,1.0676002573647194,0.12090342833314595
cube67_cluster0,8,835,cube60_cluster0,True,1.4560664568218813,1.2270897020994476,0.060128532034376236
cube67_cluster0,8,835,cube61_cluster0,True,1.5004475726372857,1.232629968156511,0.0703280096266228
cube67_cluster0,8,835,cube68_cluster0,True,1.5466886288919839,1.2122674943884297,0.08781787445343385
cube67_cluster0,8,835,cube62_cluster3,False,2.2726892526637386,1.4181716644002258,0.2243934684205155
cube67_cluster0,8,835,cube68_cluster0,True,1.3377054975133824,1.2502275066937585,0.022971428604954776
cube67_cluster0,8,835,cube60_cluster0,True,1.7099592402733987,1.2577530961891359,0.11874782509548948
cube67_cluster0,8,835,cube60_cluster0,True,1.9186744224135082,1.7093091628305408,0.05497861882521726
cube67_cluster0,8,835,cube61_cluster0,True,1.8801351585075092,1.4735500155289336,0.10676790237473623
cube67_cluster0,8,835,cube68_cluster0,True,1.777289331975213,1.4663211078199831,0.08165921842353244
cube67_cluster0,8,835,cube59_cluster0,True,1.396249186641342,0.9891483977228865,0.10690330927860316
cube67_cluster0,8,835,cube59_cluster1,True,2.8947359136596322,1.3521387398108713,0.40508087249441654
cube67_cluster0,8,835,cube61_cluster0,True,1.693936396620538,1.6002426093493758,0.02460367602023736
cube67_cluster0,8,835,cube60_cluster0,True,1.8833692439113419,1.3639459318348965,0.13639882920626623
cube67_cluster0,8,835,cube60_cluster0,True,1.5596994730847897,1.4294008630963373,0.03421598036980898
cube67_cluster0,8,835,cube60_cluster0,True,1.7989240857507574,1.3064660804506767,0.12931782959001753
cube67_cluster0,8,835,cube62_cluster3,False,1.8683879067076066,1.5158069070626232,0.09258659446704402
cube67_cluster0,8,835,cube66_cluster0,True,2.259137062561502,2.2185573991039917,0.010656084269806736
cube67_cluster0,8,835,cube66_cluster0,True,1.7306426049859363,1.5215252373994055,0.054913523213800844
cube67_cluster0,8,835,cube60_cluster0,True,1.9572808769328858,1.7452205809934036,0.055686326383099914
cube67_cluster0,8,835,cube66_cluster0,True,1.7611313522088516,1.6699354246405167,0.02394774639392706
cube67_cluster0,8,835,cube68_cluster0,True,1.6397944571535796,1.429494802435345,0.05522398787104806
cube67_cluster0,8,835,cube68_cluster0,True,0.9449913104379897,0.8304127322275535,0.03008795245932669
cube67_cluster0,8,835,cube60_cluster0,True,1.74448945657238,1.1390656026673296,0.1589822846342349
cube67_cluster0,8,835,cube66_cluster1,True,2.227924114275874,0.5467415688978003,0.4414729288042259
cube67_cluster0,8,835,cube66_cluster1,True,1.9366693356548135,1.2410305957597942,0.18267241278196333
cube67_cluster0,8,835,cube66_cluster0,True,1.344857107011504,0.9466219712661817,0.1045752183268705
cube67_cluster0,8,835,cube60_cluster0,True,2.0265852669233753,1.453735903369366,0.15042833212080028
cube67_cluster0,8,835,cube66_cluster0,True,2.0647394671713175,1.9068292561034421,0.0414666947143155
cube67_cluster0,8,835,cube59_cluster1,True,2.1590111949027846,1.2582553245850807,0.2365354870593951
cube67_cluster0,8,835,cube61_cluster0,True,1.4535576895573379,0.7587309200723542,0.18245919206062866
cube67_cluster0,8,835,cube66_cluster0,True,1.4608147870763308,0.9617918491054278,0.13104175901193446
cube67_cluster0,8,835,cube59_cluster1,True,2.0966114986087057,1.6979925087405368,0.10467601713917826
cube67_cluster0,8,835,cube68_cluster0,True,1.6044368558673165,1.291244190865482,0.08224334917019178
cube67_cluster0,8,835,cube68_cluster0,True,2.1328270848565984,1.7691561177921742,0.0954987829206203
cube67_cluster0,8,835,cube62_cluster3,False,2.305289761875803,1.8150275472779904,0.12874122227569795
cube67_cluster0,8,835,cube61_cluster0,True,1.7053381206484095,1.2029201429465357,0.1319332851210765
cube67_cluster0,8,835,cube66_cluster0,True,1.4968178518652406,1.3628342941405898,0.035183635354130854
cube67_cluster0,8,835,cube68_cluster0,True,1.2970777157152371,1.1102580215932065,0.04905822853628001
cube67_cluster0,8,835,cube60_cluster0,True,1.4795070591448827,1.1460194558371115,0.08757273227522991
cube67_cluster0,8,835,cube66_cluster0,True,1.5995715961146484,1.4747045962236178,0.03278965767545089
cube67_cluster0,8,835,cube66_cluster0,True,1.4894903303663294,1.2006276461895098,0.07585437735859442
cube67_cluster0,8,835,cube60_cluster0,True,1.248667152646313,1.032905999151918,0.05665815923274868
cube67_cluster0,8,835,cube66_cluster0,True,1.4948038510542208,1.1737883918822443,0.08429758882621231
cube67_cluster0,8,835,cube60_cluster0,True,1.058487740692367,0.8687024850763873,0.049836975092911864
cube67_cluster0,8,835,cube60_cluster0,True,1.518974667807027,1.108833672201586,0.10770165741394615
cube67_cluster0,8,835,cube60_cluster0,True,1.2442021170679074,1.0630769766887058,0.047562857717690865
cube67_cluster0,8,835,cube61_cluster0,True,1.385426323766976,0.8171011370830655,0.14924029836517877
cube67_cluster0,8,835,cube59_cluster2,True,2.2283641878207336,0.8498775655068045,0.36198598905481605
cube67_cluster0,8,835,cube59_cluster2,True,2.231971263573082,1.1320620625500435,0.28883248742340295
cube67_cluster0,8,835,cube60_cluster0,True,1.5089418790357432,1.3103117975006073,0.052159596877219806
cube67_cluster0,8,835,cube60_cluster0,True,2.2564725356848703,1.6926126064207447,0.14806773666068287
cube67_cluster0,8,835,cube60_cluster0,True,1.4882870987370755,1.236723296634686,0.06605981533688428
cube67_cluster0,8,835,cube66_cluster0,True,2.2663972962315073,1.937946718057209,0.0862500262762602
cube67_cluster0,8,835,cube66_cluster0,True,2.2010834912290127,1.9738929860247505,0.05965946886896907
cube67_cluster0,8,835,cube62_cluster3,False,1.8905166449669955,1.8363703848323227,0.014218627305623005
cube67_cluster0,8,835,cube66_cluster0,True,1.6184644979052454,1.54681681500081,0.01881444254867894
cube67_cluster0,8,835,cube66_cluster0,True,1.8866530844712412,1.5488159588167276,0.08871490233558109
cube67_cluster0,8,835,cube68_cluster0,True,1.0905910907583587,0.878450338273526,0.05570745400354482
cube67_cluster0,8,835,cube66_cluster1,True,1.915572775573463,1.3763139166030243,0.1416075776588357
cube67_cluster0,8,835,cube66_cluster0,True,2.0494103829371926,1.9894013015819163,0.0157581846026168
cube67_cluster0,8,835,cube68_cluster0,True,1.6251315765262615,1.5041326034713645,0.03177392673014942
cube67_cluster0,8,835,cube61_cluster0,True,1.7723789284434108,1.110208918591405,0.17388363590816802
cube67_cluster0,8,835,cube66_cluster0,True,1.6083856074359446,1.4988966466967522,0.028751435887880955
cube67_cluster0,8,835,cube66_cluster0,True,1.3798908777464567,1.1643908956460942,0.056589576495817265
cube67_cluster0,8,835,cube66_cluster1,True,1.716569730354272,1.3900348952265453,0.08574695854222293
cube67_cluster0,8,835,cube66_cluster0,True,2.1808918909745696,1.8559273885202154,0.0853345944200658
cube67_cluster0,8,835,cube66_cluster1,True,1.7467693095074313,1.6209763256302503,0.03303281798157916
cube67_cluster0,8,835,cube61_cluster0,True,1.4069079884442284,0.9165002620936006,0.12877943317663038
cube67_cluster0,8,835,cube61_cluster0,True,1.8146601005671665,1.4045275320040975,0.10769944450072776
cube67_cluster0,8,835,cube66_cluster0,True,1.3325827283662626,0.9460221075900959,0.10150952963650711
cube67_cluster0,8,835,cube66_cluster0,True,1.5788782098441334,1.1912704928460898,0.10178449361176531
cube67_cluster0,8,835,cube60_cluster0,True,1.6594919915574575,1.121183822132182,0.14135792975531647
cube67_cluster0,8,835,cube60_cluster0,True,1.199095895963116,1.1920793157168943,0.0018425305687388848
cube67_cluster0,8,835,cube59_cluster1,True,2.376512212113581,2.0051806946864046,0.09751041789398715
cube67_cluster0,8,835,cube60_cluster0,True,1.302154143134517,0.9321794626965192,0.09715411702638098
cube67_cluster0,8,835,cube68_cluster0,True,0.9550702133573818,0.7834898770054292,0.04505642401698627
cube67_cluster0,8,835,cube59_cluster0,True,2.2625090137028923,1.6173812836632262,0.16940839007425249
cube67_cluster0,8,835,cube59_cluster0,True,2.024398804134353,1.5258160436828456,0.13092616986356054
cube67_cluster0,8,835,cube60_cluster0,True,1.168554073518894,0.78466808048848,0.1008071813117373
cube67_cluster0,8,835,cube59_cluster1,True,2.6266434627241178,1.295492267177912,0.3495558638737071
cube67_cluster0,8,835,cube61_cluster0,True,1.6221415078895824,1.1633112852781715,0.1204872860219956
cube67_cluster0,8,835,cube66_cluster0,True,1.276379695480133,0.8316768837700178,0.11677747504152695
cube67_cluster0,8,835,cube60_cluster0,True,0.7773344975858157,0.667861072898889,0.028747356172376747
cube67_cluster0,8,835,cube59_cluster1,True,2.2399461385354646,0.520479441331782,0.4515262193762121
cube67_cluster0,8,835,cube60_cluster0,True,2.0735033822501725,1.5930531837166566,0.12616461958535474
cube67_cluster0,8,835,cube61_cluster0,True,1.4817410950995273,1.128148040956766,0.09285235660243611
cube67_cluster0,8,835,cube59_cluster0,True,2.301289663379955,1.4077069819415027,0.23465183158599326
cube67_cluster0,8,835,cube60_cluster0,True,2.114081872443929,1.9510933827318029,0.04280023374761377
cube67_cluster0,8,835,cube59_cluster2,True,1.974646528070218,1.3975728409799422,0.15153762539112317
cube67_cluster0,8,835,cube59_cluster2,True,2.113759849464285,0.41249464850464257,0.4467465671739176
cube67_cluster0,8,835,cube66_cluster0,True,1.5672927796479232,1.107715956730687,0.12068334077200774
cube67_cluster0,8,835,cube59_cluster0,True,2.8655940029804214,2.022758487142076,0.2213257951674114
cube67_cluster0,8,835,cube59_cluster0,True,1.6614734905327837,1.3748841616582579,0.0752574018390261
cube67_cluster0,8,835,cube60_cluster0,True,2.285717726082011,1.6801696512683206,0.15901490463050283
cube67_cluster0,8,835,cube60_cluster0,True,1.2081659539823515,0.949661437671424,0.06788242373717984
cube67_cluster0,8,835,cube60_cluster0,True,1.4708250764103719,1.0674266042701512,0.10593109324177725
cube67_cluster0,8,835,cube60_cluster0,True,1.715523602952851,1.3387780943046044,0.09893211393018335
cube67_cluster0,8,835,cube60_cluster0,True,1.1919219258800684,1.1770884959765004,0.0038952092155273084
cube67_cluster0,8,835,cube68_cluster0,True,1.463253418758589,1.403750183386228,0.015625351134760858
cube67_cluster0,8,835,cube66_cluster1,True,1.9756686073985785,1.4145899767374372,0.1473373769246065
cube67_cluster0,8,835,cube66_cluster1,True,1.9444416167185252,1.5878396343431465,0.09364249111999176
cube67_cluster0,8,835,cube66_cluster0,True,1.444411338631781,1.329332801917992,0.030219239894687323
cube67_cluster0,8,835,cube60_cluster0,True,1.7216517267639644,1.0635551572650557,0.17281396405847207
cube67_cluster0,8,835,cube60_cluster0,True,1.5132497354059486,1.1628852180402685,0.09200455361361215
cube67_cluster0,8,835,cube66_cluster0,True,1.465405500561858,0.6251683144880017,0.2206434824380283
cube67_cluster0,8,835,cube60_cluster0,True,0.8929153783559666,0.8302653267313831,0.016451694586337065
cube67_cluster0,8,835,cube66_cluster0,True,1.7037837359998962,1.4105329572391607,0.077006676359769
cube67_cluster0,8,835,cube60_cluster0,True,1.7219238583455592,1.4059682950426555,0.08296887704835974
cube67_cluster0,8,835,cube59_cluster0,True,1.4750776595481172,0.9611960757892076,0.13494358983460736
cube67_cluster0,8,835,cube60_cluster0,True,2.3767045843043,1.7166729825281182,0.17332209708015203
cube67_cluster0,8,835,cube60_cluster0,True,1.859535858817205,1.3493729890398385,0.13396706794688587
cube67_cluster0,8,835,cube66_cluster1,True,1.6497226395648505,0.9097384865636498,0.19431737034879115
cube67_cluster0,8,835,cube66_cluster1,True,1.4951234497508068,1.1037928290599819,0.10276211570368311
cube67_cluster0,8,835,cube60_cluster0,True,2.096044352571876,1.4167655797347383,0.17837634000150313
cube67_cluster0,8,835,cube60_cluster0,True,1.786056461179198,1.2534844393000149,0.13985163654272717
cube67_cluster0,8,835,cube59_cluster0,True,1.5136388462333583,1.2773994353079692,0.062035681328563005
cube67_cluster0,8,835,cube60_cluster0,True,0.6743935120246448,0.6435910223776712,0.008088631039083978
cube67_cluster0,8,835,cube60_cluster0,True,1.3766054115836786,0.9234581634761214,0.1189949558729386
cube67_cluster0,8,835,cube68_cluster0,True,1.3744905622884052,1.2908747115481916,0.02195724350233344
cube67_cluster0,8,835,cube66_cluster0,True,1.5552407476546515,1.4553944727247623,0.026219298757695172
cube67_cluster0,8,835,cube59_cluster1,True,2.6347307667177975,0.5228976134209185,0.554560342001512
cube67_cluster0,8,835,cube60_cluster0,True,1.6492738381397103,1.111642950285069,0.1411800778739517
cube67_cluster0,8,835,cube59_cluster1,True,1.922771620049114,1.2035996879029918,0.18885215057175284
cube67_cluster0,8,835,cube60_cluster0,True,1.3319635759202981,0.8222788759647637,0.13384150214661605
cube67_cluster0,8,835,cube61_cluster0,True,2.0523866069292933,1.4090563104464642,0.16893639001759633
cube67_cluster0,8,835,cube59_cluster1,True,1.8167365919423382,0.8970389770413355,0.24150952600646847
cube67_cluster0,8,835,cube66_cluster1,True,2.2359380447485036,1.8293803640048518,0.10676069088344595
cube67_cluster0,8,835,cube68_cluster0,True,1.339963492498147,1.2225005474788266,0.030845377562486693
cube67_cluster0,8,835,cube61_cluster0,True,1.5821076551255036,1.1401798973677553,0.11604875512987356
cube67_cluster0,8,835,cube68_cluster0,True,0.9626624357503037,0.8469494121412734,0.03038585403703622
cube67_cluster0,8,835,cube60_cluster0,True,2.139418789185648,1.574277971936501,0.14840409357312656
cube67_cluster0,8,835,cube60_cluster0,True,1.8373311186927967,1.5333608507202003,0.07982157847177095
cube67_cluster0,8,835,cube61_cluster2,False,2.374237193050052,2.222957844136167,0.03972545243002751
cube67_cluster0,8,835,cube66_cluster0,True,1.899586096668208,1.1272231138957733,0.20281994304659748
cube67_cluster0,8,835,cube66_cluster1,True,1.9799564811105528,1.1771552930598248,0.2108129142255425
cube67_cluster0,8,835,cube60_cluster0,True,2.4387900753211467,2.0415445705930413,0.10431534452267988
cube67_cluster0,8,835,cube59_cluster0,True,1.5511639239574122,1.2109508423072148,0.0893388204550073
cube67_cluster0,8,835,cube66_cluster0,True,2.1172291497171267,1.4577950568827802,0.17316519322502694
cube67_cluster0,8,835,cube60_cluster0,True,1.8757042201424066,1.2041998574170023,0.17633480583783478
cube67_cluster0,8,835,cube59_cluster1,True,1.9196219196941349,1.1342128221251153,0.20624580927664996
cube67_cluster0,8,835,cube60_cluster0,True,1.4951357802286118,0.924506831089416,0.1498452587016991
cube67_cluster0,8,835,cube66_cluster0,True,1.3261602238029884,1.2536544482047243,0.019039774827896032
cube67_cluster0,8,835,cube61_cluster0,True,1.0730404372867886,0.8692842283819012,0.05350570082623431
cube67_cluster0,8,835,cube66_cluster0,True,1.7728467336301634,1.5524399038064276,0.05787809834110375
cube67_cluster0,8,835,cube61_cluster0,True,1.4605839954624544,0.6969470072648288,0.20052852597695114
cube67_cluster0,8,835,cube61_cluster0,True,1.2047919167785814,0.9580934609830034,0.06478219162515826
cube67_cluster0,8,835,cube62_cluster3,False,2.4269187817686646,2.3069787362398677,0.031495855893865714
cube67_cluster0,8,835,cube59_cluster1,True,1.8922584303498517,1.4098399568615176,0.1266814820232765
cube67_cluster0,8,835,cube61_cluster0,True,1.7843376449952881,1.1015349947107222,0.1793016984652465
cube67_cluster0,8,835,cube59_cluster0,True,2.5899454846526826,1.6952167348422085,0.23495278531775624
cube67_cluster0,8,835,cube66_cluster0,True,1.646350345441958,1.4404664264720886,0.054064430392286644
cube67_cluster0,8,835,cube60_cluster0,True,1.7061961739131266,1.3952701875225404,0.08164812692742178
cube67_cluster0,8,835,cube60_cluster0,True,1.8153238603763262,1.7996180174584226,0.004124301963143867
cube67_cluster0,8,835,cube68_cluster0,True,1.7339328504579792,1.7186651619419422,0.004009244078684928
cube67_cluster0,8,835,cube59_cluster1,True,2.87834790689365,2.3000406376310565,0.15186155995494022
cube67_cluster0,8,835,cube68_cluster0,True,1.2695777356775122,0.8236851820393067,0.11708989730343967
cube67_cluster0,8,835,cube59_cluster1,True,3.085039823776413,0.9804377509339238,0.5526614843935771
cube67_cluster0,8,835,cube68_cluster0,True,1.441908579836415,1.1066340728901272,0.0880419672104579
cube67_cluster0,8,835,cube68_cluster0,True,1.4828858609150692,1.2259929014772686,0.0674592342776712
cube67_cluster0,8,835,cube66_cluster0,True,1.6238049703627655,1.1319999359079083,0.12914636162405685
cube67_cluster0,8,835,cube66_cluster0,True,1.9081996655761904,1.6708003458085008,0.06234026952165606
cube67_cluster0,8,835,cube60_cluster0,True,1.1546639950530069,0.7363331739786732,0.10985227826477965
cube67_cluster0,8,835,cube66_cluster0,True,1.499830605604213,1.3191287263571674,0.04745171075618118
cube67_cluster0,8,835,cube61_cluster0,True,1.2727005297981937,0.6325718001515527,0.1680956692452922
cube67_cluster0,8,835,cube59_cluster1,True,2.7213501351223073,1.3371099778681568,0.36349684813910765
cube67_cluster0,8,835,cube61_cluster0,True,1.124586931838483,0.9054928435118189,0.05753337680264356
cube67_cluster0,8,835,cube61_cluster0,True,1.383035978972084,0.8371710328121984,0.14334231412007187
cube67_cluster0,8,835,cube60_cluster0,True,1.2398759841378764,1.105597645164701,0.03526104392674569
cube67_cluster0,8,835,cube59_cluster1,True,2.7269395068874425,1.513610360863933,0.3186161866664328
cube67_cluster0,8,835,cube61_cluster0,True,1.4058068814079792,1.1660250479188266,0.06296590967799852
cube67_cluster0,8,835,cube60_cluster0,True,0.9343615518125582,0.8368959969499222,0.025594129608965455
cube67_cluster0,8,835,cube60_cluster0,True,1.3488777968833794,1.028637240267989,0.08409410199955301
cube67_cluster0,8,835,cube66_cluster0,True,2.067638908299086,1.5694267354363811,0.13082885479884196
cube67_cluster0,8,835,cube68_cluster0,True,0.9848274424647794,0.5357780819038808,0.11791886427175745
cube67_cluster0,8,835,cube66_cluster0,True,1.9723285160896133,1.4143230999615184,0.1465303610389862
cube67_cluster0,8,835,cube59_cluster0,True,2.2961153710163695,1.7385127628409605,0.14642458501418343
cube67_cluster0,8,835,cube66_cluster0,True,1.9674671689057812,1.7121520793713516,0.067044890904057
cube67_cluster0,8,835,cube61_cluster0,True,1.591514720892809,1.1618617713043013,0.11282543144745572
cube67_cluster0,8,835,cube59_cluster1,True,2.830650503529928,2.3410442950233064,0.12856895726427028
cube67_cluster0,8,835,cube66_cluster0,True,1.3816865039086565,1.2256279754628423,0.04098044903408011
cube67_cluster0,8,835,cube60_cluster0,True,1.5193234700293956,1.2761395078075384,0.06385929733535035
cube67_cluster0,8,835,cube60_cluster0,True,1.7113332035327955,1.171475114440882,0.14176493348999303
cube67_cluster0,8,835,cube66_cluster0,True,1.8278609383663862,1.2237002820993113,0.15865057314791903
cube67_cluster0,8,835,cube60_cluster0,True,1.1717760017905572,1.1080167593771673,0.016742964387753502
cube67_cluster0,8,835,cube60_cluster0,True,1.8493566924653821,1.674259795006163,0.045979861234206956
cube67_cluster0,8,835,cube61_cluster0,True,1.2215720303232958,0.895912880806147,0.08551700642174896
cube67_cluster0,8,835,cube66_cluster0,True,1.241314731125136,0.8841198228608856,0.09379819148069539
cube67_cluster0,8,835,cube60_cluster0,True,1.8248175469646652,1.2188463159708112,0.15912602403196943
cube67_cluster0,8,835,cube60_cluster0,True,1.8401467244177758,1.18276147168181,0.17262717464913205
cube67_cluster0,8,835,cube60_cluster0,True,1.1766721162524247,0.7261424228957102,0.1183075947262643
cube67_cluster0,8,835,cube60_cluster0,True,1.6663873933289257,1.2924947658365145,0.09818295685449306
cube67_cluster0,8,835,cube68_cluster0,True,1.2660019219825691,1.1955798231221024,0.018492608266688495
cube67_cluster0,8,835,cube61_cluster0,True,1.0425156576501202,0.7656573196949336,0.07270207608148804
cube67_cluster0,8,835,cube59_cluster1,True,2.2235651344315253,1.3397883689243628,0.23207683077023053
cube67_cluster0,8,835,cube60_cluster0,True,1.7955382631173742,1.3909194069397874,0.10625156201937855
cube67_cluster0,8,835,cube66_cluster1,True,2.190737179216076,1.9735374775544319,0.057035917183167285
cube67_cluster0,8,835,cube68_cluster0,True,2.43429067086228,2.2734882354811123,0.042226183171924184
cube67_cluster0,8,835,cube59_cluster0,True,1.5294164301598459,0.7939945646957598,0.19311932885913002
cube67_cluster0,8,835,cube60_cluster0,True,1.7826539344418249,1.2246730543843283,0.14652391794868752
cube67_cluster0,8,835,cube68_cluster0,True,1.2243868391263628,1.0576096711540193,0.043795128021548106
cube67_cluster0,8,835,cube68_cluster0,True,0.9122018478000967,0.6768143159921741,0.06181198071377311
cube67_cluster0,8,835,cube60_cluster0,True,2.1896688949222494,1.6467626355222844,0.1425653728456651
cube67_cluster0,8,835,cube66_cluster0,True,1.7711518283559151,1.2621563761150587,0.13366050799573873
cube67_cluster0,8,835,cube61_cluster0,True,1.9310715331059423,1.5571499652746312,0.09819055649095718
cube67_cluster0,8,835,cube60_cluster0,True,2.3926023349125582,1.8434171422779966,0.14421419976958502
cube67_cluster0,8,835,cube59_cluster0,True,2.7631560523964533,1.9981575367004523,0.20088605855662714
cube67_cluster0,8,835,cube59_cluster1,True,2.284451428752729,0.8181255766611747,0.3850522778052235
cube67_cluster0,8,835,cube60_cluster0,True,1.4226403843422268,1.2575442092184892,0.04335370490648352
cube67_cluster0,8,835,cube61_cluster0,True,1.2678975717870145,0.8411210847043985,0.11207008198789657
cube67_cluster0,8,835,cube61_cluster0,True,1.6703496184945568,1.0074480121593505,0.17407575070440434
cube67_cluster0,8,835,cube61_cluster0,True,1.2076850353566022,0.8614765514433912,0.09091319309151173
cube67_cluster0,8,835,cube66_cluster0,True,2.363025955236696,2.314372251248274,0.012776300382129027
cube67_cluster0,8,835,cube68_cluster0,True,1.2617253534405048,0.9962878240732179,0.06970300984060063
cube67_cluster0,8,835,cube59_cluster1,True,2.3349686114287245,1.5574508417453174,0.2041735728955422
cube67_cluster0,8,835,cube60_cluster0,True,1.813296186937087,1.1610917549056308,0.17126670841284058
cube67_cluster0,8,835,cube66_cluster0,True,1.6626939220453836,0.9614350529039641,0.18414823997603438
cube67_cluster0,8,835,cube59_cluster1,True,1.7758229620547028,1.0385666550905546,0.19360104707823653
cube67_cluster0,8,835,cube62_cluster0,False,2.0124990775303826,1.822769593060412,0.049822329775995454
cube67_cluster0,8,835,cube66_cluster0,True,1.8572848519019756,1.2660981335957509,0.1552436603141834
cube67_cluster0,8,835,cube61_cluster0,True,1.5256290193451183,1.0314865409367278,0.1297601666096719
cube67_cluster0,8,835,cube68_cluster0,True,0.950676237836058,0.638176868847969,0.08206129194948247
cube67_cluster0,8,835,cube59_cluster0,True,1.8428178888462488,1.7340079916362015,0.028573116070155016
cube67_cluster0,8,835,cube60_cluster0,True,2.3329448305404257,1.7961558575660055,0.14095899383462662
cube67_cluster0,8,835,cube60_cluster0,True,2.1424365804814047,1.6324978670014372,0.1339082052508659
cube67_cluster0,8,835,cube62_cluster3,False,2.8140551689098103,1.9865276311814604,0.2173059711757396
cube67_cluster0,8,835,cube62_cluster3,False,2.511493050031741,2.3706610485547728,0.036982013840392555
cube67_cluster0,8,835,cube62_cluster3,False,2.165676097106227,1.853184150018542,0.08205934298319224
cube67_cluster0,8,835,cube61_cluster0,True,1.4690753978360693,1.042217456026352,0.11209147172753982
cube67_cluster0,8,835,cube60_cluster0,True,1.6455726315800578,1.4802560285676627,0.043411588534804126
cube67_cluster0,8,835,cube66_cluster0,True,2.4014121446320327,2.184722579953889,0.05690195691287029
cube67_cluster0,8,835,cube61_cluster0,True,1.7928517160164252,1.2184154477337974,0.15084504800938867
cube67_cluster0,8,835,cube68_cluster0,True,1.4665240624561158,1.1006464160670038,0.0960782495508681
cube67_cluster0,8,835,cube68_cluster0,True,2.2029441371074405,2.1447939341277293,0.015270049341512833
cube67_cluster0,8,835,cube61_cluster0,True,0.894245952761189,0.6595259130023411,0.06163669952811682
cube67_cluster0,8,835,cube66_cluster0,True,1.4249672890792653,1.1725206500042962,0.0662916453811664
cube67_cluster0,8,835,cube66_cluster0,True,1.6395254199179556,0.7285349500696309,0.23922305875846092
cube67_cluster0,8,835,cube60_cluster0,True,1.0954351839777763,0.9322710204726286,0.042846365099698365
cube67_cluster0,8,835,cube66_cluster0,True,2.0864031080079535,1.3378034712706282,0.19657976764080962
cube67_cluster0,8,835,cube59_cluster0,True,1.479230162829382,1.1626482746509073,0.08313334787156779
cube67_cluster0,8,835,cube66_cluster0,True,1.1936438480150569,1.1886161350714937,0.0013202606489604027
cube67_cluster0,8,835,cube66_cluster0,True,1.3338767523119015,1.063430170491348,0.0710183703070515
cube67_cluster0,8,835,cube60_cluster0,True,1.5469160958875783,0.8670542571026943,0.17852945117455518
cube67_cluster0,8,835,cube61_cluster0,True,1.0082349013261942,0.818339039745762,0.049866019850249056
cube67_cluster0,8,835,cube66_cluster0,True,1.6618173903859361,1.133433237345921,0.13875191615426707
cube67_cluster0,8,835,cube60_cluster0,True,1.7802728163426895,1.224102848376771,0.1460483784737662
cube67_cluster0,8,835,cube60_cluster0,True,1.822338632700407,1.4223135813667476,0.10504524419007491
cube67_cluster0,8,835,cube60_cluster0,True,1.629365647079749,1.3640116628468633,0.06968107116697307
cube67_cluster0,8,835,cube62_cluster3,False,2.0243371070947553,1.9902117654311948,0.008961200895212091
cube67_cluster0,8,835,cube66_cluster1,True,2.237487083536997,1.4012027485961471,0.21960547691530086
cube67_cluster0,8,835,cube68_cluster0,True,2.105436663323257,1.7649683283648532,0.08940584912234066
cube67_cluster0,8,835,cube59_cluster0,True,1.58549108747469,1.4829369993458998,0.026930361471771046
cube67_cluster0,8,835,cube68_cluster0,True,1.7233826583055556,1.6580885209405167,0.01714602268238913
cube67_cluster0,8,835,cube66_cluster0,True,2.1272611204588463,1.8385883348646455,0.07580451062420858
cube67_cluster0,8,835,cube66_cluster0,True,1.6520372372977317,0.8847767319665539,0.20148004948992088
cube67_cluster0,8,835,cube59_cluster0,True,2.239688405283483,1.4637469078132694,0.20375964907003946
cube67_cluster0,8,835,cube60_cluster0,True,1.9262153540341223,1.2629357240291705,0.17417501845917535
cube67_cluster0,8,835,cube66_cluster0,True,1.5886589111180014,0.862266749017484,0.1907481588745811
cube67_cluster0,8,835,cube60_cluster0,True,1.7730297403421418,1.0973316480592503,0.17743606523137695
cube67_cluster0,8,835,cube61_cluster0,True,1.406732691630055,1.0654915291041827,0.08960879106377889
cube67_cluster0,8,835,cube68_cluster0,True,1.2294817393617261,1.2289743784008857,0.00013323129600584238
cube67_cluster0,8,835,cube62_cluster3,False,2.2268654577968485,2.0130969080525385,0.05613490813433902
cube67_cluster0,8,835,cube59_cluster2,True,1.7657209769027324,1.6175366994231462,0.03891269699504237
cube67_cluster0,8,835,cube68_cluster0,True,1.8713736845779139,1.7059251101728339,0.04344624378233041
cube67_cluster0,8,835,cube68_cluster0,True,1.7157269406281406,1.688651585833865,0.007109897858685101
cube67_cluster0,8,835,cube60_cluster0,True,1.7895662450418268,1.3013992551123128,0.12819102326645912
cube67_cluster0,8,835,cube59_cluster1,True,1.9566831510333589,1.2643848453641855,0.18179522589632954
cube67_cluster0,8,835,cube60_cluster0,True,1.788901093858877,1.3900024590664017,0.10474945096354087
cube67_cluster0,8,835,cube61_cluster0,True,1.8773060106668606,1.49106283083076,0.10142617070447522
cube67_cluster0,8,835,cube68_cluster0,True,1.7633547057081325,1.6854890147836308,0.020447270714480215
cube67_cluster0,8,835,cube60_cluster0,True,2.844306695395382,2.7987985855178374,0.01195027786079358
cube67_cluster0,8,835,cube62_cluster2,False,2.9526065044476013,2.875840845895705,0.020158405882610076
cube67_cluster0,8,835,cube66_cluster0,True,1.8102065597708292,1.7717349362021568,0.010102520026399628
cube67_cluster0,8,835,cube61_cluster0,True,1.918984553529602,1.4208277306384656,0.13081432008092886
cube67_cluster0,8,835,cube66_cluster0,True,1.7665466456176506,1.6344320490354234,0.034692852392081065
cube67_cluster0,8,835,cube60_cluster0,True,1.877402088998588,1.7802087455530038,0.025522647798813344
cube67_cluster0,8,835,cube68_cluster0,True,1.0746644853471863,0.8425365268292229,0.0609560276401902
cube67_cluster0,8,835,cube59_cluster1,True,2.84469122539269,1.3936572389813662,0.3810366848838646
cube67_cluster0,8,835,cube59_cluster0,True,1.660758549327141,1.084922833374886,0.15121253829955206
cube67_cluster0,8,835,cube66_cluster0,True,2.503090516530432,2.1921235071487666,0.08165889942804633
cube67_cluster0,8,835,cube66_cluster1,True,1.7699229618930752,1.7223930052002712,0.012481208090577334
cube67_cluster0,8,835,cube61_cluster0,True,1.6091829008154996,1.2583851929748762,0.09211830798741828
cube67_cluster0,8,835,cube61_cluster0,True,1.8295669632621587,1.624968711699557,0.05372681841950296
cube67_cluster0,8,835,cube59_cluster1,True,2.7205714700696695,1.4549560491225544,0.33234638805964095
cube67_cluster0,8,835,cube60_cluster0,True,1.862539237213072,1.804543018762927,0.015229613517666692
cube67_cluster0,8,835,cube59_cluster1,True,2.508270999158095,1.9424083964210606,0.1485936320347184
cube67_cluster0,8,835,cube60_cluster0,True,2.0039364584547856,1.643633378453799,0.0946143870114043
cube67_cluster0,8,835,cube61_cluster0,True,1.5693998572226926,0.9734628294703797,0.15649107572999083
cube67_cluster0,8,835,cube61_cluster0,True,1.2118776021643614,1.1223227579855246,0.023516803369705495
cube67_cluster0,8,835,cube60_cluster0,True,1.2361262023064468,0.7804631316754675,0.11965560247602179
cube67_cluster0,8,835,cube66_cluster0,True,1.5839060592364878,0.6591125723212025,0.2428476850000541
cube67_cluster0,8,835,cube60_cluster0,True,1.0653801595253918,0.723141064758367,0.08987084474168607
cube67_cluster0,8,835,cube66_cluster0,True,1.361550158052071,0.7093520021026826,0.17126506033462358
cube67_cluster0,8,835,cube61_cluster2,False,1.8695182905064567,1.692558100967813,0.046469155519222455
cube67_cluster0,8,835,cube66_cluster1,True,2.0881902178430587,1.1077581503480065,0.2574581906768994
cube67_cluster0,8,835,cube59_cluster2,True,1.6684859746510068,0.9611229015155558,0.18575118358419418
cube67_cluster0,8,835,cube66_cluster0,True,1.6713591245470507,1.4716936446427962,0.05243148903536207
cube67_cluster0,8,835,cube60_cluster0,True,1.1716209545252414,0.5615594373975681,0.16020011952749363
cube67_cluster0,8,835,cube60_cluster0,True,1.2596079833943796,0.9631350933802613,0.07785279202750221
cube67_cluster0,8,835,cube59_cluster1,True,2.3337757877567267,1.0646670793897954,0.33326371368416696
cube67_cluster0,8,835,cube60_cluster0,True,1.2313914496580571,0.6812391059278284,0.1444681704213588
cube67_cluster0,8,835,cube68_cluster0,True,1.1050250302435543,0.9880902801405901,0.03070667533925441
cube67_cluster0,8,835,cube60_cluster0,True,2.159196465994982,1.596718664549723,0.14770479450555854
cube67_cluster0,8,835,cube60_cluster0,True,2.032482892595751,1.6627532567520926,0.09708976913325773
cube67_cluster0,8,835,cube59_cluster1,True,2.8997651844345773,1.3386926699749664,0.409932435314023
cube67_cluster0,8,835,cube60_cluster0,True,1.6331481038472213,1.0740827018962589,0.14680870978047103
cube67_cluster0,8,835,cube68_cluster0,True,1.632279981416246,1.5774831989815563,0.014389452291779643
cube67_cluster0,8,835,cube61_cluster0,True,1.2856180250904927,1.0150656152264765,0.07104616039827363
cube67_cluster0,8,835,cube66_cluster0,True,1.68003246889583,0.7594044425729272,0.24175384894245683
cube67_cluster0,8,835,cube66_cluster0,True,1.484045603947116,1.3652337424623209,0.031199598526987286
cube67_cluster0,8,835,cube66_cluster0,True,1.6745602026784994,1.1199499890931253,0.14563879217602166
cube67_cluster0,8,835,cube60_cluster0,True,1.080454921694591,0.8624847360565537,0.057238243705406075
cube67_cluster0,8,835,cube60_cluster0,True,1.2658392098971523,0.9014872082800006,0.09567762032256456
cube67_cluster0,8,835,cube59_cluster0,True,1.3799203618022227,0.8368765331363994,0.1426014980760149
cube67_cluster0,8,835,cube62_cluster0,False,2.133691640129347,2.047880245402429,0.022533786029968878
cube67_cluster0,8,835,cube61_cluster0,True,1.9792095371509342,1.3281482230496209,0.17096652945727372
cube67_cluster0,8,835,cube66_cluster0,True,2.1739793517487143,1.9794177934906292,0.05109121623529264
cube67_cluster0,8,835,cube68_cluster0,True,1.2818827703733684,1.2475118716712268,0.009025683354483942
cube67_cluster0,8,835,cube66_cluster0,True,1.218030799430979,0.8652349496897744,0.09264301338567565
cube67_cluster0,8,835,cube61_cluster0,True,1.297347532735736,0.8146653131745851,0.1267507408622688
cube67_cluster0,8,835,cube59_cluster0,True,1.1043147516121334,0.9839107314566025,0.03161769408325108
cube67_cluster0,8,835,cube60_cluster0,True,2.0522672102020234,1.3855743719462543,0.17507131556102767
cube67_cluster0,8,835,cube60_cluster0,True,1.4749634176536426,1.068269846399201,0.10679637527831431
cube67_cluster0,8,835,cube66_cluster0,True,1.3928790505113227,0.9946952369648947,0.10456174128862689
cube67_cluster0,8,835,cube66_cluster1,True,1.6506269092730534,0.7869592207801375,0.22679625422044683
cube67_cluster0,8,835,cube66_cluster1,True,1.7786752312181104,1.1753806113668106,0.15842315487381523
cube67_cluster0,8,835,cube60_cluster0,True,2.722729487956998,2.3060444412145196,0.10942010341474186
cube67_cluster0,8,835,cube59_cluster1,True,2.525276185191294,1.1708819008114013,0.35565942147372787
cube67_cluster0,8,835,cube60_cluster0,True,1.376618645676142,0.8945393322467551,0.12659241972307092
cube67_cluster0,8,835,cube66_cluster0,True,1.4134911812523905,1.3477886801929262,0.017253257626441424
cube67_cluster0,8,835,cube60_cluster0,True,1.3745964398471764,1.0598528138133962,0.08265062636392463
cube67_cluster0,8,835,cube68_cluster0,True,1.660480846578401,1.2869884276978127,0.09807786340793073
cube67_cluster0,8,835,cube66_cluster0,True,1.1475137802878623,0.8450811333199726,0.07941780432469515
cube67_cluster0,8,835,cube60_cluster0,True,1.1776920601209249,0.7085323679293171,0.12319977027963946
cube67_cluster0,8,835,cube62_cluster3,False,1.9066425563863014,1.676062376810736,0.0605495860525586
cube67_cluster0,8,835,cube62_cluster3,False,2.456366784142585,2.205208578123606,0.06595330715825307
cube67_cluster0,8,835,cube66_cluster0,True,1.6704879259364886,1.1660072925277911,0.13247493162966634
cube67_cluster0,8,835,cube60_cluster0,True,2.5789140177056504,1.9451711037717823,0.1664187753391115
cube67_cluster0,8,835,cube60_cluster0,True,1.9866228192200923,1.381088737477512,0.15901123009670345
cube67_cluster0,8,835,cube66_cluster1,True,1.816082204633706,1.6352662485692462,0.04748166694792904
cube67_cluster0,8,835,cube60_cluster0,True,1.4047056833918263,0.723195927620308,0.17896218867859112
cube67_cluster0,8,835,cube59_cluster0,True,1.4268207996017626,0.9470311695109114,0.1259911565156479
cube67_cluster0,8,835,cube60_cluster0,True,1.2887659367069775,0.9848340050185543,0.07981151149141835
cube67_cluster0,8,835,cube59_cluster1,True,2.118310985406511,1.859976666194102,0.06783773054680416
cube67_cluster0,8,835,cube66_cluster0,True,1.738985132622771,1.4286259450119438,0.0814992874584237
cube67_cluster0,8,835,cube61_cluster0,True,1.1995260269237822,0.8334128365557949,0.09614010261405993
cube67_cluster0,8,835,cube68_cluster0,True,0.8732949762198357,0.8390729102066486,0.008986600386798346
cube67_cluster0,8,835,cube66_cluster0,True,1.8730612632522066,1.1315520847175877,0.19471783696711897
cube67_cluster0,8,835,cube66_cluster1,True,2.521622315385588,1.6297127761275194,0.23421247003021778
cube67_cluster0,8,835,cube59_cluster0,True,0.9494694284113976,0.6515443766828533,0.07823412485000117
cube67_cluster0,8,835,cube66_cluster1,True,2.20320163918772,1.2179955964473472,0.2587118206526476
cube67_cluster0,8,835,cube61_cluster0,True,1.1082053862004089,0.7030141819028792,0.10640185872659898
cube67_cluster0,8,835,cube59_cluster1,True,2.8825752343525615,2.306474512564078,0.1512821279482143
cube67_cluster0,8,835,cube59_cluster0,True,1.7805138978731285,1.5563409842099343,0.05886705939551089
cube67_cluster0,8,835,cube61_cluster0,True,1.1034140638334744,0.44883571519861654,0.17189009099465594
cube67_cluster0,8,835,cube68_cluster0,True,1.6774210751797112,1.6534019036296606,0.006307354332701178
cube67_cluster0,8,835,cube66_cluster0,True,1.6862054889620341,1.3172937216447307,0.09687499958625087
cube67_cluster0,8,835,cube60_cluster0,True,1.9011328805585774,1.4178474154767429,0.126909151123865
cube67_cluster0,8,835,cube66_cluster1,True,1.3898794182451437,0.8197495603602445,0.14971419900304792
cube67_cluster0,8,835,cube59_cluster2,True,1.3867302689412613,1.3427570634451362,0.011547217089931604
cube67_cluster0,8,835,cube66_cluster0,True,1.6727112081487086,0.8800237986705134,0.2081570697070703
cube67_cluster0,8,835,cube60_cluster0,True,1.8140751008721399,1.149213651638584,0.1745903989124227
cube67_cluster0,8,835,cube60_cluster0,True,1.2032507680881355,0.9387267091553051,0.06946313555140801
cube67_cluster0,8,835,cube60_cluster0,True,1.253291690687298,0.8933350496263283,0.09452341330130867
cube67_cluster0,8,835,cube61_cluster0,True,1.4774007565667249,0.9102716551484443,0.14892621036398646
cube67_cluster0,8,835,cube61_cluster0,True,1.0006544144161877,0.8254309410728587,0.046013099639178275
cube67_cluster0,8,835,cube66_cluster0,True,1.329705149040533,1.0849181547065758,0.06428024822104779
cube67_cluster0,8,835,cube62_cluster3,False,3.032774249151973,2.1366279485730884,0.23532502942127695
cube67_cluster0,8,835,cube66_cluster0,True,1.6910280884288609,1.470170505844716,0.05799646451249389
cube67_cluster0,8,835,cube60_cluster0,True,1.3127894471724428,1.0944642004868865,0.05733148155217263
cube67_cluster0,8,835,cube68_cluster0,True,1.0902481709883454,1.0828604580231815,0.0019399887828138074
cube67_cluster0,8,835,cube60_cluster0,True,1.0196056228744714,0.8614395331502904,0.04153388759597388
cube67_cluster0,8,835,cube59_cluster0,True,1.3974238440393931,0.9103744270364624,0.12789755234362124
cube67_cluster0,8,835,cube59_cluster0,True,1.369443452687706,0.9884106579135432,0.10005794096653549
cube67_cluster0,8,835,cube68_cluster0,True,1.5809594264077433,1.4572411951066935,0.032487994875458504
cube67_cluster0,8,835,cube61_cluster0,True,1.3381553305795557,0.7873726282736058,0.14463370048077176
cube67_cluster0,8,835,cube66_cluster0,True,1.3526672060477272,1.2760065259362379,0.020130838894316567
cube67_cluster0,8,835,cube60_cluster0,True,2.2829319713851697,1.9735976656605556,0.08123015689361456
cube67_cluster0,8,835,cube59_cluster1,True,1.787796472086833,1.2761221362473958,0.13436397389326565
cube67_cluster0,8,835,cube60_cluster0,True,1.6229273330527105,1.307429719816705,0.08284862088829227
cube67_cluster0,8,835,cube66_cluster0,True,1.1963283410238776,1.0135611234308173,0.0479940617168746
cube67_cluster0,8,835,cube60_cluster0,True,1.0287589146188898,0.8134872873691411,0.05652961127372745
cube67_cluster0,8,835,cube66_cluster0,True,1.8783081383549076,1.8204174895579843,0.015201891278859982
cube67_cluster0,8,835,cube66_cluster1,True,2.0491835476044042,1.4658848728306728,0.15317228639324973
cube67_cluster0,8,835,cube59_cluster0,True,2.1486689904910654,1.5607314633095495,0.15439043356256538
cube67_cluster0,8,835,cube60_cluster0,True,1.4830230189561622,1.3001576400947823,0.04801983853851678
cube67_cluster0,8,835,cube60_cluster0,True,1.9403006372716498,1.825721708655157,0.030088044474788397
cube67_cluster0,8,835,cube61_cluster0,True,1.563266108537958,0.9390681023354533,0.1639123144060523
cube67_cluster0,8,835,cube60_cluster0,True,1.153652987407428,1.0756651126623076,0.02047935577822854
cube67_cluster0,8,835,cube68_cluster0,True,1.9413362990851621,1.9338894042694637,0.0019555297393621727
cube67_cluster0,8,835,cube60_cluster0,True,1.7182966186318254,1.2326345466206667,0.12753324017629394
cube67_cluster0,8,835,cube60_cluster0,True,0.8460049636114217,0.6324781293869439,0.05607143444507718
cube67_cluster0,8,835,cube59_cluster1,True,2.412009652890759,0.7459990028217879,0.4374888397021622
cube67_cluster0,8,835,cube61_cluster0,True,1.3666964554870709,0.8755265831757816,0.1289795701637497
cube67_cluster0,8,835,cube60_cluster0,True,1.299595493981838,1.0666135684569344,0.06118027652779165
cube67_cluster0,8,835,cube60_cluster0,True,2.045778385244035,1.4632843911984847,0.15296097991805524
cube67_cluster0,8,835,cube61_cluster0,True,1.2940367851150965,1.0063583328473757,0.07554340200929008
cube67_cluster0,8,835,cube60_cluster0,True,1.5028289691619867,1.2626415926974617,0.06307240391063604
cube67_cluster0,8,835,cube59_cluster1,True,2.348720928833624,0.44995439805952153,0.49860975761425785
cube67_cluster0,8,835,cube62_cluster3,False,2.032077600018286,1.826358605503601,0.05402112178046344
cube67_cluster0,8,835,cube68_cluster0,True,0.9039529929584544,0.4109108438146147,0.12947122381496726
cube67_cluster0,8,835,cube66_cluster0,True,1.6586781079760489,1.091170127740997,0.14902570267751405
cube67_cluster0,8,835,cube60_cluster0,True,1.4029436351397462,1.0617820044121307,0.08958790627883624
cube67_cluster0,8,835,cube68_cluster0,True,1.3926882190144618,1.2766100012590715,0.030481752801759254
cube67_cluster0,8,835,cube66_cluster1,True,1.9559185895476041,1.7842259294266443,0.04508591986406977
cube67_cluster0,8,835,cube68_cluster0,True,2.0360108086473976,1.9096227218995412,0.0331890900104431
cube67_cluster0,8,835,cube66_cluster0,True,1.5357853614136494,1.0403504920506308,0.13009954416356592
cube67_cluster0,8,835,cube60_cluster0,True,2.337756052366032,1.715166322683637,0.16348998635630438
cube67_cluster0,8,835,cube68_cluster0,True,1.2908935470218468,1.2539149377094558,0.009710459462673748
cube67_cluster0,8,835,cube61_cluster0,True,1.5210954370460066,1.2009805824043212,0.08406109308053912
cube67_cluster0,8,835,cube68_cluster0,True,1.1646091268193686,1.0957697221115474,0.018076998061306172
cube67_cluster0,8,835,cube61_cluster0,True,1.2419410461637979,0.6315059800236812,0.16029821225218238
cube67_cluster0,8,835,cube68_cluster0,True,1.769689075706396,1.6906092263912211,0.02076610465802572
cube67_cluster0,8,835,cube61_cluster0,True,1.3232886959840673,0.8011140512383884,0.13712131998809154
cube67_cluster0,8,835,cube66_cluster1,True,1.4286697545432652,1.0249694521861803,0.10601035284996614
cube67_cluster0,8,835,cube60_cluster0,True,2.2563149252069614,1.592173407880609,0.17440134719493583
cube67_cluster0,8,835,cube66_cluster0,True,2.4381362126699573,2.308043158046464,0.034162002216604016
cube67_cluster0,8,835,cube68_cluster0,True,1.45204451505804,1.4054813044534618,0.012227343792406767
cube67_cluster0,8,835,cube61_cluster0,True,1.1836559589146678,0.5526474130156566,0.16570073941368765
cube67_cluster0,8,835,cube66_cluster0,True,2.0679129081531213,1.5859636914697888,0.1265582567514969
cube67_cluster0,8,835,cube60_cluster0,True,2.6137666107171897,2.0266944801835964,0.15416318328936565
cube67_cluster0,8,835,cube59_cluster0,True,2.241192249017853,1.827203247055754,0.10871213104811592
cube67_cluster0,8,835,cube60_cluster0,True,1.5714429058453763,1.0972677317763753,0.12451681909142055
cube67_cluster0,8,835,cube61_cluster0,True,1.0986382889879318,1.0665825172112768,0.008417738745995124
cube67_cluster0,8,835,cube61_cluster0,True,1.2810627329026554,0.6145345920429207,0.1750280665741799
cube67_cluster0,8,835,cube60_cluster0,True,1.6302236153176246,0.9511594039275238,0.1783199968811844
cube67_cluster0,8,835,cube60_cluster0,True,0.9885030452230317,0.6070000010272737,0.10018142689612172
cube67_cluster0,8,835,cube59_cluster1,True,2.5955222250156007,1.5779294455115696,0.2672164697002906
cube67_cluster0,8,835,cube60_cluster0,True,0.9095469042527019,0.8723126336826635,0.009777595256169627
cube67_cluster0,8,835,cube60_cluster0,True,1.0191822840538751,0.7105059296382604,0.08105738107447874
cube67_cluster0,8,835,cube59_cluster0,True,1.5139190247521472,0.7800452485589117,0.19271280578028194
cube67_cluster0,8,835,cube61_cluster0,True,1.7434009482296176,1.2267852228902565,0.13566156629385967
cube67_cluster0,8,835,cube60_cluster0,True,2.026824470773379,1.6896507605822852,0.0885406916477202
cube67_cluster0,8,835,cube66_cluster0,True,1.3824784089582707,0.7576398212071067,0.16408052898405995
cube67_cluster0,8,835,cube60_cluster0,True,1.4386541112485163,0.9802840644698878,0.12036644538323099
cube67_cluster0,8,835,cube66_cluster0,True,1.199383890477691,0.7932432634541257,0.10665117396764082
cube67_cluster0,8,835,cube60_cluster0,True,1.3816594211081425,0.79941366319828,0.1528957939368193
cube67_cluster0,8,835,cube66_cluster0,True,1.766810512516762,1.0051240018512602,0.20001633708286534
cube67_cluster0,8,835,cube59_cluster0,True,1.2452941190570679,0.8099494810733979,0.11432004983530497
cube67_cluster0,8,835,cube66_cluster0,True,1.2992260821094053,0.9435389974145623,0.09340224204073935
cube67_cluster0,8,835,cube59_cluster0,True,1.6507907198954692,1.1805634326275312,0.12348011718570283
cube67_cluster0,8,835,cube59_cluster0,True,1.5617744841974137,1.1388913783331205,0.11104769306640216
cube67_cluster0,8,835,cube68_cluster0,True,1.2767148075215,1.0652620952937777,0.05552677692699725
cube67_cluster0,8,835,cube60_cluster0,True,1.5971258937346788,1.2740949324937585,0.08482685294677664
cube67_cluster0,8,835,cube60_cluster0,True,1.0618120621108766,1.028442792804229,0.008762658816178562
cube67_cluster0,8,835,cube68_cluster0,True,1.4600935864544293,1.4127652243546285,0.012428270022876785
cube67_cluster0,8,835,cube61_cluster0,True,1.8272175902141856,1.1220415804140853,0.18517686804731684
cube67_cluster0,8,835,cube66_cluster0,True,1.2977817895535773,1.1930285657945017,0.027507847153030923
cube67_cluster0,8,835,cube61_cluster0,True,1.6175283630142232,0.8674802172572512,0.19696014127784317
cube67_cluster0,8,835,cube66_cluster0,True,2.2177152629416343,1.5521773279268134,0.17476804182215347
cube67_cluster0,8,835,cube59_cluster0,True,1.4209532953841932,1.208551835785962,0.055775914821930436
cube67_cluster0,8,835,cube61_cluster0,True,1.5437367244093805,0.8812014158782111,0.17397956212285662
cube67_cluster0,8,835,cube66_cluster0,True,1.6991513468263153,1.581058176072772,0.03101087273816534
cube67_cluster0,8,835,cube61_cluster0,True,1.2062569203651625,0.6828980792498377,0.13743228600485408
cube67_cluster0,8,835,cube62_cluster3,False,2.6454632900144,2.5199498178056206,0.03295941914977268
cube67_cluster0,8,835,cube66_cluster0,True,1.0483262255383476,0.8617886034002409,0.04898415737415736
cube67_cluster0,8,835,cube60_cluster0,True,1.9344429724221415,1.233681471857304,0.18401763264680507
cube67_cluster0,8,835,cube60_cluster0,True,1.6019119679862217,1.0496477831552438,0.14502273285033476
cube67_cluster0,8,835,cube66_cluster0,True,1.5923172602799334,0.9508172944080377,0.16845575130426307
cube67_cluster0,8,835,cube60_cluster0,True,0.908309391748197,0.7744681027666485,0.03514627605673192
cube68_cluster0,9,637,cube67_cluster0,True,1.7148991318939326,1.6555710629049158,0.015579353026765014
cube68_cluster0,9,637,cube62_cluster3,True,2.050740292347929,1.971896114480866,0.020704218121837568
cube68_cluster0,9,637,cube61_cluster0,True,1.0398575725056822,1.0179883889753578,0.005742774650041508
cube68_cluster0,9,637,cube61_cluster0,True,1.5372981397673888,1.5150089612989548,0.0058530639198890655
cube68_cluster0,9,637,cube61_cluster1,False,2.5594630219556507,1.473205932203909,0.2852474885404022
cube68_cluster0,9,637,cube62_cluster2,True,2.494138796980912,0.9200257223096783,0.4133568429285919
cube68_cluster0,9,637,cube62_cluster1,True,1.2797113124269326,0.8653458376076872,0.10881099156467117
cube68_cluster0,9,637,cube62_cluster0,True,1.1118767099471252,0.5317347190747977,0.15234335172991217
cube68_cluster0,9,637,cube61_cluster0,True,0.7516542808689517,0.6639855521876988,0.023021515731209256
cube68_cluster0,9,637,cube61_cluster0,True,1.0133509558849743,0.9389426640313091,0.01953936925069006
cube68_cluster0,9,637,cube69_cluster0,True,0.8639748679976603,0.6467773657795678,0.05703533961662688
cube68_cluster0,9,637,cube61_cluster0,True,1.3879688628585458,0.8915207130083973,0.1303656282396725
cube68_cluster0,9,637,cube61_cluster0,True,1.054332269890532,0.8853936640011255,0.04436271440905708
cube68_cluster0,9,637,cube61_cluster0,True,1.4696637155670031,1.2783229579333124,0.05024544473436019
cube68_cluster0,9,637,cube61_cluster0,True,1.5508356672530317,1.273478501733939,0.07283306653592223
cube68_cluster0,9,637,cube67_cluster0,True,1.3376083229392584,1.2379878965654882,0.02615999168017988
cube68_cluster0,9,637,cube62_cluster3,True,2.209078773024075,1.2661350430674103,0.24761387828228582
cube68_cluster0,9,637,cube69_cluster0,True,1.573284575783864,1.1799191829929416,0.10329644007015287
cube68_cluster0,9,637,cube69_cluster0,True,1.8760521407844888,1.153279736888615,0.1897976224438048
cube68_cluster0,9,637,cube61_cluster2,True,2.6112939197454543,1.4218666405486413,0.31233963616281263
cube68_cluster0,9,637,cube69_cluster0,True,1.5636832293478766,0.6629799205476918,0.2365216845802144
cube68_cluster0,9,637,cube62_cluster3,True,2.087131207582001,0.7986725819613857,0.3383449374130169
cube68_cluster0,9,637,cube59_cluster2,False,1.5834237231236825,1.5351389494252978,0.01267942051853827
cube68_cluster0,9,637,cube61_cluster0,True,1.0635125157329315,0.7267013379323206,0.08844549185121217
cube68_cluster0,9,637,cube61_cluster0,True,1.0973584256716573,0.9398147918284376,0.04137043275784527
cube68_cluster0,9,637,cube61_cluster0,True,1.0911019781737321,0.6171804697503088,0.12445020733899778
cube68_cluster0,9,637,cube67_cluster0,True,2.0154855413703827,1.9477780484827836,0.017779761792826386
cube68_cluster0,9,637,cube62_cluster3,True,2.269765442111276,1.8170432875667777,0.11888332772118594
cube68_cluster0,9,637,cube62_cluster3,True,2.22629635146383,1.339236502313711,0.23293895758409142
cube68_cluster0,9,637,cube62_cluster3,True,1.696267053525586,1.679576684131418,0.004382835331906644
cube68_cluster0,9,637,cube60_cluster0,True,1.222116362353676,0.8703414272208374,0.09237492461479624
cube68_cluster0,9,637,cube61_cluster0,True,1.9817916832163949,1.8437440746490175,0.03625084154972235
cube68_cluster0,9,637,cube62_cluster1,True,1.838437333950927,1.4473612755367984,0.10269526849891933
cube68_cluster0,9,637,cube62_cluster0,True,2.2449583794056127,1.8974273355063906,0.09126049293241763
cube68_cluster0,9,637,cube62_cluster0,True,1.5775130583999326,0.9242414252645121,0.17154695186307475
cube68_cluster0,9,637,cube60_cluster0,True,1.3195631315633685,0.8927142818179887,0.11208908418177148
cube68_cluster0,9,637,cube61_cluster0,True,0.7204540568434964,0.5940254188215589,0.03319973863975736
cube68_cluster0,9,637,cube61_cluster0,True,1.5176720807750672,1.4261873392888094,0.024023587965430034
cube68_cluster0,9,637,cube69_cluster0,True,1.7441948718920814,1.3042083121968144,0.11553900299356407
cube68_cluster0,9,637,cube61_cluster0,True,0.8797831752849448,0.5452601330920017,0.0878446350727526
cube68_cluster0,9,637,cube61_cluster0,True,0.901150232627794,0.6561110864566119,0.06434646245244648
cube68_cluster0,9,637,cube61_cluster0,True,2.0938740548118417,1.7364770497043858,0.09385126143762383
cube68_cluster0,9,637,cube67_cluster0,True,1.8020695426861035,1.7521048613111736,0.013120558671039341
cube68_cluster0,9,637,cube62_cluster3,True,1.621300951639331,1.2082641317067373,0.10846209122318672
cube68_cluster0,9,637,cube62_cluster3,True,1.8973778107129178,0.8046800644144355,0.2869387834666604
cube68_cluster0,9,637,cube67_cluster0,True,1.7429895610151436,1.6145589918063314,0.03372543909195621
cube68_cluster0,9,637,cube61_cluster0,True,1.0152664820170174,0.9391185919648493,0.01999618193515852
cube68_cluster0,9,637,cube61_cluster0,True,1.523753264595984,1.171074034106636,0.09261238955912358
cube68_cluster0,9,637,cube61_cluster2,True,2.1029502254731334,1.5833196068795723,0.1364532672061865
cube68_cluster0,9,637,cube61_cluster0,True,1.2399022095953114,0.8416635622044449,0.10457614047327723
cube68_cluster0,9,637,cube67_cluster0,True,1.6706310726128701,1.588978549885869,0.021441680114776738
cube68_cluster0,9,637,cube61_cluster0,True,1.4396327874816979,1.2743862095876812,0.04339320017228787
cube68_cluster0,9,637,cube61_cluster0,True,1.2586932376357949,1.178132528215182,0.021154973582280457
cube68_cluster0,9,637,cube67_cluster0,True,1.5728316365911277,1.4388324226823335,0.035187746615865434
cube68_cluster0,9,637,cube61_cluster2,True,2.692695766378311,2.36770673885885,0.08534103462035908
cube68_cluster0,9,637,cube61_cluster0,True,1.9593707808267946,1.4753158771104276,0.12711120314281799
cube68_cluster0,9,637,cube67_cluster0,True,2.1758963271223384,2.0034515300279487,0.04528342852452718
cube68_cluster0,9,637,cube61_cluster0,True,1.9303925975509977,1.7776035338328517,0.040121898501947834
cube68_cluster0,9,637,cube61_cluster0,True,1.1805138270857465,1.1269791619548948,0.014058024497604809
cube68_cluster0,9,637,cube62_cluster3,True,1.5410823344262394,1.4734407523894553,0.017762453823249102
cube68_cluster0,9,637,cube67_cluster0,True,1.2800198193727435,1.154343054385733,0.03300229928867042
cube68_cluster0,9,637,cube61_cluster0,True,1.3537429611187908,0.8361350943294551,0.13592209932931887
cube68_cluster0,9,637,cube67_cluster0,True,1.279537940963477,1.2595543169056453,0.005247633021879587
cube68_cluster0,9,637,cube60_cluster0,True,1.9198994230349014,1.2151186209865288,0.1850730878099351
cube68_cluster0,9,637,cube60_cluster0,True,1.5249860729576485,1.3576364703366515,0.04394544745091933
cube68_cluster0,9,637,cube61_cluster2,True,2.189700277153785,2.032040476949189,0.04140093765686792
cube68_cluster0,9,637,cube61_cluster0,True,1.3698716733235008,1.3517802383634672,0.004750750476225694
cube68_cluster0,9,637,cube62_cluster0,True,1.2754729719710238,1.2169974543612532,0.015355475878274146
cube68_cluster0,9,637,cube62_cluster1,True,2.5451707859149497,1.6440432014818052,0.23663309794625126
cube68_cluster0,9,637,cube67_cluster0,True,1.1585101665392685,0.9954061271154885,0.042830576716476075
cube68_cluster0,9,637,cube61_cluster0,True,1.582218912865433,1.400358076622124,0.047756048997679795
cube68_cluster0,9,637,cube67_cluster0,True,2.1885605301083557,2.0647579288960975,0.032510150132724576
cube68_cluster0,9,637,cube67_cluster0,True,1.3176656837890552,1.2488199803707347,0.01807865208167386
cube68_cluster0,9,637,cube61_cluster0,True,1.040687272712508,0.8795997930270979,0.042301034855448345
cube68_cluster0,9,637,cube61_cluster0,True,1.253085811810877,0.8132372610806339,0.11550276229967996
cube68_cluster0,9,637,cube60_cluster0,True,1.3410467209573598,0.8396470735144896,0.13166587499171947
cube68_cluster0,9,637,cube61_cluster0,True,1.141887409364381,0.9087233932563166,0.06122809290756356
cube68_cluster0,9,637,cube61_cluster0,True,1.2439174567979239,0.9305190569908468,0.08229737444381663
cube68_cluster0,9,637,cube61_cluster0,True,1.7122140331448146,1.5068935213089298,0.05391648155815606
cube68_cluster0,9,637,cube62_cluster0,True,1.63621086622557,1.3260133376363652,0.08145683633856204
cube68_cluster0,9,637,cube69_cluster0,True,1.1765240461384936,0.8286191167296232,0.09135867402015002
cube68_cluster0,9,637,cube61_cluster2,True,1.4054026058249385,1.0417940459995494,0.09548239498781005
cube68_cluster0,9,637,cube61_cluster0,True,1.6726363383191967,1.493216266939355,0.047115112285744686
cube68_cluster0,9,637,cube67_cluster0,True,1.6562447244701615,1.6493498243580171,0.0018105777713962714
cube68_cluster0,9,637,cube66_cluster1,False,2.035572036835109,1.7656635394187898,0.07087707113728894
cube68_cluster0,9,637,cube67_cluster0,True,1.7423428774975978,1.605755324813257,0.03586743574487736
cube68_cluster0,9,637,cube60_cluster0,True,1.1647890297475938,0.6141451719478244,0.1445972403765669
cube68_cluster0,9,637,cube61_cluster0,True,1.05839516022679,1.0104210072835935,0.012597852544306497
cube68_cluster0,9,637,cube61_cluster0,True,1.527389223495902,1.2853925937098567,0.063547507798073
cube68_cluster0,9,637,cube67_cluster0,True,1.3334613771658614,1.3068709858183443,0.006982548075169931
cube68_cluster0,9,637,cube62_cluster2,True,1.936770191742424,1.186465811593781,0.19702742757442196
cube68_cluster0,9,637,cube67_cluster0,True,2.271485155670076,2.2152965009522965,0.014754953310706137
cube68_cluster0,9,637,cube61_cluster0,True,0.9213925901128357,0.8098583563030454,0.029288517774177958
cube68_cluster0,9,637,cube67_cluster0,True,2.1163782853356063,2.0419439585136367,0.019546205946526743
cube68_cluster0,9,637,cube62_cluster3,True,1.7992292823744325,1.487062275572994,0.08197401474786754
cube68_cluster0,9,637,cube62_cluster1,True,1.7351540694688554,1.1762992258145941,0.14675341787407797
cube68_cluster0,9,637,cube62_cluster2,True,2.614170458294219,2.1818376512063398,0.11352915308808188
cube68_cluster0,9,637,cube62_cluster2,True,2.1585623980182627,2.096277835692991,0.01635571831543336
cube68_cluster0,9,637,cube62_cluster2,True,2.132508175118206,1.9101643802499613,0.05838673890101294
cube68_cluster0,9,637,cube61_cluster0,True,1.3412281602721254,1.1265097910738087,0.05638432755482277
cube68_cluster0,9,637,cube60_cluster0,True,1.5661713222717788,0.9819902277360956,0.15340400687941264
cube68_cluster0,9,637,cube61_cluster0,True,1.3514086646840422,0.9857196933922507,0.09602870409964061
cube68_cluster0,9,637,cube61_cluster0,True,1.1014364358669095,1.0512824734346604,0.013170263245341278
cube68_cluster0,9,637,cube61_cluster0,True,1.3795095138261735,0.8327894005068209,0.14356687816372374
cube68_cluster0,9,637,cube62_cluster3,True,2.612882650634973,1.8643241299396272,0.19656897070532903
cube68_cluster0,9,637,cube61_cluster1,False,2.1591148270594056,1.081142794264668,0.2830718602184368
cube68_cluster0,9,637,cube62_cluster1,True,2.0229228557145444,0.9742410630853564,0.2753803408490418
cube68_cluster0,9,637,cube62_cluster0,True,1.785473506606708,1.3401346761826722,0.11694449143435162
cube68_cluster0,9,637,cube67_cluster0,True,1.5730792984471083,1.4841884784251889,0.023342432840962504
cube68_cluster0,9,637,cube61_cluster0,True,1.1113573039660867,0.6802952184976775,0.1131954658293219
cube68_cluster0,9,637,cube67_cluster0,True,0.9514992995884032,0.8491533277810479,0.02687571081993768
cube68_cluster0,9,637,cube62_cluster0,True,1.6173615491252222,1.4972518634113705,0.03154040284062348
cube68_cluster0,9,637,cube62_cluster1,True,1.4577679643284602,0.7599657759587694,0.1832405271351941
cube68_cluster0,9,637,cube61_cluster0,True,1.523376622743677,1.001685816512147,0.13699426560812736
cube68_cluster0,9,637,cube60_cluster0,True,1.5831688665964123,1.0894873440072352,0.12963912114907217
cube68_cluster0,9,637,cube60_cluster0,True,1.9820698647790194,1.7943152712639368,0.04930372999852316
cube68_cluster0,9,637,cube60_cluster0,True,1.6282675062672851,1.384580196484433,0.0639914747259435
cube68_cluster0,9,637,cube67_cluster0,True,1.4193518850128533,1.3132462204036748,0.02786299360917922
cube68_cluster0,9,637,cube60_cluster0,True,1.7547222532317057,1.1107625421006497,0.16910167220479777
cube68_cluster0,9,637,cube62_cluster1,True,1.8866821620073875,1.122587937267114,0.20064859476793048
cube68_cluster0,9,637,cube61_cluster0,True,0.9808973547679354,0.7398760154030561,0.06329139978657207
cube68_cluster0,9,637,cube62_cluster3,True,1.8742207510543123,1.4625278298961046,0.1081091878876294
cube68_cluster0,9,637,cube61_cluster0,True,1.2252115073989913,0.7017910614856022,0.13744846321934193
cube68_cluster0,9,637,cube67_cluster0,True,1.2006486166575847,0.8882198435865829,0.0820427536971292
cube68_cluster0,9,637,cube67_cluster0,True,0.993322025218511,0.8919383843242351,0.026623005932033636
cube68_cluster0,9,637,cube61_cluster0,True,1.1790715792470803,0.8918546575601431,0.07542220561821916
cube68_cluster0,9,637,cube62_cluster3,True,2.3248852497073993,1.0057351212520846,0.3464044236853959
cube68_cluster0,9,637,cube60_cluster0,True,1.5592304240660626,1.0879683924572094,0.12375183759822035
cube68_cluster0,9,637,cube61_cluster0,True,1.1989429796746172,1.1565230940346316,0.011139320476833326
cube68_cluster0,9,637,cube61_cluster0,True,1.2861794222839815,1.232629968156511,0.014061908038787986
cube68_cluster0,9,637,cube61_cluster0,True,1.362528693589446,0.9611923683723509,0.10538958033808951
cube68_cluster0,9,637,cube62_cluster3,True,1.9362507719394186,1.4181716644002258,0.13604584557840008
cube68_cluster0,9,637,cube62_cluster3,True,1.7701356004068491,1.405524784395966,0.0957455841190788
cube68_cluster0,9,637,cube67_cluster0,True,1.9393733166803955,1.8230928454492221,0.03053486388988009
cube68_cluster0,9,637,cube67_cluster0,True,1.5077830741656204,1.4980335623998247,0.0025601892700409697
cube68_cluster0,9,637,cube60_cluster0,True,2.1073164114940295,1.7093091628305408,0.1045153759393021
cube68_cluster0,9,637,cube67_cluster0,True,1.9536639837259915,1.8756286786672256,0.020491810820387257
cube68_cluster0,9,637,cube61_cluster0,True,1.573185990759971,1.4735500155289336,0.0261640747582348
cube68_cluster0,9,637,cube61_cluster0,True,1.8125608630570065,1.6002426093493758,0.05575406523259333
cube68_cluster0,9,637,cube60_cluster0,True,2.026201985200633,1.3639459318348965,0.17390623064787414
cube68_cluster0,9,637,cube62_cluster3,True,1.5303913360118608,1.5158069070626232,0.0038298223954669444
cube68_cluster0,9,637,cube62_cluster3,True,2.0558413938884725,1.6274223389449978,0.11250141482934595
cube68_cluster0,9,637,cube62_cluster3,True,2.265776859786997,1.4486085321921853,0.21458567714798837
cube68_cluster0,9,637,cube60_cluster0,True,2.067624335033433,1.7452205809934036,0.0846621504278826
cube68_cluster0,9,637,cube61_cluster0,True,1.6180873364845352,1.2169505847282698,0.10533717301295618
cube68_cluster0,9,637,cube67_cluster0,True,1.552842978658456,1.47957686419538,0.019239437277672886
cube68_cluster0,9,637,cube61_cluster0,True,1.4102172932501233,1.163517130738495,0.06478263980310028
cube68_cluster0,9,637,cube61_cluster0,True,1.2729584510298102,1.0128749009022782,0.06829707275052689
cube68_cluster0,9,637,cube60_cluster0,True,1.788261385215142,1.1390656026673296,0.17047664709383564
cube68_cluster0,9,637,cube67_cluster0,True,2.2602317998962844,2.1864941863424168,0.019363251366221745
cube68_cluster0,9,637,cube62_cluster1,True,1.9408138382393993,0.72189773834516,0.32008330211750985
cube68_cluster0,9,637,cube62_cluster0,True,1.4624305295689055,1.3018925228273526,0.04215674509316749
cube68_cluster0,9,637,cube61_cluster0,True,1.2548057726513469,0.7587309200723542,0.13026760162140616
cube68_cluster0,9,637,cube59_cluster1,False,2.2566916394370544,1.6979925087405368,0.14671252817075764
cube68_cluster0,9,637,cube62_cluster0,True,1.1149308861881662,0.6316470825451751,0.12690871483556646
cube68_cluster0,9,637,cube61_cluster0,True,1.579380197140264,1.351867428676018,0.05974409412612639
cube68_cluster0,9,637,cube62_cluster3,True,1.9764923202119549,1.8150275472779904,0.04240011080405086
cube68_cluster0,9,637,cube61_cluster0,True,1.6468035099721867,1.2029201429465357,0.11656229160065791
cube68_cluster0,9,637,cube60_cluster0,True,1.5490171616278,1.1460194558371115,0.10582585333515285
cube68_cluster0,9,637,cube69_cluster0,True,1.5790488667800053,0.9700503805987828,0.15992097114671286
cube68_cluster0,9,637,cube61_cluster2,True,1.6982093620667178,1.0237664416450256,0.17710646128727242
cube68_cluster0,9,637,cube69_cluster0,True,1.4807916380644826,0.841268361281122,0.16793667934289275
cube68_cluster0,9,637,cube60_cluster0,True,1.2461651056029082,1.032905999151918,0.0560011300247697
cube68_cluster0,9,637,cube60_cluster0,True,1.1773019858521296,0.8687024850763873,0.08103719956499486
cube68_cluster0,9,637,cube67_cluster0,True,1.0771621209212254,0.9418110971667871,0.03554272737234758
cube68_cluster0,9,637,cube61_cluster0,True,1.0654030757119026,0.8171011370830655,0.0652032608687287
cube68_cluster0,9,637,cube60_cluster0,True,1.6723902738649328,1.3103117975006073,0.0950806001745533
cube68_cluster0,9,637,cube61_cluster2,True,2.8141084721907506,2.0819761620117423,0.1922555026136344
cube68_cluster0,9,637,cube69_cluster0,True,2.257773929165151,1.4033920016860388,0.22435784435103062
cube68_cluster0,9,637,cube61_cluster2,True,2.441680848214022,0.682491128735028,0.4619573525289142
cube68_cluster0,9,637,cube62_cluster3,True,1.8378146155501853,1.302196789958048,0.1406514544384205
cube68_cluster0,9,637,cube62_cluster3,True,2.397990771940139,2.085160129278199,0.08214828331126695
cube68_cluster0,9,637,cube60_cluster0,True,2.4210048936154003,1.6926126064207447,0.1912733850528516
cube68_cluster0,9,637,cube62_cluster3,True,1.9031487526333277,1.8363703848323227,0.017535776644198784
cube68_cluster0,9,637,cube61_cluster0,True,1.1730134224982152,0.9708205313793282,0.05309517879010282
cube68_cluster0,9,637,cube66_cluster1,False,1.7341743640825094,1.3763139166030243,0.09397295985869901
cube68_cluster0,9,637,cube62_cluster0,True,2.057755638823074,0.9007374672667922,0.30382911259752127
cube68_cluster0,9,637,cube61_cluster0,True,1.6433827807200185,1.110208918591405,0.14000967778477952
cube68_cluster0,9,637,cube61_cluster0,True,1.2533512828889757,0.9063133229077169,0.09113101074024998
cube68_cluster0,9,637,cube67_cluster0,True,2.2309496081668487,2.1519071757102357,0.0207562791157719
cube68_cluster0,9,637,cube61_cluster0,True,0.9816682742365057,0.9165002620936006,0.01711290261974957
cube68_cluster0,9,637,cube61_cluster0,True,1.4867963323430862,1.4045275320040975,0.021603512560080553
cube68_cluster0,9,637,cube62_cluster1,True,1.4389769979377314,1.0544812926666118,0.10096728971244139
cube68_cluster0,9,637,cube62_cluster0,True,1.092278001380992,0.8697792506151132,0.05842742980287378
cube68_cluster0,9,637,cube60_cluster0,True,1.5303649546337608,1.1920793157168943,0.08883268042225158
cube68_cluster0,9,637,cube60_cluster0,True,1.3958142363739903,0.9321794626965192,0.12174894510628381
cube68_cluster0,9,637,cube62_cluster3,True,2.215766197648314,1.4286685595371955,0.2066892143908504
cube68_cluster0,9,637,cube60_cluster0,True,1.2423762695826548,0.78466808048848,0.12019264376293065
cube68_cluster0,9,637,cube67_cluster0,True,1.2765609174493378,0.9335750174871188,0.09006695329496305
cube68_cluster0,9,637,cube61_cluster0,True,1.8350275494825674,1.5810043480263367,0.06670564540383592
cube68_cluster0,9,637,cube61_cluster0,True,1.6290823034415414,1.604133309859079,0.0065515224969757814
cube68_cluster0,9,637,cube61_cluster0,True,1.4826562937874104,1.1633112852781715,0.0838589340539931
cube68_cluster0,9,637,cube60_cluster0,True,2.1524027716380045,1.5930531837166566,0.14688333606838727
cube68_cluster0,9,637,cube61_cluster0,True,1.3941551745991716,1.128148040956766,0.06985258602332238
cube68_cluster0,9,637,cube62_cluster0,True,1.6573499787965027,0.3688969975932577,0.3383434552078425
cube68_cluster0,9,637,cube62_cluster3,True,2.022293308222439,0.9382932377651529,0.28465480280200317
cube68_cluster0,9,637,cube62_cluster0,True,1.590719473978964,1.1328891067491482,0.1202247273338228
cube68_cluster0,9,637,cube66_cluster1,False,1.7898214549494895,1.4145899767374372,0.09853453458771218
cube68_cluster0,9,637,cube66_cluster1,False,1.6933467556601383,1.5878396343431465,0.027705818137102007
cube68_cluster0,9,637,cube62_cluster3,True,1.5604186431491975,0.920875876660976,0.167941797274381
cube68_cluster0,9,637,cube60_cluster0,True,1.8033091072705616,1.1628852180402685,0.16817317716744962
cube68_cluster0,9,637,cube62_cluster3,True,2.4043653617695,1.5248156341056796,0.23096682473192323
cube68_cluster0,9,637,cube62_cluster3,True,2.0535519842180854,1.4420374507829241,0.16058167676328014
cube68_cluster0,9,637,cube62_cluster3,True,2.1879865061364843,1.258722449127871,0.24402164179490188
cube68_cluster0,9,637,cube62_cluster0,True,1.3896724578611908,1.2912184657034043,0.025853689945723114
cube68_cluster0,9,637,cube60_cluster0,True,1.9599412229026267,1.3493729890398385,0.1603331816519728
cube68_cluster0,9,637,cube61_cluster0,True,1.247324567982054,1.0356134987376648,0.05559462061781986
cube68_cluster0,9,637,cube67_cluster0,True,1.1048191815053856,0.7730072466871569,0.08713270731909588
cube68_cluster0,9,637,cube60_cluster0,True,1.9578369526316135,1.2534844393000149,0.18496062062147434
cube68_cluster0,9,637,cube61_cluster0,True,1.021456666525886,0.7760496986778775,0.06444305119790579
cube68_cluster0,9,637,cube62_cluster3,True,2.150473439264521,1.7580606758661235,0.10304628276918688
cube68_cluster0,9,637,cube60_cluster0,True,1.515770518960526,0.9234581634761214,0.1555392488825921
cube68_cluster0,9,637,cube67_cluster0,True,1.8069490099884447,1.7182390862816577,0.02329493007199137
cube68_cluster0,9,637,cube60_cluster0,True,1.8630513633017514,1.111642950285069,0.19731734292304925
cube68_cluster0,9,637,cube67_cluster0,True,1.918017463624174,1.4408152245099064,0.12531171627548227
cube68_cluster0,9,637,cube67_cluster0,True,1.7414341811707865,1.631657552767918,0.028826976456842058
cube68_cluster0,9,637,cube60_cluster0,True,1.5410828214656764,0.8222788759647637,0.1887555185061463
cube68_cluster0,9,637,cube67_cluster0,True,2.2145381901566012,2.14706686847887,0.01771774402086808
cube68_cluster0,9,637,cube61_cluster0,True,1.3341830858392916,1.2302991182240584,0.027279583389076094
cube68_cluster0,9,637,cube61_cluster0,True,2.0117656599483986,1.4090563104464642,0.15826946483225074
cube68_cluster0,9,637,cube62_cluster1,True,1.7291207653844831,1.1802162023587184,0.14414050737035963
cube68_cluster0,9,637,cube61_cluster2,True,2.6638711797558505,1.6272984193824331,0.2722005493685528
cube68_cluster0,9,637,cube69_cluster0,True,1.7900669062128078,1.420611417690591,0.09701777896107007
cube68_cluster0,9,637,cube69_cluster0,True,1.545029783929223,1.1591542681997553,0.10132962333642312
cube68_cluster0,9,637,cube61_cluster0,True,1.4960988315094317,0.971826883006688,0.13767206495910556
cube68_cluster0,9,637,cube61_cluster0,True,1.5071886975728839,1.1401798973677553,0.09637528676997188
cube68_cluster0,9,637,cube67_cluster0,True,1.5178408597558304,1.283795457926359,0.06145954185812844
cube68_cluster0,9,637,cube69_cluster0,True,1.3936474848730416,1.3430707585782515,0.0132812796255087
cube68_cluster0,9,637,cube62_cluster1,True,1.308710659969481,0.740059485174238,0.149325901755876
cube68_cluster0,9,637,cube61_cluster2,True,2.2998644928013423,2.222957844136167,0.020195429416082402
cube68_cluster0,9,637,cube61_cluster0,True,0.9149304344546677,0.8362642885623345,0.020657467519102055
cube68_cluster0,9,637,cube69_cluster0,True,1.359980788067814,1.1606639599256994,0.05233993424555784
cube68_cluster0,9,637,cube62_cluster0,True,2.509612030964198,2.3245429808102602,0.048598515269560626
cube68_cluster0,9,637,cube60_cluster0,True,1.8908793599744531,1.2041998574170023,0.1803197469408015
cube68_cluster0,9,637,cube61_cluster0,True,1.2773463287852416,1.053292182473699,0.05883587148511763
cube68_cluster0,9,637,cube61_cluster0,True,1.0952972933047966,0.8692842283819012,0.05935027697845359
cube68_cluster0,9,637,cube61_cluster0,True,1.2413236846849847,0.6969470072648288,0.1429514997131637
cube68_cluster0,9,637,cube61_cluster0,True,1.0037587902748935,0.9580934609830034,0.011991563154592717
cube68_cluster0,9,637,cube61_cluster0,True,1.6566413230657706,1.1015349947107222,0.14576907025973915
cube68_cluster0,9,637,cube62_cluster2,True,1.8607770205918965,1.7674537190905149,0.024506387692854358
cube68_cluster0,9,637,cube67_cluster0,True,1.8874298393771152,1.852640058957032,0.009135680296428533
cube68_cluster0,9,637,cube67_cluster0,True,1.432865263858205,1.2614682663027927,0.0450082798605443
cube68_cluster0,9,637,cube61_cluster0,True,1.183114804488795,0.6325718001515527,0.14457075659370563
cube68_cluster0,9,637,cube61_cluster0,True,1.0341689403393606,0.9054928435118189,0.03378991382567317
cube68_cluster0,9,637,cube61_cluster0,True,1.3379025591857032,0.8371710328121984,0.13149042862743296
cube68_cluster0,9,637,cube67_cluster0,True,1.4484611869754853,1.1925975936933002,0.06718892615867432
cube68_cluster0,9,637,cube60_cluster0,True,1.2771762578998733,1.105597645164701,0.04505597140096891
cube68_cluster0,9,637,cube61_cluster0,True,1.4423021381531356,1.1660250479188266,0.07254944236874691
cube68_cluster0,9,637,cube69_cluster0,True,1.7137109798889163,1.1550457756062265,0.14670361920764857
cube68_cluster0,9,637,cube62_cluster2,True,2.2745193940662296,0.24493295943081206,0.5329626280162962
cube68_cluster0,9,637,cube62_cluster0,True,1.7694707378875507,1.224605567386443,0.14307977636684494
cube68_cluster0,9,637,cube61_cluster0,True,1.435357448517934,1.1618617713043013,0.07181905258696619
cube68_cluster0,9,637,cube69_cluster0,True,1.497875055384834,1.3724618080200384,0.03293310044004413
cube68_cluster0,9,637,cube62_cluster0,True,1.439895259163178,0.9558462149470573,0.12710966445759772
cube68_cluster0,9,637,cube60_cluster0,True,1.7498608947995458,1.2761395078075384,0.12439765611861629
cube68_cluster0,9,637,cube62_cluster3,True,2.5481701134204644,1.3630098670578539,0.31121912757330933
cube68_cluster0,9,637,cube62_cluster3,True,1.7495972739888144,0.5996888589513967,0.3019621142503774
cube68_cluster0,9,637,cube60_cluster0,True,1.7836490840054724,1.171475114440882,0.1607548424913082
cube68_cluster0,9,637,cube60_cluster0,True,1.236398411967043,1.1080167593771673,0.03371259375098571
cube68_cluster0,9,637,cube61_cluster0,True,1.2741333232980028,1.0244919942098767,0.06555498033577907
cube68_cluster0,9,637,cube61_cluster0,True,0.973900670378648,0.895912880806147,0.020479333412182808
cube68_cluster0,9,637,cube62_cluster1,True,2.075522056280067,0.8549500313279597,0.3205181425143408
cube68_cluster0,9,637,cube67_cluster0,True,0.9833692245010767,0.9315846023917665,0.013598469037445299
cube68_cluster0,9,637,cube61_cluster0,True,0.8028474760427251,0.7656573196949336,0.009766011008551328
cube68_cluster0,9,637,cube61_cluster0,True,2.0404928800007207,1.4552539186682272,0.1536817991717229
cube68_cluster0,9,637,cube60_cluster0,True,1.8266169550524585,1.3909194069397874,0.1144127228580431
cube68_cluster0,9,637,cube61_cluster0,True,0.9531536634968144,0.930554318155539,0.005934512706130495
cube68_cluster0,9,637,cube67_cluster0,True,1.3966683704398906,1.1914967521518338,0.05387738260913331
cube68_cluster0,9,637,cube61_cluster0,True,1.088329148337268,0.9939904406178771,0.024773029978799394
cube68_cluster0,9,637,cube60_cluster0,True,2.1808693895462343,1.6467626355222844,0.14025465208481858
cube68_cluster0,9,637,cube61_cluster0,True,1.85250705147073,1.5571499652746312,0.07755978566667228
cube68_cluster0,9,637,cube60_cluster0,True,2.541511896604363,1.8434171422779966,0.18331735397955853
cube68_cluster0,9,637,cube61_cluster0,True,1.265122959797761,0.8411210847043985,0.11134147813428255
cube68_cluster0,9,637,cube61_cluster0,True,1.5064713300475674,1.0074480121593505,0.13104185877695387
cube68_cluster0,9,637,cube61_cluster0,True,1.0140035136513028,0.8614765514433912,0.0400530715196042
cube68_cluster0,9,637,cube62_cluster1,True,1.743708960198714,1.1961145269126197,0.14379647167068146
cube68_cluster0,9,637,cube59_cluster1,False,2.555177300673912,1.5574508417453174,0.2619996401816203
cube68_cluster0,9,637,cube61_cluster0,True,1.3018478980053896,1.2405487320734487,0.016096956509350575
cube68_cluster0,9,637,cube67_cluster0,True,1.3696491496134187,1.1675268735941322,0.05307663550048557
cube68_cluster0,9,637,cube61_cluster0,True,1.728853741703364,1.1963499855575443,0.13983371018884738
cube68_cluster0,9,637,cube62_cluster0,True,1.9797127762695723,1.822769593060412,0.04121275642415427
cube68_cluster0,9,637,cube61_cluster0,True,1.8307316897092276,1.4486789369244943,0.10032577853802459
cube68_cluster0,9,637,cube61_cluster0,True,1.0945324146617743,1.0314865409367278,0.016555636149647536
cube68_cluster0,9,637,cube62_cluster3,True,1.8423841456784558,0.8007120454458461,0.2735396190066447
cube68_cluster0,9,637,cube62_cluster3,True,2.624776949124486,1.9865276311814604,0.16760214200073145
cube68_cluster0,9,637,cube61_cluster1,False,2.117177983280783,1.187583956189417,0.24410829083801205
cube68_cluster0,9,637,cube62_cluster3,True,1.9699913513800138,1.853184150018542,0.030673181465179444
cube68_cluster0,9,637,cube67_cluster0,True,2.0352699902694384,1.9456445285790633,0.023535347292689596
cube68_cluster0,9,637,cube61_cluster0,True,1.194674476233891,1.042217456026352,0.04003470498359906
cube68_cluster0,9,637,cube61_cluster0,True,2.0902951195538555,1.782445095614447,0.08084038944766589
cube68_cluster0,9,637,cube61_cluster2,True,3.3848380986281468,1.5156370840831044,0.4908459516687728
cube68_cluster0,9,637,cube61_cluster2,True,2.0740391823477786,1.074670795395029,0.2624308050040855
cube68_cluster0,9,637,cube62_cluster2,True,2.624697792384808,0.7564372836619113,0.49059897797694996
cube68_cluster0,9,637,cube61_cluster0,True,1.4984138488381822,1.2184154477337974,0.07352664619073515
cube68_cluster0,9,637,cube67_cluster0,True,1.2128409159986344,0.9829086137802429,0.06037945561957036
cube68_cluster0,9,637,cube61_cluster0,True,1.4006505432220118,1.3873715580312123,0.0034870172188302445
cube68_cluster0,9,637,cube60_cluster0,True,2.0248424000714405,1.974561573085091,0.013203577454089229
cube68_cluster0,9,637,cube61_cluster0,True,0.8358190173683189,0.6595259130023411,0.04629398117795396
cube68_cluster0,9,637,cube69_cluster0,True,1.4777264687689209,0.8393262871963,0.1676417582866551
cube68_cluster0,9,637,cube61_cluster0,True,1.3467712947780697,1.227075342673641,0.031431757774804274
cube68_cluster0,9,637,cube62_cluster1,True,1.4690013312312837,0.8472637690507198,0.16326621001274222
cube68_cluster0,9,637,cube62_cluster1,True,1.59810560114267,0.5206950554457521,0.2829244155793988
cube68_cluster0,9,637,cube69_cluster0,True,1.343841840648848,1.3192490513526454,0.006457984439529243
cube68_cluster0,9,637,cube62_cluster3,True,1.7912270365023475,0.31360764794908824,0.38801792281029035
cube68_cluster0,9,637,cube60_cluster0,True,1.5989639306717736,0.8670542571026943,0.19219703898247512
cube68_cluster0,9,637,cube61_cluster0,True,0.8949901149869299,0.818339039745762,0.020128316687407364
cube68_cluster0,9,637,cube67_cluster0,True,1.4402493840787354,1.2768954586002168,0.042896195960951365
cube68_cluster0,9,637,cube61_cluster0,True,0.736853862971654,0.6337131156876706,0.027084416209113536
cube68_cluster0,9,637,cube66_cluster1,False,2.043484917620341,1.4012027485961471,0.16866115524300507
cube68_cluster0,9,637,cube67_cluster0,True,1.1432101879591319,0.9260379483269158,0.0570287057458395
cube68_cluster0,9,637,cube61_cluster0,True,1.472295256046377,1.136576584753108,0.08815860328645762
cube68_cluster0,9,637,cube61_cluster0,True,1.0046021341844689,0.8294755867164196,0.045987647227627666
cube68_cluster0,9,637,cube67_cluster0,True,1.4142694111563585,1.2550214312071375,0.04181798836040673
cube68_cluster0,9,637,cube61_cluster0,True,1.3579092960096915,1.0654915291041827,0.07678793022511123
cube68_cluster0,9,637,cube62_cluster3,True,2.1528010129910746,2.0130969080525385,0.036685831971517716
cube68_cluster0,9,637,cube59_cluster2,False,1.6242585609858915,1.6175366994231462,0.001765138425497028
cube68_cluster0,9,637,cube67_cluster0,True,1.3984911795699981,1.2558645090163194,0.03745328795378844
cube68_cluster0,9,637,cube60_cluster0,True,1.8346679681335178,1.3013992551123128,0.14003458531279733
cube68_cluster0,9,637,cube60_cluster0,True,1.8198511999443667,1.3900024590664017,0.11287684558700212
cube68_cluster0,9,637,cube61_cluster0,True,1.7376487523010051,1.49106283083076,0.06475264048668591
cube68_cluster0,9,637,cube61_cluster0,True,1.0570269223202808,0.827837053895843,0.06018449498167827
cube68_cluster0,9,637,cube61_cluster0,True,1.7236538995223942,1.4208277306384656,0.07952114186724814
cube68_cluster0,9,637,cube62_cluster1,True,1.5594809098296092,1.103673920485256,0.11969339505011058
cube68_cluster0,9,637,cube62_cluster3,True,1.7476177050832082,0.8370213674975094,0.23911956094092998
cube68_cluster0,9,637,cube61_cluster2,True,2.8374760513334603,1.5427883668264153,0.3399806674994648
cube68_cluster0,9,637,cube69_cluster0,True,2.0869027723721927,1.36365430884075,0.18992263411620042
cube68_cluster0,9,637,cube61_cluster2,True,2.063624724751129,0.3620831425009559,0.4468191439789366
cube68_cluster0,9,637,cube67_cluster0,True,1.9899421614155757,1.8754859233507857,0.030055826345147574
cube68_cluster0,9,637,cube62_cluster1,True,1.9792199945062252,1.616996581608779,0.09511866002471263
cube68_cluster0,9,637,cube61_cluster0,True,1.5048631921003592,1.2583851929748762,0.06472430043892818
cube68_cluster0,9,637,cube61_cluster0,True,1.933789900821768,1.624968711699557,0.08109541418533239
cube68_cluster0,9,637,cube59_cluster1,False,2.605232245553143,1.9424083964210606,0.1740553319222245
cube68_cluster0,9,637,cube62_cluster0,True,1.8822887621451683,1.5037908842615302,0.09939228024634074
cube68_cluster0,9,637,cube62_cluster1,True,1.8836677736299194,1.081563718169729,0.21062984953256453
cube68_cluster0,9,637,cube61_cluster0,True,1.4691056118959367,0.9734628294703797,0.13015414144029108
cube68_cluster0,9,637,cube61_cluster0,True,1.1286391000457539,1.1223227579855246,0.0016586503567532754
cube68_cluster0,9,637,cube62_cluster1,True,1.7053539101607182,1.5864130936762846,0.03123346167976086
cube68_cluster0,9,637,cube62_cluster3,True,1.7338679075566854,1.4467105764091535,0.07540655734133658
cube68_cluster0,9,637,cube62_cluster0,True,2.480414333638835,1.9332766508915897,0.14367653050267865
cube68_cluster0,9,637,cube62_cluster0,True,1.7085045501019038,1.3996883655910732,0.08109409999107686
cube68_cluster0,9,637,cube62_cluster0,True,1.5591907841383699,1.006291804609795,0.14518942782055555
cube68_cluster0,9,637,cube67_cluster0,True,1.7734209898827273,1.4894657219145466,0.07456570623097339
cube68_cluster0,9,637,cube61_cluster0,True,0.8823014618555339,0.8457279268580618,0.009604088298708126
cube68_cluster0,9,637,cube60_cluster0,True,1.2840605217823458,0.723141064758367,0.1472955784584139
cube68_cluster0,9,637,cube67_cluster0,True,1.9370996618318757,1.7807269603056153,0.04106294983707578
cube68_cluster0,9,637,cube61_cluster0,True,1.4918315038726317,1.268508539985857,0.058643865419244566
cube68_cluster0,9,637,cube61_cluster2,True,1.749022921463877,1.692558100967813,0.014827473522928115
cube68_cluster0,9,637,cube61_cluster0,True,1.4551719857393937,1.3798105834624914,0.019789652868716614
cube68_cluster0,9,637,cube61_cluster2,True,2.0997857390192216,1.0385963204203021,0.2786648017093009
cube68_cluster0,9,637,cube60_cluster0,True,1.2389782847770432,0.5615594373975681,0.17788792978013288
cube68_cluster0,9,637,cube67_cluster0,True,0.8121357176308369,0.7119293684859077,0.026313853045531212
cube68_cluster0,9,637,cube60_cluster0,True,1.4316965709755967,0.9631350933802613,0.12304268112201296
cube68_cluster0,9,637,cube62_cluster0,True,1.7995243053981722,1.4999645213439337,0.0786634001060519
cube68_cluster0,9,637,cube62_cluster0,True,1.2668198858990567,0.9527162761173493,0.08248256023091506
cube68_cluster0,9,637,cube62_cluster3,True,2.3252413970410193,0.9137746798192378,0.37064645197196855
cube68_cluster0,9,637,cube60_cluster0,True,1.41876431620013,0.6812391059278284,0.19367166019002618
cube68_cluster0,9,637,cube61_cluster2,True,3.106486932895029,1.545134782783489,0.4100058667034903
cube68_cluster0,9,637,cube69_cluster0,True,2.0152296142050545,1.4415010391338896,0.15065921013258088
cube68_cluster0,9,637,cube62_cluster2,True,2.2897442969504556,0.3359095006075452,0.5130705004715205
cube68_cluster0,9,637,cube61_cluster1,False,2.220123857786518,0.9216852456283186,0.340965648589377
cube68_cluster0,9,637,cube62_cluster3,True,2.32754970732589,1.293926457737063,0.2714260176746612
cube68_cluster0,9,637,cube60_cluster0,True,2.2644639485770823,1.6627532567520926,0.15800722065732417
cube68_cluster0,9,637,cube60_cluster0,True,1.6761185078181682,1.0740827018962589,0.15809259453475186
cube68_cluster0,9,637,cube61_cluster0,True,1.3228893651560185,1.1728456731932393,0.03940097303622122
cube68_cluster0,9,637,cube61_cluster0,True,1.202007146051919,1.0150656152264765,0.04909022244820765
cube68_cluster0,9,637,cube67_cluster0,True,2.0942760972509844,1.9962563871467813,0.025739648927007044
cube68_cluster0,9,637,cube61_cluster2,True,1.5109301114386675,1.20837885209202,0.0794489515397234
cube68_cluster0,9,637,cube62_cluster3,True,1.706621624187645,1.0647672021409682,0.1685488303134662
cube68_cluster0,9,637,cube62_cluster3,True,1.4947460028592574,1.0303482997691404,0.12194928782528101
cube68_cluster0,9,637,cube61_cluster1,False,1.9389589867660442,1.7594957393805857,0.04712645016080537
cube68_cluster0,9,637,cube61_cluster0,True,1.8412049561553694,1.35228125504734,0.12838973309791468
cube68_cluster0,9,637,cube61_cluster0,True,1.1959232505809763,0.6940450473722759,0.13179154213959585
cube68_cluster0,9,637,cube61_cluster0,True,1.2852920423244878,0.9338125699542735,0.09229733707885202
cube68_cluster0,9,637,cube60_cluster0,True,1.4851299047308044,0.9014872082800006,0.15326262533815896
cube68_cluster0,9,637,cube61_cluster0,True,1.6376678037734202,1.2152287536968915,0.1109310854976906
cube68_cluster0,9,637,cube62_cluster0,True,2.1560879392092183,2.047880245402429,0.028414979465118773
cube68_cluster0,9,637,cube61_cluster0,True,1.5723363792185943,1.3281482230496209,0.06412299531635761
cube68_cluster0,9,637,cube61_cluster0,True,1.0852293735576672,0.8146653131745851,0.07104921978571985
cube68_cluster0,9,637,cube69_cluster0,True,1.3899192503600137,0.5704301635813814,0.21519510076872922
cube68_cluster0,9,637,cube61_cluster1,False,2.760926134084633,0.9366801237302141,0.47904091751647165
cube68_cluster0,9,637,cube61_cluster1,False,2.8180079187123024,1.4600954892935163,0.35658327462611056
cube68_cluster0,9,637,cube61_cluster1,False,2.4916871247338674,1.3664460786368438,0.2954845454450451
cube68_cluster0,9,637,cube61_cluster1,False,2.291166069502801,1.2259839082449908,0.27971328261366674
cube68_cluster0,9,637,cube62_cluster2,True,1.8206071094339695,1.6640562701466546,0.041109728218947275
cube68_cluster0,9,637,cube60_cluster0,True,1.4870993182613013,1.0598528138133962,0.11219350698027082
cube68_cluster0,9,637,cube61_cluster0,True,1.5564324783973422,1.2726502946127545,0.07452025490168702
cube68_cluster0,9,637,cube60_cluster0,True,1.2328319238345606,0.7085323679293171,0.13767931457091706
cube68_cluster0,9,637,cube62_cluster3,True,1.7171321227006953,1.676062376810736,0.010784778281889755
cube68_cluster0,9,637,cube62_cluster3,True,2.402323497392929,2.205208578123606,0.051761720320066006
cube68_cluster0,9,637,cube62_cluster3,True,1.2779923580099677,1.138493064858403,0.03663204907941208
cube68_cluster0,9,637,cube67_cluster0,True,1.7250633920506562,1.667918302365306,0.015006109942985594
cube68_cluster0,9,637,cube67_cluster0,True,1.339135373770131,1.0207532080473998,0.08360609474983416
cube68_cluster0,9,637,cube62_cluster3,True,1.723956604392006,1.478915203791797,0.06434705445798926
cube68_cluster0,9,637,cube62_cluster1,True,1.6603132983288178,0.7350000150356873,0.24298418179508685
cube68_cluster0,9,637,cube69_cluster0,True,1.2333275629726204,1.0975611305169062,0.03565181231170006
cube68_cluster0,9,637,cube61_cluster0,True,1.50251687254501,1.3891849984968236,0.029760572104722143
cube68_cluster0,9,637,cube61_cluster1,False,2.0137922155112418,1.7512069029452757,0.06895402722218986
cube68_cluster0,9,637,cube61_cluster0,True,1.1222971248288551,0.8334128365557949,0.07586005052220639
cube68_cluster0,9,637,cube66_cluster1,False,2.3989072058508483,1.6297127761275194,0.20198789158466313
cube68_cluster0,9,637,cube62_cluster0,True,2.973906884818734,2.3340796181322188,0.1680165060774979
cube68_cluster0,9,637,cube62_cluster0,True,1.857108219128432,1.2531307211883895,0.15860247638216793
cube68_cluster0,9,637,cube61_cluster0,True,0.7267975531904667,0.7030141819028792,0.0062454339702940065
cube68_cluster0,9,637,cube59_cluster1,False,2.912149907323177,2.306474512564078,0.15904833842348937
cube68_cluster0,9,637,cube62_cluster1,True,1.606540931559049,1.0592789910801876,0.14370916016853735
cube68_cluster0,9,637,cube62_cluster0,True,1.524653524833904,0.49021537916198,0.27164000666798316
cube68_cluster0,9,637,cube61_cluster0,True,0.610562417658047,0.44883571519861654,0.04246889262376799
cube68_cluster0,9,637,cube62_cluster2,True,2.4935045594505967,1.6100571582571344,0.23199034080005296
cube68_cluster0,9,637,cube61_cluster2,True,1.7460222750450112,1.431116718574282,0.08269314875654583
cube68_cluster0,9,637,cube60_cluster0,True,1.9374231120135443,1.149213651638584,0.20698117520883377
cube68_cluster0,9,637,cube60_cluster0,True,1.2782340611110485,0.9387267091553051,0.0891534981912167
cube68_cluster0,9,637,cube61_cluster0,True,1.3081407388666952,0.9102716551484443,0.10447909428553412
cube68_cluster0,9,637,cube62_cluster1,True,1.8579009406454368,1.4078156974977427,0.11819088358384651
cube68_cluster0,9,637,cube61_cluster0,True,1.0028788272680085,0.8254309410728587,0.046597223034500715
cube68_cluster0,9,637,cube61_cluster0,True,1.453940328502839,1.2011318456060913,0.06638666436182941
cube68_cluster0,9,637,cube61_cluster2,True,2.0283229899827777,1.1753094127211583,0.22399852014807176
cube68_cluster0,9,637,cube69_cluster0,True,1.3366242871085539,1.1971425680704912,0.0366274341758252
cube68_cluster0,9,637,cube69_cluster0,True,1.2897026396951408,1.2210803239943242,0.018019991212170728
cube68_cluster0,9,637,cube62_cluster3,True,2.8774628350747564,2.1366279485730884,0.19454077012837828
cube68_cluster0,9,637,cube61_cluster1,False,1.9121433395194192,1.2085667556778705,0.1847568641255128
cube68_cluster0,9,637,cube62_cluster3,True,2.193063756880912,0.7630925365452239,0.3755056727676057
cube68_cluster0,9,637,cube67_cluster0,True,1.0400382395498693,0.9842130713636692,0.014659502959928648
cube68_cluster0,9,637,cube67_cluster0,True,1.0676721798927225,0.8076162784038288,0.06828981231024295
cube68_cluster0,9,637,cube67_cluster0,True,1.318717508028015,1.187493788578273,0.03445891102862575
cube68_cluster0,9,637,cube61_cluster0,True,1.1635471586349222,0.7873726282736058,0.09878217693654298
cube68_cluster0,9,637,cube60_cluster0,True,2.250567468745075,1.9735976656605556,0.07273134645265704
cube68_cluster0,9,637,cube60_cluster0,True,1.7423818928290378,1.307429719816705,0.11421698984290517
cube68_cluster0,9,637,cube60_cluster0,True,2.0975944113939735,1.825721708655157,0.0713928649033376
cube68_cluster0,9,637,cube61_cluster0,True,1.5446694648921602,0.9390681023354533,0.1590288978140768
cube68_cluster0,9,637,cube60_cluster0,True,1.2676856604037883,1.0756651126623076,0.05042395534921474
cube68_cluster0,9,637,cube61_cluster0,True,1.7512757691163243,1.5625154902547977,0.04956781961601931
cube68_cluster0,9,637,cube61_cluster0,True,2.013417070550898,1.6040886904815048,0.10748826728467245
cube68_cluster0,9,637,cube61_cluster0,True,1.250241268884651,1.1609084429623555,0.023458502116083288
cube68_cluster0,9,637,cube61_cluster0,True,1.360340770944144,0.8755265831757816,0.12731058860226752
cube68_cluster0,9,637,cube60_cluster0,True,1.3158380128059102,1.0666135684569344,0.06544550779380409
cube68_cluster0,9,637,cube60_cluster0,True,2.228388026304187,1.4632843911984847,0.20091366256298718
cube68_cluster0,9,637,cube61_cluster0,True,1.1746884273546436,1.0063583328473757,0.04420292134980722
cube68_cluster0,9,637,cube67_cluster0,True,1.221043112593805,1.0164642477805235,0.05372172752379632
cube68_cluster0,9,637,cube62_cluster3,True,1.9678428672294157,1.826358605503601,0.03715329520611481
cube68_cluster0,9,637,cube62_cluster0,True,2.0466226380208243,1.3113879890936535,0.19307016642099992
cube68_cluster0,9,637,cube61_cluster0,True,0.8524620124051728,0.844167140238631,0.0021782057632512095
cube68_cluster0,9,637,cube67_cluster0,True,1.6406346281709363,1.5745590464347652,0.0173512273677279
cube68_cluster0,9,637,cube66_cluster1,False,1.7940459332436538,1.7842259294266443,0.0025787002475623133
cube68_cluster0,9,637,cube61_cluster0,True,1.4367356339440633,1.2009805824043212,0.06190849016948082
cube68_cluster0,9,637,cube67_cluster0,True,1.9184346948772582,1.8027284320593164,0.030384078675847075
cube68_cluster0,9,637,cube61_cluster0,True,0.8604714150881625,0.6315059800236812,0.06012555952995484
cube68_cluster0,9,637,cube61_cluster0,True,1.030576621621345,0.8011140512383884,0.060256105606383406
cube68_cluster0,9,637,cube60_cluster0,True,2.4072482899565006,1.592173407880609,0.214035945337442
cube68_cluster0,9,637,cube61_cluster0,True,0.8553378826364385,0.5526474130156566,0.07948550769337294
cube68_cluster0,9,637,cube60_cluster0,True,1.5715788108118776,1.0972677317763753,0.12455250728231053
cube68_cluster0,9,637,cube61_cluster0,True,1.119817870425609,1.0665825172112768,0.0139794261866866
cube68_cluster0,9,637,cube67_cluster0,True,1.5335428028912232,1.259884497378064,0.07186175823597252
cube68_cluster0,9,637,cube61_cluster0,True,1.05951087265104,0.6145345920429207,0.11684928706198285
cube68_cluster0,9,637,cube61_cluster0,True,1.2195201239237097,0.8829519393999559,0.08838168262721759
cube68_cluster0,9,637,cube61_cluster2,True,2.194416106995135,1.498731366542838,0.18268449237486886
cube68_cluster0,9,637,cube69_cluster0,True,1.0631902401897069,0.809302179578045,0.06667015786881667
cube68_cluster0,9,637,cube69_cluster0,True,1.3130414470549083,0.6959435589310088,0.16204784708117134
cube68_cluster0,9,637,cube67_cluster0,True,1.6689875339854796,1.5358706507750943,0.034956049517491816
cube68_cluster0,9,637,cube61_cluster0,True,1.6671758325482853,1.2267852228902565,0.11564510516607
cube68_cluster0,9,637,cube60_cluster0,True,2.014583734748477,1.6896507605822852,0.08532631519675753
cube68_cluster0,9,637,cube60_cluster0,True,1.5823923532399358,0.79941366319828,0.20560759236662854
cube68_cluster0,9,637,cube61_cluster1,False,2.2527863771547736,1.6263447651908651,0.164501477795413
cube68_cluster0,9,637,cube61_cluster0,True,1.232770786139035,1.2120734132114581,0.005435061094353538
cube68_cluster0,9,637,cube69_cluster0,True,1.518626062028956,1.3056621108574136,0.05592362323288204
cube68_cluster0,9,637,cube61_cluster0,True,1.3700731801435686,1.2356178602726222,0.03530751852017765
cube68_cluster0,9,637,cube60_cluster0,True,1.2396532770370416,1.028442792804229,0.05546316866348943
cube68_cluster0,9,637,cube69_cluster0,True,2.2489933644519002,1.6341286373317638,0.16146142645032843
cube68_cluster0,9,637,cube61_cluster0,True,1.5885486482198206,1.1220415804140853,0.12250319996378163
cube68_cluster0,9,637,cube61_cluster0,True,1.4715838787957567,0.8674802172572512,0.15863560652230355
cube68_cluster0,9,637,cube61_cluster0,True,0.9085025316879262,0.6492310802589569,0.06808381834105288
cube68_cluster0,9,637,cube61_cluster0,True,1.7647981994984043,1.4788291227886696,0.07509452568941326
cube68_cluster0,9,637,cube61_cluster0,True,1.829216594287786,1.754509073178996,0.019617945855001734
cube68_cluster0,9,637,cube61_cluster0,True,1.3049419024654412,0.8812014158782111,0.11127283838443787
cube68_cluster0,9,637,cube61_cluster0,True,0.9005065730213742,0.6828980792498377,0.05714326462769217
cube68_cluster0,9,637,cube62_cluster3,True,2.6849786239415723,2.5199498178056206,0.043336014035001306
cube68_cluster0,9,637,cube62_cluster1,True,1.3039907692863915,0.6902318936614154,0.1611710335362852
cube68_cluster0,9,637,cube69_cluster0,True,1.1191160611274715,0.6964016926103832,0.11100338320185237
cube69_cluster0,7,80,cube62_cluster2,True,1.9414512627238933,0.9200257223096783,0.26822293993106777
cube69_cluster0,7,80,cube62_cluster0,True,0.9512523057394535,0.5317347190747977,0.11016391895032207
cube69_cluster0,7,80,cube62_cluster3,True,1.2712557276167857,0.7986725819613857,0.12409875774024592
cube69_cluster0,7,80,cube62_cluster1,True,1.6898280835028534,1.4473612755367984,0.06367097501985652
cube69_cluster0,7,80,cube62_cluster0,True,1.3373155528426912,0.9242414252645121,0.10847188808647715
cube69_cluster0,7,80,cube61_cluster2,True,1.0543431790933717,1.0417940459995494,0.0032953604925977215
cube69_cluster0,7,80,cube61_cluster1,False,1.3207722980786687,1.081142794264668,0.06292590841340173
cube69_cluster0,7,80,cube62_cluster1,True,1.665709615704423,0.9742410630853564,0.1815773355130265
cube69_cluster0,7,80,cube62_cluster0,True,1.460087210681472,1.3401346761826722,0.03149913545573129
cube69_cluster0,7,80,cube62_cluster1,True,1.6888104491329488,1.122587937267114,0.14868814297145858
cube69_cluster0,7,80,cube62_cluster3,True,1.6966562736403843,1.0057351212520846,0.18143359003828954
cube69_cluster0,7,80,cube61_cluster2,True,1.6548394240546602,0.682491128735028,0.2553354190671893
cube69_cluster0,7,80,cube62_cluster0,True,1.6591989154872049,1.4276916035123273,0.06079304792815263
cube69_cluster0,7,80,cube62_cluster0,True,1.2706669944253501,0.9007374672667922,0.0971422599258096
cube69_cluster0,7,80,cube62_cluster0,True,1.2715754676660664,0.3688969975932577,0.2370403553422225
cube69_cluster0,7,80,cube62_cluster3,True,1.7108650111198282,0.9382932377651529,0.20287477075706942
cube69_cluster0,7,80,cube62_cluster2,True,1.7140108682442774,1.3827722379186422,0.0869821594716074
cube69_cluster0,7,80,cube62_cluster2,True,1.965299817104566,0.6289969330749376,0.3509086800859121
cube69_cluster0,7,80,cube62_cluster0,True,1.3855337992091883,1.1328891067491482,0.06634365353947572
cube69_cluster0,7,80,cube62_cluster2,True,1.6246735051634897,0.24493295943081206,0.36231526516209717
cube69_cluster0,7,80,cube62_cluster0,True,1.1548438933419338,0.8370550144224674,0.0834502996142147
cube69_cluster0,7,80,cube62_cluster0,True,1.3463672699088178,0.9558462149470573,0.1025495264435506
cube69_cluster0,7,80,cube62_cluster3,True,0.8544912104177877,0.5996888589513967,0.06691024759763635
cube69_cluster0,7,80,cube62_cluster1,True,2.288433034252778,0.8549500313279597,0.3764278551619026
cube69_cluster0,7,80,cube62_cluster1,True,1.6957388978011136,1.1961145269126197,0.13119969329000447
cube69_cluster0,7,80,cube62_cluster3,True,1.3412095897412977,0.8007120454458461,0.14193285229352876
cube69_cluster0,7,80,cube62_cluster2,True,1.9099484070617356,0.9136607867166203,0.26162180596886847
cube69_cluster0,7,80,cube61_cluster2,True,1.5019884592848494,1.074670795395029,0.11221219321236431
cube69_cluster0,7,80,cube62_cluster2,True,2.003121605461603,0.7564372836619113,0.32737514456852035
cube69_cluster0,7,80,cube62_cluster1,True,1.7304570672796245,0.5206950554457521,0.31767946912646894
cube69_cluster0,7,80,cube62_cluster3,True,1.0826387704171403,0.31360764794908824,0.20194500764414147
cube69_cluster0,7,80,cube62_cluster3,True,1.1937467139545839,0.8370213674975094,0.09367488611636213
cube69_cluster0,7,80,cube61_cluster2,True,1.3012249883554392,0.3620831425009559,0.24661551619830005
cube69_cluster0,7,80,cube62_cluster3,True,1.541229521841168,1.4467105764091535,0.024820359800948537
cube69_cluster0,7,80,cube62_cluster0,True,1.477041764633248,1.3996883655910732,0.0203127445749392
cube69_cluster0,7,80,cube62_cluster0,True,1.339578256505154,1.006291804609795,0.0875199105852743
cube69_cluster0,7,80,cube62_cluster3,True,1.4525311573783484,0.9137746798192378,0.14147565397592238
cube69_cluster0,7,80,cube62_cluster2,True,1.7028068664115776,0.3359095006075452,0.358942688951473
cube69_cluster0,7,80,cube61_cluster1,False,1.5140467422804378,0.9216852456283186,0.1555521531893228
cube69_cluster0,7,80,cube62_cluster3,True,1.526382069813367,1.293926457737063,0.061042068371716586
cube69_cluster0,7,80,cube61_cluster2,True,1.3159575492949631,1.20837885209202,0.028249807054977347
cube69_cluster0,7,80,cube61_cluster1,False,2.038242492465884,0.9366801237302141,0.2892666037505718
cube69_cluster0,7,80,cube61_cluster1,False,1.9874282105672023,1.4600954892935163,0.13847581367949705
cube69_cluster0,7,80,cube61_cluster1,False,2.082118493052779,1.3664460786368438,0.1879331888885047
cube69_cluster0,7,80,cube61_cluster1,False,2.03436505261153,1.2259839082449908,0.21227819214203836
cube69_cluster0,7,80,cube62_cluster1,True,1.5526413475211502,0.7350000150356873,0.2147098866545578
cube69_cluster0,7,80,cube62_cluster0,True,1.3703715503235008,1.2531307211883895,0.03078705067216458
cube69_cluster0,7,80,cube62_cluster1,True,1.5377484900007479,1.0592789910801876,0.12564449447364875
cube69_cluster0,7,80,cube62_cluster0,True,1.363415436371996,0.49021537916198,0.22929942245018448
cube69_cluster0,7,80,cube61_cluster2,True,1.5404372791211813,1.431116718574282,0.028707214559086418
cube69_cluster0,7,80,cube61_cluster1,False,1.53996317276801,1.2085667556778705,0.0870235937496659
cube69_cluster0,7,80,cube62_cluster3,True,1.611970200794421,0.7630925365452239,0.2229124431864156
cube69_cluster0,7,80,cube62_cluster0,True,2.0095605816442514,1.3113879890936535,0.18333779403761105
cube69_cluster0,7,80,cube61_cluster1,False,1.825690258815066,1.6263447651908651,0.05234746170553951
cube69_cluster0,7,80,cube62_cluster1,True,2.095633354520575,0.6187522111448587,0.38782406208909653
