batter,breaks,coordinates,description,endSpeed,extension,game_pk,pitcher,plateTime,result,startSpeed,strikeZoneBottom,strikeZoneTop,type,typeConfidence,zone
641313,"{'breakAngle': 34.8, 'breakLength': 3.6, 'breakY': 24.0, 'breakVertical': -14.2, 'breakVerticalInduced': 17.8, 'breakHorizontal': 9.7}","{'aY': 32.32338752217913, 'aZ': -12.662382449956043, 'pfxX': -6.196296696062856, 'pfxZ': 10.638192043791452, 'pX': 0.31928649317726177, 'pZ': 2.5828784845152533, 'vX0': 6.150648024581206, 'vY0': -135.2615881380914, 'vZ0': -7.040869794961063, 'x': 104.83, 'y': 169.04, 'x0': -1.1903343901705388, 'y0': 50.00037548746312, 'z0': 6.126292973733543, 'aX': -11.362478920599832}","In play, no out",84.3,,718760,664353,0.40653321790328345,Single,93.1,1.55,3.4,Four-Seam Fastball,2.0,6
673357,"{'breakAngle': 39.6, 'breakLength': 4.8, 'breakY': 24.0, 'breakVertical': -15.6, 'breakVerticalInduced': 15.7, 'breakHorizontal': 12.6}","{'aY': 33.00471014389112, 'aZ': -14.476902750837333, 'pfxX': -7.622435860367293, 'pfxZ': 9.452174697525123, 'pX': -0.766190362231025, 'pZ': 2.361327793908282, 'vX0': 4.849692336897357, 'vY0': -136.67408836935837, 'vZ0': -6.86066257817341, 'x': 146.21, 'y': 175.02, 'x0': -1.5826890387881627, 'y0': 50.00434801434248, 'z0': 5.9178406759437445, 'aX': -14.274036013736584}",Called Strike,85.2,,718760,664353,0.40233122459674986,Flyout,94.0,1.81807361466392,3.66282201004304,Sinker,2.0,7
673357,"{'breakAngle': 15.6, 'breakLength': 9.6, 'breakY': 24.0, 'breakVertical': -38.6, 'breakVerticalInduced': 2.3, 'breakHorizontal': -11.2}","{'aY': 25.36223499093144, 'aZ': -29.446094499079717, 'pfxX': 5.479384639058491, 'pfxZ': 1.90392644718679, 'pX': 0.8775607321633384, 'pZ': 0.6313620368043418, 'vX0': 4.751396651758909, 'vY0': -119.53629101259341, 'vZ0': -5.457440895720874, 'x': 83.55, 'y': 221.73, 'x0': -1.8554083988489, 'y0': 50.00095308037408, 'z0': 5.621885940351358, 'aX': 7.842964099242943}",Swinging Strike (Blocked),75.4,,718760,664353,0.46010961620685364,Flyout,82.2,1.82,3.73,Sweeper,0.9,14
673357,"{'breakAngle': 15.6, 'breakLength': 8.4, 'breakY': 24.0, 'breakVertical': -36.4, 'breakVerticalInduced': 4.4, 'breakHorizontal': -10.3, 'spinRate': 2742, 'spinDirection': 58}","{'aY': 25.042325946574078, 'aZ': -27.78439366390766, 'pfxX': 4.490359877979069, 'pfxZ': 3.063163455721752, 'pX': 2.6334469537160112, 'pZ': 0.9979249718706196, 'vX0': 8.344579183786218, 'vY0': -119.57324947029466, 'vZ0': -5.2264658006667615, 'x': 16.62, 'y': 211.84, 'x0': -1.4979829983318889, 'y0': 50.00570550917641, 'z0': 5.732928956158406, 'aX': 6.4424628002995705}",Ball,75.5,5.9607913095319836,718760,664353,0.4596958985650694,Flyout,82.4,1.82,3.73,Sweeper,0.89,14
673357,"{'breakAngle': 12.0, 'breakLength': 12.0, 'breakY': 24.0, 'breakVertical': -51.8, 'breakVerticalInduced': -9.8, 'breakHorizontal': -10.8, 'spinRate': 2744, 'spinDirection': 41}","{'aY': 25.27278580807915, 'aZ': -39.75504607199172, 'pfxX': 5.26627164869414, 'pfxZ': -5.450783783307637, 'pX': 1.517118702281247, 'pZ': 1.902553815116955, 'vX0': 4.81045737669778, 'vY0': -118.01827421016661, 'vZ0': -1.1678799637371533, 'x': 59.17, 'y': 187.41, 'x0': -1.2416310865341529, 'y0': 50.000292857700394, 'z0': 6.109431227307431, 'aX': 7.327926967110743}",Foul,74.3,5.871447765867427,718760,664353,0.4665058184487414,Flyout,81.1,1.82,3.73,Curveball,0.87,14
673357,"{'breakAngle': 44.4, 'breakLength': 3.6, 'breakY': 24.0, 'breakVertical': -11.2, 'breakVerticalInduced': 19.7, 'breakHorizontal': 10.8, 'spinRate': 2276, 'spinDirection': 208}","{'aY': 33.77050791474389, 'aZ': -11.13268819977934, 'pfxX': -6.516886047054883, 'pfxZ': 11.075389602793418, 'pX': -0.40110121585647635, 'pZ': 4.664546071953777, 'vX0': 3.903471831464365, 'vY0': -137.74407064338516, 'vZ0': -2.43897784095491, 'x': 132.29, 'y': 112.84, 'x0': -0.9980994141013388, 'y0': 50.00687067012407, 'z0': 6.32545405023386, 'aX': -12.386551027343971}",Ball,85.5,5.788507324161083,718760,664353,0.3993403075270652,Flyout,94.7,1.78958659160372,3.4663986476869,Four-Seam Fastball,2.0,11
673357,"{'breakAngle': 16.8, 'breakLength': 8.4, 'breakY': 24.0, 'breakVertical': -35.9, 'breakVerticalInduced': 4.7, 'breakHorizontal': -10.8, 'spinRate': 2695, 'spinDirection': 61}","{'aY': 23.39620736310633, 'aZ': -28.120734907969844, 'pfxX': 5.276255589901403, 'pfxZ': 2.8046131969303447, 'pX': 1.1605678744350334, 'pZ': 2.1318542128003126, 'vX0': 4.959437004229787, 'vY0': -119.53598441046799, 'vZ0': -2.8236624583475427, 'x': 72.76, 'y': 181.22, 'x0': -1.6277344770164928, 'y0': 50.002708510837344, 'z0': 5.8574232478249995, 'aX': 7.621485816734582}","In play, out(s)",75.6,5.873576592962509,718760,664353,0.4585103302947853,Flyout,82.1,1.82,3.73,Sweeper,0.9,14
643217,"{'breakAngle': 32.4, 'breakLength': 7.2, 'breakY': 24.0, 'breakVertical': -26.9, 'breakVerticalInduced': 10.0, 'breakHorizontal': 16.9, 'spinRate': 2096, 'spinDirection': 242}","{'aY': 26.307127059416423, 'aZ': -22.20104699799218, 'pfxX': -10.285463023758881, 'pfxZ': 6.271600859663225, 'pX': 0.055014886860051675, 'pZ': 1.2095380849693338, 'vX0': 6.978935275594789, 'vY0': -125.53112008274162, 'vZ0': -6.6244377703046915, 'x': 114.9, 'y': 206.12, 'x0': -1.4301562173211886, 'y0': 50.00163275490852, 'z0': 5.699851517329613, 'aX': -16.352088696496203}",Swinging Strike,79.1,5.933262226011795,718760,664353,0.4369522398726011,Strikeout,86.4,1.49,3.26,Changeup,2.0,14
643217,"{'breakAngle': 38.4, 'breakLength': 3.6, 'breakY': 24.0, 'breakVertical': -11.2, 'breakVerticalInduced': 19.4, 'breakHorizontal': 8.9, 'spinRate': 2349, 'spinDirection': 208}","{'aY': 30.794455915632714, 'aZ': -10.085086767411422, 'pfxX': -5.491099099481624, 'pfxZ': 11.511543290244486, 'pX': 0.3306361342212211, 'pZ': 2.7339232867032357, 'vX0': 5.307519942086715, 'vY0': -137.69830229223265, 'vZ0': -7.415240779564619, 'x': 104.4, 'y': 164.96, 'x0': -0.9091225505360159, 'y0': 50.004038176975094, 'z0': 6.145538343691322, 'aX': -10.537670321110763}",Foul,86.5,5.82374793106491,718760,664353,0.3979030462561588,Strikeout,94.7,1.49,3.26,Four-Seam Fastball,2.0,6
643217,"{'breakAngle': 37.2, 'breakLength': 3.6, 'breakY': 24.0, 'breakVertical': -13.9, 'breakVerticalInduced': 16.4, 'breakHorizontal': 10.6, 'spinRate': 2231, 'spinDirection': 210}","{'aY': 32.971227188025296, 'aZ': -14.122650993869202, 'pfxX': -6.270962075378385, 'pfxZ': 9.38463030746297, 'pX': -0.6585414381384819, 'pZ': 4.274615885136489, 'vX0': 3.4127350872709794, 'vY0': -138.32677766000853, 'vZ0': -3.062324255356619, 'x': 142.1, 'y': 123.37, 'x0': -1.0983477427642097, 'y0': 50.00482249144503, 'z0': 6.352238014425081, 'aX': -12.06439897570081}",Ball,86.2,5.680635989130047,718760,664353,0.3970951988669995,Strikeout,95.0,1.58996723511031,3.2695051653632,Four-Seam Fastball,2.0,11
643217,"{'breakAngle': 10.8, 'breakLength': 12.0, 'breakY': 24.0, 'breakVertical': -52.6, 'breakVerticalInduced': -10.9, 'breakHorizontal': -10.4, 'spinRate': 2773, 'spinDirection': 34}","{'aY': 25.46584627206393, 'aZ': -39.838521818741256, 'pfxX': 5.041125132203293, 'pfxZ': -5.454199682671325, 'pX': 1.4870622235738562, 'pZ': 0.22219511474890855, 'vX0': 4.849712217857755, 'vY0': -118.53986671284775, 'vZ0': -5.04510004802804, 'x': 60.32, 'y': 232.78, 'x0': -1.250562243207006, 'y0': 50.00579285773444, 'z0': 6.0680318453821895, 'aX': 7.079053528942048}",Ball In Dirt,75.1,5.8623097167459095,718760,664353,0.46443879654141185,Strikeout,81.5,1.53286696460979,3.2413399642089,Curveball,2.0,14
643217,"{'breakAngle': 36.0, 'breakLength': 7.2, 'breakY': 24.0, 'breakVertical': -25.3, 'breakVerticalInduced': 11.2, 'breakHorizontal': 18.0, 'spinRate': 2105, 'spinDirection': 243}","{'aY': 28.166954032819444, 'aZ': -21.58489275051868, 'pfxX': -10.77296897298713, 'pfxZ': 6.6009144467070024, 'pX': -0.3113903131395726, 'pZ': 2.451163348455717, 'vX0': 6.021618482337278, 'vY0': -126.47495548057319, 'vZ0': -4.12900420695698, 'x': 128.87, 'y': 172.6, 'x0': -1.3357708407392832, 'y0': 50.00274916500434, 'z0': 5.857134610787401, 'aX': -17.280539617675256}",Swinging Strike,79.0,6.023222909611987,718760,664353,0.43472159301501323,Strikeout,87.0,1.49,3.26,Changeup,2.0,4
650391,"{'breakAngle': 7.2, 'breakLength': 13.2, 'breakY': 24.0, 'breakVertical': -56.3, 'breakVerticalInduced': -12.8, 'breakHorizontal': -7.7, 'spinRate': 2661, 'spinDirection': 37}","{'aY': 24.55549470031724, 'aZ': -42.38497636063389, 'pfxX': 3.4333776394909146, 'pfxZ': -7.5668252442069655, 'pX': 1.4171579057813484, 'pZ': 2.8128914116692707, 'vX0': 5.241896258842269, 'vY0': -116.19900486686635, 'vZ0': 1.4815974467611106, 'x': 62.98, 'y': 162.83, 'x0': -1.3262233657086764, 'y0': 50.00419144264616, 'z0': 6.236616945260078, 'aX': 4.631212226884453}",Ball,73.0,5.917528822046564,718760,664353,0.4738495436232171,Groundout,79.9,1.7,3.48,Curveball,0.9,12
650391,"{'breakAngle': 42.0, 'breakLength': 3.6, 'breakY': 24.0, 'breakVertical': -12.6, 'breakVerticalInduced': 19.1, 'breakHorizontal': 11.4, 'spinRate': 2188, 'spinDirection': 218}","{'aY': 33.19911800002739, 'aZ': -11.469480704783077, 'pfxX': -7.27137758892791, 'pfxZ': 11.195474528390786, 'pX': 0.27014485533960997, 'pZ': 2.837566300955544, 'vX0': 7.108481136301276, 'vY0': -135.95007596907269, 'vZ0': -5.69494601863724, 'x': 106.7, 'y': 162.17, 'x0': -1.449246646682884, 'y0': 50.0002093600825, 'z0': 5.774599695939629, 'aX': -13.443670960433295}",Swinging Strike,84.5,6.027307208177471,718760,664353,0.4047983941919715,Groundout,93.6,1.7,3.48,Sinker,2.0,6
650391,"{'breakAngle': 43.2, 'breakLength': 4.8, 'breakY': 24.0, 'breakVertical': -16.6, 'breakVerticalInduced': 14.5, 'breakHorizontal': 15.2, 'spinRate': 2239, 'spinDirection': 221}","{'aY': 34.01941809608369, 'aZ': -14.938146801787688, 'pfxX': -9.258364895249757, 'pfxZ': 9.15712932972302, 'pX': -0.40102214617529086, 'pZ': 1.309880498355217, 'vX0': 6.269822269490974, 'vY0': -137.19906972284642, 'vZ0': -9.10314148057076, 'x': 132.29, 'y': 203.41, 'x0': -1.5282553199530513, 'y0': 50.00150413882487, 'z0': 5.718263071851141, 'aX': -17.420683195138533}","In play, out(s)",85.5,5.876576460198714,718760,664353,0.40121350384332377,Groundout,94.5,1.7,3.48,Sinker,2.0,13
665161,"{'breakAngle': 25.2, 'breakLength': 3.6, 'breakY': 24.0, 'breakVertical': -13.2, 'breakVerticalInduced': 19.7, 'breakHorizontal': 6.2, 'spinRate': 2086, 'spinDirection': 199}","{'aY': 30.93674958157024, 'aZ': -12.023165553482325, 'pfxX': -3.901684226211425, 'pfxZ': 11.313075157989935, 'pX': -0.3285706718850547, 'pZ': 3.8247214928227464, 'vX0': 3.429892343325499, 'vY0': -133.20643314043204, 'vZ0': -4.205397710894884, 'x': 87.49, 'y': 92.52, 'x0': -1.1314398157978194, 'y0': 50.0041332803901, 'z0': 6.3053256854965385, 'aX': -6.9511792678411695}",Foul,83.0,7.000703579769711,718760,608337,0.4125646800859717,Single,91.5,1.74,3.61,Four-Seam Fastball,0.9,11
665161,"{'breakAngle': 2.4, 'breakLength': 10.8, 'breakY': 24.0, 'breakVertical': -46.2, 'breakVerticalInduced': -4.1, 'breakHorizontal': -1.7, 'spinRate': 2047, 'spinDirection': 35}","{'aY': 23.428977615570073, 'aZ': -34.394551643416634, 'pfxX': 0.15061329787838584, 'pfxZ': -1.5988106403829558, 'pX': 1.2245376442617302, 'pZ': 0.6739685225926684, 'vX0': 5.546837942553633, 'vY0': -117.44176677926663, 'vZ0': -5.538370454790466, 'x': 70.32, 'y': 220.58, 'x0': -1.193156328090025, 'y0': 50.00294592908238, 'z0': 6.28280161614429, 'aX': 0.20867008600220743}",Ball,74.6,6.739230741714567,718760,608337,0.46740316906385315,Single,80.8,1.732589793196,3.4663986476869,Slider,0.85,14
665161,"{'breakAngle': 19.2, 'breakLength': 8.4, 'breakY': 24.0, 'breakVertical': -35.8, 'breakVerticalInduced': 8.9, 'breakHorizontal': 12.0, 'spinRate': 1474, 'spinDirection': 227}","{'aY': 21.507663838122998, 'aZ': -25.924057765878437, 'pfxX': -7.3323852320741025, 'pfxZ': 4.757666544192954, 'pX': 0.024931186156560373, 'pZ': 3.87611738142267, 'vX0': 4.708022769879027, 'vY0': -114.06093440350222, 'vZ0': -0.11940680063073628, 'x': 116.05, 'y': 134.12, 'x0': -1.1160560213278736, 'y0': 50.003216935444414, 'z0': 6.491136463493853, 'aX': -9.635522478576306}","In play, no out",71.7,6.652449601015411,718760,608337,0.48070536963786603,Single,78.4,1.74,3.61,Changeup,0.9,12
608324,"{'breakAngle': 2.4, 'breakLength': 9.6, 'breakY': 24.0, 'breakVertical': -42.0, 'breakVerticalInduced': -1.3, 'breakHorizontal': -2.2, 'spinRate': 1972, 'spinDirection': 45}","{'aY': 25.921105488296178, 'aZ': -32.455689254473995, 'pfxX': 0.523202724251576, 'pfxZ': -0.195211963336396, 'pX': 0.5863063225041784, 'pZ': 1.4534319510848854, 'vX0': 4.479468830853908, 'vY0': -119.83552859246127, 'vZ0': -4.471967565499134, 'x': 94.65, 'y': 199.54, 'x0': -1.3851673210172035, 'y0': 50.00309230671382, 'z0': 6.284351506716478, 'aX': 0.7510570377392746}",Swinging Strike,75.3,6.731653888453677,718760,608337,0.45932453204409107,Strikeout,82.4,1.53,3.22,Slider,0.9,14
608324,"{'breakAngle': 12.0, 'breakLength': 2.4, 'breakY': 24.0, 'breakVertical': -12.5, 'breakVerticalInduced': 19.9, 'breakHorizontal': 2.6, 'spinRate': 2163, 'spinDirection': 204}","{'aY': 29.461589825845635, 'aZ': -11.018033423689982, 'pfxX': -1.9410382258374006, 'pfxZ': 11.68319383142163, 'pX': -0.03539801930731725, 'pZ': 3.015768100947059, 'vX0': 3.854088698204319, 'vY0': -133.85981114041795, 'vZ0': -6.429553746401315, 'x': 118.35, 'y': 157.35, 'x0': -1.2430451579428219, 'y0': 50.00420354033742, 'z0': 6.241234212491127, 'aX': -3.5156242565825395}",Foul,84.0,6.8758227433041705,718760,608337,0.4095119426195035,Strikeout,92.0,1.53,3.22,Four-Seam Fastball,0.9,2
608324,"{'breakAngle': 3.6, 'breakLength': 8.4, 'breakY': 24.0, 'breakVertical': -37.8, 'breakVerticalInduced': 1.0, 'breakHorizontal': -2.2, 'spinRate': 1849, 'spinDirection': 80}","{'aY': 29.591868840528758, 'aZ': -30.960590417646674, 'pfxX': 0.4136319301141831, 'pfxZ': 0.8107529028237384, 'pX': 0.6612007452511723, 'pZ': 2.5715701822717576, 'vX0': 4.799821263396541, 'vY0': -123.28375133162464, 'vZ0': -2.687546993593032, 'x': 91.8, 'y': 169.35, 'x0': -1.3831567113250467, 'y0': 50.00582937747418, 'z0': 6.348812607689861, 'aX': 0.6225393026595682}",Swinging Strike,76.5,6.738307340426616,718760,608337,0.4481197606938796,Strikeout,84.8,1.53,3.22,Slider,0.9,6
670541,"{'breakAngle': 18.0, 'breakLength': 3.6, 'breakY': 24.0, 'breakVertical': -12.7, 'breakVerticalInduced': 19.6, 'breakHorizontal': 4.1, 'spinRate': 2194, 'spinDirection': 202}","{'aY': 31.254097481839484, 'aZ': -11.94943491482681, 'pfxX': -3.0720208298879106, 'pfxZ': 11.165222985474504, 'pX': 0.9391597863856662, 'pZ': 4.261494565598266, 'vX0': 6.356137556636391, 'vY0': -134.27566869567963, 'vZ0': -3.394714712642333, 'x': 81.2, 'y': 123.72, 'x0': -1.0681088614257672, 'y0': 50.00312974733478, 'z0': 6.402422965971459, 'aX': -5.565690248959347}",Ball,83.7,6.771367221194163,718760,608337,0.4091730928090991,Single,92.3,1.70932444161488,3.29766105876309,Four-Seam Fastball,0.9,12
670541,"{'breakAngle': 26.4, 'breakLength': 8.4, 'breakY': 24.0, 'breakVertical': -31.4, 'breakVerticalInduced': 11.4, 'breakHorizontal': 15.6, 'spinRate': 1517, 'spinDirection': 225}","{'aY': 22.82529455683307, 'aZ': -22.863409004742355, 'pfxX': -9.345395408654507, 'pfxZ': 6.80994437980812, 'pX': -0.2043737732737767, 'pZ': 2.121559305550412, 'vX0': 5.242756808342968, 'vY0': -116.46940375270152, 'vZ0': -4.53756774341165, 'x': 124.79, 'y': 181.5, 'x0': -1.2757493808539164, 'y0': 50.00330521561983, 'z0': 6.269422859407419, 'aX': -12.779860872132893}",Called Strike,73.3,6.828100614952563,718760,608337,0.47111870591932936,Single,80.1,1.71,3.49,Changeup,0.91,8
670541,"{'breakAngle': 2.4, 'breakLength': 9.6, 'breakY': 24.0, 'breakVertical': -44.2, 'breakVerticalInduced': -3.2, 'breakHorizontal': -1.7, 'spinRate': 1988, 'spinDirection': 59}","{'aY': 23.158186670320916, 'aZ': -35.30544091816239, 'pfxX': 0.5573805239597254, 'pfxZ': -2.1798288580562684, 'pX': -0.2586094077059557, 'pZ': 4.0306072392482095, 'vX0': 2.6183297468966313, 'vY0': -119.08022535567594, 'vZ0': 1.561009350948755, 'x': 126.86, 'y': 129.95, 'x0': -1.4454983122099025, 'y0': 50.0058806427921, 'z0': 6.56391202037347, 'aX': 0.798862147292128}",Ball,75.1,6.557615149016729,718760,608337,0.4602153964560003,Single,81.8,1.78958659160372,3.4663986476869,Slider,0.89,11
670541,"{'breakAngle': 24.0, 'breakLength': 8.4, 'breakY': 24.0, 'breakVertical': -32.5, 'breakVerticalInduced': 10.8, 'breakHorizontal': 14.6, 'spinRate': 1389, 'spinDirection': 228}","{'aY': 22.23115052688833, 'aZ': -23.432334269248223, 'pfxX': -8.898375195859735, 'pfxZ': 6.476044203957724, 'pX': 0.09308871384201503, 'pZ': 2.119732532607475, 'vX0': 5.535757482939555, 'vY0': -115.64800540606032, 'vZ0': -4.373506575850112, 'x': 113.45, 'y': 181.55, 'x0': -1.1794830452270624, 'y0': 50.00376097642919, 'z0': 6.2918002084987155, 'aX': -12.014236381694214}","In play, no out",72.9,6.682972418201337,718760,608337,0.4742234340097129,Single,79.5,1.71,3.49,Changeup,0.91,8
547989,"{'breakAngle': 26.4, 'breakLength': 8.4, 'breakY': 24.0, 'breakVertical': -32.6, 'breakVerticalInduced': 10.4, 'breakHorizontal': 16.0, 'spinRate': 1619, 'spinDirection': 222}","{'aY': 23.124485772453774, 'aZ': -23.887066665249336, 'pfxX': -9.402614327830033, 'pfxZ': 6.097558302743206, 'pX': -0.7950305110867673, 'pZ': 2.632857413714864, 'vX0': 4.079320868646986, 'vY0': -116.23370738147239, 'vZ0': -3.2402645892031265, 'x': 147.3, 'y': 167.69, 'x0': -1.3574157732545415, 'y0': 50.003780039575936, 'z0': 6.329537761913152, 'aX': -12.781549190943714}",Called Strike,73.0,6.746130605104977,718760,608337,0.4724131288447797,Strikeout,79.9,1.55921547928434,3.18498180481625,Changeup,0.91,4
547989,"{'breakAngle': 3.6, 'breakLength': 8.4, 'breakY': 24.0, 'breakVertical': -37.6, 'breakVerticalInduced': 1.9, 'breakHorizontal': -2.5, 'spinRate': 1839, 'spinDirection': 67}","{'aY': 29.85736262054304, 'aZ': -30.190963369530998, 'pfxX': 0.3645411034277819, 'pfxZ': 1.3381572238628188, 'pX': 1.416487459820308, 'pZ': 2.5147311075404892, 'vX0': 6.347068561084084, 'vY0': -122.46198598182784, 'vZ0': -2.845773787899117, 'x': 63.01, 'y': 170.88, 'x0': -1.2839444044200816, 'y0': 50.00133245800483, 'z0': 6.3422068756703345, 'aX': 0.5394974669078078}",Ball,75.9,6.759574316081296,718760,608337,0.45163470199082134,Strikeout,84.3,1.56142071361309,3.15678892996935,Slider,0.9,12
547989,"{'breakAngle': 21.6, 'breakLength': 2.4, 'breakY': 24.0, 'breakVertical': -11.3, 'breakVerticalInduced': 20.6, 'breakHorizontal': 4.6, 'spinRate': 2244, 'spinDirection': 205}","{'aY': 32.932295596207, 'aZ': -10.355066627248995, 'pfxX': -2.819795266519267, 'pfxZ': 11.92000510186163, 'pX': -0.7182747927021371, 'pZ': 3.900226519447177, 'vX0': 2.428392831815465, 'vY0': -135.27463433150572, 'vZ0': -4.60674062188419, 'x': 144.38, 'y': 133.47, 'x0': -1.2667711206558685, 'y0': 50.000635519835605, 'z0': 6.367749653257443, 'aX': -5.160491977707262}",Swinging Strike,84.0,6.808419941233244,718760,608337,0.4068531859773441,Strikeout,93.0,1.56,3.41,Four-Seam Fastball,0.9,11
547989,"{'breakAngle': 3.6, 'breakLength': 2.4, 'breakY': 24.0, 'breakVertical': -12.4, 'breakVerticalInduced': 19.6, 'breakHorizontal': 0.8, 'spinRate': 2202, 'spinDirection': 203}","{'aY': 32.926545604169455, 'aZ': -11.800969561244258, 'pfxX': -1.1596700539200704, 'pfxZ': 11.09086013795985, 'pX': 0.6349089385699301, 'pZ': 4.337883692118633, 'vX0': 5.3713644321457785, 'vY0': -135.48736782590066, 'vZ0': -3.0520379938025606, 'x': 92.8, 'y': 121.66, 'x0': -1.2329515422675343, 'y0': 50.00004677376856, 'z0': 6.317685610735704, 'aX': -2.1302431663499113}",Ball,84.2,6.821065422476035,718760,608337,0.40613960208500677,Strikeout,93.2,1.53286696460979,3.18498180481625,Four-Seam Fastball,0.9,12
547989,"{'breakAngle': 24.0, 'breakLength': 7.2, 'breakY': 24.0, 'breakVertical': -28.9, 'breakVerticalInduced': 12.8, 'breakHorizontal': 12.5, 'spinRate': 1523, 'spinDirection': 221}","{'aY': 23.44874288099096, 'aZ': -20.55078962722525, 'pfxX': -7.618542873928748, 'pfxZ': 8.290214868887247, 'pX': -0.03345472414967817, 'pZ': 0.18400909907920324, 'vX0': 5.1687543146960175, 'vY0': -117.93555546649183, 'vZ0': -9.24197014578524, 'x': 118.28, 'y': 233.81, 'x0': -1.2690007892599366, 'y0': 50.003089633730156, 'z0': 6.0649549459489025, 'aX': -10.68001795620346}",Ball In Dirt,74.6,6.902472605704562,718760,608337,0.46529871364322517,Strikeout,81.3,1.47573797210118,3.2413399642089,Changeup,0.91,13
547989,"{'breakAngle': 12.0, 'breakLength': 2.4, 'breakY': 24.0, 'breakVertical': -12.1, 'breakVerticalInduced': 19.8, 'breakHorizontal': 2.5, 'spinRate': 2172, 'spinDirection': 201}","{'aY': 32.69159643223613, 'aZ': -11.432404306961569, 'pfxX': -1.6799757175312244, 'pfxZ': 11.333690241016487, 'pX': -0.6702565721219409, 'pZ': 4.076086838685191, 'vX0': 2.179185357944952, 'vY0': -135.2137183627065, 'vZ0': -3.6550939516017955, 'x': 142.55, 'y': 128.73, 'x0': -1.2727897501446743, 'y0': 50.0024838231555, 'z0': 6.262155015556338, 'aX': -3.0745954419669874}",Foul,84.0,6.925089835546278,718760,608337,0.4069148014725119,Strikeout,92.9,1.56,3.41,Four-Seam Fastball,0.9,11
547989,"{'breakAngle': 0.0, 'breakLength': 8.4, 'breakY': 24.0, 'breakVertical': -39.8, 'breakVerticalInduced': -0.7, 'breakHorizontal': 0.0, 'spinRate': 1877, 'spinDirection': 59}","{'aY': 25.913647256253427, 'aZ': -32.19056846621429, 'pfxX': -0.5419637301963718, 'pfxZ': -0.013217146876788988, 'pX': 0.019384107154021724, 'pZ': 1.7872531326761203, 'vX0': 3.6065964124391368, 'vY0': -122.19192819087243, 'vZ0': -3.9505872627610934, 'x': 116.26, 'y': 190.52, 'x0': -1.410484113876732, 'y0': 50.002171791150516, 'z0': 6.215354275194935, 'aX': -0.813487284801198}",Swinging Strike,76.9,6.858460324408405,718760,608337,0.4496717051582939,Strikeout,84.0,1.56,3.41,Slider,0.9,8
663656,"{'breakAngle': 20.4, 'breakLength': 7.2, 'breakY': 24.0, 'breakVertical': -29.8, 'breakVerticalInduced': 12.2, 'breakHorizontal': 10.9, 'spinRate': 1425, 'spinDirection': 227}","{'aY': 23.495470184524972, 'aZ': -22.204953808244834, 'pfxX': -6.731942412880112, 'pfxZ': 7.1562058902397085, 'pX': -0.06399831496047881, 'pZ': 2.581732455772832, 'vX0': 4.7802712173032855, 'vY0': -117.6161777023177, 'vZ0': -3.768579810360194, 'x': 119.44, 'y': 169.07, 'x0': -1.253884343833849, 'y0': 50.0019189172711, 'z0': 6.277527320237065, 'aX': -9.37751744875931}",Foul,73.8,7.044656615972666,718760,608337,0.4666957666384337,Single,80.9,1.66,3.54,Changeup,0.91,5
663656,"{'breakAngle': 2.4, 'breakLength': 9.6, 'breakY': 24.0, 'breakVertical': -42.8, 'breakVerticalInduced': -2.6, 'breakHorizontal': -1.7, 'spinRate': 2000, 'spinDirection': 50}","{'aY': 28.127961947391373, 'aZ': -33.527627073230555, 'pfxX': -0.03593117312967298, 'pfxZ': -0.9327364709776544, 'pX': 1.224990025706953, 'pZ': 1.343602876770876, 'vX0': 6.1406328479910925, 'vY0': -121.07674708009228, 'vZ0': -4.461042343350327, 'x': 70.31, 'y': 202.5, 'x0': -1.3614059065896398, 'y0': 50.00204104814031, 'z0': 6.210646029054893, 'aX': -0.05322640236049831}",Ball,75.6,6.883355000498001,718760,608337,0.45596532904898135,Single,83.3,1.66,3.54,Slider,0.9,14
663656,"{'breakAngle': 15.6, 'breakLength': 2.4, 'breakY': 24.0, 'breakVertical': -12.8, 'breakVerticalInduced': 18.8, 'breakHorizontal': 3.5, 'spinRate': 2151, 'spinDirection': 201}","{'aY': 30.737885494212936, 'aZ': -11.912100164015978, 'pfxX': -2.668691831986285, 'pfxZ': 10.96393697301516, 'pX': 0.6806123737292276, 'pZ': 3.421603051980781, 'vX0': 6.023225558780538, 'vY0': -135.3751348970402, 'vZ0': -5.2863981620622855, 'x': 91.06, 'y': 146.4, 'x0': -1.2307235845694682, 'y0': 50.003252176200434, 'z0': 6.24009207025045, 'aX': -4.932702336582942}",Foul,84.8,6.928016172467698,718760,608337,0.4052592618781681,Single,93.1,1.66,3.54,Four-Seam Fastball,0.9,3
663656,"{'breakAngle': 3.6, 'breakLength': 8.4, 'breakY': 24.0, 'breakVertical': -38.8, 'breakVerticalInduced': 0.5, 'breakHorizontal': -2.3, 'spinRate': 1756, 'spinDirection': 65}","{'aY': 30.053603688874066, 'aZ': -31.187144080745096, 'pfxX': 0.3160419008095392, 'pfxZ': 0.6592297258669007, 'pX': 1.1093270918836868, 'pZ': 1.9638394313616876, 'vX0': 5.806677736674265, 'vY0': -122.66691101354807, 'vZ0': -3.529113952262607, 'x': 74.72, 'y': 185.76, 'x0': -1.3552161583670626, 'y0': 50.000456859949175, 'z0': 6.1539217147730465, 'aX': 0.4674403252015982}",Ball,76.0,6.8426671281764255,718760,608337,0.45096954713987536,Single,84.4,1.732589793196,3.4382994654562,Slider,0.9,14
663656,"{'breakAngle': 22.8, 'breakLength': 8.4, 'breakY': 24.0, 'breakVertical': -34.3, 'breakVerticalInduced': 8.6, 'breakHorizontal': 13.9, 'spinRate': 1338, 'spinDirection': 230}","{'aY': 22.801571315050516, 'aZ': -25.019010643481227, 'pfxX': -8.296255314265904, 'pfxZ': 5.2591155040496, 'pX': -0.5615201601592889, 'pZ': 1.8781011100698979, 'vX0': 4.092030601653151, 'vY0': -116.23205959053459, 'vZ0': -4.288427002210083, 'x': 138.4, 'y': 188.07, 'x0': -1.2715449849204616, 'y0': 50.00560790008028, 'z0': 6.136650991465365, 'aX': -11.296558867895369}","In play, run(s)",73.2,6.984618665770509,718760,608337,0.4721441772401298,Single,79.9,1.66,3.54,Changeup,0.91,7
676801,"{'breakAngle': 2.4, 'breakLength': 8.4, 'breakY': 24.0, 'breakVertical': -40.1, 'breakVerticalInduced': 0.4, 'breakHorizontal': 1.2, 'spinRate': 1943, 'spinDirection': 45}","{'aY': 24.325641750052835, 'aZ': -31.657880224591487, 'pfxX': -1.0907745487835334, 'pfxZ': 0.3580349417003976, 'pX': -0.41253975171498747, 'pZ': 2.4755456316586657, 'vX0': 2.954879036573606, 'vY0': -119.96395876538831, 'vZ0': -2.232803798045621, 'x': 132.73, 'y': 171.94, 'x0': -1.5213604393434816, 'y0': 50.0053789449921, 'z0': 6.254715377070008, 'aX': -1.5823870147279029}","In play, run(s)",75.5,6.925049193494972,718760,608337,0.45749440668248864,Single,82.4,1.53,3.21,Slider,0.89,4
682073,"{'breakAngle': 2.4, 'breakLength': 8.4, 'breakY': 24.0, 'breakVertical': -38.3, 'breakVerticalInduced': 1.6, 'breakHorizontal': -1.9, 'spinRate': 1877, 'spinDirection': 86}","{'aY': 29.634720675612506, 'aZ': -30.774597701191023, 'pfxX': 0.6129365608237203, 'pfxZ': 0.9541661548642875, 'pX': -0.3005735539241384, 'pZ': 2.8918525253547367, 'vX0': 2.671345041988009, 'vY0': -121.76195616441532, 'vZ0': -1.6621406976242066, 'x': 128.46, 'y': 160.7, 'x0': -1.503203815231253, 'y0': 50.00026504349572, 'z0': 6.311869904699268, 'aX': 0.896523337796669}",Called Strike,75.2,6.857905270718421,718760,608337,0.4543225537064357,Groundout,83.7,1.67556296637091,3.2695051653632,Slider,0.9,1
682073,"{'breakAngle': 21.6, 'breakLength': 8.4, 'breakY': 24.0, 'breakVertical': -36.4, 'breakVerticalInduced': 7.4, 'breakHorizontal': 14.5, 'spinRate': 1378, 'spinDirection': 228}","{'aY': 21.979569222859336, 'aZ': -26.0806485014637, 'pfxX': -8.771461132512304, 'pfxZ': 4.553244423504096, 'pX': 0.017440574658194447, 'pZ': 1.8718396726794835, 'vX0': 5.2650661077095355, 'vY0': -115.13862773674109, 'vZ0': -4.069939594742892, 'x': 116.34, 'y': 188.24, 'x0': -1.1627893153481241, 'y0': 50.00294519460769, 'z0': 6.194689524637841, 'aX': -11.741522251929212}","In play, out(s)",72.7,6.8968798331912895,718760,608337,0.4762491999770262,Groundout,79.2,1.65,3.43,Changeup,0.91,8
660162,"{'breakAngle': 14.4, 'breakLength': 9.6, 'breakY': 24.0, 'breakVertical': -39.1, 'breakVerticalInduced': 3.5, 'breakHorizontal': -9.8, 'spinRate': 2633, 'spinDirection': 65}","{'aY': 22.898759574479854, 'aZ': -29.391431943403518, 'pfxX': 4.8181014455113775, 'pfxZ': 2.0270655156519695, 'pX': 0.5271245447952244, 'pZ': 2.2935336082737705, 'vX0': 4.552447779472931, 'vY0': -116.74358023120303, 'vZ0': -1.7261955977777728, 'x': 96.91, 'y': 176.85, 'x0': -2.077480999059877, 'y0': 50.00478465787198, 'z0': 5.820875003851504, 'aX': 6.62036209164653}",Called Strike,73.7,5.911922402446338,718760,664353,0.46998621617128844,Home Run,80.2,1.53286696460979,3.18498180481625,Sweeper,2.0,6
660162,"{'breakAngle': 32.4, 'breakLength': 8.4, 'breakY': 24.0, 'breakVertical': -29.8, 'breakVerticalInduced': 7.3, 'breakHorizontal': 18.7, 'spinRate': 2138, 'spinDirection': 241}","{'aY': 29.213474935438157, 'aZ': -24.924562311777002, 'pfxX': -11.135748552708398, 'pfxZ': 4.6007821589675855, 'pX': -0.9289572098636989, 'pZ': 1.8436562293923235, 'vX0': 5.01616423693498, 'vY0': -125.77606047965187, 'vZ0': -4.76434005368009, 'x': 152.41, 'y': 189.0, 'x0': -1.519275992448122, 'y0': 50.00593739452392, 'z0': 5.822755019249388, 'aX': -17.56720760706794}",Foul,78.4,5.946208673701152,718760,664353,0.43809642709805274,Home Run,86.5,1.47,3.33,Changeup,2.0,13
660162,"{'breakAngle': 8.4, 'breakLength': 13.2, 'breakY': 24.0, 'breakVertical': -57.4, 'breakVerticalInduced': -15.1, 'breakHorizontal': -8.2, 'spinRate': 2553, 'spinDirection': 35}","{'aY': 25.37153724333159, 'aZ': -43.4774280394122, 'pfxX': 3.97252576352332, 'pfxZ': -8.189060083513763, 'pX': 0.5079516848306502, 'pZ': 1.0302843987694126, 'vX0': 3.488244580349531, 'vY0': -117.6431374141884, 'vZ0': -2.2845746177365447, 'x': 97.64, 'y': 210.96, 'x0': -1.5179622036686957, 'y0': 50.00126415701248, 'z0': 6.099926511476115, 'aX': 5.484924950238955}",Foul,74.2,5.883799594760069,718760,664353,0.46822987849711417,Home Run,80.8,1.47,3.33,Curveball,2.0,14
660162,"{'breakAngle': 36.0, 'breakLength': 3.6, 'breakY': 24.0, 'breakVertical': -11.3, 'breakVerticalInduced': 20.2, 'breakHorizontal': 7.9, 'spinRate': 2311, 'spinDirection': 205}","{'aY': 30.509966615760735, 'aZ': -9.771651116541301, 'pfxX': -4.717372631429422, 'pfxZ': 11.97243841166657, 'pX': -0.7551475861167641, 'pZ': 2.552088929215515, 'vX0': 2.604236465317017, 'vY0': -136.08037911661347, 'vZ0': -8.123602869623788, 'x': 145.78, 'y': 169.87, 'x0': -1.1128490394841641, 'y0': 50.00276362196253, 'z0': 6.257277442669032, 'aX': -8.826541424526798}","In play, run(s)",85.4,5.953354079956997,718760,664353,0.40285893809773743,Home Run,93.6,1.47,3.33,Four-Seam Fastball,2.0,4
683734,"{'breakAngle': 12.0, 'breakLength': 8.4, 'breakY': 24.0, 'breakVertical': -38.9, 'breakVerticalInduced': 2.6, 'breakHorizontal': -8.6, 'spinRate': 2622, 'spinDirection': 71}","{'aY': 22.838011642566396, 'aZ': -29.59109045551213, 'pfxX': 4.170487125638288, 'pfxZ': 1.8271270897436702, 'pX': 0.3829363516106546, 'pZ': 1.45219509002806, 'vX0': 4.20994291706802, 'vY0': -118.18507424548974, 'vZ0': -3.6048687757181597, 'x': 102.4, 'y': 199.57, 'x0': -1.9641397252164745, 'y0': 50.00087681661481, 'z0': 5.719182493356569, 'aX': 5.890197218698109}",Swinging Strike,74.9,5.8462452751743355,718760,664353,0.4637030986269517,Groundout,81.2,1.53,3.23,Sweeper,0.9,14
683734,"{'breakAngle': 19.2, 'breakLength': 10.8, 'breakY': 24.0, 'breakVertical': -44.2, 'breakVerticalInduced': -1.1, 'breakHorizontal': -15.6, 'spinRate': 2582, 'spinDirection': 62}","{'aY': 23.858947738871613, 'aZ': -33.33013504208073, 'pfxX': 8.312459531788496, 'pfxZ': -0.8501140186883784, 'pX': -0.030558540785544288, 'pZ': 3.0094592809982976, 'vX0': 2.168303491621404, 'vY0': -116.43742633191242, 'vZ0': 0.39047122746086416, 'x': 118.16, 'y': 157.52, 'x0': -2.055866676550957, 'y0': 50.00278079399856, 'z0': 6.018492858737573, 'aX': 11.301603873613269}",Called Strike,73.1,5.871270057195829,718760,664353,0.47217401299685013,Groundout,80.0,1.41858063469931,3.10037579938511,Sweeper,0.91,2
683734,"{'breakAngle': 20.4, 'breakLength': 9.6, 'breakY': 24.0, 'breakVertical': -40.0, 'breakVerticalInduced': 1.4, 'breakHorizontal': -15.0, 'spinRate': 2652, 'spinDirection': 65}","{'aY': 25.272986965560325, 'aZ': -30.806939137728897, 'pfxX': 7.6180528200448, 'pfxZ': 0.9701334884917188, 'pX': 1.1830740499376933, 'pZ': 2.023002338328524, 'vX0': 4.723670085789742, 'vY0': -118.88110145813107, 'vZ0': -2.3382265024752, 'x': 71.9, 'y': 184.16, 'x0': -1.8274887809897202, 'y0': 50.004542762543565, 'z0': 5.847948616266635, 'aX': 10.778146604446711}","In play, out(s)",74.7,5.873582527559882,718760,664353,0.4627945204828068,Groundout,81.7,1.53,3.23,Sweeper,0.91,14
693049,"{'breakAngle': 37.2, 'breakLength': 6.0, 'breakY': 24.0, 'breakVertical': -22.4, 'breakVerticalInduced': 15.1, 'breakHorizontal': 16.6, 'spinRate': 2165, 'spinDirection': 230}","{'aY': 26.57565987471984, 'aZ': -17.61770820929359, 'pfxX': -10.29584046476521, 'pfxZ': 9.340101080254378, 'pX': 0.5082196115372023, 'pZ': 1.1625982855414483, 'vX0': 8.153733774846572, 'vY0': -124.46457088765399, 'vZ0': -7.617534141842672, 'x': 97.63, 'y': 207.39, 'x0': -1.4835906320350158, 'y0': 50.000302852560445, 'z0': 5.738730516163909, 'aX': -16.041050896692973}",Ball,78.1,5.986709688937064,718760,664353,0.44122418111019046,Lineout,85.8,1.58996723511031,3.35394475690578,Changeup,2.0,14
693049,"{'breakAngle': 8.4, 'breakLength': 13.2, 'breakY': 24.0, 'breakVertical': -56.6, 'breakVerticalInduced': -13.6, 'breakHorizontal': -8.3, 'spinRate': 2786, 'spinDirection': 37}","{'aY': 24.106471274314192, 'aZ': -42.46018021673221, 'pfxX': 4.2326271492833865, 'pfxZ': -7.592448473638863, 'pX': -0.29001607131423596, 'pZ': 1.891552285616905, 'vX0': 2.1961169783987877, 'vY0': -116.34410306832335, 'vZ0': -0.5143014145368145, 'x': 128.05, 'y': 187.71, 'x0': -1.7993961472897857, 'y0': 50.000823739840556, 'z0': 6.178402921869849, 'aX': 5.736387963566342}","In play, out(s)",73.4,5.671170645256896,718760,664353,0.47281635598252203,Lineout,79.9,1.513,3.319,Curveball,2.0,8
462101,"{'breakAngle': 22.8, 'breakLength': 9.6, 'breakY': 24.0, 'breakVertical': -38.2, 'breakVerticalInduced': 3.1, 'breakHorizontal': -16.3, 'spinRate': 2704, 'spinDirection': 63}","{'aY': 24.051458980361033, 'aZ': -29.318767366571183, 'pfxX': 8.414580410510492, 'pfxZ': 2.0121109913243975, 'pX': 1.1985588255825745, 'pZ': 1.8380642247052172, 'vX0': 4.3893461969361915, 'vY0': -118.67077372993015, 'vZ0': -2.9708457218985043, 'x': 71.31, 'y': 189.15, 'x0': -1.771900553435233, 'y0': 50.00220688445141, 'z0': 5.7945287127956755, 'aX': 11.922760729238126}",Ball,74.9,5.994235702217521,718760,664353,0.46268784277495545,Groundout,81.5,1.38909618579367,2.95918522012339,Sweeper,0.91,14
462101,"{'breakAngle': 38.4, 'breakLength': 4.8, 'breakY': 24.0, 'breakVertical': -15.4, 'breakVerticalInduced': 16.8, 'breakHorizontal': 12.0, 'spinRate': 2231, 'spinDirection': 217}","{'aY': 31.642609004843294, 'aZ': -13.910536747982963, 'pfxX': -7.539021049090357, 'pfxZ': 10.032209084549205, 'pX': -0.03512301767564082, 'pZ': 2.3521797401501443, 'vX0': 7.146279374217061, 'vY0': -134.6770696896297, 'vZ0': -6.5219296516174765, 'x': 118.34, 'y': 175.27, 'x0': -1.7548082283890745, 'y0': 50.005155762058216, 'z0': 5.805373884183917, 'aX': -13.729455551471307}",Foul,84.1,6.000062786263644,718760,664353,0.4080667773618365,Groundout,92.7,1.39,3.09,Sinker,2.0,5
462101,"{'breakAngle': 15.6, 'breakLength': 8.4, 'breakY': 24.0, 'breakVertical': -38.4, 'breakVerticalInduced': 2.4, 'breakHorizontal': -10.9, 'spinRate': 2734, 'spinDirection': 59}","{'aY': 24.27791032173081, 'aZ': -29.922863887222494, 'pfxX': 5.3251945259849744, 'pfxZ': 1.5674084430303568, 'pX': 1.1722222271985159, 'pZ': 1.9686930747728053, 'vX0': 5.2849031680569984, 'vY0': -119.35183920585581, 'vZ0': -2.7253291202779053, 'x': 72.32, 'y': 185.63, 'x0': -1.7673995839289554, 'y0': 50.0006915798451, 'z0': 5.8366999143340275, 'aX': 7.63423242608817}",Ball,75.3,5.993913837583916,718760,664353,0.4599794320876258,Groundout,82.0,1.44716282287721,2.9874411952358,Sweeper,0.9,14
462101,"{'breakAngle': 10.8, 'breakLength': 12.0, 'breakY': 24.0, 'breakVertical': -54.6, 'breakVerticalInduced': -12.1, 'breakHorizontal': -10.6, 'spinRate': 2712, 'spinDirection': 42}","{'aY': 24.61175607843494, 'aZ': -41.844768749411166, 'pfxX': 5.452891753337493, 'pfxZ': -7.011137916586167, 'pX': 0.11581944940469989, 'pZ': 2.455414652706487, 'vX0': 2.6372422321824733, 'vY0': -117.33915150768827, 'vZ0': 0.7956610552092402, 'x': 112.59, 'y': 172.48, 'x0': -1.7354305781753998, 'y0': 50.005286598610425, 'z0': 6.047043620547639, 'aX': 7.516454619517155}","In play, out(s)",73.8,5.9855515842333284,718760,664353,0.46887185051890423,Groundout,80.6,1.39,3.09,Curveball,0.9,5
673237,"{'breakAngle': 9.6, 'breakLength': 2.4, 'breakY': 24.0, 'breakVertical': -13.0, 'breakVerticalInduced': 18.7, 'breakHorizontal': 2.3, 'spinRate': 2190, 'spinDirection': 198}","{'aY': 30.96612052086557, 'aZ': -11.819173494544227, 'pfxX': -2.1458463431729253, 'pfxZ': 10.999352339889294, 'pX': 1.4190584279545593, 'pZ': 3.07462181294779, 'vX0': 7.276833418702292, 'vY0': -135.5176833528345, 'vZ0': -6.174741676477649, 'x': 62.91, 'y': 155.77, 'x0': -1.028049179634057, 'y0': 50.00648127240036, 'z0': 6.216521413475328, 'aX': -3.972920866645304}",Ball,84.9,6.995178625598973,718760,608337,0.40493013581842385,Walk,93.3,1.56142071361309,3.15678892996935,Four-Seam Fastball,0.9,12
673237,"{'breakAngle': 3.6, 'breakLength': 9.6, 'breakY': 24.0, 'breakVertical': -42.8, 'breakVerticalInduced': -1.0, 'breakHorizontal': -3.1, 'spinRate': 1958, 'spinDirection': 56}","{'aY': 25.577131589023438, 'aZ': -32.483909985303505, 'pfxX': 0.8996180953394557, 'pfxZ': -0.2192359654291094, 'pX': 1.2823441215397362, 'pZ': 1.8317812990676576, 'vX0': 5.5439191564631205, 'vY0': -118.20506462142743, 'vZ0': -3.166082008909236, 'x': 68.12, 'y': 189.32, 'x0': -1.2245651549519594, 'y0': 50.0050182227664, 'z0': 6.215757038761888, 'aX': 1.254159763173007}",Ball,74.1,6.83006852519643,718760,608337,0.4659669947849907,Walk,81.3,1.50430603507631,3.12858691415835,Slider,0.89,14
673237,"{'breakAngle': 21.6, 'breakLength': 7.2, 'breakY': 24.0, 'breakVertical': -31.8, 'breakVerticalInduced': 11.6, 'breakHorizontal': 12.7, 'spinRate': 1569, 'spinDirection': 222}","{'aY': 22.390018207311318, 'aZ': -23.430994446843037, 'pfxX': -7.741616705601105, 'pfxZ': 6.473785530089399, 'pX': 0.05173516527993421, 'pZ': 3.263812801626806, 'vX0': 5.020327135141118, 'vY0': -115.73087112428213, 'vZ0': -1.5675451645841076, 'x': 115.03, 'y': 150.66, 'x0': -1.1440572165577942, 'y0': 50.00533704235396, 'z0': 6.202671069334245, 'aX': -10.461769641094742}",Swinging Strike,72.7,6.987029675234783,718760,608337,0.47398930557355845,Walk,79.5,1.535,3.371,Changeup,0.91,2
673237,"{'breakAngle': 22.8, 'breakLength': 7.2, 'breakY': 24.0, 'breakVertical': -31.9, 'breakVerticalInduced': 11.5, 'breakHorizontal': 13.1, 'spinRate': 1507, 'spinDirection': 226}","{'aY': 22.654723779168634, 'aZ': -23.38114117552124, 'pfxX': -7.956004803435239, 'pfxZ': 6.519606390427684, 'pX': -0.17046300233853698, 'pZ': 2.9618430641400852, 'vX0': 4.952313014290239, 'vY0': -115.69194909897367, 'vZ0': -2.3095024496118524, 'x': 123.5, 'y': 158.81, 'x0': -1.3108895392684285, 'y0': 50.00169738298194, 'z0': 6.226197816733339, 'aX': -10.727026329570622}",Foul,72.6,6.765158897997268,718760,608337,0.47441030676495544,Walk,79.5,1.535,3.371,Changeup,0.91,2
673237,"{'breakAngle': 0.0, 'breakLength': 9.6, 'breakY': 24.0, 'breakVertical': -43.2, 'breakVerticalInduced': -2.6, 'breakHorizontal': -0.6, 'spinRate': 2114, 'spinDirection': 43}","{'aY': 24.59904402205968, 'aZ': -33.68988249972829, 'pfxX': -0.6943324861550781, 'pfxZ': -1.0472216420487923, 'pX': 1.8023220229000094, 'pZ': 1.511519386263659, 'vX0': 7.0412205303065125, 'vY0': -119.8191142773423, 'vZ0': -3.745791461019711, 'x': 48.3, 'y': 197.97, 'x0': -1.0927035367055173, 'y0': 50.00397058505724, 'z0': 6.12675572596889, 'aX': -1.0030746278755733}",Ball,75.7,6.89533964002409,718760,608337,0.45830440325609123,Walk,82.4,1.47573797210118,3.07215562779691,Slider,0.9,14
673237,"{'breakAngle': 21.6, 'breakLength': 8.4, 'breakY': 24.0, 'breakVertical': -34.6, 'breakVerticalInduced': 8.6, 'breakHorizontal': 13.9, 'spinRate': 1477, 'spinDirection': 225}","{'aY': 22.972953155474748, 'aZ': -25.774683725408096, 'pfxX': -8.193194461215727, 'pfxZ': 4.723541975119025, 'pX': -0.8526594989080467, 'pZ': 3.4624828226755833, 'vX0': 3.481471688564936, 'vY0': -116.05649488538664, 'vZ0': -0.7948755758748813, 'x': 149.5, 'y': 145.29, 'x0': -1.3126967540160281, 'y0': 50.00504100529252, 'z0': 6.277868273149013, 'aX': -11.108914891776948}",Ball,72.7,6.931798897559868,718760,608337,0.47306592475623743,Walk,79.7,1.47573797210118,3.04392644163285,Changeup,0.91,11
667452,"{'breakAngle': 2.4, 'breakLength': 2.4, 'breakY': 24.0, 'breakVertical': -11.3, 'breakVerticalInduced': 20.5, 'breakHorizontal': 0.5, 'spinRate': 2145, 'spinDirection': 202}","{'aY': 32.75296987674747, 'aZ': -9.34850472576649, 'pfxX': -1.24214117019039, 'pfxZ': 12.37564650410926, 'pX': 1.3745805124202093, 'pZ': 2.1899976413930733, 'vX0': 7.242330265977603, 'vY0': -135.6973880646623, 'vZ0': -8.569392671960763, 'x': 64.6, 'y': 179.65, 'x0': -1.1802380331066589, 'y0': 50.00083307370254, 'z0': 6.060877927624953, 'aX': -2.2911116214321305}",Ball,84.7,7.108078140974521,718760,608337,0.4053552022841611,Pop Out,93.5,1.58996723511031,3.2695051653632,Four-Seam Fastball,0.9,14
667452,"{'breakAngle': 9.6, 'breakLength': 2.4, 'breakY': 24.0, 'breakVertical': -11.3, 'breakVerticalInduced': 20.5, 'breakHorizontal': 1.9, 'spinRate': 2138, 'spinDirection': 203}","{'aY': 32.629204606289186, 'aZ': -9.232293918191573, 'pfxX': -1.6998089298810592, 'pfxZ': 12.492079110393515, 'pX': 0.40500389443243057, 'pZ': 1.935430738348339, 'vX0': 4.792497509175066, 'vY0': -135.40660080077734, 'vZ0': -9.279061431999892, 'x': 101.56, 'y': 186.52, 'x0': -1.1757139854648275, 'y0': 50.002412204811286, 'z0': 6.074889874759641, 'aX': -3.1223002943817093}",Foul,84.4,6.970292369649052,718760,608337,0.406241679050765,Pop Out,93.3,1.565,3.411,Four-Seam Fastball,0.9,9
667452,"{'breakAngle': 4.8, 'breakLength': 8.4, 'breakY': 24.0, 'breakVertical': -38.0, 'breakVerticalInduced': 1.7, 'breakHorizontal': -3.0, 'spinRate': 1795, 'spinDirection': 125}","{'aY': 30.59998123139568, 'aZ': -30.413769335521575, 'pfxX': 0.7562692795431829, 'pfxZ': 1.2047268949243222, 'pX': 1.0269267599896237, 'pZ': 2.577736323813274, 'vX0': 5.431089303398381, 'vY0': -122.00285802926776, 'vZ0': -2.4280874881890786, 'x': 77.86, 'y': 169.18, 'x0': -1.3541295811963996, 'y0': 50.00465019313562, 'z0': 6.286008361431984, 'aX': 1.105545232631788}",Ball,75.2,6.7225747917335905,718760,608337,0.45412530657994665,Pop Out,84.0,1.58996723511031,3.2131654968164,Slider,0.9,12
667452,"{'breakAngle': 4.8, 'breakLength': 8.4, 'breakY': 24.0, 'breakVertical': -39.4, 'breakVerticalInduced': 1.1, 'breakHorizontal': -3.5, 'spinRate': 1754, 'spinDirection': 132}","{'aY': 30.975090027354113, 'aZ': -30.83661151606896, 'pfxX': 1.4044731550499052, 'pfxZ': 0.9280445904084687, 'pX': -0.06919730689831297, 'pZ': 2.2177950773494746, 'vX0': 3.0036881273452964, 'vY0': -121.20064869362196, 'vZ0': -2.8340726512279066, 'x': 119.64, 'y': 178.9, 'x0': -1.5236221156592165, 'y0': 50.00176380055121, 'z0': 6.188252048754394, 'aX': 2.0198794464612937}","In play, out(s)",74.5,6.906272594658782,718760,608337,0.45777139012193,Pop Out,83.4,1.565,3.411,Slider,0.9,8
665161,"{'breakAngle': 3.6, 'breakLength': 2.4, 'breakY': 24.0, 'breakVertical': -11.5, 'breakVerticalInduced': 20.3, 'breakHorizontal': 0.7, 'spinRate': 2062, 'spinDirection': 200}","{'aY': 32.070945983954, 'aZ': -9.871592339678823, 'pfxX': -1.0473775257166862, 'pfxZ': 12.07528026099775, 'pX': 0.607266483962596, 'pZ': 2.5014311424531255, 'vX0': 5.215016421101491, 'vY0': -135.63012376669687, 'vZ0': -7.699939168864175, 'x': 93.85, 'y': 171.24, 'x0': -1.2116075528929733, 'y0': 50.00305345005916, 'z0': 6.081164135719, 'aX': -1.9353814509190437}",Foul,84.7,7.0365829909357736,718760,608337,0.4051958712352275,Hit By Pitch,93.3,1.74,3.61,Four-Seam Fastball,0.9,6
665161,"{'breakAngle': 8.4, 'breakLength': 2.4, 'breakY': 24.0, 'breakVertical': -12.5, 'breakVerticalInduced': 19.4, 'breakHorizontal': 1.7, 'spinRate': 2171, 'spinDirection': 199}","{'aY': 32.08914148298316, 'aZ': -10.510065785125274, 'pfxX': -1.3937582873089627, 'pfxZ': 11.807573628392639, 'pX': -0.1064168146276553, 'pZ': 1.9725779317866006, 'vX0': 3.376702290953644, 'vY0': -135.22708498493807, 'vZ0': -8.999563539108493, 'x': 121.06, 'y': 185.52, 'x0': -1.195456999958182, 'y0': 50.00043148945697, 'z0': 6.100119475079948, 'aX': -2.5569956235091413}",Called Strike,84.5,7.033305021784745,718760,608337,0.40651043500160844,Hit By Pitch,93.1,1.76109196907844,3.52256818725824,Four-Seam Fastball,0.9,8
665161,"{'breakAngle': 10.8, 'breakLength': 2.4, 'breakY': 24.0, 'breakVertical': -11.3, 'breakVerticalInduced': 20.9, 'breakHorizontal': 2.3, 'spinRate': 2165, 'spinDirection': 202}","{'aY': 33.253029130974376, 'aZ': -10.63088141766906, 'pfxX': -1.925699803597766, 'pfxZ': 11.853482089075984, 'pX': 0.43038295241495794, 'pZ': 4.378781485177279, 'vX0': 5.054487778956798, 'vY0': -134.9236298250059, 'vZ0': -2.8783824904196416, 'x': 100.59, 'y': 120.55, 'x0': -1.2289810595254251, 'y0': 50.003257063817706, 'z0': 6.224061260206519, 'aX': -3.5008022349913155}",Foul,83.6,6.8583085731587445,718760,608337,0.4081891592082729,Hit By Pitch,92.8,1.74,3.61,Four-Seam Fastball,0.9,12
665161,"{'breakAngle': 24.0, 'breakLength': 7.2, 'breakY': 24.0, 'breakVertical': -30.6, 'breakVerticalInduced': 10.2, 'breakHorizontal': 13.9, 'spinRate': 1369, 'spinDirection': 227}","{'aY': 23.59281045730686, 'aZ': -23.77477069179759, 'pfxX': -7.97786443144761, 'pfxZ': 5.853727614063242, 'pX': -1.5174049014439723, 'pZ': 2.966881406056548, 'vX0': 2.0986013089250117, 'vY0': -119.21475662227083, 'vZ0': -2.5595721732649834, 'x': 174.84, 'y': 158.67, 'x0': -1.3743856484627812, 'y0': 50.00174162135716, 'z0': 6.207416929724643, 'aX': -11.446355219227469}",Hit By Pitch,75.0,6.750434777534035,718760,608337,0.46000039473352317,Hit By Pitch,81.9,1.74,3.61,Changeup,0.9,11
608324,"{'breakAngle': 1.2, 'breakLength': 2.4, 'breakY': 24.0, 'breakVertical': -12.5, 'breakVerticalInduced': 19.1, 'breakHorizontal': 0.2, 'spinRate': 2180, 'spinDirection': 200}","{'aY': 31.007200658835316, 'aZ': -10.734119581813353, 'pfxX': -0.6105295951701953, 'pfxZ': 11.548003618075931, 'pX': -0.03157231088387553, 'pZ': 1.8589821422087314, 'vX0': 3.6470667929778573, 'vY0': -135.7043049386301, 'vZ0': -9.224807122775987, 'x': 118.2, 'y': 188.59, 'x0': -1.316288200573322, 'y0': 50.00135543087157, 'z0': 6.059862570949921, 'aX': -1.1341544336169957}",Called Strike,85.1,7.024140349815293,718760,608337,0.40435904936779377,Strikeout,93.4,1.61850648222909,3.2695051653632,Four-Seam Fastball,0.9,8
608324,"{'breakAngle': 2.4, 'breakLength': 8.4, 'breakY': 24.0, 'breakVertical': -38.9, 'breakVerticalInduced': 0.6, 'breakHorizontal': -1.7, 'spinRate': 1926, 'spinDirection': 44}","{'aY': 28.593705956832952, 'aZ': -29.820613026166146, 'pfxX': 0.23625879030058705, 'pfxZ': 1.5900367132867874, 'pX': 0.48304593745775426, 'pZ': -0.2997520427827933, 'vX0': 4.49007445931529, 'vY0': -121.98530027033051, 'vZ0': -8.855952611690649, 'x': 98.59, 'y': 246.87, 'x0': -1.4281347055745286, 'y0': 50.00149864526024, 'z0': 6.025343140951523, 'aX': 0.3475318076775282}",Ball In Dirt,76.5,6.827759190494078,718760,608337,0.45260648599007824,Strikeout,84.1,1.61859146361733,3.15678932858062,Slider,0.9,14
608324,"{'breakAngle': 26.4, 'breakLength': 8.4, 'breakY': 24.0, 'breakVertical': -32.2, 'breakVerticalInduced': 9.6, 'breakHorizontal': 16.0, 'spinRate': 1504, 'spinDirection': 224}","{'aY': 23.21229094201623, 'aZ': -24.165549854124347, 'pfxX': -9.72818423444253, 'pfxZ': 5.708849448528048, 'pX': 0.17226826934374906, 'pZ': 2.166800307155495, 'vX0': 6.255527096298834, 'vY0': -117.8814201785094, 'vZ0': -3.9630483533820504, 'x': 110.43, 'y': 180.28, 'x0': -1.2570550689905091, 'y0': 50.00064661280265, 'z0': 6.11054910767981, 'aX': -13.636959851164837}",Foul,74.2,6.953084738554515,718760,608337,0.4653393027786765,Strikeout,81.1,1.53,3.22,Changeup,0.91,5
608324,"{'breakAngle': 24.0, 'breakLength': 8.4, 'breakY': 24.0, 'breakVertical': -35.5, 'breakVerticalInduced': 7.4, 'breakHorizontal': 15.4, 'spinRate': 1354, 'spinDirection': 232}","{'aY': 22.751254139011422, 'aZ': -26.661740911752176, 'pfxX': -9.332277938834968, 'pfxZ': 4.035190576267537, 'pX': 0.24238944343363875, 'pZ': 3.4429362531194094, 'vX0': 6.035151752333217, 'vY0': -116.4131978760882, 'vZ0': -0.6991133478071426, 'x': 107.76, 'y': 145.82, 'x0': -1.1768999310769532, 'y0': 50.0045540407814, 'z0': 6.28089013461245, 'aX': -12.753904460263067}",Called Strike,73.1,6.908616813020861,718760,608337,0.47130536897587216,Strikeout,80.0,1.50439948596076,3.0721620740683,Changeup,0.91,12
670541,"{'breakAngle': 20.4, 'breakLength': 7.2, 'breakY': 24.0, 'breakVertical': -30.2, 'breakVerticalInduced': 13.4, 'breakHorizontal': 11.5, 'spinRate': 1312, 'spinDirection': 229}","{'aY': 22.736624163702796, 'aZ': -22.373646048232416, 'pfxX': -6.700754998598823, 'pfxZ': 7.290719414047437, 'pX': -1.2410603287007183, 'pZ': 3.9953746433769197, 'vX0': 2.4186722863902106, 'vY0': -115.5374452343912, 'vZ0': -0.32667362896922203, 'x': 164.31, 'y': 130.9, 'x0': -1.4345192971348488, 'y0': 50.00100535221588, 'z0': 6.29994884549935, 'aX': -9.003364018335315}",Ball,72.3,6.862343013050342,718760,608337,0.4751733440032595,Flyout,79.4,1.73266634281898,3.46637706780187,Changeup,0.91,11
670541,"{'breakAngle': 7.2, 'breakLength': 2.4, 'breakY': 24.0, 'breakVertical': -11.9, 'breakVerticalInduced': 19.9, 'breakHorizontal': 1.3, 'spinRate': 2059, 'spinDirection': 202}","{'aY': 31.04013887988686, 'aZ': -10.4347052597139, 'pfxX': -1.4877044485733517, 'pfxZ': 11.803749221819027, 'pX': 0.8490808311380125, 'pZ': 2.583151500019073, 'vX0': 5.961459263093353, 'vY0': -135.22536378611318, 'vZ0': -7.337387710361754, 'x': 84.64, 'y': 169.03, 'x0': -1.1961096173901518, 'y0': 50.001011170562265, 'z0': 6.073641307110274, 'aX': -2.740503517757005}",Called Strike,84.7,6.94237366544103,718760,608337,0.4059217465174654,Flyout,93.1,1.78911468936261,3.52254264467213,Four-Seam Fastball,0.9,14
670541,"{'breakAngle': 2.4, 'breakLength': 9.6, 'breakY': 24.0, 'breakVertical': -43.0, 'breakVerticalInduced': -2.2, 'breakHorizontal': -2.0, 'spinRate': 1685, 'spinDirection': 67}","{'aY': 30.22052598725356, 'aZ': -33.74231428578616, 'pfxX': 0.7957695602823784, 'pfxZ': -1.09520580315899, 'pX': -0.480587126406165, 'pZ': 2.493068912677571, 'vX0': 2.0917394794786013, 'vY0': -120.56942479877588, 'vZ0': -1.661446560580662, 'x': 135.32, 'y': 171.47, 'x0': -1.4738985999929999, 'y0': 50.00539894673216, 'z0': 6.257191243836417, 'aX': 1.1352515082645678}",Foul,74.3,6.654307549532696,718760,608337,0.45980551473415066,Flyout,82.9,1.71,3.49,Slider,0.9,4
670541,"{'breakAngle': 14.4, 'breakLength': 2.4, 'breakY': 24.0, 'breakVertical': -9.2, 'breakVerticalInduced': 21.7, 'breakHorizontal': 2.4, 'spinRate': 2246, 'spinDirection': 199}","{'aY': 32.4079708540181, 'aZ': -6.871458758801043, 'pfxX': -2.076924432280601, 'pfxZ': 13.35782233256369, 'pX': 0.7786680335644572, 'pZ': 1.2200176042146664, 'vX0': 6.258436009973294, 'vY0': -137.25138639053085, 'vZ0': -11.591703948646671, 'x': 87.32, 'y': 205.84, 'x0': -1.2684302839224557, 'y0': 50.0008232643618, 'z0': 5.98145763180939, 'aX': -3.9338237117301174}",Ball,86.0,6.8456948282392585,718760,608337,0.4001537687611263,Flyout,94.7,1.81814386541593,3.52254264467213,Four-Seam Fastball,0.91,14
670541,"{'breakAngle': 21.6, 'breakLength': 2.4, 'breakY': 24.0, 'breakVertical': -10.0, 'breakVerticalInduced': 21.0, 'breakHorizontal': 4.0, 'spinRate': 2192, 'spinDirection': 201}","{'aY': 31.72499697724642, 'aZ': -8.579134765265316, 'pfxX': -2.6689442606843703, 'pfxZ': 12.449903354855005, 'pX': -0.18447355107462712, 'pZ': 2.521193386474837, 'vX0': 3.981252265358529, 'vY0': -137.13678950474073, 'vZ0': -8.006702903088039, 'x': 124.03, 'y': 170.71, 'x0': -1.3116342196286435, 'y0': 50.00642415777144, 'z0': 6.072689770995398, 'aX': -5.059943119634511}",Foul,85.8,6.991668179169989,718760,608337,0.40017200419116916,Flyout,94.3,1.71,3.49,Four-Seam Fastball,0.91,5
670541,"{'breakAngle': 28.8, 'breakLength': 3.6, 'breakY': 24.0, 'breakVertical': -13.0, 'breakVerticalInduced': 18.0, 'breakHorizontal': 7.2, 'spinRate': 2211, 'spinDirection': 204}","{'aY': 32.44071049895595, 'aZ': -12.032224459091848, 'pfxX': -4.708031869956038, 'pfxZ': 10.646919820536189, 'pX': 0.39249423879647416, 'pZ': 2.990251184690331, 'vX0': 5.949013523889405, 'vY0': -137.18486409981392, 'vZ0': -6.347437904259393, 'x': 102.04, 'y': 158.04, 'x0': -1.2000184396447309, 'y0': 50.003597040826804, 'z0': 6.166518945755708, 'aX': -8.907908494206483}","In play, out(s)",85.7,6.919355023579632,718760,608337,0.4003913106829149,Flyout,94.4,1.71,3.49,Four-Seam Fastball,0.91,6
664874,"{'breakAngle': 16.8, 'breakLength': 8.4, 'breakY': 24.0, 'breakVertical': -35.3, 'breakVerticalInduced': 5.3, 'breakHorizontal': -10.4, 'spinRate': 2468, 'spinDirection': 76}","{'aY': 23.59838278004551, 'aZ': -28.333555549853106, 'pfxX': 5.277307679945487, 'pfxZ': 2.664984339130349, 'pX': 0.36297777582856144, 'pZ': 3.790727252041693, 'vX0': 3.796027928458291, 'vY0': -119.49790395210778, 'vZ0': 0.9435935287641903, 'x': 103.16, 'y': 136.43, 'x0': -1.9333242757463434, 'y0': 50.00375628203084, 'z0': 5.941228247790974, 'aX': 7.612550220344157}",Ball,75.2,5.851401964520349,718760,664353,0.45882164174086704,Single,82.1,1.61859146361733,3.21316187634517,Sweeper,0.9,12
664874,"{'breakAngle': 16.8, 'breakLength': 8.4, 'breakY': 24.0, 'breakVertical': -37.1, 'breakVerticalInduced': 5.3, 'breakHorizontal': -11.2, 'spinRate': 2505, 'spinDirection': 65}","{'aY': 22.793011307371287, 'aZ': -27.664313272285906, 'pfxX': 5.529509050660032, 'pfxZ': 3.261675049466045, 'pX': 0.7356412463203755, 'pZ': 1.7277865289501022, 'vX0': 4.358737550548819, 'vY0': -117.06844293406057, 'vZ0': -3.5544121051467465, 'x': 88.96, 'y': 192.13, 'x0': -1.87108111162955, 'y0': 50.004362473705406, 'z0': 5.864734185290028, 'aX': 7.649142178665674}",Swinging Strike,74.0,5.971845296130133,718760,664353,0.46846901600870705,Single,80.4,1.55,3.3,Sweeper,0.9,9
664874,"{'breakAngle': 34.8, 'breakLength': 2.4, 'breakY': 24.0, 'breakVertical': -10.7, 'breakVerticalInduced': 20.6, 'breakHorizontal': 7.4, 'spinRate': 2208, 'spinDirection': 205}","{'aY': 30.56736670097793, 'aZ': -9.524623281928921, 'pfxX': -5.144436610922982, 'pfxZ': 12.06663414292114, 'pX': 1.5306563081270383, 'pZ': 3.0664801651931017, 'vX0': 8.541168250375733, 'vY0': -136.29447025327448, 'vZ0': -6.499435910310757, 'x': 58.65, 'y': 155.99, 'x0': -0.9785361592293295, 'y0': 50.004565686575035, 'z0': 6.143260738853803, 'aX': -9.658379245406685}",Ball,85.5,6.005529945593965,718760,664353,0.4022081028803579,Single,93.8,1.64712127809874,3.26949753599481,Four-Seam Fastball,0.9,12
664874,"{'breakAngle': 37.2, 'breakLength': 4.8, 'breakY': 24.0, 'breakVertical': -17.3, 'breakVerticalInduced': 14.4, 'breakHorizontal': 13.2, 'spinRate': 2063, 'spinDirection': 219}","{'aY': 30.87896460080176, 'aZ': -15.83577289116415, 'pfxX': -8.139316422491989, 'pfxZ': 8.846024318218817, 'pX': -0.04594270385876597, 'pZ': 1.709885022593727, 'vX0': 6.910729563833233, 'vY0': -135.3695373363727, 'vZ0': -7.780046148369628, 'x': 118.75, 'y': 192.61, 'x0': -1.580482703229963, 'y0': 50.00339508656324, 'z0': 5.740125753357083, 'aX': -15.033899922956534}",Called Strike,84.9,6.05419182752605,718760,664353,0.405357688298031,Single,93.2,1.61859146361733,3.24133433801767,Sinker,2.0,8
664874,"{'breakAngle': 22.8, 'breakLength': 8.4, 'breakY': 24.0, 'breakVertical': -35.5, 'breakVerticalInduced': 4.8, 'breakHorizontal': -15.2, 'spinRate': 2575, 'spinDirection': 61}","{'aY': 24.185848665939176, 'aZ': -27.698328820994746, 'pfxX': 7.734045647798835, 'pfxZ': 3.080949948340855, 'pX': 1.32830321736492, 'pZ': 1.5934249586651175, 'vX0': 5.003393747076015, 'vY0': -120.0026142512565, 'vZ0': -4.092855070134984, 'x': 66.37, 'y': 195.76, 'x0': -1.7915850994533282, 'y0': 50.002703109000656, 'z0': 5.800983088242157, 'aX': 11.227563273021191}","In play, no out",75.9,5.9007256045897485,718760,664353,0.45720682882662533,Single,82.5,1.55,3.3,Sweeper,0.91,14
641313,"{'breakAngle': 38.4, 'breakLength': 4.8, 'breakY': 24.0, 'breakVertical': -17.6, 'breakVerticalInduced': 14.5, 'breakHorizontal': 13.8, 'spinRate': 2075, 'spinDirection': 220}","{'aY': 33.23250371091613, 'aZ': -16.272202691333742, 'pfxX': -8.315780283291772, 'pfxZ': 8.754947896296525, 'pX': -0.8185679610341915, 'pZ': 2.2832110110405512, 'vX0': 5.0617684173830915, 'vY0': -134.88559520977554, 'vZ0': -5.90862415042149, 'x': 148.2, 'y': 177.13, 'x0': -1.6529854574425062, 'y0': 50.00424167024788, 'z0': 5.676579501767374, 'aX': -15.106521582576761}",Ball,83.8,6.043353925857602,718760,664353,0.4082995649891519,Strikeout,92.8,1.56081556328452,3.32579597498017,Sinker,2.0,4
641313,"{'breakAngle': 15.6, 'breakLength': 8.4, 'breakY': 24.0, 'breakVertical': -37.8, 'breakVerticalInduced': 2.6, 'breakHorizontal': -10.7, 'spinRate': 2661, 'spinDirection': 69}","{'aY': 27.673412242785425, 'aZ': -28.874313345827385, 'pfxX': 4.64060997485913, 'pfxZ': 2.291395264413146, 'pX': 2.4186412112996263, 'pZ': 0.6635923831182977, 'vX0': 8.09777865301993, 'vY0': -120.47641773460163, 'vZ0': -5.937286232455008, 'x': 24.81, 'y': 220.86, 'x0': -1.6151578628160166, 'y0': 50.00345046071908, 'z0': 5.774749272099927, 'aX': 6.688743757278704}",Ball In Dirt,75.5,5.962449238111962,718760,664353,0.4580753981104908,Strikeout,83.0,1.54929829279421,3.35393113335119,Sweeper,0.89,14
641313,"{'breakAngle': 18.0, 'breakLength': 7.2, 'breakY': 24.0, 'breakVertical': -32.8, 'breakVerticalInduced': 7.6, 'breakHorizontal': -10.9, 'spinRate': 2541, 'spinDirection': 77}","{'aY': 23.806234005022446, 'aZ': -25.653213042415477, 'pfxX': 5.224935922540913, 'pfxZ': 4.487142127313449, 'pX': 1.5578847524630088, 'pZ': 2.0525091861033924, 'vX0': 6.167790319487112, 'vY0': -119.99525511869513, 'vZ0': -3.344689748557964, 'x': 57.62, 'y': 183.36, 'x0': -1.7274447861364763, 'y0': 50.00499730224865, 'z0': 5.75672418960527, 'aX': 7.599866512474701}",Ball,75.8,6.064625121848227,718760,664353,0.4569343452760357,Strikeout,82.5,1.53295829459788,3.38205686276055,Sweeper,0.89,14
641313,"{'breakAngle': 34.8, 'breakLength': 4.8, 'breakY': 24.0, 'breakVertical': -16.4, 'breakVerticalInduced': 14.8, 'breakHorizontal': 11.4, 'spinRate': 2189, 'spinDirection': 215}","{'aY': 31.310698733444074, 'aZ': -15.59466775613725, 'pfxX': -7.046652043537334, 'pfxZ': 8.839175647900241, 'pX': -0.2663155622660547, 'pZ': 2.299552437855224, 'vX0': 5.983918693354474, 'vY0': -136.42076843394437, 'vZ0': -6.332938727004482, 'x': 127.15, 'y': 176.69, 'x0': -1.5776973018453402, 'y0': 50.00582305823687, 'z0': 5.734867209984495, 'aX': -13.22271257390304}",Called Strike,85.5,5.77749972133049,718760,664353,0.40220628312144857,Strikeout,93.8,1.56150992505663,3.43827987079818,Sinker,2.0,5
641313,"{'breakAngle': 20.4, 'breakLength': 8.4, 'breakY': 24.0, 'breakVertical': -37.1, 'breakVerticalInduced': 4.2, 'breakHorizontal': -13.7, 'spinRate': 2531, 'spinDirection': 65}","{'aY': 24.168489945133558, 'aZ': -28.522394475819826, 'pfxX': 7.0763750379999415, 'pfxZ': 2.5739922912506055, 'pX': 0.5296603381662196, 'pZ': 1.7947342652168206, 'vX0': 3.4862053646417333, 'vY0': -118.78063568414493, 'vZ0': -2.9961272558846552, 'x': 96.81, 'y': 190.32, 'x0': -1.8796016319371889, 'y0': 50.004014157278476, 'z0': 5.683941063034484, 'aX': 10.043964539139498}",Called Strike,74.9,5.95870873377085,718760,664353,0.46231138310720743,Strikeout,81.6,1.53295829459788,3.35393113335119,Sweeper,0.9,9
641313,"{'breakAngle': 19.2, 'breakLength': 8.4, 'breakY': 24.0, 'breakVertical': -37.1, 'breakVerticalInduced': 4.6, 'breakHorizontal': -12.6, 'spinRate': 2725, 'spinDirection': 62}","{'aY': 22.888128117371235, 'aZ': -28.275846871399963, 'pfxX': 6.280068148943652, 'pfxZ': 2.7588495306703464, 'pX': 1.189690495003824, 'pZ': 1.6923646589671921, 'vX0': 5.194309695407591, 'vY0': -118.15771576168919, 'vZ0': -3.0226108624832175, 'x': 71.65, 'y': 193.09, 'x0': -1.8542502775458451, 'y0': 50.001510367755216, 'z0': 5.591213844445842, 'aX': 8.861337760688935}",Swinging Strike,74.8,5.960138365497854,718760,664353,0.4638728745498555,Strikeout,81.2,1.55,3.4,Sweeper,0.9,14
673357,"{'breakAngle': 16.8, 'breakLength': 8.4, 'breakY': 24.0, 'breakVertical': -36.0, 'breakVerticalInduced': 4.6, 'breakHorizontal': -11.3, 'spinRate': 2673, 'spinDirection': 63}","{'aY': 23.517027020083656, 'aZ': -28.330834062700823, 'pfxX': 5.611169272434673, 'pfxZ': 2.6524603514927083, 'pX': 0.7917173379583793, 'pZ': 2.217586035427657, 'vX0': 4.410535653723605, 'vY0': -119.71106175217419, 'vZ0': -2.235220883649996, 'x': 86.82, 'y': 178.91, 'x0': -1.804745343661287, 'y0': 50.00249143924458, 'z0': 5.704228900604885, 'aX': 8.127588175246693}",Called Strike,75.6,5.835113826823144,718760,664353,0.4578773130311795,Pop Out,82.2,1.84662114815804,3.66278660599178,Sweeper,0.9,14
673357,"{'breakAngle': 37.2, 'breakLength': 6.0, 'breakY': 24.0, 'breakVertical': -22.3, 'breakVerticalInduced': 9.2, 'breakHorizontal': 16.6, 'spinRate': 2270, 'spinDirection': 218}","{'aY': 32.135742321528255, 'aZ': -20.764865341504088, 'pfxX': -10.079951238842916, 'pfxZ': 6.144032934478783, 'pX': -0.28341768805412754, 'pZ': 0.8326648094035646, 'vX0': 6.939650645945667, 'vY0': -135.9981799075668, 'vZ0': -8.772791512317614, 'x': 127.8, 'y': 216.3, 'x0': -1.5693699342382035, 'y0': 50.004441236433834, 'z0': 5.5618734051966445, 'aX': -18.72687220632145}",Ball,85.3,6.02541243924539,718760,664353,0.40401928995367475,Pop Out,93.7,1.84662114815804,3.66278660599178,Sinker,2.0,13
673357,"{'breakAngle': 20.4, 'breakLength': 8.4, 'breakY': 24.0, 'breakVertical': -34.4, 'breakVerticalInduced': 5.8, 'breakHorizontal': -13.0, 'spinRate': 2722, 'spinDirection': 59}","{'aY': 23.408684369549427, 'aZ': -26.91545720630064, 'pfxX': 6.384583536061128, 'pfxZ': 3.615735798686071, 'pX': 1.5058912583966282, 'pZ': 1.5505834633536257, 'vX0': 5.573425475027111, 'vY0': -119.90016712039505, 'vZ0': -4.035027562623418, 'x': 59.6, 'y': 196.91, 'x0': -1.6790284656700873, 'y0': 50.00210476965382, 'z0': 5.6597922143418025, 'aX': 9.285792646409897}",Ball,76.0,6.048021430630277,718760,664353,0.4570006041409922,Pop Out,82.4,1.84662114815804,3.66278660599178,Sweeper,0.9,14
673357,"{'breakAngle': 39.6, 'breakLength': 2.4, 'breakY': 24.0, 'breakVertical': -9.4, 'breakVerticalInduced': 21.6, 'breakHorizontal': 7.7, 'spinRate': 2312, 'spinDirection': 202}","{'aY': 32.4311198752001, 'aZ': -7.9234668443436576, 'pfxX': -5.074937128497851, 'pfxZ': 12.849569049305373, 'pX': 0.9988403174111209, 'pZ': 2.7974314126230415, 'vX0': 6.815418848739856, 'vY0': -137.02403606645595, 'vZ0': -7.755044973417021, 'x': 78.93, 'y': 163.25, 'x0': -0.8701538593184776, 'y0': 50.00133208302215, 'z0': 6.218275524506418, 'aX': -9.576928789798036}",Foul,85.6,5.850306460293622,718760,664353,0.40090543804212997,Pop Out,94.4,1.82,3.73,Four-Seam Fastball,0.91,14
673357,"{'breakAngle': 25.2, 'breakLength': 9.6, 'breakY': 24.0, 'breakVertical': -36.4, 'breakVerticalInduced': 4.9, 'breakHorizontal': -17.6, 'spinRate': 2734, 'spinDirection': 64}","{'aY': 23.721659379660835, 'aZ': -28.510296636735223, 'pfxX': 9.392724451163472, 'pfxZ': 2.5769616664650137, 'pX': 0.6400484873258062, 'pZ': 3.172651058054968, 'vX0': 2.5992662316532407, 'vY0': -118.70331844166296, 'vZ0': -0.2041896507477825, 'x': 92.6, 'y': 153.12, 'x0': -1.6904135091766732, 'y0': 50.00051443046357, 'z0': 5.865793886436072, 'aX': 13.338423263639012}","In play, out(s)",74.7,5.949338325262076,718760,664353,0.4622554444238389,Pop Out,81.5,1.82,3.73,Sweeper,0.91,6
643217,"{'breakAngle': 7.2, 'breakLength': 13.2, 'breakY': 24.0, 'breakVertical': -55.8, 'breakVerticalInduced': -13.3, 'breakHorizontal': -7.2, 'spinRate': 2684, 'spinDirection': 38}","{'aY': 24.801432517708577, 'aZ': -42.80579096773802, 'pfxX': 3.3891006613184858, 'pfxZ': -7.731134263625902, 'pX': 0.6178800648786685, 'pZ': 2.6761470079361938, 'vX0': 3.972378420691701, 'vY0': -117.30409676590992, 'vZ0': 1.2340892764176514, 'x': 93.45, 'y': 166.52, 'x0': -1.54576986300685, 'y0': 50.00062197249948, 'z0': 6.173496287644249, 'aX': 4.662109163915321}",Called Strike,73.7,5.870183031957104,718760,664353,0.46919678303256296,Single,80.6,1.56150992505663,3.21316187634517,Curveball,2.0,6
643217,"{'breakAngle': 28.8, 'breakLength': 3.6, 'breakY': 24.0, 'breakVertical': -14.0, 'breakVerticalInduced': 17.6, 'breakHorizontal': 7.6, 'spinRate': 2119, 'spinDirection': 208}","{'aY': 32.7984077566445, 'aZ': -13.398590610070812, 'pfxX': -4.399230103742451, 'pfxZ': 10.158967733868312, 'pX': -1.0676033923088728, 'pZ': 3.813821199231628, 'vX0': 1.6845144743926914, 'vY0': -135.83006980694836, 'vZ0': -3.935108887631369, 'x': 157.69, 'y': 135.81, 'x0': -1.1282103998695898, 'y0': 50.002804169653665, 'z0': 6.228366747744535, 'aX': -8.129723610264413}",Ball,84.5,5.883582927095229,718760,664353,0.4049533476990139,Single,93.3,1.53295829459788,3.26949753599481,Four-Seam Fastball,2.0,11
643217,"{'breakAngle': 37.2, 'breakLength': 7.2, 'breakY': 24.0, 'breakVertical': -24.0, 'breakVerticalInduced': 13.2, 'breakHorizontal': 18.0, 'spinRate': 1985, 'spinDirection': 237}","{'aY': 26.760489157149756, 'aZ': -19.474976322239687, 'pfxX': -11.207143147872465, 'pfxZ': 8.049668050711011, 'pX': 1.109488041243157, 'pZ': 1.5393042743384842, 'vX0': 9.053614626307564, 'vY0': -125.18031637456772, 'vZ0': -6.383520628522678, 'x': 74.71, 'y': 197.22, 'x0': -1.109284249981149, 'y0': 50.00030544929299, 'z0': 5.731946424651864, 'aX': -17.6717224521424}",Ball,78.6,5.927284408555506,718760,664353,0.4386104789660301,Single,86.3,1.56150992505663,3.15678932858062,Changeup,2.0,14
643217,"{'breakAngle': 8.4, 'breakLength': 13.2, 'breakY': 24.0, 'breakVertical': -58.1, 'breakVerticalInduced': -15.6, 'breakHorizontal': -8.2, 'spinRate': 2596, 'spinDirection': 35}","{'aY': 25.785121937353924, 'aZ': -44.417500907446474, 'pfxX': 4.317628419140136, 'pfxZ': -8.900368338881007, 'pX': -0.3440133475042588, 'pZ': 2.2059015816881513, 'vX0': 1.237925474013, 'vY0': -117.52942620195913, 'vZ0': 0.46312207907627156, 'x': 130.11, 'y': 179.22, 'x0': -1.4407441926845188, 'y0': 50.004479384389924, 'z0': 6.188968570491699, 'aX': 5.938072468129904}",Called Strike,73.7,5.802705979374344,718760,664353,0.4690874481094305,Single,80.8,1.48926045795605,3.21316187634517,Curveball,2.0,4
643217,"{'breakAngle': 9.6, 'breakLength': 12.0, 'breakY': 24.0, 'breakVertical': -53.5, 'breakVerticalInduced': -12.1, 'breakHorizontal': -8.9, 'spinRate': 2657, 'spinDirection': 36}","{'aY': 25.410650409022516, 'aZ': -42.00080768962721, 'pfxX': 4.6983967088682785, 'pfxZ': -6.964941376072396, 'pX': -0.11925508128915224, 'pZ': 2.652159910905266, 'vX0': 1.580070347529425, 'vY0': -118.82277939751054, 'vZ0': 0.6038563779754325, 'x': 121.55, 'y': 167.17, 'x0': -1.4053397079809746, 'y0': 50.00053579353935, 'z0': 6.249658484079106, 'aX': 6.632840687689929}",Foul,74.6,5.779834845944697,718760,664353,0.46317304176863683,Single,81.6,1.49,3.26,Curveball,2.0,5
643217,"{'breakAngle': 34.8, 'breakLength': 6.0, 'breakY': 24.0, 'breakVertical': -22.8, 'breakVerticalInduced': 13.3, 'breakHorizontal': 15.6, 'spinRate': 2196, 'spinDirection': 237}","{'aY': 29.51630583647702, 'aZ': -18.722066415646786, 'pfxX': -9.590067300272098, 'pfxZ': 8.303697622938905, 'pX': 0.17632729716404766, 'pZ': 1.2999015947835255, 'vX0': 6.650360744274616, 'vY0': -127.35726392207837, 'vZ0': -7.266707677780515, 'x': 110.28, 'y': 203.68, 'x0': -1.2409788086418752, 'y0': 50.00461624006222, 'z0': 5.704986976039591, 'aX': -15.538628245125402}","In play, no out",79.4,5.9117264478064575,718760,664353,0.43236156638613066,Single,87.7,1.49,3.26,Changeup,2.0,14
650391,"{'breakAngle': 27.6, 'breakLength': 8.4, 'breakY': 24.0, 'breakVertical': -35.6, 'breakVerticalInduced': 5.0, 'breakHorizontal': -18.4, 'spinRate': 2747, 'spinDirection': 61}","{'aY': 24.288324134892544, 'aZ': -27.466964741013715, 'pfxX': 9.578740646058412, 'pfxZ': 3.2819184339713336, 'pX': 1.2703213897820484, 'pZ': 1.3215351131784983, 'vX0': 4.2089075213913825, 'vY0': -119.41982618380955, 'vZ0': -4.306588064587878, 'x': 68.58, 'y': 203.1, 'x0': -1.7628955510103812, 'y0': 50.00473281206768, 'z0': 5.636069871778804, 'aX': 13.753261772698579}",Swinging Strike,75.5,5.990356694720213,718760,664353,0.4597057311166828,Walk,82.1,1.69939575300806,3.48046921585944,Sweeper,0.91,14
650391,"{'breakAngle': 36.0, 'breakLength': 4.8, 'breakY': 24.0, 'breakVertical': -17.8, 'breakVerticalInduced': 13.6, 'breakHorizontal': 12.6, 'spinRate': 2170, 'spinDirection': 217}","{'aY': 31.60425470624914, 'aZ': -16.27969511432753, 'pfxX': -7.615490785804811, 'pfxZ': 8.496646136215826, 'pX': -0.8263127319600628, 'pZ': 1.1557083802924817, 'vX0': 4.945250612284712, 'vY0': -136.30528358163124, 'vZ0': -9.012362077568339, 'x': 148.5, 'y': 207.58, 'x0': -1.6801989341503174, 'y0': 50.00185578558266, 'z0': 5.642683321621809, 'aX': -14.24483542092688}",Swinging Strike,85.5,6.034045502651017,718760,664353,0.4027330252350727,Walk,93.8,1.7,3.48,Sinker,2.0,13
650391,"{'breakAngle': 18.0, 'breakLength': 8.4, 'breakY': 24.0, 'breakVertical': -34.6, 'breakVerticalInduced': 5.4, 'breakHorizontal': -11.3, 'spinRate': 2688, 'spinDirection': 58}","{'aY': 24.1422705618028, 'aZ': -27.100173289685202, 'pfxX': 5.201865186116807, 'pfxZ': 3.4626153529513033, 'pX': 2.2160303363032328, 'pZ': 1.4240421244795258, 'vX0': 7.326383267872242, 'vY0': -120.42961590513417, 'vZ0': -4.255989801590318, 'x': 32.53, 'y': 200.33, 'x0': -1.5451508559568903, 'y0': 50.00085568834951, 'z0': 5.620759107483756, 'aX': 7.611267083839517}",Ball,76.3,6.112848687131691,718760,664353,0.4554167127431734,Walk,82.8,1.73266634281898,3.29765142877577,Sweeper,0.89,14
650391,"{'breakAngle': 7.2, 'breakLength': 12.0, 'breakY': 24.0, 'breakVertical': -55.6, 'breakVerticalInduced': -13.8, 'breakHorizontal': -7.3, 'spinRate': 2838, 'spinDirection': 35}","{'aY': 25.417898489065347, 'aZ': -42.49483847418461, 'pfxX': 3.320841638290604, 'pfxZ': -7.360932226036045, 'pX': 1.2466738320696626, 'pZ': 0.7678824373447779, 'vX0': 4.62575476526844, 'vY0': -118.47681702885089, 'vZ0': -3.2162992380684345, 'x': 69.48, 'y': 218.05, 'x0': -1.1723161751744278, 'y0': 50.000660852263685, 'z0': 6.077250572545008, 'aX': 4.6576647635102315}",Ball In Dirt,74.9,5.8943807322988055,718760,664353,0.4646482425254863,Walk,81.4,1.76116641669194,3.32579597498017,Curveball,0.9,14
650391,"{'breakAngle': 22.8, 'breakLength': 10.8, 'breakY': 24.0, 'breakVertical': -42.6, 'breakVerticalInduced': -0.7, 'breakHorizontal': -18.4, 'spinRate': 2741, 'spinDirection': 48}","{'aY': 24.665503875407026, 'aZ': -32.2125671785231, 'pfxX': 9.547839463705827, 'pfxZ': -0.026092292604984912, 'pX': 1.435174561329026, 'pZ': 1.262717191196809, 'vX0': 4.158017501932051, 'vY0': -118.05163103460292, 'vZ0': -3.639550525366403, 'x': 62.29, 'y': 204.69, 'x0': -1.5951952097311015, 'y0': 50.004335869466736, 'z0': 5.822595145132944, 'aX': 13.335154311083096}",Ball,74.5,5.88959404208977,718760,664353,0.46583985580982334,Walk,81.1,1.78965893959337,3.29765142877577,Sweeper,0.91,14
650391,"{'breakAngle': 21.6, 'breakLength': 8.4, 'breakY': 24.0, 'breakVertical': -35.8, 'breakVerticalInduced': 4.6, 'breakHorizontal': -14.3, 'spinRate': 2718, 'spinDirection': 63}","{'aY': 23.704870758877405, 'aZ': -28.107218061768343, 'pfxX': 7.084209764815451, 'pfxZ': 2.79505222575147, 'pX': 1.9716021395278929, 'pZ': 1.86337506465995, 'vX0': 6.135651191805238, 'vY0': -119.91176279443863, 'vZ0': -3.0880506188607684, 'x': 41.85, 'y': 188.47, 'x0': -1.542570218319201, 'y0': 50.00078617936983, 'z0': 5.681908940094571, 'aX': 10.28769262603966}",Ball,76.0,5.916291125157824,718760,664353,0.4572009664319845,Walk,82.4,1.64712127809874,3.21316187634517,Sweeper,0.9,14
660162,"{'breakAngle': 9.6, 'breakLength': 12.0, 'breakY': 24.0, 'breakVertical': -51.5, 'breakVerticalInduced': -11.5, 'breakHorizontal': -8.9, 'spinRate': 2845, 'spinDirection': 38}","{'aY': 24.354240858143896, 'aZ': -41.5388830066704, 'pfxX': 4.299920382837753, 'pfxZ': -6.395253373897328, 'pX': 1.1413081391664015, 'pZ': 2.041445735725772, 'vX0': 4.516386568258903, 'vY0': -120.49212455471609, 'vZ0': -0.9028304280652608, 'x': 73.5, 'y': 183.66, 'x0': -1.319069893871452, 'y0': 50.00373635467851, 'z0': 6.105284442710485, 'aX': 6.294890521694954}",Foul,76.4,5.796355255737582,718760,664353,0.4553181516378686,Strikeout,82.8,1.47,3.33,Curveball,2.0,14
660162,"{'breakAngle': 10.8, 'breakLength': 10.8, 'breakY': 24.0, 'breakVertical': -49.1, 'breakVerticalInduced': -8.3, 'breakHorizontal': -10.1, 'spinRate': 2833, 'spinDirection': 40}","{'aY': 23.7353112698781, 'aZ': -38.281492770692026, 'pfxX': 4.68204189835674, 'pfxZ': -4.251292061784162, 'pX': 2.0832367745750315, 'pZ': 1.0270134795110848, 'vX0': 6.5897540290758965, 'vY0': -119.33724708483803, 'vZ0': -3.3573792607541533, 'x': 37.59, 'y': 211.05, 'x0': -1.3259613540813993, 'y0': 50.00313260843431, 'z0': 5.9130867874277575, 'aX': 6.726780752228132}",Ball In Dirt,76.0,6.138251937728452,718760,664353,0.4596180381168886,Strikeout,82.1,1.50439948596076,3.26949753599481,Curveball,2.0,14
660162,"{'breakAngle': 31.2, 'breakLength': 6.0, 'breakY': 24.0, 'breakVertical': -23.6, 'breakVerticalInduced': 12.6, 'breakHorizontal': 14.4, 'spinRate': 2111, 'spinDirection': 237}","{'aY': 25.822405970539123, 'aZ': -19.496377422379744, 'pfxX': -8.937240874661512, 'pfxZ': 7.82736106007547, 'pX': 0.6904943915287289, 'pZ': 1.1515671376296002, 'vX0': 7.852204194800368, 'vY0': -126.4802713341645, 'vZ0': -7.577028200737102, 'x': 90.68, 'y': 207.69, 'x0': -1.293298561187253, 'y0': 50.00342427793881, 'z0': 5.749815624250459, 'aX': -14.478842149440714}",Ball,79.9,6.10155496621869,718760,664353,0.4330661316143982,Strikeout,87.1,1.50439948596076,3.29765142877577,Changeup,2.0,14
660162,"{'breakAngle': 32.4, 'breakLength': 3.6, 'breakY': 24.0, 'breakVertical': -12.6, 'breakVerticalInduced': 18.6, 'breakHorizontal': 8.0, 'spinRate': 2234, 'spinDirection': 200}","{'aY': 29.28187165426333, 'aZ': -10.948521200970063, 'pfxX': -5.170111582766878, 'pfxZ': 11.308769488645286, 'pX': 0.8625453552216571, 'pZ': 1.6225199696663903, 'vX0': 6.421592694989462, 'vY0': -136.00965551591696, 'vZ0': -9.788300873151393, 'x': 84.12, 'y': 194.97, 'x0': -0.8552270697887365, 'y0': 50.00620668874157, 'z0': 6.023349057146602, 'aX': -9.707398013221006}",Called Strike,85.8,5.978512242676126,718760,664353,0.4024099350508452,Strikeout,93.7,1.56150992505663,3.26978627066125,Four-Seam Fastball,2.0,14
660162,"{'breakAngle': 9.6, 'breakLength': 13.2, 'breakY': 24.0, 'breakVertical': -56.0, 'breakVerticalInduced': -14.2, 'breakHorizontal': -9.8, 'spinRate': 2869, 'spinDirection': 34}","{'aY': 24.189771462197875, 'aZ': -42.88246070010105, 'pfxX': 5.338794434168808, 'pfxZ': -7.645304933658557, 'pX': -0.42939532508661427, 'pZ': 1.0868105686840477, 'vX0': 0.6863841369158636, 'vY0': -118.03871309384778, 'vZ0': -2.4273326592462596, 'x': 133.37, 'y': 209.44, 'x0': -1.4177512868201547, 'y0': 50.005612986688824, 'z0': 6.107439954735362, 'aX': 7.473052540986141}",Foul Tip,74.8,5.8208832699685935,718760,664353,0.4654855704722616,Strikeout,81.1,1.47,3.33,Curveball,2.0,13
547989,"{'breakAngle': 2.4, 'breakLength': 9.6, 'breakY': 24.0, 'breakVertical': -43.0, 'breakVerticalInduced': -1.8, 'breakHorizontal': -2.3, 'spinRate': 1979, 'spinDirection': 52}","{'aY': 22.07548173478321, 'aZ': -33.86604331139909, 'pfxX': 0.36500247123321117, 'pfxZ': -1.1935080528039794, 'pX': 1.7387430119860208, 'pZ': 3.5195580611376203, 'vX0': 6.805341067051204, 'vY0': -118.41560789354942, 'vZ0': 0.48274182816921285, 'x': 50.72, 'y': 143.75, 'x0': -1.2165264749531899, 'y0': 50.00011382955592, 'z0': 6.405105241309364, 'aX': 0.5179956165500809}",Ball,75.1,6.748872611190657,718760,608337,0.46210829293545963,Strikeout,81.4,1.56150992505663,3.26949753599481,Slider,0.9,12
547989,"{'breakAngle': 24.0, 'breakLength': 2.4, 'breakY': 24.0, 'breakVertical': -11.9, 'breakVerticalInduced': 20.4, 'breakHorizontal': 5.4, 'spinRate': 2122, 'spinDirection': 198}","{'aY': 29.412515381596073, 'aZ': -10.992889063932836, 'pfxX': -3.5527819433739274, 'pfxZ': 11.654596762057842, 'pX': 0.2866385570228218, 'pZ': 3.8063996844697625, 'vX0': 4.735455197957181, 'vY0': -134.06501526034697, 'vZ0': -4.302773462165407, 'x': 106.07, 'y': 136.01, 'x0': -1.04230583331628, 'y0': 50.00305049714755, 'z0': 6.218909265906651, 'aX': -6.4574158558545}",Swinging Strike,84.0,6.891262106088297,718760,608337,0.4087947916313608,Strikeout,92.1,1.56,3.41,Four-Seam Fastball,0.9,12
547989,"{'breakAngle': 2.4, 'breakLength': 9.6, 'breakY': 24.0, 'breakVertical': -43.2, 'breakVerticalInduced': -1.8, 'breakHorizontal': -1.9, 'spinRate': 1976, 'spinDirection': 65}","{'aY': 21.96446658617808, 'aZ': -33.7886932504783, 'pfxX': 0.5917754391145866, 'pfxZ': -1.1393422285171422, 'pX': 0.3084279921842876, 'pZ': 3.3001338777571196, 'vX0': 3.694179870497227, 'vY0': -118.17255855089691, 'vZ0': 0.1199777355589775, 'x': 105.24, 'y': 149.68, 'x0': -1.3502300642255132, 'y0': 50.002028166124525, 'z0': 6.345860425586176, 'aX': 0.8388758565826329}",Called Strike,74.9,6.6720775016444875,718760,608337,0.46302786006736474,Strikeout,81.1,1.56150992505663,3.26949753599481,Slider,0.89,3
547989,"{'breakAngle': 26.4, 'breakLength': 3.6, 'breakY': 24.0, 'breakVertical': -15.1, 'breakVerticalInduced': 18.7, 'breakHorizontal': 7.4, 'spinRate': 2094, 'spinDirection': 200}","{'aY': 28.222636689445192, 'aZ': -13.968608646895389, 'pfxX': -4.7217205355512695, 'pfxZ': 10.516390271191133, 'pX': 0.2556341236494189, 'pZ': 4.236108575169071, 'vX0': 4.910773091062217, 'vY0': -130.89343834980684, 'vZ0': -2.502952835215107, 'x': 107.26, 'y': 124.41, 'x0': -1.0333987308412527, 'y0': 50.00345634022912, 'z0': 6.253616633567466, 'aX': -8.174943314813074}",Ball,82.0,6.997311762937764,718760,608337,0.4188261545386802,Strikeout,89.9,1.59005433034822,3.32579597498017,Four-Seam Fastball,0.88,12
547989,"{'breakAngle': 25.2, 'breakLength': 8.4, 'breakY': 24.0, 'breakVertical': -32.8, 'breakVerticalInduced': 10.6, 'breakHorizontal': 15.2, 'spinRate': 1565, 'spinDirection': 223}","{'aY': 21.456253912292055, 'aZ': -23.718741090066782, 'pfxX': -9.03197973605538, 'pfxZ': 6.238103768437763, 'pX': -0.32609151276654247, 'pZ': 2.0638200697944704, 'vX0': 4.6780084213549955, 'vY0': -115.65740654432614, 'vZ0': -4.141015554011041, 'x': 129.43, 'y': 183.06, 'x0': -1.2008686674636715, 'y0': 50.003724019896836, 'z0': 6.150745952565567, 'aX': -12.243708612889192}",Swinging Strike,73.1,6.725468751061737,718760,608337,0.47348618251850283,Strikeout,79.5,1.56,3.41,Changeup,0.91,7
663656,"{'breakAngle': 9.6, 'breakLength': 14.4, 'breakY': 24.0, 'breakVertical': -63.1, 'breakVerticalInduced': -12.8, 'breakHorizontal': -11.3, 'spinRate': 2176, 'spinDirection': 16}","{'aY': 20.920752569270835, 'aZ': -40.89222466147071, 'pfxX': 5.6379644970615574, 'pfxZ': -7.492207004151373, 'pX': 1.3066685436175132, 'pZ': 2.293234900300523, 'vX0': 3.620062505670953, 'vY0': -107.84433153922181, 'vZ0': 0.961880830620029, 'x': 67.19, 'y': 176.86, 'x0': -1.1335068898066796, 'y0': 50.003556119438485, 'z0': 6.39643836945176, 'aX': 6.558726654370728}",Ball,68.1,6.815781490690663,718760,608337,0.5103016261823563,Flyout,74.1,1.73266634281898,3.49446467259217,Curveball,0.91,14
663656,"{'breakAngle': 22.8, 'breakLength': 8.4, 'breakY': 24.0, 'breakVertical': -32.9, 'breakVerticalInduced': 10.8, 'breakHorizontal': 13.9, 'spinRate': 1557, 'spinDirection': 217}","{'aY': 22.31761327912181, 'aZ': -24.085319256787876, 'pfxX': -8.240529025671938, 'pfxZ': 6.024408977282704, 'pX': -0.7916303018788392, 'pZ': 3.2713536027409047, 'vX0': 3.7952484340816324, 'vY0': -115.36283581040784, 'vZ0': -1.5376185238349707, 'x': 147.18, 'y': 150.45, 'x0': -1.3912890997141565, 'y0': 50.000298678203265, 'z0': 6.277558670002924, 'aX': -11.05805656348529}",Called Strike,72.4,6.8216203954176375,718760,608337,0.4755534161929451,Flyout,79.3,1.76116641669194,3.540521588605,Changeup,0.91,1
663656,"{'breakAngle': 24.0, 'breakLength': 7.2, 'breakY': 24.0, 'breakVertical': -29.4, 'breakVerticalInduced': 13.8, 'breakHorizontal': 12.7, 'spinRate': 1604, 'spinDirection': 221}","{'aY': 21.236924131012128, 'aZ': -20.849097616629756, 'pfxX': -7.5923836016897654, 'pfxZ': 8.325711348929566, 'pX': -0.343683984953448, 'pZ': 1.272879050714633, 'vX0': 4.278179861527918, 'vY0': -115.75588374034155, 'vZ0': -6.318373304919427, 'x': 130.1, 'y': 204.41, 'x0': -1.2277301941019556, 'y0': 50.000183467204316, 'z0': 6.028703239292135, 'aX': -10.320690012147255}",Ball,73.4,6.852838599122478,718760,608337,0.4728555610530698,Flyout,79.6,1.78965893959337,3.540521588605,Changeup,0.91,13
663656,"{'breakAngle': 26.4, 'breakLength': 3.6, 'breakY': 24.0, 'breakVertical': -12.6, 'breakVerticalInduced': 19.4, 'breakHorizontal': 6.1, 'spinRate': 2130, 'spinDirection': 203}","{'aY': 29.086499793207924, 'aZ': -11.24331438007907, 'pfxX': -4.1170376513922164, 'pfxZ': 11.421218219503386, 'pX': 0.7929530947038391, 'pZ': 2.6775429172065937, 'vX0': 6.523847876464372, 'vY0': -134.5014140747528, 'vZ0': -6.745873398078613, 'x': 86.77, 'y': 166.49, 'x0': -1.1287781499062428, 'y0': 50.004107404518614, 'z0': 6.014941114976042, 'aX': -7.546412682924579}","In play, out(s)",84.6,6.930334679078745,718760,608337,0.40717501354729757,Flyout,92.5,1.66,3.54,Four-Seam Fastball,0.9,6
676801,"{'breakAngle': 19.2, 'breakLength': 2.4, 'breakY': 24.0, 'breakVertical': -11.3, 'breakVerticalInduced': 20.4, 'breakHorizontal': 4.0, 'spinRate': 2162, 'spinDirection': 200}","{'aY': 30.60761833683468, 'aZ': -10.090512228357529, 'pfxX': -2.7475387856666558, 'pfxZ': 11.940796683295426, 'pX': 0.3278607174382851, 'pZ': 2.910157991056809, 'vX0': 4.63682873487972, 'vY0': -135.3924537495204, 'vZ0': -6.409228483841423, 'x': 104.5, 'y': 160.21, 'x0': -1.0529482397128203, 'y0': 50.00435498801943, 'z0': 6.020363889483939, 'aX': -5.082457179903087}",Called Strike,84.8,7.077042799658871,718760,608337,0.40514270723799495,Flyout,93.1,1.50439948596076,3.12858932612301,Four-Seam Fastball,0.9,3
676801,"{'breakAngle': 1.2, 'breakLength': 9.6, 'breakY': 24.0, 'breakVertical': -41.9, 'breakVerticalInduced': -1.8, 'breakHorizontal': 1.1, 'spinRate': 2082, 'spinDirection': 47}","{'aY': 24.019032507416988, 'aZ': -33.37855277941826, 'pfxX': -1.2752956790228867, 'pfxZ': -0.8251405798748834, 'pX': 0.7590807980934817, 'pZ': 2.200904627723065, 'vX0': 5.073915196147559, 'vY0': -120.48465251977262, 'vZ0': -2.5618601316161973, 'x': 88.07, 'y': 179.36, 'x0': -1.210880277271801, 'y0': 50.00023246098874, 'z0': 6.235688289521787, 'aX': -1.869832702624492}",Called Strike,76.2,6.762579044537277,718760,608337,0.45509427309717987,Flyout,82.8,1.50430603507631,3.12858691415835,Slider,0.9,6
676801,"{'breakAngle': 27.6, 'breakLength': 3.6, 'breakY': 24.0, 'breakVertical': -12.0, 'breakVerticalInduced': 19.3, 'breakHorizontal': 6.4, 'spinRate': 2115, 'spinDirection': 198}","{'aY': 30.26592270192153, 'aZ': -10.460090575918855, 'pfxX': -4.212966555640167, 'pfxZ': 11.629262724899025, 'pX': 0.6318713476770976, 'pZ': 1.9696688300336018, 'vX0': 5.8043419006458, 'vY0': -135.89573567363576, 'vZ0': -8.706613075719941, 'x': 92.91, 'y': 185.6, 'x0': -0.9860415055824944, 'y0': 50.00247589816787, 'z0': 5.945090081031777, 'aX': -7.86640694005395}","In play, out(s)",85.4,7.070511088928231,718760,608337,0.4033217864344465,Flyout,93.5,1.52928600234644,3.21023903945743,Four-Seam Fastball,0.9,9
683734,"{'breakAngle': 38.4, 'breakLength': 4.8, 'breakY': 24.0, 'breakVertical': -18.8, 'breakVerticalInduced': 13.9, 'breakHorizontal': 14.6, 'spinRate': 2204, 'spinDirection': 214}","{'aY': 30.8485116158806, 'aZ': -17.661617896853684, 'pfxX': -8.723846071550641, 'pfxZ': 8.128086121905858, 'pX': -0.9777878501684765, 'pZ': 3.1431570203860897, 'vX0': 5.032404839449118, 'vY0': -133.33251880181655, 'vZ0': -4.010429200565537, 'x': 154.27, 'y': 153.91, 'x0': -1.7642737418440546, 'y0': 50.00474690306075, 'z0': 5.9552097516154765, 'aX': -15.580864673079036}",Foul,83.2,5.892405287296344,718760,664353,0.4120762120822765,Strikeout,91.7,1.53,3.23,Sinker,2.0,11
683734,"{'breakAngle': 24.0, 'breakLength': 9.6, 'breakY': 24.0, 'breakVertical': -37.1, 'breakVerticalInduced': 5.6, 'breakHorizontal': -16.6, 'spinRate': 2627, 'spinDirection': 63}","{'aY': 23.452323736524086, 'aZ': -28.13891723131017, 'pfxX': 8.788746091686289, 'pfxZ': 2.9425998389422805, 'pX': 0.2989975002688639, 'pZ': 3.3595771289901206, 'vX0': 2.5700615064117955, 'vY0': -116.77711612934498, 'vZ0': -0.07682475100157904, 'x': 105.6, 'y': 148.07, 'x0': -1.95959673578981, 'y0': 50.00318687708955, 'z0': 6.055895163743013, 'aX': 12.050884902682261}",Foul,73.3,5.975475518336455,718760,664353,0.47032631422532223,Strikeout,80.2,1.53,3.23,Sweeper,0.91,3
683734,"{'breakAngle': 34.8, 'breakLength': 3.6, 'breakY': 24.0, 'breakVertical': -12.5, 'breakVerticalInduced': 18.8, 'breakHorizontal': 8.8, 'spinRate': 2294, 'spinDirection': 211}","{'aY': 31.233013541406294, 'aZ': -11.071577382267524, 'pfxX': -5.516926046911587, 'pfxZ': 11.27884320666778, 'pX': 0.09560494563764299, 'pZ': 2.4384039518091543, 'vX0': 5.458350806838393, 'vY0': -136.24173316496163, 'vZ0': -7.934148835507661, 'x': 113.36, 'y': 172.94, 'x0': -1.2215423179494131, 'y0': 50.00542839288363, 'z0': 6.162405141160662, 'aX': -10.324837229819352}",Foul,85.4,5.909187577101579,718760,664353,0.40274725360878705,Strikeout,93.8,1.53,3.23,Four-Seam Fastball,0.9,5
683734,"{'breakAngle': 15.6, 'breakLength': 9.6, 'breakY': 24.0, 'breakVertical': -42.1, 'breakVerticalInduced': 1.2, 'breakHorizontal': -12.0, 'spinRate': 2620, 'spinDirection': 64}","{'aY': 22.74035246402408, 'aZ': -31.29122454120918, 'pfxX': 6.028775554453511, 'pfxZ': 0.6510102638742481, 'pX': 1.1514654290292194, 'pZ': 2.6348448425104944, 'vX0': 4.351574089317976, 'vY0': -115.97339763698719, 'vZ0': -1.190719890109717, 'x': 73.11, 'y': 167.64, 'x0': -1.535811354529588, 'y0': 50.00188633996903, 'z0': 6.153459392693199, 'aX': 8.169027675893258}",Foul,73.2,5.8947444425842646,718760,664353,0.4732169712061971,Strikeout,79.7,1.53,3.23,Sweeper,0.9,12
683734,"{'breakAngle': 36.0, 'breakLength': 4.8, 'breakY': 24.0, 'breakVertical': -16.0, 'breakVerticalInduced': 16.0, 'breakHorizontal': 11.5, 'spinRate': 2113, 'spinDirection': 213}","{'aY': 32.832915204445875, 'aZ': -14.642178727773086, 'pfxX': -7.109600748806002, 'pfxZ': 9.572074717966306, 'pX': -0.4355533183416976, 'pZ': 2.578668059837514, 'vX0': 5.3238768624145525, 'vY0': -135.30382828873192, 'vZ0': -6.27445104431899, 'x': 133.6, 'y': 169.16, 'x0': -1.5168793030326275, 'y0': 50.00653201178824, 'z0': 5.976200709080059, 'aX': -13.026498543919164}",Foul,84.2,5.835028122819981,718760,664353,0.4067037416484083,Strikeout,93.1,1.53,3.23,Sinker,2.0,4
683734,"{'breakAngle': 12.0, 'breakLength': 13.2, 'breakY': 24.0, 'breakVertical': -57.0, 'breakVerticalInduced': -12.6, 'breakHorizontal': -12.7, 'spinRate': 2755, 'spinDirection': 36}","{'aY': 23.058986278598777, 'aZ': -41.240045141794596, 'pfxX': 6.058109471552118, 'pfxZ': -6.8827954122007515, 'pX': 1.9902462499910563, 'pZ': 1.288293624057823, 'vX0': 6.262301715871592, 'vY0': -114.57587628389587, 'vZ0': -1.8163107002375847, 'x': 41.14, 'y': 204.0, 'x0': -1.5753732905096316, 'y0': 50.004629687392395, 'z0': 6.1570116122618055, 'aX': 7.9766485541628445}",Ball,72.8,5.769619260242199,718760,664353,0.4798039490616155,Strikeout,78.8,1.47583354622047,3.04393490885653,Curveball,0.9,14
683734,"{'breakAngle': 22.8, 'breakLength': 9.6, 'breakY': 24.0, 'breakVertical': -39.5, 'breakVerticalInduced': 2.4, 'breakHorizontal': -16.9, 'spinRate': 2735, 'spinDirection': 64}","{'aY': 22.593982706718442, 'aZ': -30.136772885886586, 'pfxX': 8.572938565478687, 'pfxZ': 1.4633703287138466, 'pX': 1.7170433570611756, 'pZ': 2.248818660900537, 'vX0': 5.382331326081258, 'vY0': -117.53312423003085, 'vZ0': -1.8565660462722575, 'x': 51.55, 'y': 178.06, 'x0': -1.7179544133910323, 'y0': 50.005409195694966, 'z0': 5.851639958446269, 'aX': 11.97801401585319}",Ball,74.5,5.9622083679049,718760,664353,0.46627751184622745,Strikeout,80.7,1.53295829459788,3.01569877397641,Sweeper,0.91,14
683734,"{'breakAngle': 21.6, 'breakLength': 9.6, 'breakY': 24.0, 'breakVertical': -40.7, 'breakVerticalInduced': 1.2, 'breakHorizontal': -16.7, 'spinRate': 2679, 'spinDirection': 56}","{'aY': 23.099554399045587, 'aZ': -31.122891002398344, 'pfxX': 8.477072841014948, 'pfxZ': 0.7475888312689243, 'pX': 1.6421593286461431, 'pZ': 2.2366508814222534, 'vX0': 5.469153714132458, 'vY0': -117.69793636323568, 'vZ0': -1.7764171063602539, 'x': 54.4, 'y': 178.39, 'x0': -1.8155760952615743, 'y0': 50.0009183730398, 'z0': 5.893356598735856, 'aX': 11.845827188666314}",Ball,74.5,5.920853682316876,718760,664353,0.4660306065977218,Strikeout,80.9,1.52928600234644,3.10038022724081,Sweeper,0.91,14
683734,"{'breakAngle': 22.8, 'breakLength': 9.6, 'breakY': 24.0, 'breakVertical': -41.4, 'breakVerticalInduced': 0.4, 'breakHorizontal': -17.3, 'spinRate': 2727, 'spinDirection': 59}","{'aY': 22.903495557161836, 'aZ': -31.748305881947793, 'pfxX': 9.121522792979771, 'pfxZ': 0.3068522018899502, 'pX': 0.4941760584087626, 'pZ': 2.0152216063659645, 'vX0': 2.928914180507388, 'vY0': -117.90018857251428, 'vZ0': -1.9649345070301392, 'x': 98.16, 'y': 184.37, 'x0': -1.9502799994196367, 'y0': 50.00560367796194, 'z0': 5.796021402617046, 'aX': 12.812661289261984}",Called Strike,74.7,6.0376683607020665,718760,664353,0.46498938757803066,Strikeout,81.0,1.50439948596076,3.10038022724081,Sweeper,0.91,9
693049,"{'breakAngle': 33.6, 'breakLength': 6.0, 'breakY': 24.0, 'breakVertical': -23.5, 'breakVerticalInduced': 13.6, 'breakHorizontal': 15.6, 'spinRate': 2129, 'spinDirection': 237}","{'aY': 25.309363608097758, 'aZ': -18.79431694788764, 'pfxX': -9.640044488235413, 'pfxZ': 8.440558748655349, 'pX': 0.44427559192207433, 'pZ': 0.8541473465913857, 'vX0': 7.7985447896124125, 'vY0': -125.11705726039916, 'vZ0': -8.304068773840601, 'x': 100.07, 'y': 215.72, 'x0': -1.4609933915297497, 'y0': 50.003672440395526, 'z0': 5.7572583485653555, 'aX': -15.280641675482197}",Ball,79.1,6.0035388156280085,718760,664353,0.43782570607625804,Single,86.2,1.59005433034822,3.31933012058276,Changeup,2.0,14
693049,"{'breakAngle': 33.6, 'breakLength': 6.0, 'breakY': 24.0, 'breakVertical': -23.2, 'breakVerticalInduced': 13.2, 'breakHorizontal': 15.1, 'spinRate': 2140, 'spinDirection': 239}","{'aY': 26.125027962834064, 'aZ': -19.248933276960244, 'pfxX': -9.0604492628757, 'pfxZ': 8.026817044229105, 'pX': -0.4596749892987715, 'pZ': 1.6538295604778763, 'vX0': 5.763106281102768, 'vY0': -126.21923819580498, 'vZ0': -6.593095325503372, 'x': 134.52, 'y': 194.13, 'x0': -1.5974562716839096, 'y0': 50.004965543667495, 'z0': 5.854275472489886, 'aX': -14.594361230318835}","In play, no out",79.5,5.876906546142689,718760,664353,0.434249173958976,Single,86.8,1.513,3.319,Changeup,2.0,7
462101,"{'breakAngle': 42.0, 'breakLength': 4.8, 'breakY': 24.0, 'breakVertical': -16.0, 'breakVerticalInduced': 15.4, 'breakHorizontal': 14.0, 'spinRate': 2151, 'spinDirection': 217}","{'aY': 30.824488807267837, 'aZ': -14.51337645931478, 'pfxX': -8.411702175751198, 'pfxZ': 9.421056744493832, 'pX': -0.4673237495759891, 'pZ': 1.5529273891683817, 'vX0': 5.625931416941558, 'vY0': -136.26824693442788, 'vZ0': -8.53927468383491, 'x': 134.81, 'y': 196.85, 'x0': -1.4690798057943182, 'y0': 50.004057370414124, 'z0': 5.736787990338138, 'aX': -15.770746604344287}","In play, out(s)",85.6,5.994077472122337,718760,664353,0.4024296805118168,Groundout,93.8,1.39,3.09,Sinker,2.0,7
664874,"{'breakAngle': 40.8, 'breakLength': 4.8, 'breakY': 24.0, 'breakVertical': -16.7, 'breakVerticalInduced': 14.8, 'breakHorizontal': 14.3, 'spinRate': 2091, 'spinDirection': 217}","{'aY': 32.36956592501149, 'aZ': -15.644590034480718, 'pfxX': -8.488335747512972, 'pfxZ': 8.876031581133743, 'pX': -0.9736381358469651, 'pZ': 2.359639692346925, 'vX0': 4.620263540622185, 'vY0': -136.21675504269757, 'vZ0': -6.233966125628344, 'x': 154.11, 'y': 175.07, 'x0': -1.5967846703896653, 'y0': 50.00630495811074, 'z0': 5.77610888058586, 'aX': -15.814812391258192}",Foul,85.0,5.8656718762206514,718760,664353,0.40346194275923697,Home Run,93.7,1.55,3.3,Sinker,2.0,13
664874,"{'breakAngle': 13.2, 'breakLength': 8.4, 'breakY': 24.0, 'breakVertical': -38.5, 'breakVerticalInduced': 4.0, 'breakHorizontal': -9.1, 'spinRate': 2608, 'spinDirection': 69}","{'aY': 23.814434452448157, 'aZ': -29.43929697536638, 'pfxX': 4.647038250441939, 'pfxZ': 1.9911182913978376, 'pX': -0.22570776751210342, 'pZ': 3.321926662658879, 'vX0': 2.516970712535881, 'vY0': -117.03560809955744, 'vZ0': 0.40195059446993553, 'x': 125.6, 'y': 149.09, 'x0': -1.9219330036941227, 'y0': 50.005656077654116, 'z0': 5.923947720501368, 'aX': 6.392664475105172}","In play, run(s)",73.3,5.839885949829279,718760,664353,0.4695176454595118,Home Run,80.4,1.55,3.3,Sweeper,0.9,2
641313,"{'breakAngle': 36.0, 'breakLength': 4.8, 'breakY': 24.0, 'breakVertical': -19.0, 'breakVerticalInduced': 13.1, 'breakHorizontal': 13.7, 'spinRate': 2129, 'spinDirection': 215}","{'aY': 31.170478661547744, 'aZ': -18.199651856159843, 'pfxX': -8.043099582193365, 'pfxZ': 7.618390337965284, 'pX': -1.413634289834316, 'pZ': 3.0010341560782705, 'vX0': 3.6882549715313195, 'vY0': -135.0150411120159, 'vZ0': -4.217124850757348, 'x': 170.88, 'y': 157.75, 'x0': -1.7573445276029993, 'y0': 50.00144860241685, 'z0': 5.875087978351427, 'aX': -14.752127087983455}",Ball,84.4,6.049701809782815,718760,664353,0.4066800193342788,Single,92.8,1.56150992505663,3.35393113335119,Sinker,2.0,11
641313,"{'breakAngle': 42.0, 'breakLength': 4.8, 'breakY': 24.0, 'breakVertical': -16.4, 'breakVerticalInduced': 15.4, 'breakHorizontal': 14.5, 'spinRate': 2142, 'spinDirection': 213}","{'aY': 32.031143862560775, 'aZ': -15.326456719395958, 'pfxX': -8.771024029229258, 'pfxZ': 9.170280277386066, 'pX': -0.7022251643056613, 'pZ': 2.533657017887084, 'vX0': 5.767972023332745, 'vY0': -135.3165077679372, 'vZ0': -5.960462600798075, 'x': 143.77, 'y': 170.37, 'x0': -1.7317806821789383, 'y0': 50.00533935846327, 'z0': 5.855449376583951, 'aX': -16.120182069776384}",Foul,84.4,5.9900502784789476,718760,664353,0.4061857885537097,Single,93.1,1.55,3.4,Sinker,2.0,4
641313,"{'breakAngle': 36.0, 'breakLength': 4.8, 'breakY': 24.0, 'breakVertical': -18.0, 'breakVerticalInduced': 13.6, 'breakHorizontal': 12.8, 'spinRate': 2035, 'spinDirection': 215}","{'aY': 30.04822822267703, 'aZ': -17.3305354058516, 'pfxX': -7.701539514648665, 'pfxZ': 7.965086828646074, 'pX': -0.8711105174043209, 'pZ': 2.911438156919082, 'vX0': 5.135070163700877, 'vY0': -135.72158414315578, 'vZ0': -5.107775677614067, 'x': 150.2, 'y': 160.17, 'x0': -1.7883059702345032, 'y0': 50.0003173930795, 'z0': 6.026860624451509, 'aX': -14.347980385578863}","In play, no out",85.3,5.892139489183239,718760,664353,0.40375147079431395,Single,93.3,1.55,3.4,Sinker,2.0,11
673357,"{'breakAngle': 20.4, 'breakLength': 8.4, 'breakY': 24.0, 'breakVertical': -35.4, 'breakVerticalInduced': 5.4, 'breakHorizontal': -13.2, 'spinRate': 2648, 'spinDirection': 72}","{'aY': 23.345383743592365, 'aZ': -28.17034511012642, 'pfxX': 6.619426257542188, 'pfxZ': 2.785843000557726, 'pX': 1.0172350837804351, 'pZ': 3.37584743068283, 'vX0': 4.941947980776329, 'vY0': -119.28381630729547, 'vZ0': 0.14032006985474443, 'x': 56.51, 'y': 180.9, 'x0': -1.9429300417760764, 'y0': 50.005137973408154, 'z0': 5.860056214141206, 'aX': 9.520716092724502}",Ball,75.3,5.969564523982615,718760,664353,0.45951912001557993,Strikeout,81.9,1.76116641669194,3.69080593855098,Sweeper,0.9,12
673357,"{'breakAngle': 15.6, 'breakLength': 8.4, 'breakY': 24.0, 'breakVertical': -34.8, 'breakVerticalInduced': 5.4, 'breakHorizontal': -9.7, 'spinRate': 2641, 'spinDirection': 60}","{'aY': 24.169327611358106, 'aZ': -27.48193052284034, 'pfxX': 4.4758445442905455, 'pfxZ': 3.2171886295008045, 'pX': 1.5869847341947383, 'pZ': 2.1436594020270836, 'vX0': 6.475176486437355, 'vY0': -120.30007943196917, 'vZ0': -2.912011647372992, 'x': 129.69, 'y': 185.48, 'x0': -1.7252052305651728, 'y0': 50.00526718260755, 'z0': 5.815623053390462, 'aX': 6.53599481520092}",Swinging Strike,76.0,5.9497578833524845,718760,664353,0.4559625945204431,Strikeout,82.7,1.82,3.73,Sweeper,0.89,14
673357,"{'breakAngle': 37.2, 'breakLength': 6.0, 'breakY': 24.0, 'breakVertical': -20.4, 'breakVerticalInduced': 11.3, 'breakHorizontal': 15.5, 'spinRate': 2055, 'spinDirection': 219}","{'aY': 30.4086142624285, 'aZ': -19.45514065392, 'pfxX': -9.296338585347495, 'pfxZ': 6.877364558544857, 'pX': -0.33290435746744607, 'pZ': 1.974108459890252, 'vX0': 6.244800174487654, 'vY0': -135.35858785100547, 'vZ0': -6.335224778368298, 'x': 82.02, 'y': 169.95, 'x0': -1.4657196906822958, 'y0': 50.0047073090147, 'z0': 5.713843838992136, 'aX': -17.198409758680494}",Foul,85.0,5.9996938801677855,718760,664353,0.4051314443751797,Strikeout,93.1,1.82,3.73,Sinker,2.0,7
673357,"{'breakAngle': 25.2, 'breakLength': 9.6, 'breakY': 24.0, 'breakVertical': -40.2, 'breakVerticalInduced': 2.3, 'breakHorizontal': -19.1, 'spinRate': 2702, 'spinDirection': 64}","{'aY': 23.831562084856998, 'aZ': -30.448324968383453, 'pfxX': 10.136879782477315, 'pfxZ': 1.2537289756450924, 'pX': 0.9177622882813421, 'pZ': 2.549401045317388, 'vX0': 2.8905907564678563, 'vY0': -117.10642127538682, 'vZ0': -0.9116471288554673, 'x': 98.46, 'y': 161.36, 'x0': -1.6521225134520414, 'y0': 50.00387961391172, 'z0': 5.813262669782718, 'aX': 13.961684276442035}",Swinging Strike,73.7,5.925190916538594,718760,664353,0.4692266088285719,Strikeout,80.4,1.82,3.73,Sweeper,0.91,14
682073,"{'breakAngle': 27.6, 'breakLength': 3.6, 'breakY': 24.0, 'breakVertical': -12.7, 'breakVerticalInduced': 19.6, 'breakHorizontal': 6.6, 'spinRate': 2122, 'spinDirection': 197}","{'aY': 31.540284276005835, 'aZ': -11.168271371619682, 'pfxX': -4.450793774335471, 'pfxZ': 11.592488037399962, 'pX': 0.8441374193888714, 'pZ': 2.783935682966135, 'vX0': 6.338524882485464, 'vY0': -134.35089335077402, 'vZ0': -6.658066465280271, 'x': 84.82, 'y': 163.61, 'x0': -0.9772058095832759, 'y0': 50.00024836992429, 'z0': 6.103306199101358, 'aX': -8.063310671146997}",Called Strike,83.8,7.191273724551662,718760,608337,0.4090860885017844,Field Error,92.5,1.67564372713678,3.38205686276055,Four-Seam Fastball,0.9,12
682073,"{'breakAngle': 0.0, 'breakLength': 9.6, 'breakY': 24.0, 'breakVertical': -44.8, 'breakVerticalInduced': -2.9, 'breakHorizontal': -0.5, 'spinRate': 1957, 'spinDirection': 48}","{'aY': 22.984230652352174, 'aZ': -33.98893383740181, 'pfxX': -0.6678464251053331, 'pfxZ': -1.2957919996155942, 'pX': 1.673444824391457, 'pZ': 1.5905675356736602, 'vX0': 6.508898592657909, 'vY0': -117.78204292881156, 'vZ0': -3.2492064367218356, 'x': 53.21, 'y': 195.83, 'x0': -1.0425288293475434, 'y0': 50.002996684773876, 'z0': 6.140468845062143, 'aX': -0.9363465236300379}",Ball,74.7,6.816629159109819,718760,608337,0.4655563290704863,Field Error,81.0,1.67564372713678,3.32579597498017,Slider,0.88,14
682073,"{'breakAngle': 1.2, 'breakLength': 9.6, 'breakY': 24.0, 'breakVertical': -43.7, 'breakVerticalInduced': -2.4, 'breakHorizontal': -1.2, 'spinRate': 1894, 'spinDirection': 67}","{'aY': 22.984239376168563, 'aZ': -34.16711043631798, 'pfxX': 0.15767490204071577, 'pfxZ': -1.4063281980117246, 'pX': 0.23377753682666574, 'pZ': 2.901837162725862, 'vX0': 3.4880927155463195, 'vY0': -118.5762415966351, 'vZ0': -0.5908966975287129, 'x': 108.09, 'y': 160.43, 'x0': -1.2775856621053134, 'y0': 50.000214910710405, 'z0': 6.27560382166804, 'aX': 0.22353064431602854}",Foul,74.9,6.756292281437908,718760,608337,0.4621880309869191,Field Error,81.4,1.65,3.43,Slider,0.89,5
682073,"{'breakAngle': 26.4, 'breakLength': 3.6, 'breakY': 24.0, 'breakVertical': -13.1, 'breakVerticalInduced': 19.7, 'breakHorizontal': 6.6, 'spinRate': 2161, 'spinDirection': 202}","{'aY': 30.642384626743848, 'aZ': -12.430242851867655, 'pfxX': -4.030237196892276, 'pfxZ': 11.052880078117436, 'pX': -0.6775772906134592, 'pZ': 4.3529048177006295, 'vX0': 2.7470211318001807, 'vY0': -133.29397944309008, 'vZ0': -2.2643300602924947, 'x': 142.83, 'y': 121.25, 'x0': -1.2018223702762545, 'y0': 50.00049805021337, 'z0': 6.119195754867915, 'aX': -7.197264476063334}",Ball,83.1,7.058269790750544,718760,608337,0.41210076380890115,Field Error,91.6,1.73266634281898,3.41017312220038,Four-Seam Fastball,0.9,11
682073,"{'breakAngle': 34.8, 'breakLength': 3.6, 'breakY': 24.0, 'breakVertical': -12.4, 'breakVerticalInduced': 18.1, 'breakHorizontal': 8.5, 'spinRate': 2258, 'spinDirection': 196}","{'aY': 32.11366452683161, 'aZ': -12.07238570527207, 'pfxX': -5.505518805095074, 'pfxZ': 10.469141186246938, 'pX': 0.5009457377270534, 'pZ': 3.6082100669543915, 'vX0': 6.366522372530531, 'vY0': -138.04067728453288, 'vZ0': -4.508074170610523, 'x': 97.91, 'y': 141.36, 'x0': -1.1253139062720208, 'y0': 50.00648946889525, 'z0': 6.081912879709306, 'aX': -10.57582494644331}",Ball,86.3,7.000701693258639,718760,608337,0.3975200622896917,Field Error,94.9,1.73266634281898,3.35393113335119,Four-Seam Fastball,0.91,12
682073,"{'breakAngle': 25.2, 'breakLength': 8.4, 'breakY': 24.0, 'breakVertical': -35.2, 'breakVerticalInduced': 7.8, 'breakHorizontal': 16.4, 'spinRate': 1463, 'spinDirection': 218}","{'aY': 21.807611111831886, 'aZ': -25.981707388505914, 'pfxX': -9.73861943497554, 'pfxZ': 4.533534266031435, 'pX': -0.46771937955017334, 'pZ': 2.272656294908645, 'vX0': 4.745532176239836, 'vY0': -116.14512856960864, 'vZ0': -2.8279457778303327, 'x': 134.83, 'y': 177.42, 'x0': -1.2724482305985307, 'y0': 50.00271453955485, 'z0': 5.977531697520779, 'aX': -13.301295720944433}","In play, no out",73.3,6.9877923892017275,718760,608337,0.4716369272640537,Field Error,79.8,1.65,3.43,Changeup,0.91,7
673237,"{'breakAngle': 21.6, 'breakLength': 3.6, 'breakY': 24.0, 'breakVertical': -12.8, 'breakVerticalInduced': 19.4, 'breakHorizontal': 5.0, 'spinRate': 2128, 'spinDirection': 199}","{'aY': 31.512655498175928, 'aZ': -11.304797026626673, 'pfxX': -2.9340004228344387, 'pfxZ': 11.497671611873077, 'pX': -1.3625319647839063, 'pZ': 2.6903109505568, 'vX0': 0.9862583078986382, 'vY0': -134.4629258526061, 'vZ0': -6.879762476442604, 'x': 168.94, 'y': 166.14, 'x0': -1.354771186211624, 'y0': 50.00402316155759, 'z0': 6.099406783258098, 'aX': -5.326435819922273}",Ball,83.9,7.0027564381605645,718760,608337,0.4086929030209445,Groundout,92.4,1.59005433034822,3.10038022724081,Four-Seam Fastball,0.9,11
673237,"{'breakAngle': 21.6, 'breakLength': 7.2, 'breakY': 24.0, 'breakVertical': -27.5, 'breakVerticalInduced': 15.7, 'breakHorizontal': 10.8, 'spinRate': 1473, 'spinDirection': 221}","{'aY': 22.42166626577099, 'aZ': -19.869203385736995, 'pfxX': -6.6235525309896435, 'pfxZ': 9.053483848007005, 'pX': -0.23781240477307922, 'pZ': 2.648728290995713, 'vX0': 4.723725276544185, 'vY0': -116.03375159302676, 'vZ0': -3.7402126910698, 'x': 126.06, 'y': 167.26, 'x0': -1.4429497094161028, 'y0': 50.00120482990709, 'z0': 6.1825984437495975, 'aX': -8.999543272113629}",Foul,72.9,6.783893441440339,718760,608337,0.47268402199758697,Groundout,79.8,1.535,3.371,Changeup,0.91,5
673237,"{'breakAngle': 2.4, 'breakLength': 9.6, 'breakY': 24.0, 'breakVertical': -44.0, 'breakVerticalInduced': -3.2, 'breakHorizontal': -1.8, 'spinRate': 1995, 'spinDirection': 59}","{'aY': 23.550827725553372, 'aZ': -35.0637819836763, 'pfxX': 0.4263056335028059, 'pfxZ': -2.0163714493241542, 'pX': 0.4952389289238496, 'pZ': 3.33637579037023, 'vX0': 4.231514613555127, 'vY0': -119.223539934348, 'vZ0': 0.47950946889261115, 'x': 98.12, 'y': 148.7, 'x0': -1.360055740505165, 'y0': 50.00023323399677, 'z0': 6.3045874507338, 'aX': 0.611663844214814}",Called Strike,75.2,6.876328071035995,718760,608337,0.4599197084203741,Groundout,81.9,1.41868046227221,3.01569877397641,Slider,0.89,12
673237,"{'breakAngle': 20.4, 'breakLength': 8.4, 'breakY': 24.0, 'breakVertical': -33.7, 'breakVerticalInduced': 9.6, 'breakHorizontal': 12.7, 'spinRate': 1453, 'spinDirection': 223}","{'aY': 22.724704340471213, 'aZ': -24.301628248019494, 'pfxX': -7.636625952510698, 'pfxZ': 5.829238737895899, 'pX': -0.44687172995719127, 'pZ': 1.7524537620585807, 'vX0': 4.353225537312972, 'vY0': -115.7980965998595, 'vZ0': -4.577511376600181, 'x': 134.03, 'y': 191.46, 'x0': -1.3642351554902732, 'y0': 50.002876513952856, 'z0': 6.094876991938614, 'aX': -10.314511341579966}",Foul,72.9,6.7774269002957395,718760,608337,0.47398850757697897,Groundout,79.6,1.535,3.371,Changeup,0.91,7
673237,"{'breakAngle': 24.0, 'breakLength': 8.4, 'breakY': 24.0, 'breakVertical': -33.1, 'breakVerticalInduced': 8.8, 'breakHorizontal': 14.5, 'spinRate': 1477, 'spinDirection': 222}","{'aY': 22.405465791197784, 'aZ': -24.376682708477357, 'pfxX': -8.518792113024071, 'pfxZ': 5.5685954995601, 'pX': -0.8790070649980395, 'pZ': 0.9788987226564343, 'vX0': 3.6130727958741096, 'vY0': -117.5713597074679, 'vZ0': -6.367710376462271, 'x': 150.51, 'y': 212.35, 'x0': -1.3294601263143935, 'y0': 50.0003124450628, 'z0': 5.986285297396538, 'aX': -11.917486581245992}",Foul,74.5,6.954430946054098,718760,608337,0.4659796422957081,Groundout,80.8,1.535,3.371,Changeup,0.91,13
673237,"{'breakAngle': 15.6, 'breakLength': 2.4, 'breakY': 24.0, 'breakVertical': -9.7, 'breakVerticalInduced': 21.5, 'breakHorizontal': 2.6, 'spinRate': 2272, 'spinDirection': 197}","{'aY': 32.175716495677065, 'aZ': -8.251658070402824, 'pfxX': -2.093309629007757, 'pfxZ': 12.744862804893767, 'pX': 0.40773672658429394, 'pZ': 2.523309089420433, 'vX0': 5.018393776704577, 'vY0': -136.64822333122655, 'vZ0': -7.8221533692625815, 'x': 101.46, 'y': 170.65, 'x0': -1.1867091484237364, 'y0': 50.00620693752011, 'z0': 6.002439029440757, 'aX': -3.930606134504045}",Foul,85.4,7.054499600641381,718760,608337,0.40196039536402495,Groundout,94.0,1.535,3.371,Four-Seam Fastball,0.91,6
673237,"{'breakAngle': 3.6, 'breakLength': 9.6, 'breakY': 24.0, 'breakVertical': -40.3, 'breakVerticalInduced': -0.8, 'breakHorizontal': -3.0, 'spinRate': 1888, 'spinDirection': 66}","{'aY': 23.565260066678334, 'aZ': -32.505561454502484, 'pfxX': 1.0720010574030696, 'pfxZ': -0.2242196035502637, 'pX': 0.6093105613850397, 'pZ': 2.0158239377406355, 'vX0': 4.605827387475457, 'vY0': -121.13449149248517, 'vZ0': -3.0231023304162683, 'x': 93.77, 'y': 184.35, 'x0': -1.4556002148444904, 'y0': 50.00270607413745, 'z0': 6.12062722051724, 'aX': 1.5928042108078178}","In play, out(s)",76.8,6.8940687480971805,718760,608337,0.45210229028852256,Groundout,83.2,1.535,3.371,Slider,0.9,9
667452,"{'breakAngle': 4.8, 'breakLength': 9.6, 'breakY': 24.0, 'breakVertical': -42.7, 'breakVerticalInduced': -2.0, 'breakHorizontal': -3.5, 'spinRate': 1789, 'spinDirection': 79}","{'aY': 25.794655057526438, 'aZ': -33.99910388220709, 'pfxX': 1.486012990438979, 'pfxZ': -1.2698875967193715, 'pX': -0.10369853363471851, 'pZ': 3.194643994723984, 'vX0': 2.961888674479183, 'vY0': -119.85938694756587, 'vZ0': 0.025962188735359604, 'x': 120.95, 'y': 152.52, 'x0': -1.5544704172870656, 'y0': 50.002447224635816, 'z0': 6.250572738240384, 'aX': 2.1355802846083596}",Called Strike,74.9,6.831322345401096,718760,608337,0.45912208186481074,Flyout,82.4,1.64712127809874,3.32579597498017,Slider,0.9,2
667452,"{'breakAngle': 1.2, 'breakLength': 9.6, 'breakY': 24.0, 'breakVertical': -41.4, 'breakVerticalInduced': -1.6, 'breakHorizontal': -1.1, 'spinRate': 1778, 'spinDirection': 63}","{'aY': 24.531766128153567, 'aZ': -33.47036171052822, 'pfxX': 0.08584772566948562, 'pfxZ': -0.8766475306366033, 'pX': 0.15934702982977256, 'pZ': 2.840961476620125, 'vX0': 3.7759562486708207, 'vY0': -120.82535583633697, 'vZ0': -1.1259088569946833, 'x': 110.93, 'y': 162.07, 'x0': -1.4378786808175852, 'y0': 50.00527505919023, 'z0': 6.2660793632045495, 'aX': 0.12623275344201557}","In play, out(s)",76.1,6.806101606256038,718760,608337,0.4541003195208697,Flyout,83.0,1.565,3.411,Slider,0.9,5
665161,"{'breakAngle': 26.4, 'breakLength': 8.4, 'breakY': 24.0, 'breakVertical': -31.3, 'breakVerticalInduced': 10.1, 'breakHorizontal': 15.7, 'spinRate': 1615, 'spinDirection': 219}","{'aY': 23.358049412758238, 'aZ': -23.297204980585498, 'pfxX': -9.443928745144142, 'pfxZ': 6.274673135129334, 'pX': -0.10719652244851069, 'pZ': 1.3655138466817283, 'vX0': 5.621216220075913, 'vY0': -118.41877689505111, 'vZ0': -5.895871048777511, 'x': 121.09, 'y': 201.91, 'x0': -1.2889913842138703, 'y0': 50.00415164216361, 'z0': 6.028792064232286, 'aX': -13.366292691560442}",Swinging Strike,74.7,6.83628229217578,718760,608337,0.4631505683060153,Double,81.5,1.74,3.61,Changeup,0.91,13
665161,"{'breakAngle': 1.2, 'breakLength': 9.6, 'breakY': 24.0, 'breakVertical': -41.9, 'breakVerticalInduced': -2.3, 'breakHorizontal': -0.8, 'spinRate': 1762, 'spinDirection': 59}","{'aY': 26.78329872227262, 'aZ': -33.89774982177761, 'pfxX': 0.03409417019269567, 'pfxZ': -1.167258405148429, 'pX': -0.20087329408908808, 'pZ': 2.3596294985108845, 'vX0': 2.9517430222169705, 'vY0': -121.60088695523338, 'vZ0': -1.8880585449445304, 'x': 124.66, 'y': 175.07, 'x0': -1.4416700240933618, 'y0': 50.00179433901692, 'z0': 6.1239395817662565, 'aX': 0.050259735161392836}","In play, run(s)",76.1,6.845659207435619,718760,608337,0.45271709144898287,Double,83.6,1.74,3.61,Slider,0.9,8
608324,"{'breakAngle': 25.2, 'breakLength': 7.2, 'breakY': 24.0, 'breakVertical': -30.1, 'breakVerticalInduced': 12.4, 'breakHorizontal': 14.3, 'spinRate': 1452, 'spinDirection': 222}","{'aY': 22.995954627078266, 'aZ': -21.51116525152055, 'pfxX': -8.466105184183327, 'pfxZ': 7.739141252880439, 'pX': -0.8742289074670958, 'pZ': 0.77998376127392, 'vX0': 3.936253772460502, 'vY0': -116.92511401547672, 'vZ0': -7.239716075888545, 'x': 150.32, 'y': 217.72, 'x0': -1.4836778061796811, 'y0': 50.00413918860545, 'z0': 5.948694468272528, 'aX': -11.669263402838121}",Ball,73.8,6.97573713719672,718760,608337,0.4692679254234031,Groundout,80.5,1.64712127809874,3.22024712958834,Changeup,0.91,13
608324,"{'breakAngle': 18.0, 'breakLength': 3.6, 'breakY': 24.0, 'breakVertical': -13.2, 'breakVerticalInduced': 18.8, 'breakHorizontal': 4.3, 'spinRate': 2148, 'spinDirection': 199}","{'aY': 31.79454623966353, 'aZ': -11.523182129560086, 'pfxX': -3.2127091035807065, 'pfxZ': 11.317118907532866, 'pX': 0.866287363662834, 'pZ': 2.406662077526905, 'vX0': 6.369469603264302, 'vY0': -134.83329680443907, 'vZ0': -7.514147888082872, 'x': 83.98, 'y': 173.8, 'x0': -1.1188448825503718, 'y0': 50.00026957510162, 'z0': 6.059460632490413, 'aX': -5.861471310070503}",Ball,84.2,7.084445691971256,718760,608337,0.4076414343685575,Groundout,92.8,1.67564372713678,3.22024712958834,Four-Seam Fastball,0.9,14
608324,"{'breakAngle': 19.2, 'breakLength': 7.2, 'breakY': 24.0, 'breakVertical': -28.7, 'breakVerticalInduced': 13.9, 'breakHorizontal': 10.0, 'spinRate': 1466, 'spinDirection': 221}","{'aY': 22.407689499460165, 'aZ': -20.40972252383519, 'pfxX': -6.321732636844857, 'pfxZ': 8.549478132958138, 'pX': 0.3157254552241153, 'pZ': 0.9489547023262707, 'vX0': 5.878891998692661, 'vY0': -116.68276766545435, 'vZ0': -7.239709427461769, 'x': 104.97, 'y': 213.16, 'x0': -1.4177521668540496, 'y0': 50.00097978426791, 'z0': 6.021226125931774, 'aX': -8.696927130722761}",Ball,73.8,6.8725642125375925,718760,608337,0.46980706703335207,Groundout,80.3,1.61859146361733,3.12858932612301,Changeup,0.91,14
608324,"{'breakAngle': 22.8, 'breakLength': 3.6, 'breakY': 24.0, 'breakVertical': -14.3, 'breakVerticalInduced': 17.9, 'breakHorizontal': 5.9, 'spinRate': 2104, 'spinDirection': 201}","{'aY': 30.38054758915309, 'aZ': -12.865571727114272, 'pfxX': -3.9423278585545813, 'pfxZ': 10.607265436327028, 'pX': 0.39672715875937004, 'pZ': 2.750618057679158, 'vX0': 5.6875746616734375, 'vY0': -134.3697367296671, 'vZ0': -6.486559251643969, 'x': 101.88, 'y': 164.51, 'x0': -1.2396975428164907, 'y0': 50.00027762683549, 'z0': 6.1182257310882715, 'aX': -7.1747819794631225}","In play, out(s)",84.2,6.955212025645752,718760,608337,0.4083465172836993,Groundout,92.4,1.53,3.22,Four-Seam Fastball,0.9,6
643217,"{'breakAngle': 34.8, 'breakLength': 2.4, 'breakY': 24.0, 'breakVertical': -9.7, 'breakVerticalInduced': 19.7, 'breakHorizontal': 6.6, 'spinRate': 2388, 'spinDirection': 206}","{'aY': 36.45292867439856, 'aZ': -8.780139659952551, 'pfxX': -4.227312311975996, 'pfxZ': 11.793164086495644, 'pX': -0.11575314964693068, 'pZ': 2.506361268750739, 'vX0': 4.11034366195491, 'vY0': -140.98291600431494, 'vZ0': -7.577887468080491, 'x': 121.41, 'y': 171.11, 'x0': -1.0538656162171194, 'y0': 50.000770639818676, 'z0': 5.81962589912305, 'aX': -8.383855486379478}",Foul,87.5,6.548500282135423,718760,669854,0.39071594666440257,Strikeout,97.0,1.49,3.26,Four-Seam Fastball,0.92,5
643217,"{'breakAngle': 4.8, 'breakLength': 6.0, 'breakY': 24.0, 'breakVertical': -27.5, 'breakVerticalInduced': 6.6, 'breakHorizontal': -2.2, 'spinRate': 2273, 'spinDirection': 191}","{'aY': 26.912831114917342, 'aZ': -24.02569846664498, 'pfxX': 0.7065128692666911, 'pfxZ': 4.738140833748058, 'pX': 0.682856634784833, 'pZ': 0.04122083342013842, 'vX0': 4.20750295573217, 'vY0': -130.2110721104967, 'vZ0': -9.91613734915583, 'x': 90.97, 'y': 237.67, 'x0': -1.0446894442699812, 'y0': 50.00500131416944, 'z0': 5.711716724060899, 'aX': 1.2145712519372924}",Ball,82.8,6.797748322908478,718760,669854,0.4203757394643879,Strikeout,89.6,1.56150992505663,3.26028071478211,Slider,0.89,14
643217,"{'breakAngle': 10.8, 'breakLength': 6.0, 'breakY': 24.0, 'breakVertical': -26.4, 'breakVerticalInduced': 7.8, 'breakHorizontal': -5.2, 'spinRate': 2214, 'spinDirection': 190}","{'aY': 27.62613921427786, 'aZ': -24.721388389865123, 'pfxX': 2.730277003363746, 'pfxZ': 4.3430244287337825, 'pX': -0.3756057508984092, 'pZ': 3.710979614456239, 'vX0': 1.0145187078738829, 'vY0': -130.20216147954838, 'vZ0': -1.11943958787471, 'x': 131.32, 'y': 138.58, 'x0': -1.1250461013174056, 'y0': 50.00025512833449, 'z0': 6.019182073995058, 'aX': 4.681196649389686}",Ball,81.8,6.626994264313457,718760,669854,0.4208666649078503,Strikeout,89.4,1.59005433034822,3.24133433801767,Slider,0.89,11
643217,"{'breakAngle': 12.0, 'breakLength': 7.2, 'breakY': 24.0, 'breakVertical': -29.0, 'breakVerticalInduced': 6.2, 'breakHorizontal': -6.5, 'spinRate': 2164, 'spinDirection': 181}","{'aY': 28.516817054250605, 'aZ': -25.497860567577803, 'pfxX': 3.203515981075545, 'pfxZ': 4.013586508182068, 'pX': 0.555643438470035, 'pZ': 1.7356586699251875, 'vX0': 2.9254649652443234, 'vY0': -128.63489235340754, 'vZ0': -5.401895702156699, 'x': 95.82, 'y': 191.92, 'x0': -1.0156258626074177, 'y0': 50.00396937776582, 'z0': 5.858503852708458, 'aX': 5.328538194844233}",Swinging Strike,80.8,6.753292669599444,718760,669854,0.42701650103008904,Strikeout,88.4,1.49,3.26,Slider,0.91,9
643217,"{'breakAngle': 10.8, 'breakLength': 7.2, 'breakY': 24.0, 'breakVertical': -29.9, 'breakVerticalInduced': 5.0, 'breakHorizontal': -6.1, 'spinRate': 2259, 'spinDirection': 182}","{'aY': 28.05442655911488, 'aZ': -26.24115921557364, 'pfxX': 2.852500271295126, 'pfxZ': 3.5419497587469824, 'pX': 1.271122067228428, 'pZ': 1.1988740963035367, 'vX0': 4.02823120316681, 'vY0': -128.91752239778026, 'vZ0': -6.593743533112843, 'x': 68.55, 'y': 206.41, 'x0': -0.6851883008997921, 'y0': 50.00173131536661, 'z0': 5.828998836158445, 'aX': 4.7768384057780775}",Swinging Strike,81.3,6.964792881906393,718760,669854,0.42568668429701395,Strikeout,88.6,1.49,3.26,Slider,0.91,14
650391,"{'breakAngle': 24.0, 'breakLength': 2.4, 'breakY': 24.0, 'breakVertical': -11.6, 'breakVerticalInduced': 18.1, 'breakHorizontal': 5.0, 'spinRate': 2355, 'spinDirection': 203}","{'aY': 34.03113769785513, 'aZ': -11.871006355301985, 'pfxX': -2.9944147044328178, 'pfxZ': 10.331151977908974, 'pX': -0.7229282521039285, 'pZ': 4.145354163347494, 'vX0': 1.6067099501231286, 'vY0': -139.8988545203889, 'vZ0': -3.2030399840224035, 'x': 144.56, 'y': 126.86, 'x0': -0.918209295182384, 'y0': 50.00567325075069, 'z0': 6.092804137745751, 'aX': -5.886711230057439}",Ball,87.1,6.831386470453195,718760,669854,0.3927734239508669,Lineout,96.1,1.73266634281898,3.49446467259217,Four-Seam Fastball,0.91,11
650391,"{'breakAngle': 6.0, 'breakLength': 6.0, 'breakY': 24.0, 'breakVertical': -28.2, 'breakVerticalInduced': 6.6, 'breakHorizontal': -2.9, 'spinRate': 2245, 'spinDirection': 188}","{'aY': 26.35537745459859, 'aZ': -24.645581120529062, 'pfxX': 1.2067447605610007, 'pfxZ': 4.4638226740403795, 'pX': 0.09672001102423428, 'pZ': 0.788945352405206, 'vX0': 3.0057930576170424, 'vY0': -128.8880556554973, 'vZ0': -7.970049542615355, 'x': 113.31, 'y': 217.48, 'x0': -1.240494634932148, 'y0': 50.00132138851881, 'z0': 5.819568519106793, 'aX': 2.032642436978388}",Swinging Strike,81.8,6.531019852591242,718760,669854,0.42468092961174886,Lineout,88.6,1.7,3.48,Slider,0.9,14
650391,"{'breakAngle': 10.8, 'breakLength': 7.2, 'breakY': 24.0, 'breakVertical': -31.2, 'breakVerticalInduced': 3.8, 'breakHorizontal': -6.0, 'spinRate': 2276, 'spinDirection': 187}","{'aY': 28.119927529165214, 'aZ': -27.502862401147755, 'pfxX': 2.904960431395852, 'pfxZ': 2.7931561665354794, 'pX': 0.5559169248002338, 'pZ': 1.2633871368422633, 'vX0': 3.1725896229886503, 'vY0': -128.94671831576656, 'vZ0': -6.291699479856437, 'x': 95.81, 'y': 204.67, 'x0': -1.0703546358649305, 'y0': 50.006184128143815, 'z0': 5.87165799917151, 'aX': 4.867513606150162}",Swinging Strike,81.3,6.554720416681609,718760,669854,0.42561638539419944,Lineout,88.6,1.7,3.48,Slider,0.91,14
650391,"{'breakAngle': 20.4, 'breakLength': 2.4, 'breakY': 24.0, 'breakVertical': -11.2, 'breakVerticalInduced': 18.1, 'breakHorizontal': 4.0, 'spinRate': 2386, 'spinDirection': 201}","{'aY': 34.82714734710399, 'aZ': -10.642526363998714, 'pfxX': -3.1359456725336328, 'pfxZ': 10.741748063289037, 'pX': 1.7864805302817397, 'pZ': 2.9142464342439838, 'vX0': 7.669220846398526, 'vY0': -141.31340054260264, 'vZ0': -6.679224530014406, 'x': 48.9, 'y': 160.1, 'x0': -0.5659337514776437, 'y0': 50.00627877781057, 'z0': 6.006060000030435, 'aX': -6.288395699623008}",Ball,88.2,6.737008849923686,718760,669854,0.3888932485234524,Lineout,97.3,1.81814386541593,3.43827987079818,Four-Seam Fastball,0.91,12
650391,"{'breakAngle': 22.8, 'breakLength': 2.4, 'breakY': 24.0, 'breakVertical': -11.8, 'breakVerticalInduced': 17.6, 'breakHorizontal': 4.8, 'spinRate': 2379, 'spinDirection': 202}","{'aY': 34.77026502122532, 'aZ': -11.2835225931897, 'pfxX': -3.2503433141747866, 'pfxZ': 10.511604405272568, 'pX': 0.5464274391650893, 'pZ': 2.7581808566671167, 'vX0': 4.815014170561916, 'vY0': -140.7491439465773, 'vZ0': -6.82525405814803, 'x': 96.17, 'y': 164.31, 'x0': -0.7717072789286173, 'y0': 50.0019911147975, 'z0': 5.96074116817032, 'aX': -6.459535701294544}","In play, out(s)",87.7,6.883438205018748,718760,669854,0.39056753861587445,Lineout,96.8,1.7,3.48,Four-Seam Fastball,0.91,6
660162,"{'breakAngle': 16.8, 'breakLength': 10.8, 'breakY': 24.0, 'breakVertical': -44.4, 'breakVerticalInduced': -4.3, 'breakHorizontal': -13.0, 'spinRate': 2383, 'spinDirection': 31}","{'aY': 24.213783876262827, 'aZ': -35.370220102255864, 'pfxX': 7.218406533636857, 'pfxZ': -2.179503747114495, 'pX': -0.20503269315366046, 'pZ': 1.8660290333127634, 'vX0': -0.4477403427939584, 'vY0': -120.46888397186912, 'vZ0': -2.6403251224205606, 'x': 124.82, 'y': 188.4, 'x0': -0.9538197045569053, 'y0': 50.0051514677221, 'z0': 6.11424780817508, 'aX': 10.571454971229231}",Called Strike,76.2,6.4571504048165504,718760,669854,0.4553069697943437,Strikeout,82.7,1.47583354622047,3.29765142877577,Curveball,0.74,8
660162,"{'breakAngle': 10.8, 'breakLength': 6.0, 'breakY': 24.0, 'breakVertical': -26.3, 'breakVerticalInduced': 7.7, 'breakHorizontal': -4.9, 'spinRate': 2280, 'spinDirection': 186}","{'aY': 27.072580062177114, 'aZ': -23.266812056413073, 'pfxX': 2.1471394593184514, 'pfxZ': 5.156854720581186, 'pX': 1.103011798352752, 'pZ': 0.655193847467634, 'vX0': 4.606561922905666, 'vY0': -130.47053086731228, 'vZ0': -8.699578691330743, 'x': 74.96, 'y': 221.09, 'x0': -0.9633589611225318, 'y0': 50.002938272137904, 'z0': 5.782199226070943, 'aX': 3.705356373397315}",Ball,82.8,6.63793017204414,718760,669854,0.4195744078084087,Strikeout,89.8,1.50439948596076,3.29765142877577,Slider,0.9,14
660162,"{'breakAngle': 4.8, 'breakLength': 6.0, 'breakY': 24.0, 'breakVertical': -28.2, 'breakVerticalInduced': 6.7, 'breakHorizontal': -2.2, 'spinRate': 2195, 'spinDirection': 190}","{'aY': 26.025103218622643, 'aZ': -25.26344997108273, 'pfxX': 0.9053594373284719, 'pfxZ': 4.118760169567125, 'pX': -0.013993406636695566, 'pZ': 2.1858313492827652, 'vX0': 2.385144798177683, 'vY0': -128.60023690795407, 'vZ0': -4.521931338416078, 'x': 117.53, 'y': 179.76, 'x0': -1.070237679264742, 'y0': 50.006038471921286, 'z0': 5.920673317317595, 'aX': 1.5204771462634916}",Foul,81.3,6.695762970644842,718760,669854,0.4255002805455099,Strikeout,88.3,1.47,3.33,Slider,0.89,5
660162,"{'breakAngle': 25.2, 'breakLength': 7.2, 'breakY': 24.0, 'breakVertical': -31.0, 'breakVerticalInduced': 4.0, 'breakHorizontal': 14.5, 'spinRate': 1348, 'spinDirection': 236}","{'aY': 28.096841670133138, 'aZ': -27.360654121556014, 'pfxX': -8.000707678336273, 'pfxZ': 2.874687969961549, 'pX': -2.015152990329322, 'pZ': 1.2763003711647114, 'vX0': -0.21107385672384943, 'vY0': -128.95604949681845, 'vZ0': -6.259120179050782, 'x': 193.81, 'y': 204.32, 'x0': -0.8933462631056436, 'y0': 50.00560876761799, 'z0': 5.86006968979284, 'aX': -13.407423836086313}",Ball,81.3,6.745243537529241,718760,669854,0.4255750877315747,Strikeout,88.6,1.56150992505663,3.24133433801767,Changeup,0.78,13
660162,"{'breakAngle': 9.6, 'breakLength': 6.0, 'breakY': 24.0, 'breakVertical': -27.8, 'breakVerticalInduced': 6.6, 'breakHorizontal': -4.8, 'spinRate': 2213, 'spinDirection': 196}","{'aY': 28.03931040190366, 'aZ': -24.099151371118108, 'pfxX': 2.1622946256329723, 'pfxZ': 4.745452168149057, 'pX': 0.8898072584029812, 'pZ': 0.11905528507519554, 'vX0': 3.9078692826306245, 'vY0': -129.77244959020078, 'vZ0': -9.464299738123353, 'x': 83.08, 'y': 235.57, 'x0': -0.9183511270593784, 'y0': 50.000010023612134, 'z0': 5.65972602082613, 'aX': 3.6728360862162774}",Ball,82.1,6.668147429059901,718760,669854,0.42264299278178097,Strikeout,89.3,1.53295829459788,3.29765142877577,Slider,0.9,14
660162,"{'breakAngle': 15.6, 'breakLength': 6.0, 'breakY': 24.0, 'breakVertical': -26.0, 'breakVerticalInduced': 7.8, 'breakHorizontal': -7.6, 'spinRate': 2270, 'spinDirection': 190}","{'aY': 28.05011138096219, 'aZ': -23.671893680654648, 'pfxX': 3.857382911106506, 'pfxZ': 4.893866120728573, 'pX': 0.437648094753953, 'pZ': 1.8023984254766545, 'vX0': 2.4787084362596605, 'vY0': -131.03197693948982, 'vZ0': -6.0241642303467895, 'x': 100.32, 'y': 190.12, 'x0': -1.0220139187077126, 'y0': 50.00001919626985, 'z0': 5.9032179287897115, 'aX': 6.6965383515251045}",Swinging Strike,82.7,6.585032410337904,718760,669854,0.4182399823803471,Strikeout,90.0,1.47,3.33,Slider,0.9,9
670541,"{'breakAngle': 20.4, 'breakLength': 2.4, 'breakY': 24.0, 'breakVertical': -11.3, 'breakVerticalInduced': 20.4, 'breakHorizontal': 4.1, 'spinRate': 2164, 'spinDirection': 193}","{'aY': 31.222307469721247, 'aZ': -9.826624838201019, 'pfxX': -2.775051924541297, 'pfxZ': 12.05958173948189, 'pX': 0.28285741962644595, 'pZ': 2.591756043405826, 'vX0': 4.430799048805521, 'vY0': -135.65135700524675, 'vZ0': -7.33010329943367, 'x': 106.22, 'y': 168.8, 'x0': -1.01534924385482, 'y0': 50.00295302240246, 'z0': 6.023569034190383, 'aX': -5.14281617154003}",Foul,84.9,7.086858867445356,718760,608337,0.4046389096066285,Strikeout,93.3,1.71,3.49,Four-Seam Fastball,0.9,6
670541,"{'breakAngle': 28.8, 'breakLength': 3.6, 'breakY': 24.0, 'breakVertical': -12.8, 'breakVerticalInduced': 19.3, 'breakHorizontal': 7.0, 'spinRate': 2168, 'spinDirection': 201}","{'aY': 32.55692003328026, 'aZ': -12.746341909916591, 'pfxX': -4.802439524503576, 'pfxZ': 10.693064063155742, 'pX': 0.8816048325152522, 'pZ': 4.949091212247095, 'vX0': 6.871503624259238, 'vY0': -134.74724158672814, 'vZ0': -0.9833720724849573, 'x': 83.4, 'y': 105.15, 'x0': -1.0918465123065473, 'y0': 50.001320419915686, 'z0': 6.230249902859209, 'aX': -8.724715994249888}",Ball,83.6,7.018293701180531,718760,608337,0.40835467683620896,Strikeout,92.7,1.78965893959337,3.49047772363604,Four-Seam Fastball,0.9,12
670541,"{'breakAngle': 7.2, 'breakLength': 13.2, 'breakY': 24.0, 'breakVertical': -59.4, 'breakVerticalInduced': -15.8, 'breakHorizontal': -7.7, 'spinRate': 2459, 'spinDirection': 14}","{'aY': 26.815332625845475, 'aZ': -43.22689250727751, 'pfxX': 3.6463432760659615, 'pfxZ': -8.233339170704058, 'pX': 0.8240479208393923, 'pZ': -0.04853468785495141, 'vX0': 3.48237850348595, 'vY0': -116.53155202419944, 'vZ0': -4.621572641637273, 'x': 85.59, 'y': 240.09, 'x0': -1.1769998415665377, 'y0': 50.00448084631777, 'z0': 6.1483613630785445, 'aX': 4.893678061262239}",Ball,73.3,6.794582531494808,718760,608337,0.47444366192232224,Strikeout,80.2,1.81814386541593,3.43827987079818,Curveball,0.91,14
670541,"{'breakAngle': 20.4, 'breakLength': 8.4, 'breakY': 24.0, 'breakVertical': -34.2, 'breakVerticalInduced': 7.9, 'breakHorizontal': 12.7, 'spinRate': 1515, 'spinDirection': 222}","{'aY': 23.137481947795127, 'aZ': -25.69817862630915, 'pfxX': -7.842312898810163, 'pfxZ': 4.660309751987983, 'pX': 0.3543894362198285, 'pZ': 2.392351992089073, 'vX0': 5.690396803022927, 'vY0': -117.36560251621015, 'vZ0': -2.9606691965021206, 'x': 103.49, 'y': 174.19, 'x0': -1.0880386856932613, 'y0': 50.000718492439425, 'z0': 6.074674272653447, 'aX': -10.890688853707818}",Called Strike,73.8,6.972695423563851,718760,608337,0.4674861997670674,Strikeout,80.7,1.67564372713678,3.35393113335119,Changeup,0.9,6
670541,"{'breakAngle': 22.8, 'breakLength': 7.2, 'breakY': 24.0, 'breakVertical': -31.7, 'breakVerticalInduced': 10.2, 'breakHorizontal': 13.0, 'spinRate': 1407, 'spinDirection': 227}","{'aY': 23.750967585987652, 'aZ': -23.593640672258445, 'pfxX': -7.911401195032216, 'pfxZ': 6.13384277007988, 'pX': 0.17854989235719845, 'pZ': 1.875602545993089, 'vX0': 5.3295700026029245, 'vY0': -117.91949227695417, 'vZ0': -4.551240979293554, 'x': 110.19, 'y': 188.14, 'x0': -1.0901728496718759, 'y0': 50.00356476846534, 'z0': 6.0240473873236065, 'aX': -11.071275364738588}",Foul,74.1,6.963753274753762,718760,608337,0.46561311814168516,Strikeout,81.1,1.71,3.49,Changeup,0.91,8
670541,"{'breakAngle': 19.2, 'breakLength': 7.2, 'breakY': 24.0, 'breakVertical': -32.2, 'breakVerticalInduced': 10.1, 'breakHorizontal': 11.4, 'spinRate': 1398, 'spinDirection': 227}","{'aY': 22.838104173572667, 'aZ': -24.044633914954993, 'pfxX': -6.911372525176786, 'pfxZ': 5.860182743982082, 'pX': -0.2724389044454998, 'pZ': 2.4873848890160866, 'vX0': 4.3395244138219775, 'vY0': -117.24173884823863, 'vZ0': -3.0540412053482786, 'x': 127.38, 'y': 171.62, 'x0': -1.2524225652929262, 'y0': 50.004093890624404, 'z0': 6.058824788497577, 'aX': -9.591072505730077}",Swinging Strike,73.8,6.916221441474037,718760,608337,0.4677546470105849,Strikeout,80.6,1.71,3.49,Changeup,0.9,5
547989,"{'breakAngle': 12.0, 'breakLength': 3.6, 'breakY': 24.0, 'breakVertical': -13.2, 'breakVerticalInduced': 18.0, 'breakHorizontal': 2.6, 'spinRate': 2087, 'spinDirection': 199}","{'aY': 32.42545426498663, 'aZ': -11.973960217257952, 'pfxX': -2.5156616383380017, 'pfxZ': 10.765620904892284, 'pX': 1.769361940004907, 'pZ': 2.4359821248429068, 'vX0': 8.211787860507712, 'vY0': -136.68147642250543, 'vZ0': -7.1295628166059615, 'x': 49.56, 'y': 173.01, 'x0': -0.9580966794857906, 'y0': 50.005804379036555, 'z0': 5.9153271372536285, 'aX': -4.722388671825492}",Ball,85.5,7.215657138766269,718760,608337,0.40199938043917705,Strikeout,94.1,1.61859146361733,3.35393113335119,Four-Seam Fastball,0.9,14
547989,"{'breakAngle': 2.4, 'breakLength': 9.6, 'breakY': 24.0, 'breakVertical': -41.4, 'breakVerticalInduced': -1.7, 'breakHorizontal': 1.9, 'spinRate': 1951, 'spinDirection': 44}","{'aY': 24.628038001685102, 'aZ': -33.06804248124893, 'pfxX': -1.577464183128584, 'pfxZ': -0.606058278130484, 'pX': 0.23566964585607414, 'pZ': 1.7427693827750388, 'vX0': 3.9552627887353693, 'vY0': -120.9241923795208, 'vZ0': -3.4247839679397014, 'x': 108.02, 'y': 191.73, 'x0': -1.2196709412757878, 'y0': 50.00229679440516, 'z0': 6.092701353400677, 'aX': -2.324938514546695}",Foul,76.3,6.761677861635722,718760,608337,0.45377181587481275,Strikeout,83.1,1.56,3.41,Slider,0.9,8
547989,"{'breakAngle': 22.8, 'breakLength': 8.4, 'breakY': 24.0, 'breakVertical': -34.8, 'breakVerticalInduced': 7.4, 'breakHorizontal': 15.0, 'spinRate': 1417, 'spinDirection': 226}","{'aY': 22.343783738964667, 'aZ': -26.750053910395113, 'pfxX': -8.618222573088785, 'pfxZ': 3.9107938524778003, 'pX': -1.2227244528857784, 'pZ': 3.9255836937080266, 'vX0': 2.6563144504133622, 'vY0': -117.09859435735763, 'vZ0': 0.5423094517560019, 'x': 163.61, 'y': 132.79, 'x0': -1.252843642661915, 'y0': 50.00348928816087, 'z0': 6.195867606017273, 'aX': -11.955113607561342}",Ball,73.7,6.832791832782944,718760,608337,0.46794873262606007,Strikeout,80.4,1.59005433034822,3.32579597498017,Changeup,0.9,11
547989,"{'breakAngle': 21.6, 'breakLength': 7.2, 'breakY': 24.0, 'breakVertical': -28.9, 'breakVerticalInduced': 13.1, 'breakHorizontal': 11.2, 'spinRate': 1415, 'spinDirection': 227}","{'aY': 23.210632489109223, 'aZ': -21.94594560465922, 'pfxX': -6.790826603992329, 'pfxZ': 7.329282259466348, 'pX': -0.08531933054456196, 'pZ': 3.1949073042211285, 'vX0': 4.600892388504023, 'vY0': -117.62947545337454, 'vZ0': -1.9961330493527596, 'x': 120.25, 'y': 152.52, 'x0': -1.1885260272761637, 'y0': 50.00270331771562, 'z0': 6.098138264664595, 'aX': -9.475465821232461}",Foul,73.8,6.9483001015651755,718760,608337,0.46641579854767334,Strikeout,80.8,1.56,3.41,Changeup,0.91,2
547989,"{'breakAngle': 1.2, 'breakLength': 9.6, 'breakY': 24.0, 'breakVertical': -42.4, 'breakVerticalInduced': -4.0, 'breakHorizontal': -0.6, 'spinRate': 1998, 'spinDirection': 49}","{'aY': 27.361728985088728, 'aZ': -34.914388395179536, 'pfxX': -0.2827706244888746, 'pfxZ': -1.799506151008405, 'pX': 0.5758448978895744, 'pZ': 1.475375823397606, 'vX0': 4.401117561750285, 'vY0': -123.44903034473965, 'vZ0': -3.901014472441836, 'x': 95.05, 'y': 198.94, 'x0': -1.2025596337113074, 'y0': 50.00254338023818, 'z0': 6.053415197873177, 'aX': -0.43212135502941984}",Swinging Strike,77.5,6.796508810498555,718760,608337,0.44577989154974995,Strikeout,84.9,1.56,3.41,Slider,0.9,14
663656,"{'breakAngle': 4.8, 'breakLength': 13.2, 'breakY': 24.0, 'breakVertical': -59.2, 'breakVerticalInduced': -15.0, 'breakHorizontal': -4.9, 'spinRate': 2440, 'spinDirection': 14}","{'aY': 26.350548404065716, 'aZ': -42.80877191532567, 'pfxX': 2.4629545851947463, 'pfxZ': -8.050934815839506, 'pX': -0.23556164314149466, 'pZ': 0.6460230072895388, 'vX0': 1.7014230078550228, 'vY0': -115.58208849543654, 'vZ0': -2.952718325411679, 'x': 125.98, 'y': 221.34, 'x0': -1.3074863204456377, 'y0': 50.00346547448116, 'z0': 6.147641279938416, 'aX': 3.2526368301839255}",Ball,72.4,6.843924699450774,718760,608337,0.4783053008714604,Flyout,79.5,1.67564372713678,3.49446467259217,Curveball,0.91,13
663656,"{'breakAngle': 18.0, 'breakLength': 2.4, 'breakY': 24.0, 'breakVertical': -11.9, 'breakVerticalInduced': 18.5, 'breakHorizontal': 3.7, 'spinRate': 2176, 'spinDirection': 205}","{'aY': 31.660888363511376, 'aZ': -11.11536073909974, 'pfxX': -2.697736544969022, 'pfxZ': 10.911054837472511, 'pX': 0.4300334534107904, 'pZ': 2.920418152219534, 'vX0': 5.384911239337585, 'vY0': -138.26384786678366, 'vZ0': -6.4458314121553775, 'x': 100.61, 'y': 159.93, 'x0': -1.1949445643341166, 'y0': 50.006886405703256, 'z0': 6.032633763699858, 'aX': -5.209018147730951}",Foul,86.7,6.985039149965518,718760,608337,0.3965827817169352,Flyout,95.1,1.66,3.54,Four-Seam Fastball,0.91,6
663656,"{'breakAngle': 0.0, 'breakLength': 8.4, 'breakY': 24.0, 'breakVertical': -39.5, 'breakVerticalInduced': -1.3, 'breakHorizontal': -0.2, 'spinRate': 2040, 'spinDirection': 42}","{'aY': 24.698654602518705, 'aZ': -32.42667364766032, 'pfxX': -0.4276260699009782, 'pfxZ': -0.16409527817864067, 'pX': 0.48870083483363874, 'pZ': 1.1520717642088447, 'vX0': 4.2360688619424876, 'vY0': -123.22148709400072, 'vZ0': -5.214184332148752, 'x': 98.37, 'y': 207.67, 'x0': -1.197850138389995, 'y0': 50.00464427850502, 'z0': 6.038491466467335, 'aX': -0.6580376568597089}",Swinging Strike,78.2,6.796654598924438,718760,608337,0.4446760442239204,Flyout,84.7,1.66,3.54,Slider,0.9,14
663656,"{'breakAngle': 3.6, 'breakLength': 2.4, 'breakY': 24.0, 'breakVertical': -12.2, 'breakVerticalInduced': 19.0, 'breakHorizontal': -0.8, 'spinRate': 2154, 'spinDirection': 198}","{'aY': 31.141772609909918, 'aZ': -11.706675093057036, 'pfxX': 0.09576632522317075, 'pfxZ': 10.908384416617038, 'pX': 0.1079768624244131, 'pZ': 3.4761482024855446, 'vX0': 3.2062501554062814, 'vY0': -136.38754982488408, 'vZ0': -4.468249868925316, 'x': 112.88, 'y': 144.92, 'x0': -1.0972326587128594, 'y0': 50.000590974442616, 'z0': 5.9484973367742535, 'aX': 0.17952070821161606}","In play, out(s)",85.3,7.167788040129392,718760,608337,0.40221935692538757,Flyout,93.7,1.66,3.54,Four-Seam Fastball,0.9,2
683734,"{'breakAngle': 7.2, 'breakLength': 7.2, 'breakY': 24.0, 'breakVertical': -31.6, 'breakVerticalInduced': 4.9, 'breakHorizontal': -4.0, 'spinRate': 2251, 'spinDirection': 198}","{'aY': 25.073815452770084, 'aZ': -26.980218915031124, 'pfxX': 1.398872041823859, 'pfxZ': 3.2360196051372077, 'pX': 1.5732284254769944, 'pZ': 1.6368084759572477, 'vX0': 6.118383731083998, 'vY0': -125.83608303857496, 'vZ0': -5.052979158986212, 'x': 57.03, 'y': 194.59, 'x0': -1.0697099551901224, 'y0': 50.005918012040084, 'z0': 5.851658559985425, 'aX': 2.2477305141977175}",Ball,79.8,6.792415123590907,718760,669854,0.4349519876602974,Walk,86.5,1.59005433034822,3.18498019261538,Slider,0.9,14
683734,"{'breakAngle': 16.8, 'breakLength': 2.4, 'breakY': 24.0, 'breakVertical': -10.3, 'breakVerticalInduced': 19.9, 'breakHorizontal': 3.0, 'spinRate': 2419, 'spinDirection': 206}","{'aY': 33.07258110076614, 'aZ': -8.536896406810818, 'pfxX': -2.6372380703945755, 'pfxZ': 12.206330924112397, 'pX': 1.8518356776124336, 'pZ': 1.4936620689076687, 'vX0': 8.054954067296242, 'vY0': -138.75682146647785, 'vZ0': -10.246729648558098, 'x': 46.41, 'y': 198.45, 'x0': -0.7550855940180969, 'y0': 50.004327538078435, 'z0': 5.817664142776422, 'aX': -5.108856096604752}",Ball,86.9,6.985784564869079,718760,669854,0.39580048460442496,Walk,95.7,1.56150992505663,3.26949753599481,Four-Seam Fastball,0.9,14
683734,"{'breakAngle': 20.4, 'breakLength': 2.4, 'breakY': 24.0, 'breakVertical': -10.8, 'breakVerticalInduced': 19.2, 'breakHorizontal': 3.8, 'spinRate': 2453, 'spinDirection': 206}","{'aY': 32.80862723942109, 'aZ': -8.550063191875234, 'pfxX': -2.717524419461069, 'pfxZ': 12.075973195463167, 'pX': 0.5545078151052018, 'pZ': 0.4461901004774569, 'vX0': 4.775996942822308, 'vY0': -139.33216077667967, 'vZ0': -12.96471792994206, 'x': 95.86, 'y': 226.73, 'x0': -0.8327760255971612, 'y0': 50.00314803935734, 'z0': 5.737282482460094, 'aX': -5.3165157237996015}",Ball,87.6,6.835998694571534,718760,669854,0.3938971019670836,Walk,96.1,1.61859146361733,3.29765142877577,Four-Seam Fastball,0.91,14
683734,"{'breakAngle': 10.8, 'breakLength': 2.4, 'breakY': 24.0, 'breakVertical': -10.9, 'breakVerticalInduced': 18.5, 'breakHorizontal': 2.2, 'spinRate': 2409, 'spinDirection': 200}","{'aY': 33.13330899737285, 'aZ': -10.432886509779992, 'pfxX': -1.5601174418583925, 'pfxZ': 10.938624080506674, 'pX': 0.17389232525592727, 'pZ': 2.89591901147553, 'vX0': 3.3047900433983206, 'vY0': -140.4092678804775, 'vZ0': -6.7831389315414325, 'x': 110.37, 'y': 160.59, 'x0': -0.8180836191968597, 'y0': 50.004606108006776, 'z0': 6.029224872608437, 'aX': -3.101653601043446}",Swinging Strike,87.9,6.779997987122723,718760,669854,0.39076478322184727,Walk,96.5,1.53,3.23,Four-Seam Fastball,0.91,2
683734,"{'breakAngle': 16.8, 'breakLength': 2.4, 'breakY': 24.0, 'breakVertical': -12.0, 'breakVerticalInduced': 17.6, 'breakHorizontal': 3.6, 'spinRate': 2228, 'spinDirection': 202}","{'aY': 32.94266205956583, 'aZ': -12.456585800501825, 'pfxX': -2.4704338029481825, 'pfxZ': 10.008797437316911, 'pX': 0.448790326527484, 'pZ': 4.256995074956193, 'vX0': 3.9119915971125123, 'vY0': -139.8063387035999, 'vZ0': -2.790174834519978, 'x': 99.89, 'y': 123.84, 'x0': -0.6507540536177404, 'y0': 50.003118686695615, 'z0': 6.090893827430055, 'aX': -4.867395676773653}",Ball,87.3,6.98980898455643,718760,669854,0.392514308668495,Walk,96.0,1.59005433034822,3.26949753599481,Four-Seam Fastball,0.91,12
693049,"{'breakAngle': 7.2, 'breakLength': 6.0, 'breakY': 24.0, 'breakVertical': -27.2, 'breakVerticalInduced': 8.5, 'breakHorizontal': -3.5, 'spinRate': 2259, 'spinDirection': 197}","{'aY': 24.875669693361054, 'aZ': -22.937641554341283, 'pfxX': 0.9215431792784372, 'pfxZ': 5.629570207472524, 'pX': 2.5289173185182117, 'pZ': 0.5916526688701504, 'vX0': 8.621079946409512, 'vY0': -127.01841538446816, 'vZ0': -8.426930519745822, 'x': 20.6, 'y': 222.81, 'x0': -1.0224685240589082, 'y0': 50.00481173301728, 'z0': 5.7625849151521615, 'aX': 1.5135470752967113}",Ball,81.0,6.9454507643165275,718760,669854,0.43043717573670026,Strikeout,87.5,1.56150992505663,3.15678932858062,Slider,0.9,14
693049,"{'breakAngle': 9.6, 'breakLength': 7.2, 'breakY': 24.0, 'breakVertical': -31.3, 'breakVerticalInduced': 4.1, 'breakHorizontal': -5.4, 'spinRate': 2192, 'spinDirection': 178}","{'aY': 25.943575079450348, 'aZ': -27.749021129445225, 'pfxX': 2.363497750975423, 'pfxZ': 2.673193656731251, 'pX': 1.2326714455861087, 'pZ': 2.082871367795891, 'vX0': 5.252261587190157, 'vY0': -127.73173751494538, 'vZ0': -4.15044308932755, 'x': 70.01, 'y': 182.54, 'x0': -1.156005569323301, 'y0': 50.0019393293009, 'z0': 5.906906301787926, 'aX': 3.9104766909677617}",Swinging Strike,80.9,6.870684967036108,718760,669854,0.4285723288394774,Strikeout,87.8,1.513,3.319,Slider,0.91,14
693049,"{'breakAngle': 9.6, 'breakLength': 10.8, 'breakY': 24.0, 'breakVertical': -47.3, 'breakVerticalInduced': -5.0, 'breakHorizontal': -7.6, 'spinRate': 2193, 'spinDirection': 33}","{'aY': 24.303451512083672, 'aZ': -36.51147793290513, 'pfxX': 4.079542525580779, 'pfxZ': -3.138417159961447, 'pX': -0.3265083315616453, 'pZ': 3.3929334439235235, 'vX0': 0.8935878346263633, 'vY0': -117.4805351651893, 'vZ0': 1.3368583749942402, 'x': 129.45, 'y': 147.17, 'x0': -1.2424199003249732, 'y0': 50.00090065021301, 'z0': 6.235987326554048, 'aX': 5.6448302556919465}",Ball,73.6,6.439056751941899,718760,669854,0.4680005589396279,Strikeout,80.7,1.53224545740081,3.26949753599481,Curveball,0.89,1
693049,"{'breakAngle': 6.0, 'breakLength': 7.2, 'breakY': 24.0, 'breakVertical': -33.6, 'breakVerticalInduced': 2.6, 'breakHorizontal': -3.7, 'spinRate': 2194, 'spinDirection': 173}","{'aY': 26.12219353027535, 'aZ': -29.229785213248835, 'pfxX': 1.4187561247928988, 'pfxZ': 1.8177345307290764, 'pX': 0.7790032015967683, 'pZ': 1.9003408219937088, 'vX0': 4.997742463146355, 'vY0': -126.61872716959472, 'vZ0': -3.9830637939028595, 'x': 87.31, 'y': 187.47, 'x0': -1.405663251168193, 'y0': 50.00405603884772, 'z0': 5.835524640806068, 'aX': 2.301347312958658}",Swinging Strike,80.0,6.650827903350668,718760,669854,0.43275195084052465,Strikeout,87.0,1.513,3.319,Slider,0.91,9
693049,"{'breakAngle': 3.6, 'breakLength': 6.0, 'breakY': 24.0, 'breakVertical': -28.2, 'breakVerticalInduced': 7.3, 'breakHorizontal': -1.8, 'spinRate': 2219, 'spinDirection': 190}","{'aY': 24.48665051078295, 'aZ': -24.580323695249376, 'pfxX': 0.6822621092928566, 'pfxZ': 4.586507807812982, 'pX': -0.182038326408531, 'pZ': 1.5819588194399388, 'vX0': 2.5919011219079673, 'vY0': -127.38501053677625, 'vZ0': -5.783848645588052, 'x': 123.94, 'y': 196.07, 'x0': -1.2984591841158788, 'y0': 50.00114805983577, 'z0': 5.807602355477512, 'aX': 1.1281943162465726}",Swinging Strike,81.0,6.80415529890391,718760,669854,0.428867475144763,Strikeout,87.5,1.513,3.319,Slider,0.88,8
462101,"{'breakAngle': 42.0, 'breakLength': 2.4, 'breakY': 24.0, 'breakVertical': -8.5, 'breakVerticalInduced': 21.5, 'breakHorizontal': 7.6, 'spinRate': 2370, 'spinDirection': 203}","{'aY': 34.80429972967543, 'aZ': -6.172761734766202, 'pfxX': -4.723520630356852, 'pfxZ': 13.298423177588944, 'pX': -0.032962719378029894, 'pZ': 1.0234089490183667, 'vX0': 4.234906098367755, 'vY0': -139.73038700091809, 'vZ0': -11.887141912535391, 'x': 118.26, 'y': 211.15, 'x0': -0.96293495713224, 'y0': 50.004210453210256, 'z0': 5.762814124091267, 'aX': -9.235875094479733}",Ball,87.2,7.005784344068194,718760,669854,0.39370611590380244,Lineout,96.4,1.44726052256253,3.04393490885653,Four-Seam Fastball,0.92,13
462101,"{'breakAngle': 6.0, 'breakLength': 7.2, 'breakY': 24.0, 'breakVertical': -29.6, 'breakVerticalInduced': 5.8, 'breakHorizontal': -3.2, 'spinRate': 2192, 'spinDirection': 187}","{'aY': 25.18976365832897, 'aZ': -26.841432716234674, 'pfxX': 1.3070550311671958, 'pfxZ': 3.224776701737733, 'pX': 0.4584015745854724, 'pZ': 3.327895092267926, 'vX0': 4.033007060335017, 'vY0': -127.594929510225, 'vZ0': -1.4073235955891392, 'x': 99.53, 'y': 148.93, 'x0': -1.3098974320250416, 'y0': 50.00592778398249, 'z0': 5.992968191578977, 'aX': 2.1652336590604544}",Called Strike,80.7,6.642115180819308,718760,669854,0.42855597120180144,Lineout,87.6,1.3042908043156,2.8460959899988,Slider,0.9,12
462101,"{'breakAngle': 8.4, 'breakLength': 6.0, 'breakY': 24.0, 'breakVertical': -26.6, 'breakVerticalInduced': 8.6, 'breakHorizontal': -4.1, 'spinRate': 2239, 'spinDirection': 180}","{'aY': 25.499939356814448, 'aZ': -24.019951722358144, 'pfxX': 1.846096192147258, 'pfxZ': 4.895335740141467, 'pX': 0.3635234007241664, 'pZ': 3.229430754944427, 'vX0': 3.3253857401606433, 'vY0': -127.97453724533548, 'vZ0': -2.300168723410762, 'x': 103.14, 'y': 151.59, 'x0': -1.1905872079532533, 'y0': 50.00064381910142, 'z0': 6.014238726983242, 'aX': 3.0719800460138718}",Swinging Strike,80.8,6.602842342436562,718760,669854,0.42740631811764906,Lineout,87.8,1.39,3.09,Slider,0.89,3
462101,"{'breakAngle': 40.8, 'breakLength': 3.6, 'breakY': 24.0, 'breakVertical': -10.7, 'breakVerticalInduced': 19.7, 'breakHorizontal': 9.2, 'spinRate': 2291, 'spinDirection': 206}","{'aY': 34.496970443931836, 'aZ': -8.668385404451591, 'pfxX': -5.777604276759899, 'pfxZ': 12.189916931846039, 'pX': 0.2377504518494238, 'pZ': 1.2599014101767, 'vX0': 5.092194031754362, 'vY0': -138.81345920885624, 'vZ0': -10.733866405444909, 'x': 107.94, 'y': 204.76, 'x0': -0.8805141639847429, 'y0': 50.00379926695108, 'z0': 5.779069970673516, 'aX': -11.142783007866177}",Ball,86.5,6.8402855386944585,718760,669854,0.39637391151196777,Lineout,95.7,1.41868046227221,2.9309369768951,Four-Seam Fastball,0.91,14
462101,"{'breakAngle': 7.2, 'breakLength': 7.2, 'breakY': 24.0, 'breakVertical': -30.1, 'breakVerticalInduced': 5.2, 'breakHorizontal': -4.2, 'spinRate': 2221, 'spinDirection': 176}","{'aY': 25.83684728027762, 'aZ': -26.4289709143061, 'pfxX': 1.8461100440786127, 'pfxZ': 3.454814571543066, 'pX': 0.5870095525023453, 'pZ': 1.3346800140592543, 'vX0': 3.7979353082238405, 'vY0': -127.95785020811859, 'vZ0': -6.022007198168168, 'x': 94.62, 'y': 202.74, 'x0': -1.1548961378012101, 'y0': 50.00120105374432, 'z0': 5.783052316457354, 'aX': 3.0674884934187374}","In play, out(s)",81.1,6.664159173973211,718760,669854,0.4276850341088996,Lineout,87.9,1.39,3.09,Slider,0.9,14
664874,"{'breakAngle': 39.6, 'breakLength': 2.4, 'breakY': 24.0, 'breakVertical': -10.1, 'breakVerticalInduced': 19.8, 'breakHorizontal': 8.3, 'spinRate': 2378, 'spinDirection': 204}","{'aY': 33.41999340818726, 'aZ': -8.46583036062672, 'pfxX': -5.188858838174477, 'pfxZ': 12.117783481256357, 'pX': 0.23220168935063962, 'pZ': 1.623198822240032, 'vX0': 4.853686424785362, 'vY0': -139.47919901192472, 'vZ0': -10.082021570574447, 'x': 108.15, 'y': 194.95, 'x0': -0.8623056188662279, 'y0': 50.00496171479179, 'z0': 5.857137723027589, 'aX': -10.15366897084613}",Called Strike,87.3,7.004478431675595,718760,669854,0.3937543488601696,Strikeout,96.1,1.59005433034822,3.21316187634517,Four-Seam Fastball,0.92,8
664874,"{'breakAngle': 4.8, 'breakLength': 7.2, 'breakY': 24.0, 'breakVertical': -30.5, 'breakVerticalInduced': 5.2, 'breakHorizontal': -2.6, 'spinRate': 2267, 'spinDirection': 159}","{'aY': 25.28691034551101, 'aZ': -26.989887391286388, 'pfxX': 0.7860288542176912, 'pfxZ': 3.1416443212276803, 'pX': 1.2782715303812016, 'pZ': 2.4279231215481385, 'vX0': 5.6840976682738376, 'vY0': -127.36438450336988, 'vZ0': -3.5962739803260955, 'x': 68.28, 'y': 173.23, 'x0': -1.0810924188438855, 'y0': 50.00123053348738, 'z0': 5.984248686986357, 'aX': 1.294465382896199}",Swinging Strike,80.7,6.830577346200716,718760,669854,0.4294746263607103,Strikeout,87.5,1.55,3.3,Slider,0.9,14
664874,"{'breakAngle': 8.4, 'breakLength': 7.2, 'breakY': 24.0, 'breakVertical': -29.6, 'breakVerticalInduced': 5.5, 'breakHorizontal': -4.4, 'spinRate': 2237, 'spinDirection': 188}","{'aY': 26.902263166603312, 'aZ': -25.568303906526992, 'pfxX': 1.6440211755936307, 'pfxZ': 3.966703960583334, 'pX': 1.8670116349861852, 'pZ': 0.6405188392823761, 'vX0': 6.499663675471484, 'vY0': -128.2909296101728, 'vZ0': -8.047644290183069, 'x': 45.83, 'y': 221.49, 'x0': -0.9142908455282674, 'y0': 50.00122419743911, 'z0': 5.815239882991994, 'aX': 2.73522194371636}",Swinging Strike (Blocked),81.3,6.7653565412230385,718760,669854,0.4271744228462495,Strikeout,88.3,1.55,3.3,Slider,0.91,14
676801,"{'breakAngle': 3.6, 'breakLength': 7.2, 'breakY': 24.0, 'breakVertical': -33.1, 'breakVerticalInduced': 3.6, 'breakHorizontal': -2.5, 'spinRate': 2422, 'spinDirection': 199}","{'aY': 25.13745952238668, 'aZ': -27.832722479415665, 'pfxX': 1.037106602678445, 'pfxZ': 2.7109669851220524, 'pX': 0.6272972706676524, 'pZ': 1.0006183130730173, 'vX0': 2.7103444650625597, 'vY0': -125.61355539957204, 'vZ0': -6.926878646290808, 'x': 93.09, 'y': 211.76, 'x0': -0.5997709365473293, 'y0': 50.000247082556314, 'z0': 6.052654974012736, 'aX': 1.659133789285045}",Ball,79.7,5.8924453770398735,718760,669424,0.43582118183533414,Walk,86.3,1.52928600234644,3.15678932858062,Slider,0.82,14
676801,"{'breakAngle': 1.2, 'breakLength': 7.2, 'breakY': 24.0, 'breakVertical': -34.8, 'breakVerticalInduced': 2.8, 'breakHorizontal': -1.0, 'spinRate': 2437, 'spinDirection': 162}","{'aY': 24.47654281964866, 'aZ': -29.78292683508868, 'pfxX': 0.42286122568191775, 'pfxZ': 1.5378340326134659, 'pX': -0.5195432331940397, 'pZ': 3.3739073461640565, 'vX0': 0.6111277193985735, 'vY0': -123.97983730728102, 'vZ0': -0.9173109296663242, 'x': 136.8, 'y': 147.68, 'x0': -0.8240651847803232, 'y0': 50.005064819848876, 'z0': 6.231305389945807, 'aX': 0.6592866785649225}",Ball,78.2,5.675782891064739,718760,669424,0.4415625068980322,Walk,85.1,1.50439948596076,3.10038022724081,Slider,0.81,11
676801,"{'breakAngle': 24.0, 'breakLength': 3.6, 'breakY': 24.0, 'breakVertical': -12.5, 'breakVerticalInduced': 19.7, 'breakHorizontal': 5.5, 'spinRate': 2262, 'spinDirection': 202}","{'aY': 31.237079723271684, 'aZ': -11.424613560817887, 'pfxX': -3.3339715512293613, 'pfxZ': 11.423006506189394, 'pX': -0.023666070018531327, 'pZ': 3.5889220657179055, 'vX0': 2.1593709467185054, 'vY0': -134.4422886665488, 'vZ0': -4.921319996909483, 'x': 117.9, 'y': 141.88, 'x0': -0.40726912931527376, 'y0': 50.00501185188595, 'z0': 6.265365410731026, 'aX': -6.0569752443908245}",Ball,83.9,5.74184617942662,718760,669424,0.4086160325162309,Walk,92.4,1.53295829459788,3.18498019261538,Four-Seam Fastball,0.9,11
676801,"{'breakAngle': 26.4, 'breakLength': 3.6, 'breakY': 24.0, 'breakVertical': -12.4, 'breakVerticalInduced': 19.3, 'breakHorizontal': 6.2, 'spinRate': 2248, 'spinDirection': 196}","{'aY': 31.699656176844947, 'aZ': -10.304628751228131, 'pfxX': -3.5612021742029505, 'pfxZ': 11.827910237689775, 'pX': -0.6814971930528196, 'pZ': 1.6598294271700045, 'vX0': 0.8427577634813643, 'vY0': -135.62271224819943, 'vZ0': -9.848903270455784, 'x': 142.98, 'y': 193.96, 'x0': -0.5351285274039987, 'y0': 50.00298885760289, 'z0': 6.072761923288997, 'aX': -6.585372828544516}",Called Strike,84.9,5.780163626483852,718760,669424,0.4049951571918342,Walk,93.4,1.59005433034822,3.21023903945743,Four-Seam Fastball,0.91,7
676801,"{'breakAngle': 22.8, 'breakLength': 2.4, 'breakY': 24.0, 'breakVertical': -11.4, 'breakVerticalInduced': 20.4, 'breakHorizontal': 4.9, 'spinRate': 2320, 'spinDirection': 199}","{'aY': 31.1704566665965, 'aZ': -9.747988449251043, 'pfxX': -3.2331754474877936, 'pfxZ': 12.166590835131897, 'pX': 0.8470332272295722, 'pZ': 2.413168361794185, 'vX0': 4.328020368613808, 'vY0': -135.3119557076799, 'vZ0': -8.017679824083789, 'x': 84.71, 'y': 173.62, 'x0': -0.35759188070512904, 'y0': 50.00488031597834, 'z0': 6.108735057868231, 'aX': -5.960811738440554}",Swinging Strike,84.7,5.965213666016205,718760,669424,0.4057137790048224,Walk,93.1,1.53,3.21,Four-Seam Fastball,0.9,14
676801,"{'breakAngle': 22.8, 'breakLength': 2.4, 'breakY': 24.0, 'breakVertical': -10.8, 'breakVerticalInduced': 20.0, 'breakHorizontal': 4.4, 'spinRate': 2259, 'spinDirection': 201}","{'aY': 32.1494837649175, 'aZ': -8.894281496436712, 'pfxX': -2.4856015841924832, 'pfxZ': 12.288610420706544, 'pX': -0.9376491031448847, 'pZ': 1.4577357039952554, 'vX0': -0.010372332516466687, 'vY0': -137.19588531287133, 'vZ0': -10.559604695639306, 'x': 152.74, 'y': 199.42, 'x0': -0.6112143464965273, 'y0': 50.00394731249862, 'z0': 5.97646771450622, 'aX': -4.7081464901764445}",Ball,86.0,5.80495505543803,718760,669424,0.40021365594338487,Walk,94.5,1.56150992505663,3.12858932612301,Four-Seam Fastball,0.91,13
682073,"{'breakAngle': 25.2, 'breakLength': 2.4, 'breakY': 24.0, 'breakVertical': -10.2, 'breakVerticalInduced': 20.4, 'breakHorizontal': 4.8, 'spinRate': 2285, 'spinDirection': 204}","{'aY': 32.35028807436235, 'aZ': -8.452839340522806, 'pfxX': -2.999977023654482, 'pfxZ': 12.42702033421218, 'pX': 0.3685749914826921, 'pZ': 1.7487206802524469, 'vX0': 3.033269369133293, 'vY0': -137.71051382874978, 'vZ0': -10.006187091917786, 'x': 102.95, 'y': 191.56, 'x0': -0.36069728836743953, 'y0': 50.00132212839213, 'z0': 6.013544985554584, 'aX': -5.7258790333702425}",Called Strike,86.2,5.8528815012708675,718760,669424,0.39867885895242283,Strikeout,94.8,1.76116641669194,3.46637706780187,Four-Seam Fastball,0.92,9
682073,"{'breakAngle': 31.2, 'breakLength': 2.4, 'breakY': 24.0, 'breakVertical': -9.8, 'breakVerticalInduced': 20.3, 'breakHorizontal': 6.0, 'spinRate': 2303, 'spinDirection': 204}","{'aY': 34.16333588199005, 'aZ': -9.05914257747894, 'pfxX': -3.641806742697944, 'pfxZ': 11.874560894571035, 'pX': -0.14839827310622855, 'pZ': 3.2252045932267155, 'vX0': 2.3447483518904595, 'vY0': -139.32284150425562, 'vZ0': -6.260519841581003, 'x': 122.66, 'y': 151.7, 'x0': -0.5320352462094046, 'y0': 50.0022302717227, 'z0': 6.114320572837011, 'aX': -7.08908504229226}",Swinging Strike,86.7,5.856834863522505,718760,669424,0.39461553957120543,Strikeout,95.8,1.65,3.43,Four-Seam Fastball,0.92,2
682073,"{'breakAngle': 4.8, 'breakLength': 7.2, 'breakY': 24.0, 'breakVertical': -32.3, 'breakVerticalInduced': 3.4, 'breakHorizontal': -2.6, 'spinRate': 2472, 'spinDirection': 123}","{'aY': 25.545520057360854, 'aZ': -29.152234137284783, 'pfxX': 1.2863520373423838, 'pfxZ': 1.8326904279731782, 'pX': 0.0647075074504672, 'pZ': 3.554272330555411, 'vX0': 1.6060840109353667, 'vY0': -127.4630826098096, 'vZ0': -1.042690781744271, 'x': 114.53, 'y': 142.81, 'x0': -0.7400696507963305, 'y0': 50.00390297736897, 'z0': 6.264972056424427, 'aX': 2.1220941480501603}",Called Strike,80.5,5.812467049150752,718760,669424,0.4292824520713485,Strikeout,87.5,1.61859146361733,3.35393113335119,Slider,0.76,12
673237,"{'breakAngle': 3.6, 'breakLength': 7.2, 'breakY': 24.0, 'breakVertical': -34.0, 'breakVerticalInduced': 1.8, 'breakHorizontal': -2.3, 'spinRate': 2492, 'spinDirection': 176}","{'aY': 25.940987644407713, 'aZ': -30.20387500504305, 'pfxX': 1.2171216979346415, 'pfxZ': 1.1949609849254, 'pX': -0.40013925767834474, 'pZ': 2.6134603937098944, 'vX0': 0.480565770593804, 'vY0': -127.35278166971803, 'vZ0': -2.9355251843642107, 'x': 132.25, 'y': 168.22, 'x0': -0.7493258835396769, 'y0': 50.000171099430936, 'z0': 6.167886497684664, 'aX': 2.0005004596773017}",Called Strike,80.5,5.730297546286558,718760,669424,0.4299417131194425,Pop Out,87.4,1.535,3.371,Slider,0.78,4
673237,"{'breakAngle': 3.6, 'breakLength': 8.4, 'breakY': 24.0, 'breakVertical': -35.9, 'breakVerticalInduced': -0.8, 'breakHorizontal': -2.5, 'spinRate': 2510, 'spinDirection': 120}","{'aY': 25.57724157285566, 'aZ': -33.17496979463146, 'pfxX': 1.3912916244735656, 'pfxZ': -0.5923416624720197, 'pX': -0.6654555255751808, 'pZ': 3.8309525364446415, 'vX0': -0.140676876679931, 'vY0': -128.34434710394405, 'vZ0': 0.29001836112861956, 'x': 142.37, 'y': 135.34, 'x0': -0.7909366856383462, 'y0': 50.006144189925465, 'z0': 6.291738205577574, 'aX': 2.330760749177735}",Ball,81.1,5.710552953578415,718760,669424,0.4261050721802335,Pop Out,88.1,1.535,3.371,Slider,0.79,11
673237,"{'breakAngle': 32.4, 'breakLength': 3.6, 'breakY': 24.0, 'breakVertical': -12.1, 'breakVerticalInduced': 18.4, 'breakHorizontal': 7.8, 'spinRate': 2314, 'spinDirection': 211}","{'aY': 33.87962225840062, 'aZ': -11.682723865173626, 'pfxX': -4.645204971441592, 'pfxZ': 10.66080786119848, 'pX': -0.3528750941357336, 'pZ': 3.573445294619533, 'vX0': 2.7958409994224662, 'vY0': -138.48462583347407, 'vZ0': -4.734823455886592, 'x': 130.45, 'y': 142.3, 'x0': -0.7774084783779741, 'y0': 50.00569474212358, 'z0': 6.10105188252458, 'aX': -8.931633584403858}",Foul,86.2,5.764921845017595,718760,669424,0.39706962221344044,Pop Out,95.2,1.535,3.371,Four-Seam Fastball,0.92,11
673237,"{'breakAngle': 3.6, 'breakLength': 8.4, 'breakY': 24.0, 'breakVertical': -37.3, 'breakVerticalInduced': -1.7, 'breakHorizontal': -2.8, 'spinRate': 2577, 'spinDirection': 118}","{'aY': 28.00992240460283, 'aZ': -32.86160990205299, 'pfxX': 1.4424210094361865, 'pfxZ': -0.4189983161165092, 'pX': -0.3750968670066839, 'pZ': 1.4978904172109935, 'vX0': 0.5811147641757819, 'vY0': -127.88288080859671, 'vZ0': -4.89096814548505, 'x': 131.3, 'y': 198.34, 'x0': -0.7930901023867931, 'y0': 50.00205504835443, 'z0': 6.0326408500969535, 'aX': 2.372959166398371}",Foul,80.5,5.704875363480996,718760,669424,0.42940083772202753,Pop Out,87.8,1.535,3.371,Slider,0.81,13
673237,"{'breakAngle': 12.0, 'breakLength': 2.4, 'breakY': 24.0, 'breakVertical': -12.2, 'breakVerticalInduced': 19.2, 'breakHorizontal': 2.6, 'spinRate': 2162, 'spinDirection': 207}","{'aY': 33.29864898257044, 'aZ': -11.356005316409052, 'pfxX': -1.736755822153671, 'pfxZ': 11.188499711141734, 'pX': -0.003054668724642532, 'pZ': 3.528985729156079, 'vX0': 2.0996588714876476, 'vY0': -136.34827635808364, 'vZ0': -5.295981301972313, 'x': 117.12, 'y': 143.5, 'x0': -0.561779568599007, 'y0': 50.000249318486155, 'z0': 6.297615180787194, 'aX': -3.2308991347022764}",Foul,84.7,5.737019245933225,718760,669424,0.40354208564490257,Pop Out,93.7,1.535,3.371,Four-Seam Fastball,0.91,2
673237,"{'breakAngle': 2.4, 'breakLength': 8.4, 'breakY': 24.0, 'breakVertical': -35.0, 'breakVerticalInduced': 1.1, 'breakHorizontal': -1.6, 'spinRate': 2345, 'spinDirection': 155}","{'aY': 26.391999336090763, 'aZ': -31.23334452345119, 'pfxX': 1.0325224911705755, 'pfxZ': 0.5780602415709826, 'pX': -1.208994064147992, 'pZ': 3.2988232829170925, 'vX0': -1.2413524453090319, 'vY0': -126.75540298549065, 'vZ0': -0.944970460457035, 'x': 163.08, 'y': 149.71, 'x0': -0.8466115634867418, 'y0': 50.00126645423181, 'z0': 6.174623181388296, 'aX': 1.6766766009716598}",Ball,79.8,5.607686001198005,718760,669424,0.4324455968771139,Pop Out,87.0,1.535,3.371,Slider,0.78,11
673237,"{'breakAngle': 24.0, 'breakLength': 2.4, 'breakY': 24.0, 'breakVertical': -11.6, 'breakVerticalInduced': 18.8, 'breakHorizontal': 5.3, 'spinRate': 2173, 'spinDirection': 207}","{'aY': 32.749956030572434, 'aZ': -11.12156900123941, 'pfxX': -3.2946730999480303, 'pfxZ': 10.962419924992432, 'pX': 0.24624488418664037, 'pZ': 3.4619735847707926, 'vX0': 3.1749863705857475, 'vY0': -138.1685168964967, 'vZ0': -5.151324337166257, 'x': 107.61, 'y': 145.31, 'x0': -0.49352021921355094, 'y0': 50.00165437219301, 'z0': 6.107575944053119, 'aX': -6.326402201939888}",Foul,86.2,5.8664509690337665,718760,669424,0.39746461252620335,Pop Out,95.0,1.535,3.371,Four-Seam Fastball,0.92,2
673237,"{'breakAngle': 45.6, 'breakLength': 3.6, 'breakY': 24.0, 'breakVertical': -10.4, 'breakVerticalInduced': 19.0, 'breakHorizontal': 10.4, 'spinRate': 2219, 'spinDirection': 210}","{'aY': 34.36716409614055, 'aZ': -10.28047719408318, 'pfxX': -5.808817508119258, 'pfxZ': 10.986546545612908, 'pX': -1.5150583141231637, 'pZ': 3.580620012708274, 'vX0': 0.2634338384622456, 'vY0': -140.8440880124811, 'vZ0': -4.935504818281872, 'x': 174.75, 'y': 142.1, 'x0': -0.8563320191209872, 'y0': 50.005414719801145, 'z0': 6.030934084133573, 'aX': -11.579155812637325}",Ball,87.8,5.715034474754382,718760,669424,0.3900679659485551,Pop Out,96.8,1.535,3.371,Four-Seam Fastball,0.93,11
673237,"{'breakAngle': 7.2, 'breakLength': 7.2, 'breakY': 24.0, 'breakVertical': -29.4, 'breakVerticalInduced': 5.9, 'breakHorizontal': -3.8, 'spinRate': 2320, 'spinDirection': 207}","{'aY': 27.683097153992332, 'aZ': -26.052548861568827, 'pfxX': 2.0526682390118647, 'pfxZ': 3.6855270672271008, 'pX': -0.20067207358612402, 'pZ': 2.3553806495222003, 'vX0': 0.6329468183440943, 'vY0': -128.3871672998657, 'vZ0': -4.256534764540498, 'x': 124.65, 'y': 175.18, 'x0': -0.7173724875044188, 'y0': 50.00399072011623, 'z0': 6.072970491062966, 'aX': 3.4117961615555177}","In play, out(s)",80.7,5.889026358754533,718760,669424,0.4273354952343116,Pop Out,88.2,1.535,3.371,Slider,2.0,5
667452,"{'breakAngle': 45.6, 'breakLength': 6.0, 'breakY': 24.0, 'breakVertical': -17.2, 'breakVerticalInduced': 12.2, 'breakHorizontal': 17.5, 'spinRate': 2342, 'spinDirection': 223}","{'aY': 33.65044234182821, 'aZ': -16.86360129995749, 'pfxX': -10.54472648486563, 'pfxZ': 7.693159626615618, 'pX': -0.13676321862061533, 'pZ': 1.1679665511852195, 'vX0': 7.307707853799003, 'vY0': -140.5863924459648, 'vZ0': -8.33687161094729, 'x': 122.21, 'y': 207.24, 'x0': -1.4078288552856375, 'y0': 50.00084831533772, 'z0': 5.279264632657946, 'aX': -20.979106768872203}",Ball,88.1,6.4754206678582396,718760,523260,0.39049987721111457,Strikeout,96.8,1.565,3.411,Sinker,2.0,13
667452,"{'breakAngle': 49.2, 'breakLength': 6.0, 'breakY': 24.0, 'breakVertical': -16.3, 'breakVerticalInduced': 12.4, 'breakHorizontal': 18.7, 'spinRate': 2413, 'spinDirection': 225}","{'aY': 34.36025208302316, 'aZ': -16.269519786579252, 'pfxX': -11.499607523850756, 'pfxZ': 7.7749692083718385, 'pX': 0.6026262588644818, 'pZ': 1.2084201439161395, 'vX0': 9.455411765216505, 'vY0': -142.48906743374891, 'vZ0': -8.480823654498042, 'x': 94.03, 'y': 206.15, 'x0': -1.273508445190202, 'y0': 50.001594964498885, 'z0': 5.2625021974331485, 'aX': -23.519577388714055}",Ball,89.3,6.185199575033386,718760,523260,0.38518068446275144,Strikeout,98.2,1.565,3.411,Sinker,2.0,14
667452,"{'breakAngle': 31.2, 'breakLength': 7.2, 'breakY': 24.0, 'breakVertical': -29.3, 'breakVerticalInduced': 7.8, 'breakHorizontal': 17.3, 'spinRate': 1973, 'spinDirection': 250}","{'aY': 27.5222953028349, 'aZ': -24.702854771726056, 'pfxX': -10.39805372017177, 'pfxZ': 4.719984819410939, 'pX': -0.3623971442044442, 'pZ': 1.8694773086931564, 'vX0': 6.118490060383276, 'vY0': -125.55255893532133, 'vZ0': -4.039555404697865, 'x': 130.81, 'y': 188.3, 'x0': -1.4912088756497492, 'y0': 50.00174159660585, 'z0': 5.530580627029532, 'aX': -16.45233461673801}",Swinging Strike,78.6,6.037334530607388,718760,523260,0.43774867859086175,Strikeout,86.4,1.565,3.411,Changeup,2.0,7
667452,"{'breakAngle': 34.8, 'breakLength': 7.2, 'breakY': 24.0, 'breakVertical': -27.6, 'breakVerticalInduced': 8.5, 'breakHorizontal': 19.3, 'spinRate': 2174, 'spinDirection': 250}","{'aY': 28.768755392892583, 'aZ': -23.737110902155024, 'pfxX': -11.715585191638228, 'pfxZ': 5.204669084548406, 'pX': -0.02242157082206659, 'pZ': 1.7428754582778936, 'vX0': 7.276432137296585, 'vY0': -127.21786183727845, 'vZ0': -4.599825504353129, 'x': 117.85, 'y': 191.72, 'x0': -1.4137197352668665, 'y0': 50.003137702979494, 'z0': 5.48166576672297, 'aX': -18.993240225260198}",Swinging Strike,79.5,6.104113740891114,718760,523260,0.43235889833622876,Strikeout,87.6,1.565,3.411,Changeup,2.0,8
667452,"{'breakAngle': 34.8, 'breakLength': 8.4, 'breakY': 24.0, 'breakVertical': -28.8, 'breakVerticalInduced': 6.7, 'breakHorizontal': 20.0, 'spinRate': 2229, 'spinDirection': 252}","{'aY': 29.757698786444937, 'aZ': -25.17275051299723, 'pfxX': -12.036522924088302, 'pfxZ': 4.2529391699533035, 'pX': -0.44520768445197584, 'pZ': 1.5802483611467106, 'vX0': 6.5722336214774995, 'vY0': -128.2957155881045, 'vZ0': -4.665653217551309, 'x': 133.97, 'y': 196.11, 'x0': -1.4939811857019738, 'y0': 50.00030086062092, 'z0': 5.415634810947769, 'aX': -19.80182236063096}",Swinging Strike,80.1,6.390776223041474,718760,523260,0.4290604016216899,Strikeout,88.3,1.565,3.411,Changeup,2.0,7
641313,"{'breakAngle': 43.2, 'breakLength': 3.6, 'breakY': 24.0, 'breakVertical': -11.8, 'breakVerticalInduced': 16.6, 'breakHorizontal': 11.0, 'spinRate': 2287, 'spinDirection': 209}","{'aY': 35.39653253070203, 'aZ': -10.59537612070493, 'pfxX': -7.011336967215719, 'pfxZ': 10.442789526029049, 'pX': 1.5260584845002017, 'pZ': 1.704956575318838, 'vX0': 7.743869470746294, 'vY0': -143.36335164276304, 'vZ0': -11.030347668800761, 'x': 58.83, 'y': 192.75, 'x0': -0.30861263506341086, 'y0': 50.005642452064976, 'z0': 6.279871209329587, 'aX': -14.491320076021031}",Ball,89.8,6.039463270735068,718760,592773,0.3831352366352059,Strikeout,98.9,1.55,3.4,Four-Seam Fastball,0.91,14
641313,"{'breakAngle': 39.6, 'breakLength': 3.6, 'breakY': 24.0, 'breakVertical': -13.3, 'breakVerticalInduced': 15.7, 'breakHorizontal': 10.9, 'spinRate': 2295, 'spinDirection': 219}","{'aY': 35.17792469908851, 'aZ': -12.768124759654041, 'pfxX': -6.470544731131234, 'pfxZ': 9.594734169118667, 'pX': -0.11297305857268389, 'pZ': 2.287252447663919, 'vX0': 3.7401735176855313, 'vY0': -141.94940891644893, 'vZ0': -8.340737821862538, 'x': 121.31, 'y': 177.02, 'x0': -0.6131787375125526, 'y0': 50.0036960730119, 'z0': 6.0936792438469825, 'aX': -13.088322449121073}",Swinging Strike,88.6,5.762634674315138,718760,592773,0.38718235766333287,Strikeout,97.7,1.55,3.4,Four-Seam Fastball,0.9,5
641313,"{'breakAngle': 20.4, 'breakLength': 6.0, 'breakY': 24.0, 'breakVertical': -26.6, 'breakVerticalInduced': 8.4, 'breakHorizontal': 9.6, 'spinRate': 1111, 'spinDirection': 242}","{'aY': 27.453669243283063, 'aZ': -23.3928866148074, 'pfxX': -5.969518770987727, 'pfxZ': 5.260845652246776, 'pX': 0.81091395322563, 'pZ': 2.1342419870962126, 'vX0': 5.075474407054032, 'vY0': -128.61048193503177, 'vZ0': -5.717888599568143, 'x': 86.09, 'y': 181.16, 'x0': -0.41556405533613844, 'y0': 50.00475095880292, 'z0': 6.208312163059009, 'aX': -9.970019186577595}",Foul,81.0,6.063408311627809,718760,592773,0.42639184022163246,Strikeout,88.4,1.55,3.4,Splitter,0.9,9
641313,"{'breakAngle': 42.0, 'breakLength': 3.6, 'breakY': 24.0, 'breakVertical': -11.8, 'breakVerticalInduced': 16.2, 'breakHorizontal': 10.7, 'spinRate': 2242, 'spinDirection': 218}","{'aY': 35.43331970743173, 'aZ': -12.723595879716783, 'pfxX': -6.130079756553457, 'pfxZ': 9.265397525764161, 'pX': -0.5464196878590615, 'pZ': 4.216973827632914, 'vX0': 2.130944245849926, 'vY0': -144.39720773193233, 'vZ0': -3.7247091271010224, 'x': 137.83, 'y': 124.92, 'x0': -0.5000551870078787, 'y0': 50.00443267672446, 'z0': 6.313384921495896, 'aX': -12.871494126090598}",Ball,90.1,5.809574619966505,718760,592773,0.3801584202250665,Strikeout,99.2,1.55,3.4,Four-Seam Fastball,0.9,11
641313,"{'breakAngle': 1.2, 'breakLength': 8.4, 'breakY': 24.0, 'breakVertical': -39.6, 'breakVerticalInduced': -4.7, 'breakHorizontal': -1.2, 'spinRate': 2556, 'spinDirection': 44}","{'aY': 27.01903976360938, 'aZ': -35.86318646973105, 'pfxX': 0.24236987914252106, 'pfxZ': -2.1957763366288754, 'pX': 0.9177889662817632, 'pZ': 1.8204254823755053, 'vX0': 3.6194872267807874, 'vY0': -128.80175218537224, 'vZ0': -3.8663548038486644, 'x': 82.02, 'y': 189.63, 'x0': -0.5378493998360958, 'y0': 50.005479342077976, 'z0': 6.117503043807395, 'aX': 0.4060934333978535}",Foul,81.5,6.155156085882197,718760,592773,0.42543325859906833,Strikeout,88.5,1.55,3.4,Slider,0.9,14
641313,"{'breakAngle': 50.4, 'breakLength': 3.6, 'breakY': 24.0, 'breakVertical': -9.0, 'breakVerticalInduced': 19.1, 'breakHorizontal': 10.8, 'spinRate': 2293, 'spinDirection': 210}","{'aY': 38.340065623046655, 'aZ': -8.438678761297947, 'pfxX': -6.048847298386043, 'pfxZ': 11.435543499868787, 'pX': -1.178766581327444, 'pZ': 3.1187337277104192, 'vX0': 0.3043637539044304, 'vY0': -144.27281940670767, 'vZ0': -7.32434281267841, 'x': 161.93, 'y': 154.57, 'x0': -0.5022842700083855, 'y0': 50.00694571388625, 'z0': 6.233820275347849, 'aX': -12.560005201277328}",Ball,89.5,5.872372234426641,718760,592773,0.38188520221459,Strikeout,99.2,1.55,3.4,Four-Seam Fastball,0.91,11
641313,"{'breakAngle': 45.6, 'breakLength': 3.6, 'breakY': 24.0, 'breakVertical': -9.5, 'breakVerticalInduced': 18.5, 'breakHorizontal': 9.6, 'spinRate': 2398, 'spinDirection': 209}","{'aY': 37.74655469577767, 'aZ': -8.94977618022451, 'pfxX': -5.690475064334853, 'pfxZ': 11.102136167467782, 'pX': 0.11673395640387622, 'pZ': 3.0044109432238186, 'vX0': 3.070541795703309, 'vY0': -144.6425275286052, 'vZ0': -8.013005750612948, 'x': 112.55, 'y': 157.66, 'x0': -0.2266051954241063, 'y0': 50.00341780453583, 'z0': 6.380337765524867, 'aX': -11.904274080575398}",Foul,89.9,5.93348051766906,718760,592773,0.38053659503083725,Strikeout,99.5,1.55,3.4,Four-Seam Fastball,0.91,2
641313,"{'breakAngle': 26.4, 'breakLength': 6.0, 'breakY': 24.0, 'breakVertical': -26.3, 'breakVerticalInduced': 7.8, 'breakHorizontal': 12.8, 'spinRate': 871, 'spinDirection': 240}","{'aY': 29.284751869125284, 'aZ': -23.9332575787891, 'pfxX': -7.5477511726593445, 'pfxZ': 4.794876223464721, 'pX': 0.03472134492418248, 'pZ': 2.528157410885359, 'vX0': 3.641442280859458, 'vY0': -130.70388835988626, 'vZ0': -4.782903422760436, 'x': 115.68, 'y': 170.52, 'x0': -0.4010328145639046, 'y0': 50.00243663708585, 'z0': 6.1943764669734644, 'aX': -12.970497070743837}",Foul,81.9,6.053853523939671,718760,592773,0.4201480018609427,Strikeout,89.8,1.55,3.4,Splitter,0.88,5
641313,"{'breakAngle': 37.2, 'breakLength': 2.4, 'breakY': 24.0, 'breakVertical': -9.6, 'breakVerticalInduced': 18.8, 'breakHorizontal': 7.2, 'spinRate': 2303, 'spinDirection': 208}","{'aY': 35.87528062507804, 'aZ': -8.574167204404992, 'pfxX': -4.575522029424217, 'pfxZ': 11.470425217212693, 'pX': 0.7572989061594009, 'pZ': 2.247529268191135, 'vX0': 4.6840309555426645, 'vY0': -143.17426068321038, 'vZ0': -9.584207590859089, 'x': 88.13, 'y': 178.1, 'x0': -0.3126859211821836, 'y0': 50.00179359237896, 'z0': 6.192142494207983, 'aX': -9.412389813616144}",Called Strike,89.4,5.938126753937478,718760,592773,0.3839066247372962,Strikeout,98.6,1.55,3.4,Four-Seam Fastball,0.91,6
673357,"{'breakAngle': 4.8, 'breakLength': 8.4, 'breakY': 24.0, 'breakVertical': -39.5, 'breakVerticalInduced': -3.8, 'breakHorizontal': -3.5, 'spinRate': 2609, 'spinDirection': 40}","{'aY': 26.634308311382622, 'aZ': -35.27790879542184, 'pfxX': 1.6418542614426614, 'pfxZ': -1.8836770196912838, 'pX': 0.42454263919981816, 'pZ': 2.257508747744507, 'vX0': 2.1136240617927142, 'vY0': -127.63715764232327, 'vZ0': -3.051937935550412, 'x': 100.82, 'y': 177.83, 'x0': -0.6280622698711609, 'y0': 50.00350769269076, 'z0': 6.250890718595013, 'aX': 2.704607296984917}","In play, out(s)",80.7,6.061176749086888,718760,592773,0.42937249269864175,Groundout,87.6,1.82,3.73,Slider,0.9,9
643217,"{'breakAngle': 43.2, 'breakLength': 2.4, 'breakY': 24.0, 'breakVertical': -8.4, 'breakVerticalInduced': 19.3, 'breakHorizontal': 7.8, 'spinRate': 2309, 'spinDirection': 209}","{'aY': 35.75100428398971, 'aZ': -8.481112612183617, 'pfxX': -4.522947597168651, 'pfxZ': 11.24614594239449, 'pX': -0.4304649601453182, 'pZ': 3.967834133757259, 'vX0': 1.7533154790343133, 'vY0': -144.68624887529793, 'vZ0': -5.436849616465426, 'x': 133.41, 'y': 131.65, 'x0': -0.4589283817272543, 'y0': 50.00288558712104, 'z0': 6.398814325956381, 'aX': -9.528607383240407}",Ball,90.3,5.93534178563986,718760,592773,0.37948144510451787,Groundout,99.4,1.49,3.26,Four-Seam Fastball,0.91,11
643217,"{'breakAngle': 50.4, 'breakLength': 2.4, 'breakY': 24.0, 'breakVertical': -8.0, 'breakVerticalInduced': 20.5, 'breakHorizontal': 9.6, 'spinRate': 2358, 'spinDirection': 207}","{'aY': 36.12098745820241, 'aZ': -7.246526525115685, 'pfxX': -5.450721727673033, 'pfxZ': 12.167933156536694, 'pX': -0.6728749165607083, 'pZ': 3.1859792623576153, 'vX0': 1.2971003965883554, 'vY0': -142.9567384413129, 'vZ0': -7.432075201307479, 'x': 142.65, 'y': 152.76, 'x0': -0.42760180099865025, 'y0': 50.00117739392225, 'z0': 6.289560438463708, 'aX': -11.164178786593675}",Called Strike,89.0,5.793712250941539,718760,592773,0.3846587350196562,Groundout,98.3,1.49,3.26,Four-Seam Fastball,0.91,1
643217,"{'breakAngle': 25.2, 'breakLength': 6.0, 'breakY': 24.0, 'breakVertical': -25.7, 'breakVerticalInduced': 8.4, 'breakHorizontal': 12.2, 'spinRate': 1067, 'spinDirection': 237}","{'aY': 28.61051047390317, 'aZ': -22.948731456916793, 'pfxX': -7.013991738006474, 'pfxZ': 5.38207608123846, 'pX': -0.17779294438788787, 'pZ': 1.9725319565252966, 'vX0': 2.084033490839034, 'vY0': -130.42156632966407, 'vZ0': -6.560469564526278, 'x': 123.78, 'y': 185.52, 'x0': -0.07812051060676771, 'y0': 50.00551153456689, 'z0': 6.263061775038458, 'aX': -12.02910591555028}","In play, out(s)",82.0,5.924685863162669,718760,592773,0.42071605339512885,Groundout,89.6,1.49,3.26,Splitter,0.89,8
665161,"{'breakAngle': 42.0, 'breakLength': 4.8, 'breakY': 24.0, 'breakVertical': -17.5, 'breakVerticalInduced': 11.3, 'breakHorizontal': 16.0, 'spinRate': 2131, 'spinDirection': 232}","{'aY': 34.344838020348305, 'aZ': -18.769777300123764, 'pfxX': -9.464668126349377, 'pfxZ': 6.601690890645818, 'pX': -0.861176167422567, 'pZ': 2.755690464119328, 'vX0': 5.210412244490689, 'vY0': -142.03534587665897, 'vZ0': -3.85788376201851, 'x': 149.83, 'y': 164.38, 'x0': -1.4954620855962628, 'y0': 50.00695855707015, 'z0': 5.33468717159242, 'aX': -19.22700158045425}",Called Strike,88.8,6.443621437519568,718760,523260,0.38651477996781924,Groundout,97.6,1.73942239649561,3.52254264467213,Sinker,2.0,11
665161,"{'breakAngle': 44.4, 'breakLength': 4.8, 'breakY': 24.0, 'breakVertical': -14.3, 'breakVerticalInduced': 14.4, 'breakHorizontal': 13.8, 'spinRate': 2343, 'spinDirection': 224}","{'aY': 36.713593633929875, 'aZ': -15.230441446920997, 'pfxX': -8.270571088892652, 'pfxZ': 8.300419432714765, 'pX': -0.7972310826630833, 'pZ': 3.216541352829961, 'vX0': 4.842049708808033, 'vY0': -142.85611783739415, 'vZ0': -3.6264026810748398, 'x': 147.39, 'y': 151.93, 'x0': -1.4507962523533737, 'y0': 50.00332249548272, 'z0': 5.476530038631359, 'aX': -16.882772239493573}","In play, out(s)",88.7,6.294755032142397,718760,523260,0.3852411252754715,Groundout,98.2,1.74,3.61,Four-Seam Fastball,2.0,1
608324,"{'breakAngle': 45.6, 'breakLength': 4.8, 'breakY': 24.0, 'breakVertical': -15.1, 'breakVerticalInduced': 13.2, 'breakHorizontal': 15.4, 'spinRate': 2279, 'spinDirection': 232}","{'aY': 32.68127767963292, 'aZ': -15.36586281311714, 'pfxX': -9.52662818149735, 'pfxZ': 8.09756065254313, 'pX': 0.7263486071664772, 'pZ': 1.22741250379861, 'vX0': 9.294496303634835, 'vY0': -143.0902487322806, 'vZ0': -8.115500541604433, 'x': 89.31, 'y': 205.64, 'x0': -1.3245060054241433, 'y0': 50.005505730378516, 'z0': 5.0611640550296375, 'aX': -19.7799998929875}",Ball,90.2,6.398043455620631,718760,523260,0.3826230525720198,Flyout,98.6,1.53,3.22,Sinker,2.0,14
608324,"{'breakAngle': 46.8, 'breakLength': 4.8, 'breakY': 24.0, 'breakVertical': -15.6, 'breakVerticalInduced': 12.7, 'breakHorizontal': 16.4, 'spinRate': 2144, 'spinDirection': 233}","{'aY': 33.61840829993707, 'aZ': -16.569621406987935, 'pfxX': -10.019518110078824, 'pfxZ': 7.5471727538613695, 'pX': 0.1254066916731503, 'pZ': 2.4244474974140484, 'vX0': 7.969725660112826, 'vY0': -143.02345381475726, 'vZ0': -5.0515755402971685, 'x': 112.22, 'y': 173.32, 'x0': -1.398382556269804, 'y0': 50.001153075911, 'z0': 5.255923354943733, 'aX': -20.713158256485645}",Swinging Strike,89.7,6.3292396261526465,718760,523260,0.3832620553628563,Flyout,98.4,1.53,3.22,Sinker,2.0,5
608324,"{'breakAngle': 40.8, 'breakLength': 4.8, 'breakY': 24.0, 'breakVertical': -16.1, 'breakVerticalInduced': 12.4, 'breakHorizontal': 14.0, 'spinRate': 2250, 'spinDirection': 220}","{'aY': 33.109767932978336, 'aZ': -16.89206471035677, 'pfxX': -8.572326789970639, 'pfxZ': 7.435254349497427, 'pX': -0.05025050046422166, 'pZ': 2.2056494693800768, 'vX0': 7.041003922611997, 'vY0': -142.55067958618645, 'vZ0': -5.853300372214486, 'x': 118.92, 'y': 179.23, 'x0': -1.4398260784625152, 'y0': 50.006436190292575, 'z0': 5.354177597125335, 'aX': -17.626480255409547}","In play, out(s)",89.5,6.194197482062226,718760,523260,0.3843954793262858,Flyout,98.0,1.53,3.22,Four-Seam Fastball,2.0,5
670541,"{'breakAngle': 46.8, 'breakLength': 4.8, 'breakY': 24.0, 'breakVertical': -14.2, 'breakVerticalInduced': 13.1, 'breakHorizontal': 15.1, 'spinRate': 2390, 'spinDirection': 223}","{'aY': 35.36918522709272, 'aZ': -15.023918220522411, 'pfxX': -9.145123749182694, 'pfxZ': 7.9741219176589295, 'pX': -0.18069317089704262, 'pZ': 1.8310936493326166, 'vX0': 6.9150165556227865, 'vY0': -145.95665787324847, 'vZ0': -7.391323304296737, 'x': 123.89, 'y': 189.34, 'x0': -1.3962084611317949, 'y0': 50.00372397127773, 'z0': 5.30686664271656, 'aX': -19.669860500109596}",Called Strike,91.5,6.111895334788768,718760,523260,0.3757242101968936,Single,100.4,1.71,3.49,Four-Seam Fastball,2.0,8
670541,"{'breakAngle': 42.0, 'breakLength': 4.8, 'breakY': 24.0, 'breakVertical': -16.1, 'breakVerticalInduced': 12.1, 'breakHorizontal': 14.4, 'spinRate': 2388, 'spinDirection': 226}","{'aY': 34.05936570422403, 'aZ': -17.046868432644516, 'pfxX': -8.863548911408714, 'pfxZ': 7.291619549984995, 'pX': 0.3176360960233082, 'pZ': 2.2607561904717515, 'vX0': 7.900643889583527, 'vY0': -143.35254033466575, 'vZ0': -5.861696872704511, 'x': 104.89, 'y': 177.74, 'x0': -1.3265737466678056, 'y0': 50.00468258386378, 'z0': 5.401458461704888, 'aX': -18.394553996491386}",Called Strike,89.9,6.163159093005079,718760,523260,0.38250965485435007,Single,98.6,1.71,3.49,Four-Seam Fastball,2.0,9
670541,"{'breakAngle': 34.8, 'breakLength': 8.4, 'breakY': 24.0, 'breakVertical': -29.2, 'breakVerticalInduced': 7.3, 'breakHorizontal': 19.8, 'spinRate': 2162, 'spinDirection': 255}","{'aY': 25.99931800467889, 'aZ': -24.852345390919673, 'pfxX': -12.006410186379755, 'pfxZ': 4.558598648739257, 'pX': 0.5280547754895409, 'pZ': 1.463241931879198, 'vX0': 8.525448756104403, 'vY0': -126.04885235891761, 'vZ0': -4.942012923607414, 'x': 96.87, 'y': 199.27, 'x0': -1.3407510306486832, 'y0': 50.005490330411575, 'z0': 5.460078054961155, 'aX': -19.29270608323904}",Foul,79.5,5.914062781593611,718760,523260,0.4348149216456947,Single,86.8,1.71,3.49,Changeup,2.0,14
670541,"{'breakAngle': 48.0, 'breakLength': 3.6, 'breakY': 24.0, 'breakVertical': -11.8, 'breakVerticalInduced': 16.1, 'breakHorizontal': 12.8, 'spinRate': 2423, 'spinDirection': 219}","{'aY': 37.42936037834258, 'aZ': -12.46046451798908, 'pfxX': -7.781740086813823, 'pfxZ': 9.381854467358673, 'pX': -0.4817945539296645, 'pZ': 2.972323639796628, 'vX0': 5.418164294221453, 'vY0': -144.8678809731119, 'vZ0': -4.833774368865653, 'x': 135.36, 'y': 158.53, 'x0': -1.3762231358540757, 'y0': 50.004925622308484, 'z0': 5.439626981690361, 'aX': -16.35422732605964}","In play, no out",90.0,5.988008075555332,718760,523260,0.3797503469472492,Single,99.6,1.71,3.49,Four-Seam Fastball,2.0,4
547989,"{'breakAngle': 6.0, 'breakLength': 7.2, 'breakY': 24.0, 'breakVertical': -32.5, 'breakVerticalInduced': -0.1, 'breakHorizontal': -3.7, 'spinRate': 2725, 'spinDirection': 75}","{'aY': 32.12360983483892, 'aZ': -31.40551655684935, 'pfxX': 1.6312307952829466, 'pfxZ': 0.4300555408420834, 'pX': -0.09852254989252707, 'pZ': 1.5036330182216295, 'vX0': 3.2328485227342147, 'vY0': -134.168137377016, 'vZ0': -4.432883062569231, 'x': 120.76, 'y': 198.18, 'x0': -1.5365569393210528, 'y0': 50.005988895352736, 'z0': 5.444987406273149, 'aX': 2.940220683204979}",Called Strike,84.0,5.993841166176762,718760,523260,0.4100332945392382,Single,92.2,1.56,3.41,Slider,2.0,13
547989,"{'breakAngle': 9.6, 'breakLength': 7.2, 'breakY': 24.0, 'breakVertical': -31.4, 'breakVerticalInduced': 1.0, 'breakHorizontal': -5.6, 'spinRate': 2803, 'spinDirection': 55}","{'aY': 30.633843385832343, 'aZ': -30.172032058819095, 'pfxX': 2.4458320506773745, 'pfxZ': 1.1045583670993713, 'pX': 0.94126057173717, 'pZ': 1.2891602387851717, 'vX0': 5.4222354850146495, 'vY0': -133.99898665064785, 'vZ0': -5.464172933174505, 'x': 81.12, 'y': 203.97, 'x0': -1.4310153462563155, 'y0': 50.00010528181043, 'z0': 5.526820883140895, 'aX': 4.418562355514794}",Swinging Strike,84.4,5.9575018669902775,718760,523260,0.409736843051161,Single,92.1,1.56,3.41,Slider,2.0,14
547989,"{'breakAngle': 12.0, 'breakLength': 7.2, 'breakY': 24.0, 'breakVertical': -31.8, 'breakVerticalInduced': -0.7, 'breakHorizontal': -7.2, 'spinRate': 2886, 'spinDirection': 76}","{'aY': 31.926299349572798, 'aZ': -31.823463681089223, 'pfxX': 3.3794314006713306, 'pfxZ': 0.1873547560685287, 'pX': 0.8153893579951034, 'pZ': 1.2104674586765476, 'vX0': 4.850074073342749, 'vY0': -136.74169697106458, 'vZ0': -5.676428055010612, 'x': 85.92, 'y': 206.1, 'x0': -1.4246744356894925, 'y0': 50.004508230185515, 'z0': 5.51376004236031, 'aX': 6.358894939720478}","In play, no out",86.1,5.879632293700307,718760,523260,0.4015357264165522,Single,94.0,1.56,3.41,Slider,2.0,14
663656,"{'breakAngle': 33.6, 'breakLength': 7.2, 'breakY': 24.0, 'breakVertical': -25.0, 'breakVerticalInduced': 8.8, 'breakHorizontal': 16.8, 'spinRate': 1506, 'spinDirection': 225}","{'aY': 29.317362078940917, 'aZ': -22.921843890408013, 'pfxX': -9.532727390372113, 'pfxZ': 5.321311009223997, 'pX': -1.8906301888439982, 'pZ': 2.5871516185543495, 'vX0': 1.643905392063347, 'vY0': -131.3744732949792, 'vZ0': -4.7921560865993476, 'x': 189.07, 'y': 168.93, 'x0': -1.2888257221115536, 'y0': 50.000965348451665, 'z0': 6.151150291043266, 'aX': -16.565257458550295}",Ball,82.4,5.949162787018539,718760,614179,0.4178380695997639,Single,90.3,1.66,3.54,Changeup,2.0,13
663656,"{'breakAngle': 32.4, 'breakLength': 6.0, 'breakY': 24.0, 'breakVertical': -25.0, 'breakVerticalInduced': 9.4, 'breakHorizontal': 15.5, 'spinRate': 1672, 'spinDirection': 222}","{'aY': 28.25534190749098, 'aZ': -22.702243547484454, 'pfxX': -8.938937921851812, 'pfxZ': 5.539303374466574, 'pX': -1.1860863771034387, 'pZ': 2.9465896047747826, 'vX0': 3.0152087987247036, 'vY0': -130.2096992351175, 'vZ0': -3.8899433279816713, 'x': 162.21, 'y': 159.22, 'x0': -1.2000220564189885, 'y0': 50.00619357897623, 'z0': 6.18509797919501, 'aX': -15.297255445331308}",Ball,81.8,5.910813971966955,718760,614179,0.4212346532955209,Single,89.4,1.66,3.54,Changeup,2.0,11
663656,"{'breakAngle': 28.8, 'breakLength': 3.6, 'breakY': 24.0, 'breakVertical': -12.8, 'breakVerticalInduced': 16.6, 'breakHorizontal': 7.1, 'spinRate': 2146, 'spinDirection': 208}","{'aY': 35.25284659920294, 'aZ': -13.246177225896027, 'pfxX': -4.173669268090018, 'pfxZ': 9.52002028653617, 'pX': -0.9580960870699445, 'pZ': 4.1713041655831535, 'vX0': 1.9368580976314553, 'vY0': -140.88329092666598, 'vZ0': -3.7527934188627494, 'x': 153.52, 'y': 126.15, 'x0': -1.1164013882283497, 'y0': 50.00375899436384, 'z0': 6.390772244292999, 'aX': -8.299017784154259}",Ball,87.6,5.7793117260487605,718760,614179,0.39040030269136405,Single,96.8,1.66,3.54,Four-Seam Fastball,2.0,11
663656,"{'breakAngle': 31.2, 'breakLength': 7.2, 'breakY': 24.0, 'breakVertical': -25.4, 'breakVerticalInduced': 8.8, 'breakHorizontal': 15.5, 'spinRate': 1580, 'spinDirection': 228}","{'aY': 28.033891058887114, 'aZ': -23.15576586832795, 'pfxX': -9.04711003707034, 'pfxZ': 5.259627006009854, 'pX': -0.7882675266051344, 'pZ': 2.8333607402657552, 'vX0': 3.884260125347162, 'vY0': -130.28915346836666, 'vZ0': -4.115054007468939, 'x': 147.05, 'y': 162.28, 'x0': -1.1251354642935252, 'y0': 50.00314806394296, 'z0': 6.188648102431191, 'aX': -15.5140466740889}",Swinging Strike,81.9,5.960966657776667,718760,614179,0.42081122061207665,Single,89.5,1.66,3.54,Changeup,2.0,4
663656,"{'breakAngle': 31.2, 'breakLength': 7.2, 'breakY': 24.0, 'breakVertical': -26.0, 'breakVerticalInduced': 8.3, 'breakHorizontal': 15.8, 'spinRate': 1567, 'spinDirection': 226}","{'aY': 28.86089791182842, 'aZ': -23.269799358800636, 'pfxX': -9.447876055627209, 'pfxZ': 5.230239902713822, 'pX': -0.1455249214521568, 'pZ': 2.168175755438349, 'vX0': 5.196862037180154, 'vY0': -130.05503785983038, 'vZ0': -5.670751140426944, 'x': 122.55, 'y': 180.24, 'x0': -0.9486824988049044, 'y0': 50.0038042013816, 'z0': 6.156807383579812, 'aX': -16.084722161808966}",Foul,81.6,6.004305608402903,718760,614179,0.42216764184600386,Single,89.4,1.66,3.54,Changeup,2.0,8
663656,"{'breakAngle': 31.2, 'breakLength': 6.0, 'breakY': 24.0, 'breakVertical': -22.4, 'breakVerticalInduced': 10.7, 'breakHorizontal': 13.2, 'spinRate': 1735, 'spinDirection': 226}","{'aY': 30.21733755032931, 'aZ': -19.99325720633503, 'pfxX': -8.011262445574662, 'pfxZ': 6.879722171923745, 'pX': 0.22309655262015418, 'pZ': 1.3438988968388, 'vX0': 5.716534184794044, 'vY0': -132.65032648302895, 'vZ0': -8.396142400696771, 'x': 108.5, 'y': 202.49, 'x0': -0.926608779243979, 'y0': 50.00141846649516, 'z0': 6.025605303128884, 'aX': -14.17665160463123}","In play, run(s)",83.3,6.002657918277699,718760,614179,0.4140294617405398,Single,91.3,1.66,3.54,Changeup,2.0,14
676801,"{'breakAngle': 19.2, 'breakLength': 2.4, 'breakY': 24.0, 'breakVertical': -11.3, 'breakVerticalInduced': 19.0, 'breakHorizontal': 4.0, 'spinRate': 2245, 'spinDirection': 208}","{'aY': 34.96828318941236, 'aZ': -10.856070693145663, 'pfxX': -2.4468012552363536, 'pfxZ': 11.040413135671283, 'pX': -0.6719647935341457, 'pZ': 3.718615774812987, 'vX0': 2.043899264669384, 'vY0': -138.99004509157484, 'vZ0': -4.800737243223448, 'x': 142.61, 'y': 138.38, 'x0': -1.1037763350311058, 'y0': 50.00332952959057, 'z0': 6.206858067702097, 'aX': -4.724616042622425}",Ball,86.2,5.849627174317131,718760,614179,0.3960728312913462,Walk,95.5,1.53,3.21,Four-Seam Fastball,2.0,11
676801,"{'breakAngle': 2.4, 'breakLength': 9.6, 'breakY': 24.0, 'breakVertical': -41.6, 'breakVerticalInduced': -4.0, 'breakHorizontal': -1.7, 'spinRate': 2059, 'spinDirection': 52}","{'aY': 25.56304956148671, 'aZ': -35.734393426941985, 'pfxX': 0.5392757906163814, 'pfxZ': -2.2877873458240074, 'pX': 0.24682177716742476, 'pZ': 3.253304394250291, 'vX0': 2.8598564118333893, 'vY0': -124.15689295457071, 'vZ0': -0.40613127705622454, 'x': 107.59, 'y': 150.94, 'x0': -0.9914601928073111, 'y0': 50.00288829727907, 'z0': 6.400615335440699, 'aX': 0.8388992287175339}",Called Strike,78.2,5.6739193162945405,718760,614179,0.4416637693866443,Walk,85.3,1.47583354622047,3.12858932612301,Curveball,2.0,2
676801,"{'breakAngle': 0.0, 'breakLength': 9.6, 'breakY': 24.0, 'breakVertical': -40.4, 'breakVerticalInduced': -2.3, 'breakHorizontal': 0.1, 'spinRate': 1902, 'spinDirection': 37}","{'aY': 24.748700178174186, 'aZ': -34.417512915679055, 'pfxX': -0.24213452844735128, 'pfxZ': -1.4657153595712433, 'pX': -0.6385136099533363, 'pZ': 3.830907789143078, 'vX0': 1.1198200622148857, 'vY0': -123.15843067477958, 'vZ0': 0.6935213045383051, 'x': 141.34, 'y': 135.35, 'x0': -1.0678605378078494, 'y0': 50.000617479193764, 'z0': 6.459486006993724, 'aX': -0.371605099490767}",Ball,77.6,5.697911177087569,718760,614179,0.44495265732721245,Walk,84.5,1.53295829459788,3.10038022724081,Curveball,2.0,11
676801,"{'breakAngle': 36.0, 'breakLength': 4.8, 'breakY': 24.0, 'breakVertical': -18.7, 'breakVerticalInduced': 11.0, 'breakHorizontal': 13.6, 'spinRate': 2076, 'spinDirection': 212}","{'aY': 33.87086292155273, 'aZ': -18.708814109193295, 'pfxX': -7.86980518002028, 'pfxZ': 6.832154520159483, 'pX': -0.8569695372381171, 'pZ': 2.4327961379308665, 'vX0': 3.1483192931837802, 'vY0': -140.0349532619667, 'vZ0': -6.825827447568488, 'x': 149.67, 'y': 173.09, 'x0': -0.9783226832216154, 'y0': 50.00215407658337, 'z0': 6.141396336080074, 'aX': -15.510196693496496}",Swinging Strike,87.6,5.914632804763728,718760,614179,0.39227576364662653,Walk,96.3,1.53,3.21,Sinker,2.0,13
676801,"{'breakAngle': 30.0, 'breakLength': 7.2, 'breakY': 24.0, 'breakVertical': -26.6, 'breakVerticalInduced': 7.2, 'breakHorizontal': 15.6, 'spinRate': 1706, 'spinDirection': 223}","{'aY': 30.237588716752814, 'aZ': -23.802670150348842, 'pfxX': -8.792077550200975, 'pfxZ': 4.827423782318664, 'pX': -1.744354635882838, 'pZ': 1.3365196541931361, 'vX0': 1.2493153106627959, 'vY0': -131.46162338221225, 'vZ0': -7.575121091446825, 'x': 183.49, 'y': 202.69, 'x0': -1.0870013840334949, 'y0': 50.00402846606825, 'z0': 6.0469567493855365, 'aX': -15.249276128726715}",Ball,82.5,5.9608218311177765,718760,614179,0.41810316936688885,Walk,90.4,1.50439948596076,3.0721620740683,Changeup,2.0,13
676801,"{'breakAngle': 30.0, 'breakLength': 4.8, 'breakY': 24.0, 'breakVertical': -20.0, 'breakVerticalInduced': 10.3, 'breakHorizontal': 11.5, 'spinRate': 2108, 'spinDirection': 207}","{'aY': 32.270780028614986, 'aZ': -19.806350935233255, 'pfxX': -6.77589658626925, 'pfxZ': 6.393529740151207, 'pX': -0.5080734501245907, 'pZ': 2.4060239554051464, 'vX0': 3.339900531514929, 'vY0': -138.492064320384, 'vZ0': -6.641036698604076, 'x': 136.37, 'y': 173.82, 'x0': -0.8524814356423732, 'y0': 50.00012269562577, 'z0': 6.169585996598254, 'aX': -13.098822093162207}",Foul,86.9,5.893378137411524,718760,614179,0.39620767593523754,Walk,95.2,1.53,3.21,Sinker,2.0,4
676801,"{'breakAngle': 36.0, 'breakLength': 4.8, 'breakY': 24.0, 'breakVertical': -16.8, 'breakVerticalInduced': 12.7, 'breakHorizontal': 12.1, 'spinRate': 2155, 'spinDirection': 210}","{'aY': 31.718125811975177, 'aZ': -17.168705926467172, 'pfxX': -6.789460934554746, 'pfxZ': 7.546841628916402, 'pX': -1.5614081180568886, 'pZ': 3.025961136556336, 'vX0': 1.0507959692604112, 'vY0': -140.11289865695596, 'vZ0': -5.566898399665291, 'x': 176.52, 'y': 157.08, 'x0': -1.0593709829042997, 'y0': 50.001165226514836, 'z0': 6.160827751271432, 'aX': -13.49418554134145}",Ball,88.1,5.793688831140867,718760,614179,0.3909562182650941,Walk,96.2,1.59005433034822,3.12858932612301,Sinker,2.0,11
682073,"{'breakAngle': 0.0, 'breakLength': 8.4, 'breakY': 24.0, 'breakVertical': -39.0, 'breakVerticalInduced': -2.3, 'breakHorizontal': -0.1, 'spinRate': 2057, 'spinDirection': 37}","{'aY': 26.158552180128023, 'aZ': -33.70896716058601, 'pfxX': -0.5835554910329117, 'pfxZ': -0.962837786352317, 'pX': 1.0532430732708016, 'pZ': 2.2068469431344755, 'vX0': 4.97293243571196, 'vY0': -125.73687186379422, 'vZ0': -3.221755790024454, 'x': 76.85, 'y': 179.2, 'x0': -0.8766430683739506, 'y0': 50.00117398300715, 'z0': 6.247751990672957, 'aX': -0.9318526801226392}",Ball,79.4,5.958617438031673,718760,614179,0.4360679058502308,Flyout,86.4,1.70415876419057,3.35393113335119,Curveball,2.0,14
682073,"{'breakAngle': 26.4, 'breakLength': 3.6, 'breakY': 24.0, 'breakVertical': -13.1, 'breakVerticalInduced': 16.4, 'breakHorizontal': 6.2, 'spinRate': 2256, 'spinDirection': 214}","{'aY': 32.5281800493687, 'aZ': -12.169037186833213, 'pfxX': -4.083280227573007, 'pfxZ': 10.060609923162174, 'pX': 0.4727052395039687, 'pZ': 1.768031034079444, 'vX0': 5.183080662415009, 'vY0': -140.29842459969998, 'vZ0': -9.383593818087714, 'x': 98.98, 'y': 191.04, 'x0': -0.8704247391735171, 'y0': 50.0012234254671, 'z0': 5.95451389703211, 'aX': -8.11817895781129}",Called Strike,88.2,6.100148647681105,718760,614179,0.390792932287058,Flyout,96.6,1.70415876419057,3.38205686276055,Four-Seam Fastball,2.0,9
682073,"{'breakAngle': 34.8, 'breakLength': 6.0, 'breakY': 24.0, 'breakVertical': -19.9, 'breakVerticalInduced': 14.3, 'breakHorizontal': 13.7, 'spinRate': 1739, 'spinDirection': 220}","{'aY': 28.353905150835537, 'aZ': -17.575985789461473, 'pfxX': -7.890089753496564, 'pfxZ': 8.509224424049417, 'pX': -1.0055666216731607, 'pZ': 2.4517548110022425, 'vX0': 2.3544885294655686, 'vY0': -130.40454085957944, 'vZ0': -6.083941146909903, 'x': 155.33, 'y': 172.58, 'x0': -0.8969940632250939, 'y0': 50.00476504748882, 'z0': 6.148571365580717, 'aX': -13.541076146558996}",Foul,81.9,6.0389836706799445,718760,614179,0.4205968551184327,Flyout,89.6,1.65,3.43,Changeup,2.0,13
682073,"{'breakAngle': 38.4, 'breakLength': 3.6, 'breakY': 24.0, 'breakVertical': -11.6, 'breakVerticalInduced': 18.1, 'breakHorizontal': 9.1, 'spinRate': 2255, 'spinDirection': 205}","{'aY': 33.788780076877565, 'aZ': -10.9712221582328, 'pfxX': -5.303802042070144, 'pfxZ': 10.797367540057515, 'pX': -0.7354035370698873, 'pZ': 2.935664287855446, 'vX0': 2.3498544748052934, 'vY0': -139.79054769624486, 'vZ0': -6.958207189414644, 'x': 145.03, 'y': 159.52, 'x0': -0.9014723648001615, 'y0': 50.00325304836964, 'z0': 6.19013537609507, 'aX': -10.415852794423683}","In play, out(s)",87.3,5.899998308332855,718760,614179,0.39298923233925764,Flyout,96.1,1.65,3.43,Four-Seam Fastball,2.0,4
650391,"{'breakAngle': 18.0, 'breakLength': 8.4, 'breakY': 24.0, 'breakVertical': -34.8, 'breakVerticalInduced': 0.5, 'breakHorizontal': 11.2, 'spinRate': 1056, 'spinDirection': 238}","{'aY': 27.742519136602684, 'aZ': -30.50195914123028, 'pfxX': -6.6276858953987645, 'pfxZ': 1.009604812359024, 'pX': -0.24269052655897116, 'pZ': 1.1856936592178358, 'vX0': 3.3001590481433767, 'vY0': -128.35179983731507, 'vZ0': -6.816003288993316, 'x': 126.25, 'y': 206.77, 'x0': -0.6872456205071098, 'y0': 50.00538811443512, 'z0': 6.265770085420759, 'aX': -11.007271288276947}",Swinging Strike,81.1,5.873331196270359,718760,592773,0.4275124690999208,Walk,88.2,1.7,3.48,Splitter,0.91,13
650391,"{'breakAngle': 24.0, 'breakLength': 7.2, 'breakY': 24.0, 'breakVertical': -28.0, 'breakVerticalInduced': 6.5, 'breakHorizontal': 12.5, 'spinRate': 1111, 'spinDirection': 236}","{'aY': 27.69087042000102, 'aZ': -24.508999829572534, 'pfxX': -7.371204088171962, 'pfxZ': 4.50375582803273, 'pX': 0.13021962382500757, 'pZ': 0.9116943959018629, 'vX0': 3.578250870123494, 'vY0': -129.79242050320158, 'vZ0': -8.559530493963845, 'x': 112.04, 'y': 214.16, 'x0': -0.3100844049605686, 'y0': 50.00509912161797, 'z0': 6.124955250158921, 'aX': -12.55184194072227}",Swinging Strike,82.1,6.194707944253184,718760,592773,0.42233504192251914,Walk,89.3,1.7,3.48,Splitter,0.9,14
650391,"{'breakAngle': 45.6, 'breakLength': 3.6, 'breakY': 24.0, 'breakVertical': -12.0, 'breakVerticalInduced': 16.9, 'breakHorizontal': 12.4, 'spinRate': 2346, 'spinDirection': 219}","{'aY': 36.9251235496096, 'aZ': -13.188386598051913, 'pfxX': -7.188653294955511, 'pfxZ': 9.394003643973381, 'pX': -0.8523246876213295, 'pZ': 5.107819440781607, 'vX0': 2.4405347252407563, 'vY0': -142.2811780874946, 'vZ0': -1.1924885503408342, 'x': 149.49, 'y': 100.87, 'x0': -0.7944458468523078, 'y0': 50.00702675031827, 'z0': 6.3805819364827, 'aX': -14.534580496791712}",Ball,88.1,5.71929755347274,718760,592773,0.38706004810134376,Walk,97.8,1.7,3.48,Four-Seam Fastball,0.9,11
650391,"{'breakAngle': 1.2, 'breakLength': 8.4, 'breakY': 24.0, 'breakVertical': -36.4, 'breakVerticalInduced': -1.4, 'breakHorizontal': -1.3, 'spinRate': 2451, 'spinDirection': 26}","{'aY': 28.246592153114133, 'aZ': -31.427974876216012, 'pfxX': -0.021856755257799065, 'pfxZ': 0.4399452019018417, 'pX': 1.8472111441860153, 'pZ': -0.6588611278660002, 'vX0': 5.758485622877056, 'vY0': -129.25049728202302, 'vZ0': -10.620419601251808, 'x': 46.59, 'y': 256.57, 'x0': -0.41159642922536793, 'y0': 50.00248033780733, 'z0': 5.9364892012219, 'aX': -0.03839990353062056}",Ball,82.2,6.159639487709403,718760,592773,0.42462153729057395,Walk,89.1,1.78965893959337,3.41017312220038,Slider,0.9,14
650391,"{'breakAngle': 20.4, 'breakLength': 7.2, 'breakY': 24.0, 'breakVertical': -30.2, 'breakVerticalInduced': 4.6, 'breakHorizontal': 11.3, 'spinRate': 871, 'spinDirection': 245}","{'aY': 28.037526188030668, 'aZ': -27.477497477218904, 'pfxX': -6.5640559467956106, 'pfxZ': 2.784463652701536, 'pX': -0.13592860682746125, 'pZ': 2.980683391056725, 'vX0': 2.5674527915438397, 'vY0': -129.38654527109188, 'vZ0': -3.2240595221107533, 'x': 122.18, 'y': 158.3, 'x0': -0.29053768621325876, 'y0': 50.00492487641233, 'z0': 6.357931159184781, 'aX': -11.084676822711002}",Foul,81.3,6.003219191782468,718760,592773,0.4239911387206563,Walk,88.9,1.7,3.48,Splitter,0.9,5
650391,"{'breakAngle': 46.8, 'breakLength': 3.6, 'breakY': 24.0, 'breakVertical': -9.4, 'breakVerticalInduced': 19.2, 'breakHorizontal': 9.8, 'spinRate': 2374, 'spinDirection': 211}","{'aY': 36.453351488213876, 'aZ': -8.65880763219905, 'pfxX': -6.280422390272296, 'pfxZ': 11.483502623061819, 'pX': 1.4617967894553598, 'pZ': 3.088810020688607, 'vX0': 6.840604939240915, 'vY0': -143.01318185727482, 'vZ0': -7.691093583993039, 'x': 61.28, 'y': 155.38, 'x0': -0.15817870288558833, 'y0': 50.00682320408589, 'z0': 6.374324227502323, 'aX': -12.865736395668257}",Ball,89.0,5.798618176930102,718760,592773,0.3846516630555823,Walk,98.5,1.7,3.48,Four-Seam Fastball,0.91,12
650391,"{'breakAngle': 31.2, 'breakLength': 7.2, 'breakY': 24.0, 'breakVertical': -26.4, 'breakVerticalInduced': 7.9, 'breakHorizontal': 15.5, 'spinRate': 1179, 'spinDirection': 237}","{'aY': 27.99058752907832, 'aZ': -22.885980166943195, 'pfxX': -9.573671325407489, 'pfxZ': 5.427428360841763, 'pX': 1.647879606158902, 'pZ': 0.7641875951344111, 'vX0': 8.216603498472722, 'vY0': -130.18401445463994, 'vZ0': -9.15190082745948, 'x': 54.19, 'y': 218.15, 'x0': -0.30935335805627406, 'y0': 50.005361027705135, 'z0': 6.065318500547126, 'aX': -16.39282183075706}",Ball,82.3,6.2114026263780495,718760,592773,0.4211450432016304,Walk,89.7,1.7,3.48,Splitter,0.86,14
660162,"{'breakAngle': 46.8, 'breakLength': 3.6, 'breakY': 24.0, 'breakVertical': -10.0, 'breakVerticalInduced': 18.7, 'breakHorizontal': 10.6, 'spinRate': 2292, 'spinDirection': 207}","{'aY': 31.776564163673477, 'aZ': -8.824460915929253, 'pfxX': -6.440506098806476, 'pfxZ': 11.39817945698161, 'pX': 0.9526204043287412, 'pZ': 1.919025443788714, 'vX0': 5.8713988643061, 'vY0': -142.04089942298089, 'vZ0': -10.534760744038488, 'x': 80.69, 'y': 186.97, 'x0': -0.3019696287236966, 'y0': 50.00212276936256, 'z0': 6.23199465711513, 'aX': -13.192689790079552}",Ball,89.6,6.020641604992989,718760,592773,0.3852524555718517,Lineout,97.8,1.47,3.33,Four-Seam Fastball,0.9,14
660162,"{'breakAngle': 48.0, 'breakLength': 2.4, 'breakY': 24.0, 'breakVertical': -8.9, 'breakVerticalInduced': 19.3, 'breakHorizontal': 10.0, 'spinRate': 2352, 'spinDirection': 206}","{'aY': 32.6821022803365, 'aZ': -8.105736726765965, 'pfxX': -5.888331893587242, 'pfxZ': 11.55719945281118, 'pX': 0.21469867927296957, 'pZ': 2.6238585855023424, 'vX0': 3.8573104845186643, 'vY0': -143.29332961655487, 'vZ0': -8.861052485926532, 'x': 108.82, 'y': 167.94, 'x0': -0.382923170715978, 'y0': 50.001332652628996, 'z0': 6.26026811105186, 'aX': -12.26090454687323}","In play, out(s)",90.2,5.921597577795476,718760,592773,0.3820451964291962,Lineout,98.6,1.47,3.33,Four-Seam Fastball,0.91,5
683734,"{'breakAngle': 3.6, 'breakLength': 8.4, 'breakY': 24.0, 'breakVertical': -36.6, 'breakVerticalInduced': -0.7, 'breakHorizontal': -1.9, 'spinRate': 2417, 'spinDirection': 40}","{'aY': 26.14709921096308, 'aZ': -32.45031518878019, 'pfxX': 0.9114404819717806, 'pfxZ': -0.16840221751703943, 'pX': -0.16358566982560094, 'pZ': 2.4864103441943484, 'vX0': 1.4267179032346025, 'vY0': -127.05370194661772, 'vZ0': -2.9204553224382774, 'x': 123.24, 'y': 171.65, 'x0': -0.8509167924043746, 'y0': 50.002879814829555, 'z0': 6.230766074172116, 'aX': 1.4893389638493115}",Called Strike,80.3,6.019488915056947,718760,592773,0.43116841472802037,Lineout,87.2,1.53,3.23,Slider,0.9,5
683734,"{'breakAngle': 50.4, 'breakLength': 3.6, 'breakY': 24.0, 'breakVertical': -10.0, 'breakVerticalInduced': 18.6, 'breakHorizontal': 11.9, 'spinRate': 2412, 'spinDirection': 210}","{'aY': 35.611552679084596, 'aZ': -8.646410999122265, 'pfxX': -7.076738011864149, 'pfxZ': 11.466501949962272, 'pX': 0.19337372888095283, 'pZ': 1.892518667531883, 'vX0': 3.9861729177435423, 'vY0': -142.95905621840922, 'vZ0': -10.360853264861767, 'x': 109.63, 'y': 187.68, 'x0': -0.30608060195371944, 'y0': 50.002349388611776, 'z0': 6.123513740919723, 'aX': -14.521143195714243}","In play, out(s)",89.3,6.027483055152537,718760,592773,0.384403793438711,Lineout,98.5,1.53,3.23,Four-Seam Fastball,0.91,8
693049,"{'breakAngle': 51.6, 'breakLength': 3.6, 'breakY': 24.0, 'breakVertical': -8.9, 'breakVerticalInduced': 19.3, 'breakHorizontal': 11.0, 'spinRate': 2454, 'spinDirection': 206}","{'aY': 37.50022699193399, 'aZ': -8.713742929789076, 'pfxX': -6.372593695557163, 'pfxZ': 11.316838262648298, 'pX': -0.5854822219818134, 'pZ': 3.9330052660556425, 'vX0': 2.2364790342837924, 'vY0': -144.00315930092407, 'vZ0': -5.5689732392353655, 'x': 139.32, 'y': 132.59, 'x0': -0.5504724741102307, 'y0': 50.000187306422134, 'z0': 6.447543367104819, 'aX': -13.207170412549441}",Ball,89.4,5.848172486728713,718760,592773,0.38226943409929426,Single,99.0,1.513,3.319,Four-Seam Fastball,0.91,11
693049,"{'breakAngle': 21.6, 'breakLength': 8.4, 'breakY': 24.0, 'breakVertical': -32.8, 'breakVerticalInduced': 2.4, 'breakHorizontal': 13.0, 'spinRate': 1098, 'spinDirection': 242}","{'aY': 27.840441610599612, 'aZ': -27.713751482553622, 'pfxX': -8.092719545854361, 'pfxZ': 2.6758570603971448, 'pX': 1.3620324640703758, 'pZ': -0.49509817318372346, 'vX0': 7.005787067229261, 'vY0': -128.5734558778734, 'vZ0': -10.82566152754979, 'x': 65.08, 'y': 252.15, 'x0': -0.3529509626005217, 'y0': 50.00413836128293, 'z0': 5.937883672687651, 'aX': -13.486322268419562}",Ball In Dirt,81.5,6.059504623499305,718760,592773,0.42677852765160385,Single,88.7,1.513,3.319,Splitter,0.9,14
693049,"{'breakAngle': 46.8, 'breakLength': 3.6, 'breakY': 24.0, 'breakVertical': -10.2, 'breakVerticalInduced': 18.5, 'breakHorizontal': 10.9, 'spinRate': 2268, 'spinDirection': 209}","{'aY': 33.85655687272149, 'aZ': -9.763232860669376, 'pfxX': -6.517772007019188, 'pfxZ': 10.961775330853353, 'pX': 0.17341249361296276, 'pZ': 3.1387465503249197, 'vX0': 4.189104687209124, 'vY0': -142.35987082653244, 'vZ0': -7.141607685057758, 'x': 110.39, 'y': 154.03, 'x0': -0.4732795000473552, 'y0': 50.00434902726741, 'z0': 6.3040395483458385, 'aX': -13.327669959058}","In play, no out",89.1,6.0026744667454395,718760,592773,0.3853059047414136,Single,97.9,1.513,3.319,Four-Seam Fastball,0.9,2
462101,"{'breakAngle': 26.4, 'breakLength': 3.6, 'breakY': 24.0, 'breakVertical': -15.0, 'breakVerticalInduced': 18.1, 'breakHorizontal': 7.3, 'spinRate': 2439, 'spinDirection': 212}","{'aY': 29.84632768950702, 'aZ': -13.199326527857917, 'pfxX': -4.214800987272647, 'pfxZ': 10.7208880196083, 'pX': -2.1121857833649607, 'pZ': 2.4884218628732677, 'vX0': 1.5180300298972136, 'vY0': -132.571014858358, 'vZ0': -6.33922098868944, 'x': 197.51, 'y': 171.59, 'x0': -2.146528830345116, 'y0': 50.00314350355764, 'z0': 5.884466909063339, 'aX': -7.459497700613531}",Ball,83.0,5.960876491876146,718760,593576,0.4140627496852316,Strikeout,91.1,1.39,3.09,Four-Seam Fastball,0.86,11
462101,"{'breakAngle': 27.6, 'breakLength': 3.6, 'breakY': 24.0, 'breakVertical': -15.0, 'breakVerticalInduced': 17.6, 'breakHorizontal': 7.8, 'spinRate': 2460, 'spinDirection': 215}","{'aY': 30.05928215577932, 'aZ': -13.60387293480729, 'pfxX': -4.4985305923889936, 'pfxZ': 10.344606005267813, 'pX': -1.919892914338177, 'pZ': 2.7767768091654683, 'vX0': 1.3503751399404567, 'vY0': -133.46554910259871, 'vZ0': -5.759450285543698, 'x': 190.18, 'y': 163.81, 'x0': -1.849542334809663, 'y0': 50.00154569978238, 'z0': 5.950942818018986, 'aX': -8.07463165065855}",Ball,83.5,6.523974079150496,718760,593576,0.41116425982824234,Strikeout,91.7,1.39,3.09,Four-Seam Fastball,0.88,11
462101,"{'breakAngle': 36.0, 'breakLength': 6.0, 'breakY': 24.0, 'breakVertical': -21.7, 'breakVerticalInduced': 12.1, 'breakHorizontal': 15.5, 'spinRate': 2330, 'spinDirection': 208}","{'aY': 29.585096715095535, 'aZ': -19.854756361451773, 'pfxX': -9.016824481156277, 'pfxZ': 7.099689227384973, 'pX': -1.5164511090717736, 'pZ': 2.8629002049523504, 'vX0': 3.6309751615469805, 'vY0': -131.32948861320665, 'vZ0': -4.259722509185007, 'x': 174.8, 'y': 161.48, 'x0': -1.7508785076946491, 'y0': 50.001485784797495, 'z0': 5.995790046063754, 'aX': -15.64148380980507}",Foul,82.2,5.855287556863246,718760,593576,0.4181532596181432,Strikeout,90.3,1.39,3.09,Sinker,0.79,11
462101,"{'breakAngle': 38.4, 'breakLength': 6.0, 'breakY': 24.0, 'breakVertical': -21.8, 'breakVerticalInduced': 11.8, 'breakHorizontal': 17.4, 'spinRate': 2319, 'spinDirection': 215}","{'aY': 30.227381850341303, 'aZ': -19.00290204536663, 'pfxX': -10.567296581949009, 'pfxZ': 7.562988344103642, 'pX': -0.20957868329369966, 'pZ': 1.0941483162565373, 'vX0': 7.323141557035336, 'vY0': -131.7081414230266, 'vZ0': -8.567643143278742, 'x': 124.99, 'y': 209.24, 'x0': -1.6652844589838414, 'y0': 50.00356017586379, 'z0': 5.8166628765806205, 'aX': -18.40610312921113}",Ball,82.6,7.018015281647825,718760,593576,0.4172452449336843,Strikeout,90.8,1.39,3.09,Sinker,0.82,13
462101,"{'breakAngle': 34.8, 'breakLength': 4.8, 'breakY': 24.0, 'breakVertical': -18.7, 'breakVerticalInduced': 13.8, 'breakHorizontal': 13.1, 'spinRate': 2367, 'spinDirection': 204}","{'aY': 31.26834173921867, 'aZ': -17.863552814432627, 'pfxX': -7.751811916141618, 'pfxZ': 7.969152063102753, 'pX': -1.3048625139231946, 'pZ': 3.393615473685953, 'vX0': 4.177633358301307, 'vY0': -133.7719316988184, 'vZ0': -3.352107276390055, 'x': 166.74, 'y': 147.15, 'x0': -1.8870471735577228, 'y0': 50.005217029724676, 'z0': 5.9579797551845735, 'aX': -13.925259717571526}",Foul,83.4,6.100836143827923,718760,593576,0.4108564774745198,Strikeout,91.9,1.39,3.09,Sinker,0.6,11
462101,"{'breakAngle': 14.4, 'breakLength': 9.6, 'breakY': 24.0, 'breakVertical': -41.4, 'breakVerticalInduced': -0.8, 'breakHorizontal': 10.4, 'spinRate': 1092, 'spinDirection': 255}","{'aY': 26.24114214236916, 'aZ': -32.84831131324388, 'pfxX': -6.3999308718351395, 'pfxZ': -0.46221003711990427, 'pX': -0.6794088366800322, 'pZ': 2.6741816593178487, 'vX0': 4.181082186758752, 'vY0': -120.05511595792711, 'vZ0': -1.1139904950744428, 'x': 142.9, 'y': 166.58, 'x0': -1.6241932866961293, 'y0': 50.005979092266514, 'z0': 6.104557485303956, 'aX': -9.214788705149912}",Swinging Strike,75.0,5.884319931704794,718760,593576,0.458653310960762,Strikeout,82.5,1.39,3.09,Splitter,0.94,1
673237,"{'breakAngle': 2.4, 'breakLength': 8.4, 'breakY': 24.0, 'breakVertical': -39.6, 'breakVerticalInduced': -0.7, 'breakHorizontal': -1.3, 'spinRate': 1982, 'spinDirection': 24}","{'aY': 25.975801889242593, 'aZ': -32.35581061639571, 'pfxX': 0.5030093520545353, 'pfxZ': -0.12217376824282411, 'pX': -0.27566515279521775, 'pZ': 2.360589292367152, 'vX0': 1.8419414343292462, 'vY0': -122.32815933277385, 'vZ0': -2.816570242963089, 'x': 104.16, 'y': 149.1, 'x0': -1.10624009536285, 'y0': 50.00197905849067, 'z0': 6.323690092999323, 'aX': 0.7558296968456867}",Swinging Strike,76.9,5.79755639110785,718760,614179,0.4491546584083994,Hit By Pitch,84.0,1.535,3.371,Curveball,2.0,5
673237,"{'breakAngle': 2.4, 'breakLength': 9.6, 'breakY': 24.0, 'breakVertical': -41.5, 'breakVerticalInduced': -2.6, 'breakHorizontal': -1.4, 'spinRate': 1983, 'spinDirection': 28}","{'aY': 26.14379726454571, 'aZ': -33.86335009075177, 'pfxX': 0.21119585811505637, 'pfxZ': -1.1207168901439193, 'pX': 0.7959609659614328, 'pZ': 1.816572673719508, 'vX0': 4.296723256853962, 'vY0': -122.53407385518325, 'vZ0': -3.6316345971061157, 'x': 106.79, 'y': 140.61, 'x0': -1.0140027802557776, 'y0': 50.00270663936415, 'z0': 6.237223344600699, 'aX': 0.3180001286556323}",Swinging Strike,77.2,5.8208469253631145,718760,614179,0.4484741660901097,Hit By Pitch,84.2,1.535,3.371,Curveball,2.0,9
673237,"{'breakAngle': 40.8, 'breakLength': 4.8, 'breakY': 24.0, 'breakVertical': -18.0, 'breakVerticalInduced': 12.4, 'breakHorizontal': 15.7, 'spinRate': 2018, 'spinDirection': 210}","{'aY': 34.184693622600435, 'aZ': -17.330161386104745, 'pfxX': -8.898913052249963, 'pfxZ': 7.696614280274361, 'pX': -1.7532470832630165, 'pZ': 2.116007161212366, 'vX0': 1.422790644169536, 'vY0': -138.7477847775639, 'vZ0': -7.852089593834699, 'x': 183.83, 'y': 181.65, 'x0': -1.1209673151865285, 'y0': 50.003991478881986, 'z0': 6.161246340744887, 'aX': -17.16229670162052}",Ball,86.7,5.777606492310172,718760,614179,0.39641172698841,Hit By Pitch,95.4,1.535,3.371,Sinker,2.0,13
673237,"{'breakAngle': 2.4, 'breakLength': 8.4, 'breakY': 24.0, 'breakVertical': -39.6, 'breakVerticalInduced': -1.1, 'breakHorizontal': 1.4, 'spinRate': 1975, 'spinDirection': 28}","{'aY': 26.350190844594543, 'aZ': -32.01632673055694, 'pfxX': -1.694524908419, 'pfxZ': 0.09938502876873567, 'pX': 1.3917812659429436, 'pZ': 0.9445610934354816, 'vX0': 6.241382027331612, 'vY0': -122.93550028743803, 'vZ0': -5.846608024275877, 'x': 63.95, 'y': 213.28, 'x0': -0.9693404312565489, 'y0': 50.00085219999537, 'z0': 6.099869627136837, 'aX': -2.572096396844436}",Ball,77.6,5.9522753645528965,718760,614179,0.4470375200192933,Hit By Pitch,84.6,1.535,3.371,Curveball,2.0,14
673237,"{'breakAngle': 34.8, 'breakLength': 6.0, 'breakY': 24.0, 'breakVertical': -24.0, 'breakVerticalInduced': 10.6, 'breakHorizontal': 16.8, 'spinRate': 1701, 'spinDirection': 220}","{'aY': 28.943790418825568, 'aZ': -22.117690817920554, 'pfxX': -9.488622823930813, 'pfxZ': 5.9270488499737155, 'pX': -1.7488006509109264, 'pZ': 4.0208732557632425, 'vX0': 1.5207236196764002, 'vY0': -129.87591257595733, 'vZ0': -1.6075304743823184, 'x': 183.66, 'y': 130.22, 'x0': -1.112278856827327, 'y0': 50.00337081613374, 'z0': 6.341515173556802, 'aX': -16.09784340178161}",Hit By Pitch,81.2,5.868835687402799,718760,614179,0.42285936926180057,Hit By Pitch,89.2,1.535,3.371,Changeup,2.0,11
667452,"{'breakAngle': 30.0, 'breakLength': 3.6, 'breakY': 24.0, 'breakVertical': -11.9, 'breakVerticalInduced': 18.1, 'breakHorizontal': 6.8, 'spinRate': 2328, 'spinDirection': 206}","{'aY': 34.37857549177842, 'aZ': -10.422526582607137, 'pfxX': -4.701515214815318, 'pfxZ': 11.173024294163458, 'pX': 1.1166928750309215, 'pZ': 1.8004757270183345, 'vX0': 7.306538389306596, 'vY0': -139.3621245962402, 'vZ0': -9.527404190157506, 'x': 74.43, 'y': 190.17, 'x0': -0.9408720824601245, 'y0': 50.00024404978856, 'z0': 5.973040426206673, 'aX': -9.150908449706316}",Ball,87.0,6.0238890300781724,718760,614179,0.39460987732502284,Single,96.1,1.535,3.371,Four-Seam Fastball,2.0,14
667452,"{'breakAngle': 36.0, 'breakLength': 4.8, 'breakY': 24.0, 'breakVertical': -16.1, 'breakVerticalInduced': 14.6, 'breakHorizontal': 11.9, 'spinRate': 2142, 'spinDirection': 207}","{'aY': 32.36316199182877, 'aZ': -15.009804698441203, 'pfxX': -6.843720368148393, 'pfxZ': 8.996543787662345, 'pX': -1.1406776247648356, 'pZ': 2.0470212592385435, 'vX0': 2.102313444619626, 'vY0': -137.67542501701695, 'vZ0': -8.338564897160108, 'x': 160.48, 'y': 183.51, 'x0': -1.0280351104791787, 'y0': 50.00281694473079, 'z0': 6.144438335813556, 'aX': -13.054312273754007}",Ball,86.3,5.802653477865434,718760,614179,0.39880811198817545,Single,94.7,1.565,3.411,Sinker,2.0,13
667452,"{'breakAngle': 2.4, 'breakLength': 8.4, 'breakY': 24.0, 'breakVertical': -38.9, 'breakVerticalInduced': -0.4, 'breakHorizontal': 1.2, 'spinRate': 1841, 'spinDirection': 35}","{'aY': 25.70094374890605, 'aZ': -32.129284034534166, 'pfxX': -1.0392558337856659, 'pfxZ': 0.02777133835406964, 'pX': -0.06280326815989624, 'pZ': 2.381944872067743, 'vX0': 2.7306186326032535, 'vY0': -122.91362867913885, 'vZ0': -2.8302123070014087, 'x': 119.39, 'y': 174.47, 'x0': -1.0559955626818722, 'y0': 50.002789544318496, 'z0': 6.292927213042845, 'aX': -1.5813151248558146}",Called Strike,77.4,5.738174962629753,718760,614179,0.446641349189123,Single,84.4,1.565,3.411,Curveball,2.0,5
667452,"{'breakAngle': 1.2, 'breakLength': 9.6, 'breakY': 24.0, 'breakVertical': -44.0, 'breakVerticalInduced': -4.9, 'breakHorizontal': 0.8, 'spinRate': 2094, 'spinDirection': 33}","{'aY': 24.29076550391067, 'aZ': -35.7446210439, 'pfxX': -1.0318290981087515, 'pfxZ': -2.3791828513553135, 'pX': 0.7148452734231637, 'pZ': 1.5849610829358698, 'vX0': 4.427191926565054, 'vY0': -121.73168548075402, 'vZ0': -3.616297438473804, 'x': 89.75, 'y': 195.99, 'x0': -0.9947974945767402, 'y0': 50.005238586749556, 'z0': 6.189878409638633, 'aX': -1.546184183246835}",Foul Tip,77.2,5.987279361801303,718760,614179,0.45024704168767604,Single,83.6,1.565,3.411,Curveball,2.0,9
667452,"{'breakAngle': 1.2, 'breakLength': 8.4, 'breakY': 24.0, 'breakVertical': -38.9, 'breakVerticalInduced': -2.2, 'breakHorizontal': 0.6, 'spinRate': 1751, 'spinDirection': 37}","{'aY': 26.282551130078982, 'aZ': -33.540945527325526, 'pfxX': -0.9165481167201333, 'pfxZ': -0.8579009617631899, 'pX': 0.6469205214237912, 'pZ': 1.9958831932943328, 'vX0': 4.3338060629474535, 'vY0': -125.75488949224919, 'vZ0': -3.7381060694771486, 'x': 92.34, 'y': 184.89, 'x0': -0.9820760434853397, 'y0': 50.00132811219472, 'z0': 6.23183192591317, 'aX': -1.4632937489372968}","In play, no out",79.4,5.873071547969404,718760,614179,0.43609524001490385,Single,86.4,1.565,3.411,Curveball,2.0,9
665161,"{'breakAngle': 32.4, 'breakLength': 3.6, 'breakY': 24.0, 'breakVertical': -13.6, 'breakVerticalInduced': 19.8, 'breakHorizontal': 8.6, 'spinRate': 1731, 'spinDirection': 219}","{'aY': 29.712577300670294, 'aZ': -10.434354364884403, 'pfxX': -5.5870389264779, 'pfxZ': 12.377343519559638, 'pX': 0.8390118891125541, 'pZ': 0.5037270575393036, 'vX0': 6.551097179939285, 'vY0': -132.09077573793664, 'vZ0': -11.940654547968052, 'x': 85.02, 'y': 225.18, 'x0': -0.9543988487337576, 'y0': 50.00551217884354, 'z0': 5.865624416465318, 'aX': -9.815588159854787}",Ball In Dirt,83.0,6.061389102919219,718760,614179,0.4156233155692006,Lineout,91.2,1.74,3.61,Changeup,2.0,14
665161,"{'breakAngle': 37.2, 'breakLength': 4.8, 'breakY': 24.0, 'breakVertical': -16.7, 'breakVerticalInduced': 12.8, 'breakHorizontal': 12.6, 'spinRate': 2221, 'spinDirection': 206}","{'aY': 32.055720314673586, 'aZ': -17.503346725234486, 'pfxX': -7.35442746071964, 'pfxZ': 7.3798185632974125, 'pX': -0.7650286590349492, 'pZ': 3.8808375745139836, 'vX0': 3.3089450279724546, 'vY0': -140.19364196425474, 'vZ0': -3.3983661777277434, 'x': 146.16, 'y': 134.0, 'x0': -1.0058714271637952, 'y0': 50.00486799762373, 'z0': 6.25310599285051, 'aX': -14.622726250366835}",Swinging Strike,87.9,5.929334888225907,718760,614179,0.3908798585522799,Lineout,96.3,1.74,3.61,Sinker,2.0,11
665161,"{'breakAngle': 3.6, 'breakLength': 9.6, 'breakY': 24.0, 'breakVertical': -43.8, 'breakVerticalInduced': -4.8, 'breakHorizontal': -2.6, 'spinRate': 1958, 'spinDirection': 33}","{'aY': 23.994937226154807, 'aZ': -36.13958501696194, 'pfxX': 1.1849347797008833, 'pfxZ': -2.6383130313022125, 'pX': 0.04885377602617941, 'pZ': 2.8074496829627136, 'vX0': 2.280177487556145, 'vY0': -121.79181263478256, 'vZ0': -0.9721163176023365, 'x': 115.14, 'y': 162.98, 'x0': -1.0536086639148, 'y0': 50.00443470037036, 'z0': 6.3382384739073725, 'aX': 1.7793535097303017}","In play, out(s)",77.0,5.802026377475018,718760,614179,0.44979061594655034,Lineout,83.6,1.74,3.61,Curveball,2.0,5
608324,"{'breakAngle': 19.2, 'breakLength': 3.6, 'breakY': 24.0, 'breakVertical': -16.2, 'breakVerticalInduced': 13.6, 'breakHorizontal': 5.4, 'spinRate': 2520, 'spinDirection': 217}","{'aY': 32.04841247227341, 'aZ': -16.260138414544677, 'pfxX': -3.9301902306581886, 'pfxZ': 8.050175874044976, 'pX': 0.9756554583640461, 'pZ': 2.8717385898543264, 'vX0': 7.920657359611953, 'vY0': -139.82310132858157, 'vZ0': -5.855357404615075, 'x': 79.81, 'y': 161.24, 'x0': -1.3854160356456042, 'y0': 50.002121837699754, 'z0': 6.06314503728848, 'aX': -7.769257616014301}",Ball,87.8,6.161016672615092,718760,666619,0.39199995212084016,Flyout,96.2,1.53,3.22,Sinker,2.0,12
608324,"{'breakAngle': 25.2, 'breakLength': 3.6, 'breakY': 24.0, 'breakVertical': -15.5, 'breakVerticalInduced': 13.8, 'breakHorizontal': 7.2, 'spinRate': 2484, 'spinDirection': 215}","{'aY': 33.15666848113663, 'aZ': -15.524247058638284, 'pfxX': -4.633116700897574, 'pfxZ': 8.310072183035212, 'pX': -0.10378069333089636, 'pZ': 2.7174691449006034, 'vX0': 5.487015997736083, 'vY0': -140.9359685350198, 'vZ0': -6.548715667298712, 'x': 120.96, 'y': 165.41, 'x0': -1.4774574418614976, 'y0': 50.00525652624663, 'z0': 6.0807318242880495, 'aX': -9.286528321487436}",Foul,88.4,6.161015833661218,718760,666619,0.3891968915432469,Flyout,96.9,1.53,3.22,Sinker,2.0,5
608324,"{'breakAngle': 22.8, 'breakLength': 4.8, 'breakY': 24.0, 'breakVertical': -18.4, 'breakVerticalInduced': 10.7, 'breakHorizontal': 7.7, 'spinRate': 2458, 'spinDirection': 213}","{'aY': 33.452702873903, 'aZ': -18.91778320174967, 'pfxX': -4.876540215960096, 'pfxZ': 6.5895486782642685, 'pX': 0.19542026041669278, 'pZ': 2.6406296173103483, 'vX0': 5.605111965499886, 'vY0': -141.23118003272455, 'vZ0': -6.4708565761868755, 'x': 109.55, 'y': 167.48, 'x0': -1.1854133104622504, 'y0': 50.00273337755495, 'z0': 6.186781168048312, 'aX': -9.809436245666262}","In play, out(s)",88.6,6.353895540944412,718760,666619,0.38846466931403123,Flyout,97.1,1.53,3.22,Sinker,2.0,5
670541,"{'breakAngle': 28.8, 'breakLength': 4.8, 'breakY': 24.0, 'breakVertical': -19.0, 'breakVerticalInduced': 9.4, 'breakHorizontal': 10.6, 'spinRate': 2432, 'spinDirection': 210}","{'aY': 34.22899075363368, 'aZ': -20.3964789543035, 'pfxX': -6.308273850212974, 'pfxZ': 5.686917397022945, 'pX': -0.48914804553611885, 'pZ': 2.9934395386279755, 'vX0': 3.842868845212783, 'vY0': -143.2453953816991, 'vZ0': -5.5561209911793545, 'x': 135.65, 'y': 157.96, 'x0': -1.03111800017304, 'y0': 50.00184972848972, 'z0': 6.240357529629712, 'aX': -13.060332889392189}",Called Strike,89.8,6.394461515153984,718760,666619,0.3829176186754628,Single,98.4,1.71,3.49,Sinker,2.0,4
670541,"{'breakAngle': 26.4, 'breakLength': 4.8, 'breakY': 24.0, 'breakVertical': -21.0, 'breakVerticalInduced': 7.8, 'breakHorizontal': 10.6, 'spinRate': 2519, 'spinDirection': 220}","{'aY': 34.70999138889923, 'aZ': -21.880714382858798, 'pfxX': -6.489755372371928, 'pfxZ': 5.059497761955183, 'pX': -0.276468113147456, 'pZ': 1.8675710497212765, 'vX0': 5.482509974644842, 'vY0': -142.21157499699504, 'vZ0': -7.2683667586545475, 'x': 127.54, 'y': 188.36, 'x0': -1.392735434105346, 'y0': 50.0029400255249, 'z0': 5.859968492416189, 'aX': -13.20151780810173}","In play, run(s)",89.1,6.436903873589499,718760,666619,0.38617639303176476,Single,97.8,1.71,3.49,Sinker,2.0,8
547989,"{'breakAngle': 38.4, 'breakLength': 3.6, 'breakY': 24.0, 'breakVertical': -13.1, 'breakVerticalInduced': 14.8, 'breakHorizontal': 10.3, 'spinRate': 2473, 'spinDirection': 212}","{'aY': 38.489662369338426, 'aZ': -13.563690437093857, 'pfxX': -5.981296530666974, 'pfxZ': 8.87126276906532, 'pX': -1.1363535077705273, 'pZ': 3.143889820977558, 'vX0': 2.1547395921078274, 'vY0': -145.0011929729763, 'vZ0': -6.301129368389268, 'x': 160.32, 'y': 153.89, 'x0': -1.1183438151635403, 'y0': 50.00722778889846, 'z0': 6.196374464041208, 'aX': -12.555468207955236}",Foul,90.0,6.441983689286543,718760,666619,0.37984666447625237,Single,99.7,1.56,3.41,Sinker,2.0,11
547989,"{'breakAngle': 27.6, 'breakLength': 4.8, 'breakY': 24.0, 'breakVertical': -18.8, 'breakVerticalInduced': 9.5, 'breakHorizontal': 9.5, 'spinRate': 2560, 'spinDirection': 211}","{'aY': 35.1287012343488, 'aZ': -19.99870312144714, 'pfxX': -5.752508746587814, 'pfxZ': 5.876703643068694, 'pX': -0.2731092006857183, 'pZ': 2.6465809089037107, 'vX0': 4.059155222326576, 'vY0': -143.50030176093242, 'vZ0': -6.257319750205783, 'x': 127.41, 'y': 167.32, 'x0': -0.9630216809843953, 'y0': 50.00709684011113, 'z0': 6.113676465695613, 'aX': -11.925788146058471}","In play, run(s)",89.8,6.403133707685884,718760,666619,0.38259568886897455,Single,98.7,1.56,3.41,Sinker,2.0,5
663656,"{'breakAngle': 13.2, 'breakLength': 7.2, 'breakY': 24.0, 'breakVertical': -32.9, 'breakVerticalInduced': 0.0, 'breakHorizontal': -7.8, 'spinRate': 2651, 'spinDirection': 112}","{'aY': 28.48363493842597, 'aZ': -31.779359906881126, 'pfxX': 4.232966129813743, 'pfxZ': 0.21609716629454923, 'pX': -0.6216659111647422, 'pZ': 2.5874400609867836, 'vX0': 0.6180556723328705, 'vY0': -132.87033191439855, 'vZ0': -3.0132174897931385, 'x': 140.7, 'y': 168.92, 'x0': -1.407103679063079, 'y0': 50.000001191789565, 'z0': 6.045557184151951, 'aX': 7.565995944261797}",Called Strike,83.9,6.437216233093728,718760,666619,0.4122326989186629,Groundout,91.2,1.66,3.54,Slider,2.0,4
663656,"{'breakAngle': 14.4, 'breakLength': 7.2, 'breakY': 24.0, 'breakVertical': -32.6, 'breakVerticalInduced': 0.4, 'breakHorizontal': -8.3, 'spinRate': 2685, 'spinDirection': 98}","{'aY': 29.01324589732896, 'aZ': -31.0280372930124, 'pfxX': 4.4522446071442054, 'pfxZ': 0.6441329304764594, 'pX': -0.3304227442604909, 'pZ': 2.0922728652878737, 'vX0': 1.155296263541929, 'vY0': -132.58889461729288, 'vZ0': -4.635606588981559, 'x': 129.59, 'y': 182.29, 'x0': -1.3504154286078545, 'y0': 50.002462482144715, 'z0': 6.134102583417461, 'aX': 7.90626042851919}",Called Strike,83.6,6.382331710809583,718760,666619,0.4134974457780545,Groundout,91.1,1.66,3.54,Slider,2.0,7
663656,"{'breakAngle': 27.6, 'breakLength': 4.8, 'breakY': 24.0, 'breakVertical': -20.0, 'breakVerticalInduced': 8.0, 'breakHorizontal': 10.2, 'spinRate': 2585, 'spinDirection': 202}","{'aY': 36.867397737661875, 'aZ': -21.947002072991037, 'pfxX': -5.703353449805745, 'pfxZ': 4.90521590081222, 'pX': -1.670692286188809, 'pZ': 3.248509295801061, 'vX0': 0.3630271748206475, 'vY0': -144.2940249039417, 'vZ0': -4.6224586612013026, 'x': 180.68, 'y': 151.07, 'x0': -1.0588497779728725, 'y0': 50.00683486491997, 'z0': 6.242622184387999, 'aX': -11.903333348649326}",Ball,90.0,6.383893030255743,718760,666619,0.38112432708939536,Groundout,99.1,1.66,3.54,Sinker,2.0,11
663656,"{'breakAngle': 15.6, 'breakLength': 8.4, 'breakY': 24.0, 'breakVertical': -33.6, 'breakVerticalInduced': -0.4, 'breakHorizontal': -9.1, 'spinRate': 2748, 'spinDirection': 94}","{'aY': 28.317690079431678, 'aZ': -32.35100831048948, 'pfxX': 5.317481961243237, 'pfxZ': -0.10026430877677406, 'pX': -1.6067420850856973, 'pZ': 3.157693118637534, 'vX0': -2.103396013552177, 'vY0': -131.94685073968762, 'vZ0': -1.822860143817492, 'x': 178.25, 'y': 153.52, 'x0': -1.4897003060546954, 'y0': 50.00423420778153, 'z0': 6.243514489616942, 'aX': 9.367755523794674}",Ball,83.1,6.313875079711194,718760,666619,0.4152748699637243,Groundout,90.6,1.66,3.54,Slider,2.0,11
663656,"{'breakAngle': 27.6, 'breakLength': 6.0, 'breakY': 24.0, 'breakVertical': -22.3, 'breakVerticalInduced': 6.0, 'breakHorizontal': 11.4, 'spinRate': 2445, 'spinDirection': 206}","{'aY': 35.69157118012031, 'aZ': -23.453435778836564, 'pfxX': -6.757344651596817, 'pfxZ': 4.207473588484089, 'pX': -0.4268606839839149, 'pZ': 1.7188874312860627, 'vX0': 3.7767297340926373, 'vY0': -143.626939041117, 'vZ0': -8.404174488371792, 'x': 133.27, 'y': 192.37, 'x0': -0.8863838723314039, 'y0': 50.005106708949675, 'z0': 6.1608814937134655, 'aX': -14.009072609787053}","In play, out(s)",90.0,6.505426550356598,718760,666619,0.3825102815352164,Groundout,98.8,1.66,3.54,Sinker,2.0,7
518735,"{'breakAngle': 39.6, 'breakLength': 3.6, 'breakY': 24.0, 'breakVertical': -14.2, 'breakVerticalInduced': 18.8, 'breakHorizontal': 11.4, 'spinRate': 2487, 'spinDirection': 221}","{'aY': 30.82340535669339, 'aZ': -11.761753557319587, 'pfxX': -6.83633521079905, 'pfxZ': 11.473128775099138, 'pX': -1.193171231719008, 'pZ': 1.3857691686135616, 'vX0': 3.8843634730842544, 'vY0': -133.09468090571093, 'vZ0': -9.173493196547637, 'x': 154.16, 'y': 142.97, 'x0': -1.789901427368553, 'y0': 50.000654161705334, 'z0': 5.747231312973239, 'aX': -12.159375890234022}",Ball,83.2,6.0178662877501825,718760,593576,0.4128803940007555,Walk,91.6,1.53,3.19,Four-Seam Fastball,0.76,13
518735,"{'breakAngle': 38.4, 'breakLength': 3.6, 'breakY': 24.0, 'breakVertical': -11.8, 'breakVerticalInduced': 20.8, 'breakHorizontal': 9.4, 'spinRate': 2542, 'spinDirection': 215}","{'aY': 30.64274095826318, 'aZ': -9.346965976054868, 'pfxX': -5.484919548541899, 'pfxZ': 12.658261423080589, 'pX': -1.6169674239571499, 'pZ': 1.1355905069653505, 'vX0': 2.1585299078403253, 'vY0': -133.86659818038476, 'vZ0': -10.396269480037006, 'x': 178.63, 'y': 208.12, 'x0': -1.724130771655458, 'y0': 50.00303670840179, 'z0': 5.753010300677904, 'aX': -9.890188130681485}",Ball,83.9,5.967831778130103,718760,593576,0.4101811337183472,Walk,92.2,1.53,3.19,Four-Seam Fastball,0.9,13
518735,"{'breakAngle': 14.4, 'breakLength': 10.8, 'breakY': 24.0, 'breakVertical': -45.7, 'breakVerticalInduced': -4.7, 'breakHorizontal': 11.5, 'spinRate': 1351, 'spinDirection': 262}","{'aY': 25.22451554971217, 'aZ': -34.235949265886205, 'pfxX': -7.47019772049738, 'pfxZ': -1.4455841887574374, 'pX': 0.5045030640824203, 'pZ': -0.9306405110075653, 'vX0': 7.213793915285844, 'vY0': -119.35888766676953, 'vZ0': -8.621343058595265, 'x': 97.77, 'y': 263.91, 'x0': -1.6015923216489134, 'y0': 50.001983204801505, 'z0': 5.854165853463581, 'aX': -10.665098224795416}",Ball,75.7,6.465449274526871,718760,593576,0.4607522655934857,Walk,82.3,1.53,3.19,Splitter,0.95,14
518735,"{'breakAngle': 26.4, 'breakLength': 3.6, 'breakY': 24.0, 'breakVertical': -14.2, 'breakVerticalInduced': 18.2, 'breakHorizontal': 6.8, 'spinRate': 2549, 'spinDirection': 212}","{'aY': 31.91650598462557, 'aZ': -12.909589854880865, 'pfxX': -4.309866098821207, 'pfxZ': 10.672908673762818, 'pX': -0.5798588065781454, 'pZ': 3.042142213790097, 'vX0': 4.030000715613789, 'vY0': -134.2225476842625, 'vZ0': -5.043623993989528, 'x': 139.1, 'y': 156.64, 'x0': -1.548539657210753, 'y0': 50.00549329410865, 'z0': 5.881501953386168, 'aX': -7.7819414650903775}",Called Strike,83.5,5.968596356693843,718760,593576,0.4097358753506568,Walk,92.3,1.53,3.19,Four-Seam Fastball,0.9,1
518735,"{'breakAngle': 26.4, 'breakLength': 3.6, 'breakY': 24.0, 'breakVertical': -13.3, 'breakVerticalInduced': 18.8, 'breakHorizontal': 6.7, 'spinRate': 2469, 'spinDirection': 219}","{'aY': 31.80585665986955, 'aZ': -12.41631389577336, 'pfxX': -4.247675066655297, 'pfxZ': 10.860972288813938, 'pX': -0.4265611118812473, 'pZ': 3.393785423167505, 'vX0': 4.001771651547631, 'vY0': -134.65928542084637, 'vZ0': -4.26944537750285, 'x': 133.26, 'y': 147.15, 'x0': -1.386828906400845, 'y0': 50.0051772319542, 'z0': 5.891635714093188, 'aX': -7.728901933610733}",Foul,83.8,6.051393452605093,718760,593576,0.40823015592575995,Walk,92.6,1.53,3.19,Four-Seam Fastball,0.91,11
518735,"{'breakAngle': 32.4, 'breakLength': 3.6, 'breakY': 24.0, 'breakVertical': -12.5, 'breakVerticalInduced': 19.2, 'breakHorizontal': 8.2, 'spinRate': 2471, 'spinDirection': 212}","{'aY': 33.768350477461304, 'aZ': -11.82502233544161, 'pfxX': -4.882346271344092, 'pfxZ': 11.040876046685247, 'pX': -0.8783713511903402, 'pZ': 3.6123367686892354, 'vX0': 2.8639041021611527, 'vY0': -135.87861628048276, 'vZ0': -3.895524970199142, 'x': 150.48, 'y': 141.25, 'x0': -1.319720526630186, 'y0': 50.00110102035955, 'z0': 5.904865435469953, 'aX': -8.997320285731076}",Ball,84.2,6.061880469368749,718760,593576,0.40533551630673204,Walk,93.4,1.53,3.19,Four-Seam Fastball,0.93,11
641313,"{'breakAngle': 42.0, 'breakLength': 6.0, 'breakY': 24.0, 'breakVertical': -18.5, 'breakVerticalInduced': 13.3, 'breakHorizontal': 16.7, 'spinRate': 2510, 'spinDirection': 208}","{'aY': 33.29339074844199, 'aZ': -18.162034132023358, 'pfxX': -9.654175751472199, 'pfxZ': 7.639659861691916, 'pX': -1.5426814528004786, 'pZ': 3.689236023800684, 'vX0': 3.204792383228881, 'vY0': -135.49576962419343, 'vZ0': -2.7411987845772074, 'x': 175.8, 'y': 139.17, 'x0': -1.4959401580757785, 'y0': 50.00519595163001, 'z0': 6.003168965146738, 'aX': -17.713319568386638}",Ball,84.1,6.073021451207992,718760,593576,0.40631511713067026,Forceout,93.1,1.55,3.4,Sinker,0.94,11
641313,"{'breakAngle': 40.8, 'breakLength': 6.0, 'breakY': 24.0, 'breakVertical': -19.6, 'breakVerticalInduced': 12.1, 'breakHorizontal': 17.0, 'spinRate': 2495, 'spinDirection': 212}","{'aY': 33.467836156466184, 'aZ': -18.414726686338952, 'pfxX': -10.1121568927743, 'pfxZ': 7.457044897432884, 'pX': -0.7819647895568488, 'pZ': 2.243385982138959, 'vX0': 5.118403955413205, 'vY0': -135.87738751746102, 'vZ0': -6.237167253319046, 'x': 146.81, 'y': 178.21, 'x0': -1.3899926393129554, 'y0': 50.0010050182423, 'z0': 5.87528492125094, 'aX': -18.65498287237663}","In play, out(s)",84.6,6.069578651715409,718760,593576,0.40516506869210245,Forceout,93.5,1.55,3.4,Sinker,0.94,4
673357,"{'breakAngle': 31.2, 'breakLength': 3.6, 'breakY': 24.0, 'breakVertical': -13.3, 'breakVerticalInduced': 17.9, 'breakHorizontal': 7.9, 'spinRate': 2555, 'spinDirection': 215}","{'aY': 34.5971995921138, 'aZ': -12.794524426794935, 'pfxX': -5.292948468803634, 'pfxZ': 10.343869013058532, 'pX': 0.4189845988955368, 'pZ': 3.302330460643574, 'vX0': 6.615152994819334, 'vY0': -137.06941009213517, 'vZ0': -4.206407198862313, 'x': 101.03, 'y': 149.62, 'x0': -1.3554509601817966, 'y0': 50.006103779262816, 'z0': 5.751715034942398, 'aX': -9.920420365274248}",Swinging Strike,84.9,6.067538480022242,718760,593576,0.4019480547244023,Pop Out,94.3,1.82,3.73,Four-Seam Fastball,0.94,3
673357,"{'breakAngle': 42.0, 'breakLength': 4.8, 'breakY': 24.0, 'breakVertical': -17.3, 'breakVerticalInduced': 14.4, 'breakHorizontal': 15.6, 'spinRate': 2424, 'spinDirection': 211}","{'aY': 34.345040127589286, 'aZ': -16.30624386770307, 'pfxX': -9.37849062026878, 'pfxZ': 8.601807621581337, 'pX': -0.5004299397806278, 'pZ': 2.738688836155087, 'vX0': 5.447215438295594, 'vY0': -136.0635845968273, 'vZ0': -5.355962241681718, 'x': 136.08, 'y': 164.84, 'x0': -1.327004976252315, 'y0': 50.00195901093218, 'z0': 5.891386793148143, 'aX': -17.30028532411024}","In play, out(s)",84.4,6.1306937087849915,718760,593576,0.40505533444355324,Pop Out,93.6,1.82,3.73,Sinker,0.88,4
643217,"{'breakAngle': 31.2, 'breakLength': 3.6, 'breakY': 24.0, 'breakVertical': -13.1, 'breakVerticalInduced': 18.2, 'breakHorizontal': 8.0, 'spinRate': 2484, 'spinDirection': 213}","{'aY': 33.998196683272525, 'aZ': -11.869222526365036, 'pfxX': -4.82600993876977, 'pfxZ': 10.841173974712948, 'pX': -1.0139500929532062, 'pZ': 2.5032572966276616, 'vX0': 2.7822700180645237, 'vY0': -136.91628537046648, 'vZ0': -6.67346119060515, 'x': 155.65, 'y': 171.19, 'x0': -1.4234706760427556, 'y0': 50.00420614067642, 'z0': 5.807489554964472, 'aX': -9.040879465963071}",Ball,85.1,6.129799125528409,718760,593576,0.4021027643988355,Single,94.2,1.49,3.26,Four-Seam Fastball,0.93,11
643217,"{'breakAngle': 14.4, 'breakLength': 8.4, 'breakY': 24.0, 'breakVertical': -37.3, 'breakVerticalInduced': 1.3, 'breakHorizontal': 9.6, 'spinRate': 1561, 'spinDirection': 258}","{'aY': 25.811649903164856, 'aZ': -30.08068326679522, 'pfxX': -6.356752623541159, 'pfxZ': 1.3797663898698316, 'pX': 1.0581013808153477, 'pZ': 1.0571755224596333, 'vX0': 7.488950958226045, 'vY0': -122.6079490910244, 'vZ0': -5.420737041396235, 'x': 76.67, 'y': 210.24, 'x0': -1.219903051490182, 'y0': 50.000203927839834, 'z0': 5.885084654126066, 'aX': -9.610304109260088}",Ball,77.3,5.935734753160884,718760,593576,0.4479294535627716,Single,84.4,1.49,3.26,Splitter,0.92,14
643217,"{'breakAngle': 33.6, 'breakLength': 3.6, 'breakY': 24.0, 'breakVertical': -13.0, 'breakVerticalInduced': 19.0, 'breakHorizontal': 8.5, 'spinRate': 2576, 'spinDirection': 213}","{'aY': 33.52049549477862, 'aZ': -11.178269249986341, 'pfxX': -5.422141139218435, 'pfxZ': 11.486559974458391, 'pX': -0.1579486249174192, 'pZ': 1.999161274677784, 'vX0': 5.00976524195187, 'vY0': -135.33296825610523, 'vZ0': -7.83011276723553, 'x': 123.02, 'y': 184.8, 'x0': -1.3417579532849295, 'y0': 50.00382182836724, 'z0': 5.7402909262323805, 'aX': -9.912679153987508}",Called Strike,84.1,6.106731355678884,718760,593576,0.406977967389226,Single,93.2,1.49,3.26,Four-Seam Fastball,0.92,8
643217,"{'breakAngle': 33.6, 'breakLength': 3.6, 'breakY': 24.0, 'breakVertical': -14.0, 'breakVerticalInduced': 17.8, 'breakHorizontal': 9.4, 'spinRate': 2484, 'spinDirection': 214}","{'aY': 33.36238837244044, 'aZ': -12.758037424461017, 'pfxX': -5.618345812516233, 'pfxZ': 10.581702894574011, 'pX': -0.8719965091353885, 'pZ': 2.64420374718536, 'vX0': 3.2841071094850043, 'vY0': -135.53483398792275, 'vZ0': -6.196851772884201, 'x': 150.24, 'y': 167.39, 'x0': -1.3780539655476398, 'y0': 50.00530944684777, 'z0': 5.874541538652563, 'aX': -10.312789148692733}",Foul,84.2,6.197839530110066,718760,593576,0.4062289452403909,Single,93.2,1.49,3.26,Four-Seam Fastball,0.91,11
643217,"{'breakAngle': 16.8, 'breakLength': 9.6, 'breakY': 24.0, 'breakVertical': -41.6, 'breakVerticalInduced': -2.8, 'breakHorizontal': 12.0, 'spinRate': 1401, 'spinDirection': 247}","{'aY': 27.60121223545535, 'aZ': -33.84106873958091, 'pfxX': -7.394207640704259, 'pfxZ': -1.1140327335549411, 'pX': -0.2761114378674979, 'pZ': 1.3710533579576871, 'vX0': 4.868100986445731, 'vY0': -122.68013740443764, 'vZ0': -3.78897460191601, 'x': 127.52, 'y': 201.76, 'x0': -1.3403302622183735, 'y0': 50.001251700897875, 'z0': 5.865544070402496, 'aX': -11.104155367840995}","In play, no out",76.8,5.9931894292351435,718760,593576,0.44900237463313175,Single,84.4,1.49,3.26,Splitter,0.93,13
650391,"{'breakAngle': 36.0, 'breakLength': 3.6, 'breakY': 24.0, 'breakVertical': -13.6, 'breakVerticalInduced': 17.9, 'breakHorizontal': 9.8, 'spinRate': 2583, 'spinDirection': 216}","{'aY': 32.95267615098102, 'aZ': -13.376148493824525, 'pfxX': -6.2319849358491055, 'pfxZ': 10.068608254633865, 'pX': -0.10168741385815243, 'pZ': 3.881822791774954, 'vX0': 5.837988169376865, 'vY0': -136.48357664296063, 'vZ0': -2.434982435227043, 'x': 120.88, 'y': 133.97, 'x0': -1.4695863020247468, 'y0': 50.00301357985459, 'z0': 5.718742114534544, 'aX': -11.635506901065991}",Foul Tip,84.8,6.320934712190069,718760,593576,0.402917725461323,Single,93.8,1.7,3.48,Four-Seam Fastball,0.91,11
650391,"{'breakAngle': 14.4, 'breakLength': 9.6, 'breakY': 24.0, 'breakVertical': -39.6, 'breakVerticalInduced': -1.4, 'breakHorizontal': 9.8, 'spinRate': 1414, 'spinDirection': 248}","{'aY': 26.21944793329725, 'aZ': -32.92173298968141, 'pfxX': -6.454740023017438, 'pfxZ': -0.49329796922074554, 'pX': 0.9216950195206465, 'pZ': 1.7718665100257927, 'vX0': 7.31261205853015, 'vY0': -123.48844672873156, 'vZ0': -3.268282165586214, 'x': 81.87, 'y': 190.94, 'x0': -1.2491452942973555, 'y0': 50.00014665763075, 'z0': 5.902513275180939, 'aX': -9.897675381919884}",Ball,77.7,6.241387093734776,718760,593576,0.44475538721025654,Single,85.0,1.7,3.48,Splitter,0.92,14
650391,"{'breakAngle': 43.2, 'breakLength': 4.8, 'breakY': 24.0, 'breakVertical': -16.2, 'breakVerticalInduced': 15.8, 'breakHorizontal': 15.1, 'spinRate': 2471, 'spinDirection': 209}","{'aY': 32.88320013703411, 'aZ': -15.073552213020143, 'pfxX': -8.910933451050381, 'pfxZ': 9.373443757403262, 'pX': -1.0781389089015943, 'pZ': 2.7180299656989395, 'vX0': 4.179453563089082, 'vY0': -135.07789548575016, 'vZ0': -5.402973226887616, 'x': 158.1, 'y': 165.39, 'x0': -1.4983569486739785, 'y0': 50.006695207521965, 'z0': 5.826176183643948, 'aX': -16.26247750924663}",Foul,84.0,6.097496397676236,718760,593576,0.4074781931639566,Single,92.9,1.7,3.48,Sinker,0.85,11
650391,"{'breakAngle': 15.6, 'breakLength': 7.2, 'breakY': 24.0, 'breakVertical': -30.1, 'breakVerticalInduced': 7.3, 'breakHorizontal': 8.5, 'spinRate': 1571, 'spinDirection': 252}","{'aY': 25.30884416660074, 'aZ': -25.467792304923975, 'pfxX': -5.453723711978867, 'pfxZ': 4.29068916064762, 'pX': 0.4755815143032487, 'pZ': 2.71056778264467, 'vX0': 5.933255571124787, 'vY0': -124.34387340521555, 'vZ0': -2.804858412325103, 'x': 98.87, 'y': 165.59, 'x0': -1.2347487772127204, 'y0': 50.00443340064745, 'z0': 5.970003688071501, 'aX': -8.527482378994794}","In play, run(s)",78.3,5.98914487646275,718760,593576,0.4407731670838011,Single,85.5,1.7,3.48,Splitter,0.84,6
660162,"{'breakAngle': 19.2, 'breakLength': 9.6, 'breakY': 24.0, 'breakVertical': -42.4, 'breakVerticalInduced': -4.6, 'breakHorizontal': 14.5, 'spinRate': 1247, 'spinDirection': 250}","{'aY': 29.913811267540883, 'aZ': -35.534458752679754, 'pfxX': -8.743437181326865, 'pfxZ': -2.180116772703152, 'pX': -0.6153507603231902, 'pZ': 1.5604185513871416, 'vX0': 4.465482106302605, 'vY0': -124.69383421542969, 'vZ0': -3.2499628657285236, 'x': 140.46, 'y': 196.65, 'x0': -1.3132907991796143, 'y0': 50.002005026874436, 'z0': 5.875417593186699, 'aX': -13.482808923014764}",Foul,77.6,6.2886852978999235,718760,593576,0.44277980283474516,Strikeout,85.8,1.47,3.33,Splitter,0.93,7
660162,"{'breakAngle': 33.6, 'breakLength': 3.6, 'breakY': 24.0, 'breakVertical': -12.8, 'breakVerticalInduced': 18.8, 'breakHorizontal': 8.4, 'spinRate': 2454, 'spinDirection': 216}","{'aY': 34.530414237924475, 'aZ': -13.320660466963002, 'pfxX': -4.947300641771494, 'pfxZ': 10.24796467493525, 'pX': -1.188662230602269, 'pZ': 5.192215574681246, 'vX0': 2.1423012070029634, 'vY0': -135.94977170725906, 'vZ0': 0.5859672139811503, 'x': 162.31, 'y': 98.59, 'x0': -1.3516300460692217, 'y0': 50.005666547951215, 'z0': 5.910180315283242, 'aX': -9.104523224579603}",Ball,83.9,6.116592571148592,718760,593576,0.4055451268971524,Strikeout,93.4,1.47,3.33,Four-Seam Fastball,0.92,11
660162,"{'breakAngle': 15.6, 'breakLength': 9.6, 'breakY': 24.0, 'breakVertical': -38.6, 'breakVerticalInduced': -0.1, 'breakHorizontal': 10.9, 'spinRate': 1266, 'spinDirection': 246}","{'aY': 28.542370039657268, 'aZ': -31.748783067652106, 'pfxX': -6.897346739431473, 'pfxZ': 0.28181243693219304, 'pX': 0.11910296257923299, 'pZ': 1.83260583121246, 'vX0': 5.64976173942792, 'vY0': -123.3531797117805, 'vZ0': -3.1505629020729744, 'x': 112.46, 'y': 189.3, 'x0': -1.3245973588139985, 'y0': 50.00365123517814, 'z0': 5.852258572490608, 'aX': -10.443806824603868}",Foul,76.9,6.010362331691269,718760,593576,0.44703699355666826,Strikeout,84.9,1.47,3.33,Splitter,0.93,8
660162,"{'breakAngle': 27.6, 'breakLength': 3.6, 'breakY': 24.0, 'breakVertical': -13.6, 'breakVerticalInduced': 18.1, 'breakHorizontal': 7.0, 'spinRate': 2470, 'spinDirection': 213}","{'aY': 33.1497409854354, 'aZ': -13.158100858378164, 'pfxX': -4.350498658070702, 'pfxZ': 10.326769058824667, 'pX': -0.35629956012645103, 'pZ': 3.9054298477463454, 'vX0': 3.756121879481768, 'vY0': -135.69068308058758, 'vZ0': -2.87170289512072, 'x': 130.58, 'y': 133.33, 'x0': -1.2018201096435974, 'y0': 50.00134512060078, 'z0': 5.9094142749871015, 'aX': -8.010582449853688}",Ball,84.2,6.03708852920125,718760,593576,0.4056017816159976,Strikeout,93.3,1.47,3.33,Four-Seam Fastball,0.92,11
660162,"{'breakAngle': 15.6, 'breakLength': 10.8, 'breakY': 24.0, 'breakVertical': -43.9, 'breakVerticalInduced': -5.4, 'breakHorizontal': 12.1, 'spinRate': 1239, 'spinDirection': 250}","{'aY': 28.599633775487682, 'aZ': -35.67511927418002, 'pfxX': -7.634801226221824, 'pfxZ': -2.313701574096504, 'pX': 0.3207276630482691, 'pZ': 0.5142525770404186, 'vX0': 5.9429786190195255, 'vY0': -123.4551227064466, 'vZ0': -5.400907689917683, 'x': 104.77, 'y': 224.9, 'x0': -1.1467747305145262, 'y0': 50.00112705767739, 'z0': 5.794074397946927, 'aX': -11.577550779452226}",Swinging Strike (Blocked),77.3,6.310390361949661,718760,593576,0.44668994958439256,Strikeout,85.0,1.47,3.33,Splitter,0.93,14
543807,"{'breakAngle': 7.2, 'breakLength': 3.6, 'breakY': 24.0, 'breakVertical': -17.6, 'breakVerticalInduced': 16.3, 'breakHorizontal': 2.2, 'spinRate': 2205, 'spinDirection': 193}","{'aY': 25.73140636013799, 'aZ': -16.457660195655105, 'pfxX': -2.0820432446140176, 'pfxZ': 9.09058767626445, 'pX': 0.42808949587849265, 'pZ': 3.681262963105196, 'vX0': 7.532556757774641, 'vY0': -130.25055248405943, 'vZ0': -1.9144381562018207, 'x': 100.68, 'y': 139.39, 'x0': -2.222919564356617, 'y0': 50.00526303049532, 'z0': 5.66185872889299, 'aX': -3.6019439216476905}",Ball,82.3,6.654394866316488,718759,656427,0.41950971775468693,Flyout,89.5,1.56833404347432,3.45663665511474,Four-Seam Fastball,2.0,12
543807,"{'breakAngle': 2.4, 'breakLength': 3.6, 'breakY': 24.0, 'breakVertical': -18.2, 'breakVerticalInduced': 15.5, 'breakHorizontal': -0.7, 'spinRate': 2237, 'spinDirection': 186}","{'aY': 26.870096209258286, 'aZ': -16.62213129531465, 'pfxX': -0.483613097004052, 'pfxZ': 8.931635983558154, 'pX': 0.6285111418818088, 'pZ': 2.6897900219308615, 'vX0': 7.4476307078140564, 'vY0': -130.92789948188303, 'vZ0': -4.160553551164447, 'x': 93.04, 'y': 166.16, 'x0': -2.1864390166604983, 'y0': 50.002457811036095, 'z0': 5.538276222520592, 'aX': -0.8422765408605535}","In play, out(s)",82.6,6.7830456123620095,718759,656427,0.4178580840530737,Flyout,90.0,1.61,3.5,Four-Seam Fastball,2.0,6
666182,"{'breakAngle': 1.2, 'breakLength': 3.6, 'breakY': 24.0, 'breakVertical': -17.4, 'breakVerticalInduced': 14.6, 'breakHorizontal': 0.2, 'spinRate': 2268, 'spinDirection': 195}","{'aY': 24.625174703801513, 'aZ': -16.5625418365127, 'pfxX': -0.9093470375805803, 'pfxZ': 8.508436485910224, 'pX': 0.5906377354397238, 'pZ': 2.294941190211699, 'vX0': 7.723792169005751, 'vY0': -133.5685152367713, 'vZ0': -5.367094269293073, 'x': 94.49, 'y': 176.82, 'x0': -2.201464385933234, 'y0': 50.00129045337103, 'z0': 5.493382137832303, 'aX': -1.6690650538860867}",Swinging Strike,85.2,6.747156318362182,718759,656427,0.407686169129462,Groundout,91.8,1.64,3.56,Four-Seam Fastball,2.0,9
666182,"{'breakAngle': 22.8, 'breakLength': 6.0, 'breakY': 24.0, 'breakVertical': -24.7, 'breakVerticalInduced': 10.9, 'breakHorizontal': 10.1, 'spinRate': 1834, 'spinDirection': 195}","{'aY': 23.7302148387907, 'aZ': -21.629507294564046, 'pfxX': -6.225564044942492, 'pfxZ': 6.403430501369829, 'pX': -0.7153714380080203, 'pZ': 2.150076245248317, 'vX0': 6.069449653367303, 'vY0': -126.93761030466011, 'vZ0': -4.256112501915967, 'x': 144.27, 'y': 180.73, 'x0': -2.318040751273577, 'y0': 50.00316279413136, 'z0': 5.550812353274419, 'aX': -10.253927195326117}","In play, out(s)",80.6,6.750434423812608,718759,656427,0.4299769918019476,Groundout,87.2,1.64,3.56,Sinker,2.0,7
665489,"{'breakAngle': 3.6, 'breakLength': 3.6, 'breakY': 24.0, 'breakVertical': -18.1, 'breakVerticalInduced': 13.1, 'breakHorizontal': 1.2, 'spinRate': 2322, 'spinDirection': 197}","{'aY': 25.69471623464571, 'aZ': -17.956372285838146, 'pfxX': -1.5234107558116574, 'pfxZ': 7.5382313170035555, 'pX': 0.7324543123048451, 'pZ': 2.637106844600711, 'vX0': 8.570817165414674, 'vY0': -135.4985793671315, 'vZ0': -4.281747340540661, 'x': 89.08, 'y': 167.58, 'x0': -2.254535877568126, 'y0': 50.00159652410845, 'z0': 5.468668207361062, 'aX': -2.8745650108538374}",Called Strike,86.4,6.862219928564211,718759,656427,0.40207082143348805,Walk,93.1,1.67775488098707,3.590383415411,Four-Seam Fastball,2.0,6
665489,"{'breakAngle': 16.8, 'breakLength': 14.4, 'breakY': 24.0, 'breakVertical': -59.4, 'breakVerticalInduced': -12.6, 'breakHorizontal': -18.0, 'spinRate': 2410, 'spinDirection': 50}","{'aY': 23.47817516782364, 'aZ': -41.32986295111131, 'pfxX': 9.587974861899532, 'pfxZ': -7.35171291781042, 'pX': -0.24803123559601528, 'pZ': 1.788420045793991, 'vX0': 2.356887854423414, 'vY0': -111.91151126095329, 'vZ0': 0.9568847990954525, 'x': 126.45, 'y': 190.49, 'x0': -2.5643792239539813, 'y0': 50.000351868325396, 'z0': 5.647860327031474, 'aX': 11.94717078056969}",Foul,70.3,6.506610742302955,718759,656427,0.49273603643450326,Walk,76.9,1.67,3.61,Knuckle Curve,2.0,8
665489,"{'breakAngle': 9.6, 'breakLength': 8.4, 'breakY': 24.0, 'breakVertical': -38.4, 'breakVerticalInduced': -0.5, 'breakHorizontal': -7.2, 'spinRate': 2451, 'spinDirection': 92}","{'aY': 21.71327172150272, 'aZ': -31.60228664887113, 'pfxX': 2.5709357435483877, 'pfxZ': 0.369240601292861, 'pX': 3.115635396986924, 'pZ': 0.015287101786450926, 'vX0': 12.241282094660722, 'vY0': -123.12864439741409, 'vZ0': -6.107603591161153, 'x': -1.76, 'y': 238.37, 'x0': -2.230321473447051, 'y0': 50.0033338210601, 'z0': 5.163348282510276, 'aX': 3.994366443220571}",Ball,79.5,7.120017237197621,718759,656427,0.4428266260661591,Walk,84.9,1.7510986910339,3.614750126632,Slider,2.0,14
665489,"{'breakAngle': 10.8, 'breakLength': 13.2, 'breakY': 24.0, 'breakVertical': -56.0, 'breakVerticalInduced': -9.1, 'breakHorizontal': -11.6, 'spinRate': 2396, 'spinDirection': 44}","{'aY': 23.560444053738845, 'aZ': -38.18242462246047, 'pfxX': 5.505902454515077, 'pfxZ': -4.816817771417016, 'pX': 0.8745549640842227, 'pZ': 0.3667285563522455, 'vX0': 5.515165087412452, 'vY0': -111.98825893808898, 'vZ0': -2.7874768119411515, 'x': 83.66, 'y': 228.88, 'x0': -2.35176348172868, 'y0': 50.00232053973541, 'z0': 5.600995641027693, 'aX': 6.86872848672345}",Ball,70.6,6.768303950181777,718759,656427,0.49244235914649703,Walk,77.0,1.62885317823605,3.49294681120726,Knuckle Curve,2.0,14
665489,"{'breakAngle': 10.8, 'breakLength': 7.2, 'breakY': 24.0, 'breakVertical': -32.2, 'breakVerticalInduced': 6.1, 'breakHorizontal': -6.4, 'spinRate': 2480, 'spinDirection': 86}","{'aY': 23.42763548806311, 'aZ': -26.06662699786412, 'pfxX': 2.5107301216722364, 'pfxZ': 3.9850331351098673, 'pX': 1.292626191706782, 'pZ': 0.7710170936994901, 'vX0': 8.20687889124561, 'vY0': -122.76613165818927, 'vZ0': -5.77507083714084, 'x': 67.73, 'y': 217.96, 'x0': -2.414566488725031, 'y0': 50.002777459477805, 'z0': 5.361766463455084, 'aX': 3.84564864620517}",Ball,78.2,6.9545944207404,718759,656427,0.4455098136827549,Walk,84.5,1.57994613812267,3.51731167163659,Slider,2.0,14
665489,"{'breakAngle': 14.4, 'breakLength': 3.6, 'breakY': 24.0, 'breakVertical': -15.0, 'breakVerticalInduced': 16.1, 'breakHorizontal': 3.7, 'spinRate': 2365, 'spinDirection': 198}","{'aY': 27.230967778598288, 'aZ': -14.842463888057141, 'pfxX': -2.8091019803841037, 'pfxZ': 9.189591089168728, 'pX': -0.16222056541368857, 'pZ': 3.124188688228136, 'vX0': 6.890018038888985, 'vY0': -135.85881861162002, 'vZ0': -3.8747109213876207, 'x': 123.18, 'y': 154.43, 'x0': -2.3560442372922146, 'y0': 50.00486755194102, 'z0': 5.587337293044255, 'aX': -5.299756256085701}",Foul,86.0,6.891661679258939,718759,656427,0.4017648625379886,Walk,93.3,1.67,3.61,Four-Seam Fastball,2.0,2
665489,"{'breakAngle': 13.2, 'breakLength': 9.6, 'breakY': 24.0, 'breakVertical': -40.4, 'breakVerticalInduced': -1.4, 'breakHorizontal': -9.4, 'spinRate': 2452, 'spinDirection': 82}","{'aY': 22.32623739564937, 'aZ': -32.899240458930784, 'pfxX': 4.366376572888679, 'pfxZ': -0.4820398075264887, 'pX': 0.8577594322988505, 'pZ': 1.1577231020728516, 'vX0': 6.6544178863356205, 'vY0': -121.52673532510855, 'vZ0': -3.3369400233260755, 'x': 84.3, 'y': 207.52, 'x0': -2.4760811996530747, 'y0': 50.001846080736236, 'z0': 5.3865735536820685, 'aX': 6.574195168667477}",Ball,77.7,6.812588382826823,718759,656427,0.4495583294396366,Walk,83.5,1.62885317823605,3.51209819637708,Slider,2.0,14
662139,"{'breakAngle': 4.8, 'breakLength': 3.6, 'breakY': 24.0, 'breakVertical': -16.2, 'breakVerticalInduced': 15.5, 'breakHorizontal': 1.4, 'spinRate': 2362, 'spinDirection': 201}","{'aY': 25.643940946464785, 'aZ': -15.46023193265199, 'pfxX': -1.659421304604206, 'pfxZ': 9.018988595013937, 'pX': 0.6382327257501867, 'pZ': 2.310823012447156, 'vX0': 8.445125033789077, 'vY0': -134.40568983945028, 'vZ0': -5.358576232058958, 'x': 92.67, 'y': 176.39, 'x0': -2.3116249440612355, 'y0': 50.00129516638455, 'z0': 5.406048137626265, 'aX': -3.0758339450210372}",Called Strike,85.6,6.855833765198499,718759,656427,0.40553949932805944,Walk,92.4,1.39933323661857,3.08967492967141,Four-Seam Fastball,2.0,6
662139,"{'breakAngle': 9.6, 'breakLength': 7.2, 'breakY': 24.0, 'breakVertical': -30.7, 'breakVerticalInduced': 4.3, 'breakHorizontal': -5.2, 'spinRate': 2306, 'spinDirection': 154}","{'aY': 24.020275909282955, 'aZ': -27.335827242827303, 'pfxX': 1.7795780361898945, 'pfxZ': 2.885882060477435, 'pX': 1.8345623224891112, 'pZ': 1.1233021013781275, 'vX0': 9.675222192284116, 'vY0': -128.0705488770505, 'vZ0': -5.484103560534864, 'x': 47.07, 'y': 208.45, 'x0': -2.20842574112358, 'y0': 50.00475791552752, 'z0': 5.404449485135844, 'aX': 2.984137683485478}",Ball,82.0,6.861404131483746,718759,656427,0.4260920687446186,Walk,88.1,1.4,3.09,Cutter,2.0,14
662139,"{'breakAngle': 12.0, 'breakLength': 3.6, 'breakY': 24.0, 'breakVertical': -15.7, 'breakVerticalInduced': 16.3, 'breakHorizontal': 3.2, 'spinRate': 2189, 'spinDirection': 206}","{'aY': 27.89043727022558, 'aZ': -15.776684464495533, 'pfxX': -2.448721797855381, 'pfxZ': 8.932467623372677, 'pX': -0.46315911293351975, 'pZ': 4.147912515173617, 'vX0': 5.739509683983146, 'vY0': -134.34174979511363, 'vZ0': -0.6288964267935592, 'x': 134.65, 'y': 126.79, 'x0': -2.304938771010647, 'y0': 50.00358525320524, 'z0': 5.50184924744853, 'aX': -4.495900162589864}",Ball,84.6,6.914596968706549,718759,656427,0.407016839519307,Walk,92.3,1.4,3.09,Four-Seam Fastball,2.0,11
662139,"{'breakAngle': 1.2, 'breakLength': 3.6, 'breakY': 24.0, 'breakVertical': -19.0, 'breakVerticalInduced': 12.4, 'breakHorizontal': -0.5, 'spinRate': 2334, 'spinDirection': 199}","{'aY': 22.948024880737822, 'aZ': -18.590882652299584, 'pfxX': -0.5726614195482682, 'pfxZ': 7.233399361080007, 'pX': 0.9617188088479904, 'pZ': 2.022472034091589, 'vX0': 9.046861558536882, 'vY0': -134.6235955998326, 'vZ0': -5.447891825943151, 'x': 80.34, 'y': 184.17, 'x0': -2.3356996851262877, 'y0': 50.003087618874595, 'z0': 5.344656515592509, 'aX': -1.0779232582199758}",Ball,86.6,6.970172657720836,718759,656427,0.40335883075311507,Walk,92.5,1.4,3.09,Four-Seam Fastball,2.0,14
662139,"{'breakAngle': 3.6, 'breakLength': 4.8, 'breakY': 24.0, 'breakVertical': -20.8, 'breakVerticalInduced': 11.3, 'breakHorizontal': 1.3, 'spinRate': 2196, 'spinDirection': 199}","{'aY': 24.309420570796853, 'aZ': -20.515668050987426, 'pfxX': -1.0799200116061458, 'pfxZ': 6.352056918662305, 'pX': -1.2772047486242595, 'pZ': 3.266917556568436, 'vX0': 3.5983804094332905, 'vY0': -133.5200400248788, 'vZ0': -2.29748144812687, 'x': 165.68, 'y': 150.57, 'x0': -2.4924006261079175, 'y0': 50.00258415391557, 'z0': 5.588998942025864, 'aX': -1.9824332217278786}",Ball,85.1,6.790969301789595,718759,656427,0.40766503529876497,Walk,91.6,1.4,3.09,Four-Seam Fastball,2.0,11
656305,"{'breakAngle': 10.8, 'breakLength': 9.6, 'breakY': 24.0, 'breakVertical': -40.0, 'breakVerticalInduced': -0.2, 'breakHorizontal': -7.9, 'spinRate': 2430, 'spinDirection': 88}","{'aY': 25.9993025531679, 'aZ': -32.032661496969105, 'pfxX': 3.590998919325188, 'pfxZ': 0.09438342992327087, 'pX': 0.3652193784873493, 'pZ': 1.5766767834621733, 'vX0': 5.477760699026893, 'vY0': -121.24449124855379, 'vZ0': -2.4591731982521727, 'x': 103.08, 'y': 196.21, 'x0': -2.3988755403202155, 'y0': 50.00151462664207, 'z0': 5.428221559918628, 'aX': 5.289917473725587}",Called Strike,76.2,6.9421323837767,718759,656427,0.4535463389687999,Walk,83.4,1.66,3.46,Slider,2.0,14
656305,"{'breakAngle': 14.4, 'breakLength': 13.2, 'breakY': 24.0, 'breakVertical': -56.2, 'breakVerticalInduced': -9.2, 'breakHorizontal': -15.0, 'spinRate': 2362, 'spinDirection': 54}","{'aY': 21.589007708040796, 'aZ': -39.59517756480504, 'pfxX': 7.885226732370139, 'pfxZ': -5.938504995490282, 'pX': -0.3601052416629929, 'pZ': 3.4379314511001415, 'vX0': 2.4881974406763736, 'vY0': -111.53372220205097, 'vZ0': 4.0056593248135925, 'x': 130.73, 'y': 145.96, 'x0': -2.5170348485325764, 'y0': 50.00281946129602, 'z0': 5.723597823481347, 'aX': 9.852813824733392}",Called Strike,70.2,6.710362834052208,718759,656427,0.4926202935053059,Walk,76.7,1.59283040000221,3.23732436591726,Knuckle Curve,2.0,1
656305,"{'breakAngle': 3.6, 'breakLength': 3.6, 'breakY': 24.0, 'breakVertical': -17.6, 'breakVerticalInduced': 13.2, 'breakHorizontal': 1.1, 'spinRate': 2306, 'spinDirection': 201}","{'aY': 26.463262881594925, 'aZ': -17.400102524025293, 'pfxX': -1.5164806780952507, 'pfxZ': 7.738459840129817, 'pX': 1.123005597930244, 'pZ': 2.143496148988872, 'vX0': 9.382358414317533, 'vY0': -136.46034910481427, 'vZ0': -5.481041716517885, 'x': 74.19, 'y': 180.91, 'x0': -2.1443559084378276, 'y0': 50.00654886620368, 'z0': 5.353819757556248, 'aX': -2.89713050848155}",Ball,86.9,6.978561698091054,718759,656427,0.3994456853963575,Walk,93.9,1.65941168985627,3.31353914404303,Four-Seam Fastball,2.0,14
656305,"{'breakAngle': 12.0, 'breakLength': 8.4, 'breakY': 24.0, 'breakVertical': -38.5, 'breakVerticalInduced': 0.7, 'breakHorizontal': -8.4, 'spinRate': 2436, 'spinDirection': 88}","{'aY': 25.785344134189135, 'aZ': -30.798208494526452, 'pfxX': 3.467746021605702, 'pfxZ': 0.9165760927677951, 'pX': 1.5069518706123808, 'pZ': 0.45341985512692023, 'vX0': 8.495244282652362, 'vY0': -122.02098864106001, 'vZ0': -4.808140435836654, 'x': 59.56, 'y': 226.54, 'x0': -2.4810167964320846, 'y0': 50.00047215436754, 'z0': 5.127095609852716, 'aX': 5.186050962167769}",Ball In Dirt,77.2,7.010456394163639,718759,656427,0.4502396591951445,Walk,84.0,1.65941168985627,3.31353914404303,Slider,2.0,14
656305,"{'breakAngle': 14.4, 'breakLength': 4.8, 'breakY': 24.0, 'breakVertical': -20.2, 'breakVerticalInduced': 11.0, 'breakHorizontal': 4.9, 'spinRate': 2322, 'spinDirection': 206}","{'aY': 26.841784060546612, 'aZ': -20.21142602115108, 'pfxX': -3.6043393070363625, 'pfxZ': 6.345985073626057, 'pX': 0.2966272576586285, 'pZ': 2.604308698403134, 'vX0': 8.391468722592405, 'vY0': -135.72154102081308, 'vZ0': -3.4825675370709632, 'x': 105.69, 'y': 168.46, 'x0': -2.3528165309591205, 'y0': 50.001625216039955, 'z0': 5.2942114108154605, 'aX': -6.7939072634190065}",Foul,86.2,6.865798366542182,718759,656427,0.4019870595824133,Walk,93.3,1.66,3.46,Four-Seam Fastball,2.0,6
656305,"{'breakAngle': 3.6, 'breakLength': 3.6, 'breakY': 24.0, 'breakVertical': -16.4, 'breakVerticalInduced': 14.0, 'breakHorizontal': 0.8, 'spinRate': 2485, 'spinDirection': 205}","{'aY': 25.543826018217555, 'aZ': -16.411437773573304, 'pfxX': -1.4875518090101174, 'pfxZ': 8.143254616937968, 'pX': 1.595967049704812, 'pZ': 2.289880761023183, 'vX0': 10.951448994749768, 'vY0': -137.1085731027129, 'vZ0': -5.108703718858023, 'x': 56.17, 'y': 176.95, 'x0': -2.228323148248424, 'y0': 50.00294799209536, 'z0': 5.268757019826716, 'aX': -2.8796531873473534}",Ball,87.7,6.92485460079184,718759,656427,0.39695040223471345,Walk,94.4,1.65941168985627,3.28916583049166,Four-Seam Fastball,2.0,14
656305,"{'breakAngle': 13.2, 'breakLength': 9.6, 'breakY': 24.0, 'breakVertical': -41.8, 'breakVerticalInduced': -1.2, 'breakHorizontal': -9.7, 'spinRate': 2436, 'spinDirection': 87}","{'aY': 23.038227198828803, 'aZ': -32.52382298558199, 'pfxX': 4.543182150551418, 'pfxZ': -0.2462952476775393, 'pX': 0.7499736887027498, 'pZ': 0.5288299215031999, 'vX0': 6.261081382325814, 'vY0': -119.35804492649734, 'vZ0': -3.943392377427647, 'x': 88.41, 'y': 224.5, 'x0': -2.4975431620167954, 'y0': 50.001478207186956, 'z0': 5.132103359686997, 'aX': 6.550424272642511}",Ball In Dirt,75.9,6.856667908104382,718759,656427,0.45894781781032634,Walk,82.0,1.61052317784659,3.19165748096167,Slider,2.0,14
474832,"{'breakAngle': 10.8, 'breakLength': 8.4, 'breakY': 24.0, 'breakVertical': -36.8, 'breakVerticalInduced': 3.5, 'breakHorizontal': -7.6, 'spinRate': 2441, 'spinDirection': 91}","{'aY': 24.39399799070515, 'aZ': -29.33228689776624, 'pfxX': 3.3435222220285645, 'pfxZ': 1.9500331421137878, 'pX': 0.43408293370030954, 'pZ': 2.0830103719031374, 'vX0': 5.786462036504884, 'vY0': -120.2501217840104, 'vZ0': -1.5120175224977703, 'x': 100.45, 'y': 182.54, 'x0': -2.442418532828278, 'y0': 50.0019992255381, 'z0': 5.334143879633422, 'aX': 4.872116823387995}",Called Strike,75.8,6.909797215530417,718759,656427,0.456355275817804,Strikeout,82.6,1.58939114608776,3.11217176671114,Slider,2.0,9
474832,"{'breakAngle': 4.8, 'breakLength': 4.8, 'breakY': 24.0, 'breakVertical': -20.0, 'breakVerticalInduced': 12.1, 'breakHorizontal': -1.6, 'spinRate': 2343, 'spinDirection': 192}","{'aY': 28.286467892769455, 'aZ': -19.715613579945312, 'pfxX': -0.19561492077021647, 'pfxZ': 6.845803905413298, 'pX': 1.2460491422225437, 'pZ': 3.2110610475744448, 'vX0': 9.223821623424357, 'vY0': -133.8998885353374, 'vZ0': -2.0852836255272296, 'x': 69.5, 'y': 152.08, 'x0': -2.214541558715857, 'y0': 50.002337078999076, 'z0': 5.407060316075855, 'aX': -0.3557442205933836}",Ball,84.5,6.888694856559742,718759,656427,0.40868386326330963,Strikeout,92.1,1.58939114608776,3.1365559424653,Four-Seam Fastball,2.0,12
474832,"{'breakAngle': 14.4, 'breakLength': 13.2, 'breakY': 24.0, 'breakVertical': -59.0, 'breakVerticalInduced': -11.0, 'breakHorizontal': -16.0, 'spinRate': 2317, 'spinDirection': 55}","{'aY': 21.833028411231627, 'aZ': -40.354129348829424, 'pfxX': 8.156880970883762, 'pfxZ': -6.713162709542919, 'pX': 0.44815040660581434, 'pZ': 2.4681873582618015, 'vX0': 4.123502985267906, 'vY0': -110.32187517955958, 'vZ0': 2.479482305254005, 'x': 99.92, 'y': 172.14, 'x0': -2.5124654929251364, 'y0': 50.0041555985497, 'z0': 5.620341497361333, 'aX': 9.934260644173028}",Foul,69.5,6.760753027104652,718759,656427,0.4987863769110801,Strikeout,75.9,1.59,3.21,Knuckle Curve,2.0,6
474832,"{'breakAngle': 1.2, 'breakLength': 3.6, 'breakY': 24.0, 'breakVertical': -16.2, 'breakVerticalInduced': 15.2, 'breakHorizontal': 0.4, 'spinRate': 2385, 'spinDirection': 191}","{'aY': 27.3097437900255, 'aZ': -16.692616109314372, 'pfxX': -0.9328777595667185, 'pfxZ': 8.257405446911413, 'pX': -0.020141107296939166, 'pZ': 4.32824946785556, 'vX0': 6.540623836621745, 'vY0': -135.50160400323415, 'vZ0': -0.007914237508802324, 'x': 117.77, 'y': 121.92, 'x0': -2.3354481647142027, 'y0': 50.00211324650069, 'z0': 5.489468787239851, 'aX': -1.7489220346637309}",Ball,85.7,6.8651521312398955,718759,656427,0.40294269716966236,Strikeout,93.1,1.58939114608776,3.1365559424653,Four-Seam Fastball,2.0,12
474832,"{'breakAngle': 2.4, 'breakLength': 3.6, 'breakY': 24.0, 'breakVertical': -18.8, 'breakVerticalInduced': 13.7, 'breakHorizontal': -0.8, 'spinRate': 2291, 'spinDirection': 197}","{'aY': 24.972968639440175, 'aZ': -18.247018798911533, 'pfxX': -0.4664733837277817, 'pfxZ': 7.7096337702346815, 'pX': 0.9944859536705963, 'pZ': 3.1216464440199116, 'vX0': 8.907391017305589, 'vY0': -132.7004002340548, 'vZ0': -2.529940890334534, 'x': 79.09, 'y': 154.5, 'x0': -2.3267980357189595, 'y0': 50.00156123417066, 'z0': 5.397432924477039, 'aX': -0.8428804843716464}",Ball,84.5,6.965894134589784,718759,656427,0.41073879462005003,Strikeout,91.2,1.58939114608776,3.03901044495469,Four-Seam Fastball,2.0,12
474832,"{'breakAngle': 6.0, 'breakLength': 4.8, 'breakY': 24.0, 'breakVertical': -20.9, 'breakVerticalInduced': 11.9, 'breakHorizontal': -2.0, 'spinRate': 2267, 'spinDirection': 194}","{'aY': 22.877889490836, 'aZ': -20.184625555701682, 'pfxX': 0.6145169359709506, 'pfxZ': 6.663348005524803, 'pX': -0.2398411193057446, 'pZ': 2.9957940060880794, 'vX0': 5.4925116229948205, 'vY0': -131.99450202980714, 'vZ0': -2.484582071301889, 'x': 126.14, 'y': 157.89, 'x0': -2.4106571029258013, 'y0': 50.003294190772365, 'z0': 5.403726302003003, 'aX': 1.1052735863931316}",Swinging Strike,84.4,6.975144752791973,718759,656427,0.41185472590823613,Strikeout,90.6,1.59,3.21,Four-Seam Fastball,2.0,2
680977,"{'breakAngle': 49.2, 'breakLength': 3.6, 'breakY': 24.0, 'breakVertical': -10.9, 'breakVerticalInduced': 20.0, 'breakHorizontal': 12.6, 'spinRate': 2302, 'spinDirection': 221}","{'aY': 30.008030072467903, 'aZ': -9.380953040720955, 'pfxX': -8.034685304451727, 'pfxZ': 12.044954380330385, 'pX': 0.03345087195595434, 'pZ': 1.8195441675529433, 'vX0': 9.247870288057976, 'vY0': -136.6615508792508, 'vZ0': -8.82282325339159, 'x': 115.72, 'y': 189.65, 'x0': -2.3498228063484365, 'y0': 50.000269252483214, 'z0': 5.733253083350004, 'aX': -15.201638736382552}",Called Strike,86.0,6.7307469291958855,718759,592332,0.40073105354437066,Groundout,94.2,1.61939992884074,3.25660149904348,Four-Seam Fastball,0.9,8
680977,"{'breakAngle': 44.4, 'breakLength': 4.8, 'breakY': 24.0, 'breakVertical': -13.8, 'breakVerticalInduced': 17.0, 'breakHorizontal': 13.3, 'spinRate': 2241, 'spinDirection': 219}","{'aY': 25.090938715052722, 'aZ': -12.725745116465387, 'pfxX': -7.962430094454648, 'pfxZ': 10.164746624332167, 'pX': -0.8707901024536315, 'pZ': 1.520746061197174, 'vX0': 6.883644553259076, 'vY0': -136.26316691647716, 'vZ0': -9.103974267346898, 'x': 150.19, 'y': 197.72, 'x0': -2.374093354565489, 'y0': 50.00066802369263, 'z0': 5.747751615713362, 'aX': -15.230600783351637}",Ball,87.1,6.539335663661543,718759,592332,0.3993432573859237,Groundout,93.7,1.61939992884074,3.2809768361881,Four-Seam Fastball,0.89,13
680977,"{'breakAngle': 52.8, 'breakLength': 4.8, 'breakY': 24.0, 'breakVertical': -12.2, 'breakVerticalInduced': 19.1, 'breakHorizontal': 16.0, 'spinRate': 2262, 'spinDirection': 217}","{'aY': 25.227442285038283, 'aZ': -11.70654125993582, 'pfxX': -9.617130911151888, 'pfxZ': 10.891647170002509, 'pX': -0.5228971359297542, 'pZ': 3.1788523258856984, 'vX0': 8.494808096586963, 'vY0': -135.18804112083154, 'vZ0': -5.085969445867564, 'x': 136.93, 'y': 152.95, 'x0': -2.4330577007067316, 'y0': 50.00475247249673, 'z0': 5.883969597239243, 'aX': -18.076663783467495}",Foul,86.0,6.494776039382473,718759,592332,0.4027985041314106,Groundout,93.0,1.62,3.33,Four-Seam Fastball,0.88,1
680977,"{'breakAngle': 25.2, 'breakLength': 8.4, 'breakY': 24.0, 'breakVertical': -34.0, 'breakVerticalInduced': 3.2, 'breakHorizontal': 16.0, 'spinRate': 1638, 'spinDirection': 234}","{'aY': 23.366358224385426, 'aZ': -28.93291580265959, 'pfxX': -9.66377176375414, 'pfxZ': 2.053967986868132, 'pX': -0.850858566169847, 'pZ': 2.2092777126236665, 'vX0': 7.144234607343209, 'vY0': -124.4209349609086, 'vZ0': -2.9940308520744194, 'x': 149.43, 'y': 179.13, 'x0': -2.4942415753260634, 'y0': 50.00320191591358, 'z0': 5.8088297147404875, 'aX': -15.255348200669845}","In play, out(s)",79.0,6.698618145154524,718759,592332,0.43907861009992954,Groundout,85.5,1.62,3.33,Splitter,0.91,13
676475,"{'breakAngle': 42.0, 'breakLength': 3.6, 'breakY': 24.0, 'breakVertical': -13.3, 'breakVerticalInduced': 18.4, 'breakHorizontal': 11.6, 'spinRate': 2211, 'spinDirection': 213}","{'aY': 26.69173317452142, 'aZ': -12.01503357106238, 'pfxX': -7.325860932662492, 'pfxZ': 10.892401638755558, 'pX': -0.04001238891260171, 'pZ': 1.995595160516115, 'vX0': 8.49704975225828, 'vY0': -134.5653196291245, 'vZ0': -7.7097066374726015, 'x': 118.53, 'y': 184.9, 'x0': -2.273192664776576, 'y0': 50.003390711370045, 'z0': 5.731621236587316, 'aX': -13.559399854252694}","In play, out(s)",85.4,6.706222017655245,718759,592332,0.4056157648370058,Flyout,92.6,1.58,3.41,Four-Seam Fastball,0.89,8
502671,"{'breakAngle': 34.8, 'breakLength': 3.6, 'breakY': 24.0, 'breakVertical': -12.6, 'breakVerticalInduced': 18.7, 'breakHorizontal': 8.4, 'spinRate': 2304, 'spinDirection': 215}","{'aY': 32.510889505859176, 'aZ': -10.412964177376526, 'pfxX': -6.020498378642372, 'pfxZ': 11.64010346754404, 'pX': 0.9774048375359534, 'pZ': 1.209132973011595, 'vX0': 10.576562690651865, 'vY0': -136.46891145686016, 'vZ0': -10.192083046238757, 'x': 79.74, 'y': 206.13, 'x0': -2.1819822061953023, 'y0': 50.00560666244769, 'z0': 5.729173362534502, 'aX': -11.258690593083392}",Ball,85.4,6.760671286913362,718759,592332,0.4027364818719339,Single,94.3,1.60939669477115,3.39537285796807,Four-Seam Fastball,0.9,14
502671,"{'breakAngle': 46.8, 'breakLength': 3.6, 'breakY': 24.0, 'breakVertical': -10.6, 'breakVerticalInduced': 20.6, 'breakHorizontal': 11.4, 'spinRate': 2320, 'spinDirection': 214}","{'aY': 28.519530412445803, 'aZ': -9.081577190810195, 'pfxX': -7.379503516905593, 'pfxZ': 12.302251335096885, 'pX': 0.47734042736887333, 'pZ': 1.9388469796189671, 'vX0': 10.033598466690375, 'vY0': -135.8396001346438, 'vZ0': -8.541434713812622, 'x': 98.8, 'y': 186.43, 'x0': -2.297853533618825, 'y0': 50.00443272458285, 'z0': 5.7473217870943065, 'aX': -13.854467210762028}",Called Strike,85.8,6.660352924333824,718759,592332,0.40253479173901985,Single,93.6,1.58495067051753,3.3466349639076,Four-Seam Fastball,0.9,9
502671,"{'breakAngle': 34.8, 'breakLength': 8.4, 'breakY': 24.0, 'breakVertical': -33.2, 'breakVerticalInduced': 4.8, 'breakHorizontal': 22.6, 'spinRate': 1872, 'spinDirection': 233}","{'aY': 21.233187672351605, 'aZ': -27.59008614942942, 'pfxX': -13.452855368523393, 'pfxZ': 2.960010609523728, 'pX': -0.11427096619220023, 'pZ': 1.9392942249652103, 'vX0': 9.630658865639742, 'vY0': -122.80827317627705, 'vZ0': -3.9297024867993926, 'x': 121.36, 'y': 186.42, 'x0': -2.312688966259219, 'y0': 50.002192801206476, 'z0': 5.871781106125698, 'aX': -20.826746024580192}","In play, no out",78.5,6.736735422901716,718759,592332,0.44371820981182264,Single,84.5,1.61,3.42,Splitter,0.91,8
571448,"{'breakAngle': 2.4, 'breakLength': 7.2, 'breakY': 24.0, 'breakVertical': -34.0, 'breakVerticalInduced': 4.0, 'breakHorizontal': -1.6, 'spinRate': 2396, 'spinDirection': 179}","{'aY': 18.2469563571892, 'aZ': -28.483004250610506, 'pfxX': 0.21428011082786247, 'pfxZ': 2.373017341678489, 'pX': 0.3768081607437045, 'pZ': 2.231764356802371, 'vX0': 6.837083413927168, 'vY0': -122.3998959351747, 'vZ0': -2.928801369859559, 'x': 102.64, 'y': 178.52, 'x0': -2.4506173682118217, 'y0': 50.004771652772924, 'z0': 5.81825542249086, 'aX': 0.33290616682570096}",Swinging Strike,79.1,6.648089379006608,718759,592332,0.44311165799509933,Strikeout,84.0,1.64,3.28,Slider,0.9,9
571448,"{'breakAngle': 21.6, 'breakLength': 8.4, 'breakY': 24.0, 'breakVertical': -33.5, 'breakVerticalInduced': 3.5, 'breakHorizontal': 13.2, 'spinRate': 1760, 'spinDirection': 233}","{'aY': 20.45120184257676, 'aZ': -28.175068031874343, 'pfxX': -8.283864115112035, 'pfxZ': 2.5101753627342385, 'pX': 0.6511429269035638, 'pZ': 0.9301724531626478, 'vX0': 10.23242144810283, 'vY0': -124.18915370385074, 'vZ0': -6.1058474229473525, 'x': 92.18, 'y': 213.67, 'x0': -2.410310281195522, 'y0': 50.00053123863965, 'z0': 5.708353521080439, 'aX': -13.18342850833033}",Ball,80.0,6.7986851616511235,718759,592332,0.4378947240160205,Strikeout,85.5,1.6394058216759,3.25533761212763,Splitter,0.9,14
571448,"{'breakAngle': 44.4, 'breakLength': 3.6, 'breakY': 24.0, 'breakVertical': -12.1, 'breakVerticalInduced': 18.6, 'breakHorizontal': 11.9, 'spinRate': 2210, 'spinDirection': 219}","{'aY': 30.07358326160902, 'aZ': -11.241719945723666, 'pfxX': -7.446310372776699, 'pfxZ': 10.937747040941446, 'pX': -0.4709796300637883, 'pZ': 2.468920288073746, 'vX0': 7.830722719133061, 'vY0': -137.38928791470326, 'vZ0': -6.682362215991139, 'x': 134.95, 'y': 172.12, 'x0': -2.388957425109349, 'y0': 50.00588570453235, 'z0': 5.694683664224327, 'aX': -14.255912848345458}",Foul,86.5,6.703635390743829,718759,592332,0.39847042966767177,Strikeout,94.6,1.64,3.28,Four-Seam Fastball,0.9,4
571448,"{'breakAngle': 37.2, 'breakLength': 3.6, 'breakY': 24.0, 'breakVertical': -13.8, 'breakVerticalInduced': 16.1, 'breakHorizontal': 10.3, 'spinRate': 2205, 'spinDirection': 217}","{'aY': 27.73961273023119, 'aZ': -14.410922082302507, 'pfxX': -6.475203620318563, 'pfxZ': 9.036413788814931, 'pX': -0.2594570475952702, 'pZ': 4.056007145524004, 'vX0': 7.882546454708718, 'vY0': -138.56849907722903, 'vZ0': -2.6934522909654715, 'x': 126.89, 'y': 129.27, 'x0': -2.284961034446613, 'y0': 50.00651042490101, 'z0': 5.990143549186131, 'aX': -12.734914011643756}",Swinging Strike,87.8,6.451924805267904,718759,592332,0.39360821733184936,Strikeout,95.2,1.64,3.28,Four-Seam Fastball,0.9,11
643376,"{'breakAngle': 6.0, 'breakLength': 4.8, 'breakY': 24.0, 'breakVertical': -23.4, 'breakVerticalInduced': 10.7, 'breakHorizontal': -2.3, 'spinRate': 2150, 'spinDirection': 189}","{'aY': 20.540463612156874, 'aZ': -22.216587912577303, 'pfxX': 0.9165482603080495, 'pfxZ': 5.75866880991396, 'pX': -0.7702504762400273, 'pZ': 4.01526059349546, 'vX0': 3.8040707390775212, 'vY0': -129.0341288485227, 'vZ0': 0.04046260511472466, 'x': 146.36, 'y': 130.37, 'x0': -2.3677986754683324, 'y0': 50.001146926064315, 'z0': 5.676516057812435, 'aX': 1.5826920268998792}",Ball,82.8,6.702564770622892,718759,656427,0.4205026249077384,Walk,88.5,1.49936429777012,3.27282932767123,Four-Seam Fastball,2.0,11
643376,"{'breakAngle': 9.6, 'breakLength': 9.6, 'breakY': 24.0, 'breakVertical': -44.0, 'breakVerticalInduced': -0.2, 'breakHorizontal': -7.7, 'spinRate': 2262, 'spinDirection': 90}","{'aY': 21.003428940263838, 'aZ': -32.42912121099205, 'pfxX': 3.8276519232280313, 'pfxZ': -0.19399152620178484, 'pX': -0.5329567489417637, 'pZ': 2.2676949974079004, 'vX0': 3.1140729559671727, 'vY0': -114.90955210147374, 'vZ0': -0.5651984049538276, 'x': 137.32, 'y': 177.55, 'x0': -2.4021335760144646, 'y0': 50.00052437600341, 'z0': 5.663491092382392, 'aX': 5.12487388404739}",Foul,72.8,6.52173941998269,718759,656427,0.4763913441816552,Walk,78.9,1.5,3.2,Slider,2.0,4
643376,"{'breakAngle': 10.8, 'breakLength': 15.6, 'breakY': 24.0, 'breakVertical': -66.4, 'breakVerticalInduced': -12.5, 'breakHorizontal': -13.4, 'spinRate': 2168, 'spinDirection': 52}","{'aY': 18.172810468168283, 'aZ': -41.08147859279368, 'pfxX': 7.288029605815305, 'pfxZ': -8.17716929298626, 'pX': -1.1571044189482307, 'pZ': 4.329570298136162, 'vX0': 0.758027633516543, 'vY0': -103.95083545783281, 'vZ0': 6.482447668668372, 'x': 161.11, 'y': 121.88, 'x0': -2.4732965706496417, 'y0': 50.0028004363411, 'z0': 6.06049322838029, 'aX': 7.938655347604549}",Ball,65.6,6.577458029253328,718759,656427,0.5278390471725602,Walk,71.6,1.49936429777012,3.17531695352202,Knuckle Curve,2.0,11
643376,"{'breakAngle': 1.2, 'breakLength': 4.8, 'breakY': 24.0, 'breakVertical': -21.0, 'breakVerticalInduced': 14.3, 'breakHorizontal': 0.2, 'spinRate': 2185, 'spinDirection': 185}","{'aY': 25.994578076024656, 'aZ': -19.373356569772206, 'pfxX': -0.6434290890331273, 'pfxZ': 7.679540380800518, 'pX': -0.8696648130178447, 'pZ': 4.320151375162849, 'vX0': 4.15920995729451, 'vY0': -128.17476098800387, 'vZ0': 0.3498432429060926, 'x': 150.15, 'y': 122.14, 'x0': -2.428433344585112, 'y0': 50.0048363431162, 'z0': 5.692275420138904, 'aX': -1.0734815514820504}",Ball,80.6,6.676968516888135,718759,656427,0.4269954773614213,Walk,88.0,1.49936429777012,3.27282932767123,Four-Seam Fastball,2.0,11
643376,"{'breakAngle': 2.4, 'breakLength': 4.8, 'breakY': 24.0, 'breakVertical': -20.3, 'breakVerticalInduced': 14.5, 'breakHorizontal': 1.1, 'spinRate': 2119, 'spinDirection': 188}","{'aY': 24.902588047126063, 'aZ': -19.134870309445795, 'pfxX': -0.7860967785998154, 'pfxZ': 7.7343327933152715, 'pX': -1.9114634941204889, 'pZ': 4.737658913872523, 'vX0': 1.7989822171990704, 'vY0': -128.55767312003468, 'vZ0': 1.323272232426233, 'x': 189.86, 'y': 110.86, 'x0': -2.515970778141459, 'y0': 50.00073316161149, 'z0': 5.694466997904545, 'aX': -1.3251490133092156}",Ball,81.1,6.667225123323886,718759,656427,0.42492348147090553,Walk,88.2,1.49936429777012,3.22407613885213,Four-Seam Fastball,2.0,11
624415,"{'breakAngle': 12.0, 'breakLength': 9.6, 'breakY': 24.0, 'breakVertical': -43.8, 'breakVerticalInduced': -2.2, 'breakHorizontal': -9.4, 'spinRate': 2332, 'spinDirection': 93}","{'aY': 21.429664726549785, 'aZ': -33.80876516075549, 'pfxX': 4.546574296846343, 'pfxZ': -1.1565042626304365, 'pX': 0.1383124283529595, 'pZ': 1.6181736977259102, 'vX0': 4.816505739559784, 'vY0': -117.76602040907947, 'vZ0': -1.4935815934513463, 'x': 111.73, 'y': 195.09, 'x0': -2.5208134279177554, 'y0': 50.004481841517325, 'z0': 5.3751610516840085, 'aX': 6.414403570152395}",Called Strike,75.0,6.816621984115483,718759,656427,0.46430578413862866,Hit By Pitch,80.9,1.57938808654629,3.25223329822239,Slider,2.0,8
624415,"{'breakAngle': 12.0, 'breakLength': 8.4, 'breakY': 24.0, 'breakVertical': -38.6, 'breakVerticalInduced': 1.8, 'breakHorizontal': -8.2, 'spinRate': 2349, 'spinDirection': 101}","{'aY': 24.369269417401178, 'aZ': -30.037173144216734, 'pfxX': 3.3485348108441935, 'pfxZ': 1.476197842138312, 'pX': 1.5609684451081172, 'pZ': 0.7303936145677186, 'vX0': 8.482500230058296, 'vY0': -119.96083237630262, 'vZ0': -4.285547091557624, 'x': 57.5, 'y': 219.06, 'x0': -2.4636793888139725, 'y0': 50.0046521016275, 'z0': 5.233835567450223, 'aX': 4.853540454551084}",Hit By Pitch,76.0,6.891425258632928,718759,656427,0.4575287683493756,Hit By Pitch,82.6,1.58,3.35,Slider,2.0,14
595281,"{'breakAngle': 9.6, 'breakLength': 4.8, 'breakY': 24.0, 'breakVertical': -19.3, 'breakVerticalInduced': 13.9, 'breakHorizontal': 3.2, 'spinRate': 2286, 'spinDirection': 195}","{'aY': 25.0770666329658, 'aZ': -17.58321081728352, 'pfxX': -2.519483473067475, 'pfxZ': 8.248492468877307, 'pX': -0.06706442694450797, 'pZ': 1.517104122730823, 'vX0': 6.918817376311933, 'vY0': -131.43636840533213, 'vZ0': -6.450539394374438, 'x': 119.56, 'y': 197.82, 'x0': -2.3937408932243778, 'y0': 50.000060537208924, 'z0': 5.286354170991613, 'aX': -4.45585071426429}",Called Strike,83.6,6.841256814340039,718759,656427,0.4150371954823173,Flyout,90.4,1.57938808654629,3.30098300113534,Four-Seam Fastball,2.0,13
595281,"{'breakAngle': 13.2, 'breakLength': 7.2, 'breakY': 24.0, 'breakVertical': -33.2, 'breakVerticalInduced': 4.7, 'breakHorizontal': -8.0, 'spinRate': 2151, 'spinDirection': 149}","{'aY': 25.873540582373, 'aZ': -28.03252008132626, 'pfxX': 3.7672550739423842, 'pfxZ': 2.6785285943884265, 'pX': 0.13674411092769373, 'pZ': 2.5250499854173056, 'vX0': 4.895493883021123, 'vY0': -123.83191113887902, 'vZ0': -1.751947475157661, 'x': 111.79, 'y': 170.6, 'x0': -2.358913618411766, 'y0': 50.0026323296499, 'z0': 5.598164828620054, 'aX': 5.81969870971318}","In play, out(s)",77.9,6.727141488013458,718759,656427,0.4431690082708437,Flyout,85.1,1.66,3.46,Cutter,2.0,5
543807,"{'breakAngle': 27.6, 'breakLength': 7.2, 'breakY': 24.0, 'breakVertical': -29.3, 'breakVerticalInduced': 9.1, 'breakHorizontal': 14.9, 'spinRate': 1564, 'spinDirection': 197}","{'aY': 25.180103276999336, 'aZ': -23.946670112629565, 'pfxX': -9.010823752632373, 'pfxZ': 5.408424891481672, 'pX': -0.9369573520959182, 'pZ': 2.118267817059346, 'vX0': 5.767965652566233, 'vY0': -122.81943739450762, 'vZ0': -3.5265833613493225, 'x': 152.71, 'y': 181.59, 'x0': -2.1495870024586794, 'y0': 50.00504249842529, 'z0': 5.617977269968064, 'aX': -13.71624570957122}",Called Strike,77.2,6.8248828106592345,718759,656427,0.4466011255951461,Grounded Into DP,84.4,1.59283040000221,3.4566583022545,Changeup,2.0,13
543807,"{'breakAngle': 18.0, 'breakLength': 9.6, 'breakY': 24.0, 'breakVertical': -38.9, 'breakVerticalInduced': 1.1, 'breakHorizontal': -12.6, 'spinRate': 2414, 'spinDirection': 94}","{'aY': 22.02961646459745, 'aZ': -31.136126166128978, 'pfxX': 6.355352240345515, 'pfxZ': 0.7078812053658563, 'pX': 0.3005710827078101, 'pZ': 1.8828697756434603, 'vX0': 4.481559777188602, 'vY0': -120.0378318086191, 'vZ0': -1.741242095173864, 'x': 105.54, 'y': 187.94, 'x0': -2.412701616248617, 'y0': 50.00282269168632, 'z0': 5.37525535208327, 'aX': 9.325612873419908}","In play, out(s)",76.4,6.798360176173898,718759,656427,0.45532234650048187,Grounded Into DP,82.4,1.61,3.5,Slider,2.0,9
669357,"{'breakAngle': 40.8, 'breakLength': 3.6, 'breakY': 24.0, 'breakVertical': -13.0, 'breakVerticalInduced': 19.7, 'breakHorizontal': 11.3, 'spinRate': 2162, 'spinDirection': 213}","{'aY': 29.614392797171163, 'aZ': -11.14192424033671, 'pfxX': -6.99881740471853, 'pfxZ': 11.695054273448218, 'pX': -0.8730738068428965, 'pZ': 2.170574133516354, 'vX0': 6.354823767562941, 'vY0': -133.470565592468, 'vZ0': -7.648036309382587, 'x': 150.28, 'y': 180.17, 'x0': -2.3793819210706064, 'y0': 50.00269474545296, 'z0': 5.8818137249773566, 'aX': -12.585929146014163}",Called Strike,83.7,6.541469746229957,718759,592332,0.4109025453599444,Groundout,91.9,1.76392571816191,3.6271643838896,Four-Seam Fastball,0.9,13
669357,"{'breakAngle': 42.0, 'breakLength': 3.6, 'breakY': 24.0, 'breakVertical': -11.3, 'breakVerticalInduced': 20.9, 'breakHorizontal': 10.2, 'spinRate': 2294, 'spinDirection': 216}","{'aY': 29.658329989569516, 'aZ': -9.413913769408225, 'pfxX': -6.764526576441553, 'pfxZ': 12.488612259662219, 'pX': 0.3429691638564185, 'pZ': 1.931931755314079, 'vX0': 9.370819972170887, 'vY0': -134.28164731341315, 'vZ0': -8.371844146709703, 'x': 103.93, 'y': 186.62, 'x0': -2.3165359657996993, 'y0': 50.00294387938124, 'z0': 5.7639267560102905, 'aX': -12.328576948450568}",Called Strike,84.4,6.688317823274166,718759,592332,0.40822806381110155,Groundout,92.6,1.6394058216759,3.48410938534143,Four-Seam Fastball,0.9,9
669357,"{'breakAngle': 45.6, 'breakLength': 3.6, 'breakY': 24.0, 'breakVertical': -12.4, 'breakVerticalInduced': 18.2, 'breakHorizontal': 12.4, 'spinRate': 2349, 'spinDirection': 218}","{'aY': 32.07014948515614, 'aZ': -12.082934530702245, 'pfxX': -7.64552053010797, 'pfxZ': 10.529971851052661, 'pX': -0.9979298898188671, 'pZ': 3.5168075481592833, 'vX0': 6.585063337797432, 'vY0': -137.63513713730188, 'vZ0': -4.235899254490371, 'x': 155.04, 'y': 143.83, 'x0': -2.434437604621923, 'y0': 50.004435032947505, 'z0': 5.901147131097644, 'aX': -14.59142544718421}",Ball,86.0,6.558379125913981,718759,592332,0.39876474671958295,Groundout,94.7,1.6394058216759,3.38664992885578,Four-Seam Fastball,0.9,11
669357,"{'breakAngle': 44.4, 'breakLength': 4.8, 'breakY': 24.0, 'breakVertical': -14.8, 'breakVerticalInduced': 17.2, 'breakHorizontal': 14.4, 'spinRate': 2179, 'spinDirection': 220}","{'aY': 30.47144148242075, 'aZ': -12.631403022267175, 'pfxX': -9.075062431040145, 'pfxZ': 10.638347425474805, 'pX': -0.20434412473350294, 'pZ': 0.8819368969253378, 'vX0': 8.831391900108743, 'vY0': -134.94268225671235, 'vZ0': -10.143541671411173, 'x': 124.79, 'y': 214.97, 'x0': -2.346789689658771, 'y0': 50.00318808381672, 'z0': 5.589074168808506, 'aX': -16.67005527521237}",Ball,84.8,6.767287463394278,718759,592332,0.40652613295350903,Groundout,93.1,1.6394058216759,3.31353914404303,Four-Seam Fastball,0.89,13
669357,"{'breakAngle': 50.4, 'breakLength': 3.6, 'breakY': 24.0, 'breakVertical': -11.9, 'breakVerticalInduced': 19.3, 'breakHorizontal': 14.4, 'spinRate': 2356, 'spinDirection': 218}","{'aY': 29.848399989184582, 'aZ': -11.023616880208367, 'pfxX': -8.88295832487077, 'pfxZ': 11.233982707051318, 'pX': -0.42492083329331704, 'pZ': 2.969076850264811, 'vX0': 7.928808026785067, 'vY0': -136.31560360580954, 'vZ0': -5.568255681834235, 'x': 133.2, 'y': 158.61, 'x0': -2.2165775677080064, 'y0': 50.002950805915845, 'z0': 5.7986989008994305, 'aX': -16.72463328121818}",Foul,85.6,6.629016617664699,718759,592332,0.40174207886704405,Groundout,93.8,1.64,3.46,Four-Seam Fastball,0.9,1
669357,"{'breakAngle': 22.8, 'breakLength': 8.4, 'breakY': 24.0, 'breakVertical': -33.4, 'breakVerticalInduced': 4.3, 'breakHorizontal': 13.4, 'spinRate': 1738, 'spinDirection': 235}","{'aY': 19.3067415780397, 'aZ': -28.077844554991497, 'pfxX': -8.219389497603288, 'pfxZ': 2.624013630790455, 'pX': -0.1522644039008712, 'pZ': 2.0983269176458474, 'vX0': 8.08652873836209, 'vY0': -122.78899817923109, 'vZ0': -3.225786240300705, 'x': 122.8, 'y': 182.13, 'x0': -2.38644153522622, 'y0': 50.002329606068265, 'z0': 5.763382679178848, 'aX': -12.826634475090215}","In play, out(s)",79.0,6.675597993939875,718759,592332,0.44237879271309755,Groundout,84.4,1.64,3.46,Splitter,0.9,8
641933,"{'breakAngle': 1.2, 'breakLength': 9.6, 'breakY': 24.0, 'breakVertical': -40.6, 'breakVerticalInduced': 0.2, 'breakHorizontal': -1.2, 'spinRate': 2063, 'spinDirection': 129}","{'aY': 20.56054022200061, 'aZ': -32.0778629430168, 'pfxX': 0.19252784241985044, 'pfxZ': 0.07047310028344533, 'pX': -0.9606094509579755, 'pZ': 2.6445197495868826, 'vX0': 3.8743923555268127, 'vY0': -118.79002117378894, 'vZ0': -0.8070109842377932, 'x': 153.62, 'y': 167.38, 'x0': -2.6308397969276243, 'y0': 50.00478642390281, 'z0': 5.878587099765866, 'aX': 0.2780429589484305}",Called Strike,75.7,6.482460549872494,718759,592332,0.4592761992585128,Strikeout,81.5,1.59283040000221,3.13980328428806,Slider,0.88,11
641933,"{'breakAngle': 34.8, 'breakLength': 3.6, 'breakY': 24.0, 'breakVertical': -12.6, 'breakVerticalInduced': 18.7, 'breakHorizontal': 8.6, 'spinRate': 2326, 'spinDirection': 220}","{'aY': 30.704994980671213, 'aZ': -11.621394926708001, 'pfxX': -5.895355280691455, 'pfxZ': 10.984130442311312, 'pX': 0.28375158586435867, 'pZ': 2.8233032330720036, 'vX0': 9.216887643602156, 'vY0': -136.12351719587917, 'vZ0': -5.915710701325389, 'x': 106.18, 'y': 162.55, 'x0': -2.3846962900521045, 'y0': 50.001696342943944, 'z0': 5.833891253958445, 'aX': -11.030529273122557}",Foul,85.4,6.656556364621113,718759,592332,0.40282507501302733,Strikeout,93.7,1.57,3.23,Four-Seam Fastball,0.9,3
641933,"{'breakAngle': 21.6, 'breakLength': 8.4, 'breakY': 24.0, 'breakVertical': -33.7, 'breakVerticalInduced': 3.2, 'breakHorizontal': 13.2, 'spinRate': 1684, 'spinDirection': 237}","{'aY': 18.900081427186887, 'aZ': -28.699208960412665, 'pfxX': -8.096782647460278, 'pfxZ': 2.1866606387585055, 'pX': 0.2128988550132587, 'pZ': 1.4663743608875992, 'vX0': 8.848507744833158, 'vY0': -123.84727413481744, 'vZ0': -4.749774846573697, 'x': 108.88, 'y': 199.19, 'x0': -2.3127274720843642, 'y0': 50.005920072006504, 'z0': 5.740458563191347, 'aX': -12.896422474856502}",Swinging Strike,80.0,6.673679817679664,718759,592332,0.4380842690811284,Strikeout,85.1,1.57,3.23,Splitter,0.9,14
691023,"{'breakAngle': 30.0, 'breakLength': 3.6, 'breakY': 24.0, 'breakVertical': -12.7, 'breakVerticalInduced': 18.8, 'breakHorizontal': 7.2, 'spinRate': 2236, 'spinDirection': 213}","{'aY': 26.471571508398654, 'aZ': -10.587696201316877, 'pfxX': -5.021000148295224, 'pfxZ': 11.571297666576374, 'pX': 0.9793770900436916, 'pZ': 0.6052887764616748, 'vX0': 10.342225721896801, 'vY0': -135.01168373588774, 'vZ0': -11.566190145315243, 'x': 79.67, 'y': 222.44, 'x0': -2.2304605966111284, 'y0': 50.00441799905246, 'z0': 5.664508366587882, 'aX': -9.368782823903047}",Ball,86.1,6.6515979619199035,718759,592332,0.40405626394849437,Single,93.2,1.67641670273568,3.75316953785448,Four-Seam Fastball,0.9,14
691023,"{'breakAngle': 4.8, 'breakLength': 8.4, 'breakY': 24.0, 'breakVertical': -36.8, 'breakVerticalInduced': 2.4, 'breakHorizontal': -3.4, 'spinRate': 2240, 'spinDirection': 177}","{'aY': 19.795394588576386, 'aZ': -29.79177798992242, 'pfxX': 1.2613209720028526, 'pfxZ': 1.5828839304990536, 'pX': -0.1355922805605944, 'pZ': 1.7540435077993977, 'vX0': 5.1352840885478885, 'vY0': -120.71159430119768, 'vZ0': -3.4600670591487814, 'x': 122.17, 'y': 191.42, 'x0': -2.439792092611841, 'y0': 50.00034838454678, 'z0': 5.782752043091718, 'aX': 1.8909267768314544}",Swinging Strike,77.5,6.479075233928795,718759,592332,0.4508770110250957,Single,82.9,1.677,3.656,Slider,0.9,8
691023,"{'breakAngle': 1.2, 'breakLength': 8.4, 'breakY': 24.0, 'breakVertical': -35.8, 'breakVerticalInduced': 3.5, 'breakHorizontal': -0.6, 'spinRate': 2226, 'spinDirection': 156}","{'aY': 20.44450220207389, 'aZ': -29.04037531091888, 'pfxX': -0.36057529549056455, 'pfxZ': 2.0917566410198365, 'pX': 0.0057501799830411895, 'pZ': 2.3470417337973384, 'vX0': 5.919109185751976, 'vY0': -120.71912447977665, 'vZ0': -2.517866493868187, 'x': 116.78, 'y': 175.41, 'x0': -2.4166647445553964, 'y0': 50.000101657688724, 'z0': 5.924598904294709, 'aX': -0.5395499312067961}","In play, no out",77.2,6.531160755119695,718759,592332,0.451335650004435,Single,82.9,1.677,3.656,Slider,0.89,8
668800,"{'breakAngle': 27.6, 'breakLength': 3.6, 'breakY': 24.0, 'breakVertical': -16.3, 'breakVerticalInduced': 16.6, 'breakHorizontal': 8.3, 'spinRate': 2015, 'spinDirection': 213}","{'aY': 25.56565535883302, 'aZ': -14.886462321144295, 'pfxX': -5.218553047918577, 'pfxZ': 9.676526312565297, 'pX': -0.6687626697037361, 'pZ': 2.4605853697575872, 'vX0': 6.0280197988989235, 'vY0': -132.17649286774642, 'vZ0': -6.058785280835258, 'x': 142.49, 'y': 172.34, 'x0': -2.2903730420311206, 'y0': 50.00435276907051, 'z0': 5.857271891454423, 'aX': -9.325773996302168}",Called Strike,83.9,6.632742321791788,718759,592332,0.41283250102595614,Strikeout,90.8,1.49936429777012,3.24845348595309,Four-Seam Fastball,0.84,4
668800,"{'breakAngle': 40.8, 'breakLength': 3.6, 'breakY': 24.0, 'breakVertical': -13.9, 'breakVerticalInduced': 15.6, 'breakHorizontal': 11.9, 'spinRate': 2285, 'spinDirection': 215}","{'aY': 22.894829095717068, 'aZ': -14.283643041833821, 'pfxX': -7.271238556141368, 'pfxZ': 8.965676399679893, 'pX': -0.042585092581345456, 'pZ': 2.9414394165171367, 'vX0': 8.985333544664197, 'vY0': -138.4773620738694, 'vZ0': -5.296638207707001, 'x': 118.62, 'y': 159.36, 'x0': -2.3432955944157334, 'y0': 50.0050751144312, 'z0': 5.791257530535322, 'aX': -14.514310030506756}",Called Strike,89.1,6.7358858394273895,718759,592332,0.3914376816756038,Strikeout,95.2,1.49936429777012,3.27282932767123,Four-Seam Fastball,0.89,2
668800,"{'breakAngle': 44.4, 'breakLength': 4.8, 'breakY': 24.0, 'breakVertical': -14.0, 'breakVerticalInduced': 16.2, 'breakHorizontal': 13.4, 'spinRate': 2248, 'spinDirection': 214}","{'aY': 24.959497947472542, 'aZ': -13.80775231149886, 'pfxX': -8.23355990661738, 'pfxZ': 9.439376128665163, 'pX': 0.06955883102657774, 'pZ': 2.6294436067684592, 'vX0': 8.89308803675766, 'vY0': -137.3024610253682, 'vZ0': -6.2762499463619985, 'x': 114.35, 'y': 167.79, 'x0': -2.112515061016523, 'y0': 50.00279393976301, 'z0': 5.851737500780219, 'aX': -16.0208170576197}",Swinging Strike,87.8,6.55024845838909,718759,592332,0.3960418022031149,Strikeout,94.4,1.5,3.2,Four-Seam Fastball,0.89,5
666182,"{'breakAngle': 3.6, 'breakLength': 4.8, 'breakY': 24.0, 'breakVertical': -19.3, 'breakVerticalInduced': 14.4, 'breakHorizontal': -1.3, 'spinRate': 2166, 'spinDirection': 191}","{'aY': 25.63998547959858, 'aZ': -17.32557883906018, 'pfxX': -0.2017119147332318, 'pfxZ': 8.516061064274549, 'pX': 1.0658795398586418, 'pZ': 1.7610813407360328, 'vX0': 8.470755645498327, 'vY0': -130.72124414125082, 'vZ0': -6.108523182824897, 'x': 76.37, 'y': 191.23, 'x0': -2.180195179977188, 'y0': 50.00298585442287, 'z0': 5.413648246011676, 'aX': -0.3532398100078399}",Ball,83.0,6.779616996991171,718759,656427,0.4178210308591339,Walk,89.9,1.6394058216759,3.60847446667268,Four-Seam Fastball,2.0,14
666182,"{'breakAngle': 6.0, 'breakLength': 4.8, 'breakY': 24.0, 'breakVertical': -22.2, 'breakVerticalInduced': 11.6, 'breakHorizontal': -2.5, 'spinRate': 2154, 'spinDirection': 195}","{'aY': 22.648335218261412, 'aZ': -20.78968021820506, 'pfxX': 0.802604330963016, 'pfxZ': 6.559048784028711, 'pX': 0.08867722826561054, 'pZ': 3.102684054892526, 'vX0': 5.58986240133169, 'vY0': -129.7568631023566, 'vZ0': -2.3703258071766506, 'x': 113.62, 'y': 155.01, 'x0': -2.1821497870334525, 'y0': 50.00205140145559, 'z0': 5.582426805987491, 'aX': 1.3913370761218358}",Foul,82.9,6.735737232138792,718759,656427,0.4192997436086454,Walk,89.0,1.64,3.56,Four-Seam Fastball,2.0,2
666182,"{'breakAngle': 9.6, 'breakLength': 8.4, 'breakY': 24.0, 'breakVertical': -38.2, 'breakVerticalInduced': 1.6, 'breakHorizontal': -7.0, 'spinRate': 2418, 'spinDirection': 93}","{'aY': 22.135278892318627, 'aZ': -30.370484644370208, 'pfxX': 2.6831552872694795, 'pfxZ': 1.2168850036282328, 'pX': 1.9312874117012464, 'pZ': 0.9965752365356239, 'vX0': 9.103889982359384, 'vY0': -120.45656429945994, 'vZ0': -3.7358753247374628, 'x': 43.38, 'y': 211.87, 'x0': -2.2366841664537036, 'y0': 50.001706564057045, 'z0': 5.236276600250101, 'aX': 3.9625509251590416}",Ball,77.0,6.7110018135700935,718759,656427,0.45372302859291125,Walk,82.9,1.6394058216759,3.53540625039486,Slider,2.0,14
666182,"{'breakAngle': 10.8, 'breakLength': 4.8, 'breakY': 24.0, 'breakVertical': -22.2, 'breakVerticalInduced': 11.3, 'breakHorizontal': -4.4, 'spinRate': 2179, 'spinDirection': 186}","{'aY': 26.476884931990433, 'aZ': -20.635739400404738, 'pfxX': 1.410828937407139, 'pfxZ': 6.563212828973214, 'pX': 1.4322836744073812, 'pZ': 2.219367332497462, 'vX0': 9.29673011412968, 'vY0': -131.39180132994446, 'vZ0': -4.060586569524873, 'x': 62.4, 'y': 178.86, 'x0': -2.3273263089362657, 'y0': 50.00122541247991, 'z0': 5.308196631871956, 'aX': 2.477496747988129}",Ball,83.3,6.944157748490909,718759,656427,0.4160343273725968,Walk,90.4,1.6394058216759,3.60847446667268,Four-Seam Fastball,2.0,14
666182,"{'breakAngle': 3.6, 'breakLength': 4.8, 'breakY': 24.0, 'breakVertical': -21.0, 'breakVerticalInduced': 13.1, 'breakHorizontal': -1.2, 'spinRate': 2131, 'spinDirection': 181}","{'aY': 24.65984163118184, 'aZ': -19.041982696440947, 'pfxX': -0.23164580054447015, 'pfxZ': 7.600734717570095, 'pX': 0.8581895923156848, 'pZ': 2.1377719935739448, 'vX0': 8.401730403877755, 'vY0': -129.9620110100153, 'vZ0': -4.746358745803957, 'x': 84.29, 'y': 181.06, 'x0': -2.372676504702812, 'y0': 50.002350353002655, 'z0': 5.414185073021063, 'aX': -0.40010463940267255}",Foul,82.7,6.894030009723174,718759,656427,0.41983442954401085,Walk,89.4,1.64,3.56,Four-Seam Fastball,2.0,14
666182,"{'breakAngle': 1.2, 'breakLength': 4.8, 'breakY': 24.0, 'breakVertical': -22.9, 'breakVerticalInduced': 11.3, 'breakHorizontal': 0.4, 'spinRate': 2177, 'spinDirection': 189}","{'aY': 20.660544240350234, 'aZ': -21.27762157467701, 'pfxX': -0.41189759104328516, 'pfxZ': 6.310933412477967, 'pX': -1.5591839757083537, 'pZ': 2.82610099578497, 'vX0': 2.4226178383204044, 'vY0': -128.99147564516252, 'vZ0': -2.7410399664251606, 'x': 176.43, 'y': 162.48, 'x0': -2.4472539865146166, 'y0': 50.001926754684156, 'z0': 5.499478601826746, 'aX': -0.7113138631619061}",Ball,82.8,6.762412789576607,718759,656427,0.4207104399610646,Walk,88.4,1.54162050655401,3.16985557735996,Four-Seam Fastball,2.0,11
665489,"{'breakAngle': 14.4, 'breakLength': 14.4, 'breakY': 24.0, 'breakVertical': -62.5, 'breakVerticalInduced': -11.0, 'breakHorizontal': -15.5, 'spinRate': 2243, 'spinDirection': 54}","{'aY': 19.465062035680944, 'aZ': -39.90563661009249, 'pfxX': 8.39403743297199, 'pfxZ': -6.798770473632127, 'pX': -0.9044668037529565, 'pZ': 2.470470377185805, 'vX0': 1.1299018499666929, 'vY0': -106.37436469986615, 'vZ0': 2.8771439764121607, 'x': 151.48, 'y': 172.08, 'x0': -2.5332307458649193, 'y0': 50.001574683863794, 'z0': 5.647569458497303, 'aX': 9.549322829346677}",Called Strike,67.2,6.644273463870302,718759,656427,0.5163143500697589,Walk,73.1,1.71504717471151,3.67586611099479,Knuckle Curve,2.0,13
665489,"{'breakAngle': 20.4, 'breakLength': 7.2, 'breakY': 24.0, 'breakVertical': -28.6, 'breakVerticalInduced': 10.0, 'breakHorizontal': 10.8, 'spinRate': 1752, 'spinDirection': 189}","{'aY': 24.035518435243628, 'aZ': -23.217329197711063, 'pfxX': -6.324682068190731, 'pfxZ': 5.8757363334461274, 'pX': -2.0687069496632833, 'pZ': 1.9231130526245732, 'vX0': 2.5569734759796545, 'vY0': -122.59916919690114, 'vZ0': -3.8456011186934855, 'x': 195.85, 'y': 186.86, 'x0': -2.3030348727180545, 'y0': 50.00028285933193, 'z0': 5.491479012143728, 'aX': -9.634848110934469}",Ball,77.4,6.806168268214943,718759,656427,0.4466056949892687,Walk,84.2,1.66941470658227,3.56106172808455,Changeup,2.0,13
665489,"{'breakAngle': 2.4, 'breakLength': 4.8, 'breakY': 24.0, 'breakVertical': -24.1, 'breakVerticalInduced': 8.8, 'breakHorizontal': 1.1, 'spinRate': 2297, 'spinDirection': 196}","{'aY': 25.766071976839655, 'aZ': -22.732060529574692, 'pfxX': -1.673888396209132, 'pfxZ': 5.278131460534551, 'pX': 1.2087272573661696, 'pZ': 1.7549665542308492, 'vX0': 9.753922796880456, 'vY0': -132.2781838149808, 'vZ0': -4.929306816973263, 'x': 70.93, 'y': 191.4, 'x0': -2.294211397876352, 'y0': 50.001500245315384, 'z0': 5.289190090459694, 'aX': -2.9945020638262005}",Ball,84.2,6.938758664210565,718759,656427,0.4126171879432108,Walk,91.0,1.66941470658227,3.58541771762971,Four-Seam Fastball,2.0,14
665489,"{'breakAngle': 7.2, 'breakLength': 4.8, 'breakY': 24.0, 'breakVertical': -19.0, 'breakVerticalInduced': 14.2, 'breakHorizontal': 2.4, 'spinRate': 2242, 'spinDirection': 193}","{'aY': 24.12937191188041, 'aZ': -18.268431951069587, 'pfxX': -2.016365116721351, 'pfxZ': 7.810223731480942, 'pX': -0.05091333563178828, 'pZ': 3.585821775654337, 'vX0': 6.46479811930627, 'vY0': -131.62872214931326, 'vZ0': -1.2858340179035985, 'x': 118.94, 'y': 141.96, 'x0': -2.2611736619487783, 'y0': 50.000854477950234, 'z0': 5.414079840266842, 'aX': -3.5894912742878886}",Ball,83.7,6.789137507969869,718759,656427,0.41380955193180835,Walk,90.4,1.66882915129842,3.65151604930952,Four-Seam Fastball,2.0,2
665489,"{'breakAngle': 9.6, 'breakLength': 9.6, 'breakY': 24.0, 'breakVertical': -40.4, 'breakVerticalInduced': 2.4, 'breakHorizontal': -6.7, 'spinRate': 2242, 'spinDirection': 88}","{'aY': 24.389350616173207, 'aZ': -30.721587762372497, 'pfxX': 3.1925748136552037, 'pfxZ': 1.0602941209096972, 'pX': -0.6558135861693609, 'pZ': 2.6988480108919437, 'vX0': 3.287394241643369, 'vY0': -116.81439497719627, 'vZ0': 0.6033152003653639, 'x': 142.0, 'y': 165.91, 'x0': -2.5021295757693167, 'y0': 50.00154239705212, 'z0': 5.352431336191749, 'aX': 4.359307202088047}",Called Strike,73.0,6.802654060198657,718759,656427,0.47099819307332425,Walk,80.3,1.66941470658227,3.53670415604169,Slider,2.0,4
665489,"{'breakAngle': 3.6, 'breakLength': 4.8, 'breakY': 24.0, 'breakVertical': -21.4, 'breakVerticalInduced': 10.8, 'breakHorizontal': 1.4, 'spinRate': 2284, 'spinDirection': 189}","{'aY': 24.46032552806951, 'aZ': -20.005440515961354, 'pfxX': -1.6959618377151289, 'pfxZ': 6.651487247212671, 'pX': 1.016264298229883, 'pZ': 0.9911271293723712, 'vX0': 9.099269682208982, 'vY0': -133.35739836442215, 'vZ0': -7.424658820831888, 'x': 78.26, 'y': 212.02, 'x0': -2.1967281421452207, 'y0': 50.00204222211435, 'z0': 5.217553584640914, 'aX': -3.1028944377203125}",Ball In Dirt,85.4,6.874965309258866,718759,656427,0.40828536077754674,Walk,91.8,1.66941470658227,3.56106172808455,Four-Seam Fastball,2.0,14
662139,"{'breakAngle': 14.4, 'breakLength': 13.2, 'breakY': 24.0, 'breakVertical': -57.1, 'breakVerticalInduced': -7.4, 'breakHorizontal': -14.5, 'spinRate': 2240, 'spinDirection': 54}","{'aY': 17.828508809439164, 'aZ': -37.84292153390374, 'pfxX': 8.111332112612233, 'pfxZ': -4.793213912840125, 'pX': -2.1604800674646656, 'pZ': 3.269535861024732, 'vX0': -0.9224199617354063, 'vY0': -107.77179981100194, 'vZ0': 3.8213124364577293, 'x': 144.51, 'y': 163.71, 'x0': -2.7826006472220963, 'y0': 50.00317011015556, 'z0': 5.639141144772756, 'aX': 9.590615614593395}",Ball,68.5,6.541745909059607,718759,656427,0.5072243746999727,Flyout,74.0,1.39933323661857,3.1628271081505,Knuckle Curve,2.0,11
662139,"{'breakAngle': 13.2, 'breakLength': 9.6, 'breakY': 24.0, 'breakVertical': -40.4, 'breakVerticalInduced': 1.6, 'breakHorizontal': -9.4, 'spinRate': 2400, 'spinDirection': 84}","{'aY': 21.54040935723062, 'aZ': -31.14721497364576, 'pfxX': 4.808458878362709, 'pfxZ': 0.732582438590887, 'pX': -0.8408081807540446, 'pZ': 2.4501595766764166, 'vX0': 2.607115293375564, 'vY0': -117.31248933706985, 'vZ0': -0.15624463687459555, 'x': 149.05, 'y': 172.63, 'x0': -2.590054528161818, 'y0': 50.00248885856051, 'z0': 5.413470070072007, 'aX': 6.721646545883837}",Called Strike,74.3,6.712057798976077,718759,656427,0.4663418294037047,Flyout,80.5,1.39933323661857,3.13844452346066,Slider,2.0,4
662139,"{'breakAngle': 12.0, 'breakLength': 9.6, 'breakY': 24.0, 'breakVertical': -43.9, 'breakVerticalInduced': -1.0, 'breakHorizontal': -10.0, 'spinRate': 2420, 'spinDirection': 85}","{'aY': 26.751257443682867, 'aZ': -32.52634426703943, 'pfxX': 4.566253246937425, 'pfxZ': -0.2577095395615183, 'pX': 0.6257953931431538, 'pZ': 0.973458509551743, 'vX0': 5.7971446558854804, 'vY0': -117.02389310040188, 'vZ0': -2.6483880439358702, 'x': 93.15, 'y': 212.5, 'x0': -2.498646531766756, 'y0': 50.00381671266411, 'z0': 5.236403841179353, 'aX': 6.18975694612487}",Ball,73.0,6.837405255236495,718759,656427,0.4721678881231721,Flyout,80.5,1.39933323661857,3.13844452346066,Slider,2.0,14
662139,"{'breakAngle': 14.4, 'breakLength': 9.6, 'breakY': 24.0, 'breakVertical': -42.5, 'breakVerticalInduced': -0.4, 'breakHorizontal': -11.2, 'spinRate': 2400, 'spinDirection': 83}","{'aY': 24.07721742248808, 'aZ': -32.3779551311691, 'pfxX': 5.670436197871867, 'pfxZ': -0.1458489429014076, 'pX': -0.378902876137984, 'pZ': 1.7181868398378493, 'vX0': 3.4539709803745655, 'vY0': -117.58464705236862, 'vZ0': -1.2580641073711927, 'x': 131.44, 'y': 192.39, 'x0': -2.6078889014297455, 'y0': 50.00432211808142, 'z0': 5.28792026342471, 'aX': 7.871630461842176}","In play, out(s)",74.0,6.655420065228528,718759,656427,0.4673614501427825,Flyout,80.8,1.4,3.09,Slider,2.0,7
656305,"{'breakAngle': 14.4, 'breakLength': 9.6, 'breakY': 24.0, 'breakVertical': -40.1, 'breakVerticalInduced': 1.4, 'breakHorizontal': -10.2, 'spinRate': 2310, 'spinDirection': 85}","{'aY': 23.862548345623473, 'aZ': -31.1209276686453, 'pfxX': 5.030752517445632, 'pfxZ': 0.7465852317343113, 'pX': -0.002430643523690485, 'pZ': 2.2373971564528365, 'vX0': 4.112839057298306, 'vY0': -118.29390349144929, 'vZ0': -0.5621193016002964, 'x': 117.09, 'y': 178.37, 'x0': -2.4209351489660182, 'y0': 50.00173315031181, 'z0': 5.346357080907778, 'aX': 7.084945587452106}","In play, out(s)",74.4,6.758834885530211,718759,656427,0.46410487453837446,Flyout,81.3,1.66,3.46,Slider,2.0,8
474832,"{'breakAngle': 10.8, 'breakLength': 9.6, 'breakY': 24.0, 'breakVertical': -39.5, 'breakVerticalInduced': 1.8, 'breakHorizontal': -7.8, 'spinRate': 2437, 'spinDirection': 85}","{'aY': 25.43840353862212, 'aZ': -30.479882740020454, 'pfxX': 3.740495430851767, 'pfxZ': 1.190592442504566, 'pX': -0.461189747473641, 'pZ': 1.500750323331112, 'vX0': 3.7642055725764676, 'vY0': -119.01880683546293, 'vZ0': -2.4084877424735183, 'x': 134.58, 'y': 198.26, 'x0': -2.556198927563367, 'y0': 50.00068751213927, 'z0': 5.319705229852521, 'aX': 5.298659509089852}",Swinging Strike,74.6,6.819057409169179,718759,656427,0.4623724364134274,Strikeout,81.8,1.59,3.21,Slider,2.0,13
474832,"{'breakAngle': 7.2, 'breakLength': 7.2, 'breakY': 24.0, 'breakVertical': -31.4, 'breakVerticalInduced': 5.0, 'breakHorizontal': -4.2, 'spinRate': 2287, 'spinDirection': 125}","{'aY': 24.137792542118348, 'aZ': -27.251318040506746, 'pfxX': 1.3533043484627907, 'pfxZ': 3.0579536801763023, 'pX': 1.2254055813510667, 'pZ': 1.961172423413051, 'vX0': 8.226639023348685, 'vY0': -125.72767541027845, 'vZ0': -3.0847020304754746, 'x': 70.29, 'y': 185.83, 'x0': -2.257273444321666, 'y0': 50.003725674498895, 'z0': 5.402327981187548, 'aX': 2.177425959507115}",Ball,79.9,6.835816935911209,718759,656427,0.43471217302784737,Strikeout,86.5,1.58939114608776,3.11217176671114,Cutter,2.0,14
474832,"{'breakAngle': 13.2, 'breakLength': 9.6, 'breakY': 24.0, 'breakVertical': -40.0, 'breakVerticalInduced': 1.3, 'breakHorizontal': -9.8, 'spinRate': 2450, 'spinDirection': 87}","{'aY': 23.300247669019235, 'aZ': -31.277694668884433, 'pfxX': 5.0668306961345415, 'pfxZ': 0.6281769825799675, 'pX': -0.6352560069699525, 'pZ': 2.267336699004219, 'vX0': 2.8509807693238534, 'vY0': -118.54255522485334, 'vZ0': -0.4406021363745215, 'x': 141.21, 'y': 177.56, 'x0': -2.5128134070161443, 'y0': 50.00046379778588, 'z0': 5.318394827203965, 'aX': 7.187482170785177}",Swinging Strike,74.7,6.777234750345877,718759,656427,0.46258697247553915,Strikeout,81.4,1.59,3.21,Slider,2.0,4
474832,"{'breakAngle': 15.6, 'breakLength': 9.6, 'breakY': 24.0, 'breakVertical': -39.4, 'breakVerticalInduced': 0.8, 'breakHorizontal': -11.6, 'spinRate': 2476, 'spinDirection': 87}","{'aY': 22.01504034468862, 'aZ': -31.221038603337057, 'pfxX': 5.571344326188522, 'pfxZ': 0.6512433271421729, 'pX': 1.038055810040786, 'pZ': 1.284267208099403, 'vX0': 6.5328953762460955, 'vY0': -119.88348316287879, 'vZ0': -2.815099845619332, 'x': 77.43, 'y': 204.1, 'x0': -2.440607861798111, 'y0': 50.002393404355985, 'z0': 5.245473080017468, 'aX': 8.152303693736824}",Ball,76.5,6.967584948613728,718759,656427,0.4559441452928783,Strikeout,82.4,1.58939114608776,3.1365559424653,Slider,2.0,14
474832,"{'breakAngle': 14.4, 'breakLength': 9.6, 'breakY': 24.0, 'breakVertical': -40.3, 'breakVerticalInduced': 0.5, 'breakHorizontal': -10.7, 'spinRate': 2503, 'spinDirection': 86}","{'aY': 23.394420808206448, 'aZ': -30.867154846618572, 'pfxX': 4.8906839376426, 'pfxZ': 0.9067473158931392, 'pX': 1.4009124558993007, 'pZ': -0.0662139929430575, 'vX0': 7.371593345635658, 'vY0': -119.19551689590517, 'vZ0': -5.444684509928379, 'x': 63.6, 'y': 240.57, 'x0': -2.3696720128649296, 'y0': 50.00120132829617, 'z0': 5.042154987027632, 'aX': 7.018780487949953}",Ball In Dirt,75.9,6.875911124825376,718759,656427,0.459917306326711,Strikeout,82.0,1.58939114608776,3.1365559424653,Slider,2.0,14
474832,"{'breakAngle': 12.0, 'breakLength': 9.6, 'breakY': 24.0, 'breakVertical': -43.7, 'breakVerticalInduced': -2.2, 'breakHorizontal': -9.8, 'spinRate': 2409, 'spinDirection': 85}","{'aY': 21.623288121904803, 'aZ': -33.62756218501809, 'pfxX': 4.710652064724524, 'pfxZ': -1.030472639427927, 'pX': 0.6303435053593479, 'pZ': 1.2133224933809033, 'vX0': 5.659349102102279, 'vY0': -117.84553120479082, 'vZ0': -2.1035721669388234, 'x': 92.97, 'y': 206.02, 'x0': -2.4108483699494543, 'y0': 50.00194474197159, 'z0': 5.212889988117689, 'aX': 6.649173516165018}",Swinging Strike,75.1,6.742211275118586,718759,656427,0.46412831927588494,Strikeout,81.0,1.59,3.21,Slider,2.0,14
669242,"{'breakAngle': 31.2, 'breakLength': 3.6, 'breakY': 24.0, 'breakVertical': -14.4, 'breakVerticalInduced': 17.0, 'breakHorizontal': 8.9, 'spinRate': 2293, 'spinDirection': 211}","{'aY': 29.78597423519305, 'aZ': -13.434659276793177, 'pfxX': -5.712110048789116, 'pfxZ': 10.049375466925834, 'pX': -0.4938695014794068, 'pZ': 2.5318568330729114, 'vX0': 7.106108231104433, 'vY0': -135.70398908230908, 'vZ0': -6.309450417911277, 'x': 135.83, 'y': 170.42, 'x0': -2.4046297512242996, 'y0': 50.00122295247983, 'z0': 5.823435796244841, 'aX': -10.649919586080028}",Called Strike,85.3,6.732036421674341,718759,592332,0.4036700465931178,Flyout,93.4,1.48936104527639,3.18969549230826,Four-Seam Fastball,0.9,4
669242,"{'breakAngle': 19.2, 'breakLength': 9.6, 'breakY': 24.0, 'breakVertical': -41.3, 'breakVerticalInduced': -1.0, 'breakHorizontal': 14.5, 'spinRate': 1562, 'spinDirection': 234}","{'aY': 24.92492808234812, 'aZ': -31.87601314009746, 'pfxX': -9.367309492237125, 'pfxZ': 0.20586723918467142, 'pX': 0.4051831129463068, 'pZ': 0.3192449424181721, 'vX0': 9.520059633905145, 'vY0': -120.30808393746489, 'vZ0': -6.10113865865895, 'x': 101.56, 'y': 230.16, 'x0': -2.399819187644179, 'y0': 50.004397939751556, 'z0': 5.738458924535527, 'aX': -13.633645311136094}",Ball,76.1,6.4779957189945225,718759,592332,0.45654367208240787,Flyout,83.0,1.48936104527639,3.21407495174898,Splitter,0.9,14
669242,"{'breakAngle': 32.4, 'breakLength': 3.6, 'breakY': 24.0, 'breakVertical': -14.8, 'breakVerticalInduced': 16.6, 'breakHorizontal': 9.4, 'spinRate': 2103, 'spinDirection': 212}","{'aY': 25.49513923567658, 'aZ': -14.101576597313418, 'pfxX': -5.984168009625035, 'pfxZ': 9.612199528907183, 'pX': -0.10506191047099336, 'pZ': 2.7531664081001037, 'vX0': 8.054578675117916, 'vY0': -135.2792861417481, 'vZ0': -5.667535652542133, 'x': 121.0, 'y': 164.44, 'x0': -2.3236826737873786, 'y0': 50.00395357831672, 'z0': 5.839431092735673, 'aX': -11.253434236730657}",Foul,86.1,6.6092022145418925,718759,592332,0.40266791698287197,Flyout,93.0,1.49,3.19,Four-Seam Fastball,0.88,2
669242,"{'breakAngle': 22.8, 'breakLength': 7.2, 'breakY': 24.0, 'breakVertical': -31.8, 'breakVerticalInduced': 5.2, 'breakHorizontal': 13.4, 'spinRate': 1659, 'spinDirection': 232}","{'aY': 20.27553538413681, 'aZ': -27.016233440526683, 'pfxX': -8.13727433132885, 'pfxZ': 3.237094119261184, 'pX': -0.5846448859115827, 'pZ': 1.6732714305416097, 'vX0': 7.245263388387084, 'vY0': -124.23152167105216, 'vZ0': -4.616668535594929, 'x': 139.29, 'y': 193.6, 'x0': -2.4541992003727136, 'y0': 50.00467112268243, 'z0': 5.749942857959991, 'aX': -12.972475260176747}","In play, out(s)",79.8,6.7700027065833,718759,592332,0.4376138727334138,Flyout,85.4,1.49,3.19,Splitter,0.9,7
680977,"{'breakAngle': 24.0, 'breakLength': 7.2, 'breakY': 24.0, 'breakVertical': -31.1, 'breakVerticalInduced': 7.1, 'breakHorizontal': 13.2, 'spinRate': 1485, 'spinDirection': 235}","{'aY': 18.947754853882778, 'aZ': -25.2666512841354, 'pfxX': -8.240710012557823, 'pfxZ': 4.482817307273411, 'pX': 0.694163238774631, 'pZ': 1.0342376284859665, 'vX0': 9.833971470170571, 'vY0': -122.02487500362302, 'vZ0': -6.230314144610498, 'x': 90.54, 'y': 210.86, 'x0': -2.2758986951697153, 'y0': 50.00495352018535, 'z0': 5.733759025840561, 'aX': -12.708526614083313}",Ball,78.8,6.683659481172943,718759,592332,0.44506591513238325,Single,84.0,1.61939992884074,3.37846298660552,Splitter,0.9,14
680977,"{'breakAngle': 37.2, 'breakLength': 4.8, 'breakY': 24.0, 'breakVertical': -14.9, 'breakVerticalInduced': 16.8, 'breakHorizontal': 11.4, 'spinRate': 2249, 'spinDirection': 219}","{'aY': 30.40639119948761, 'aZ': -14.269380664768036, 'pfxX': -7.352118019722441, 'pfxZ': 9.690520776122776, 'pX': 0.05253651124699187, 'pZ': 3.361187669509611, 'vX0': 8.764334781661866, 'vY0': -135.29663685682775, 'vZ0': -4.083318916142696, 'x': 115.0, 'y': 148.03, 'x0': -2.2785580055855488, 'y0': 50.00638942494743, 'z0': 5.894904296962065, 'aX': -13.589927570510445}","In play, no out",84.8,6.648644607423486,718759,592332,0.4053373392907518,Single,93.1,1.62,3.33,Four-Seam Fastball,0.89,2
676475,"{'breakAngle': 37.2, 'breakLength': 3.6, 'breakY': 24.0, 'breakVertical': -13.3, 'breakVerticalInduced': 17.5, 'breakHorizontal': 10.2, 'spinRate': 2220, 'spinDirection': 211}","{'aY': 27.962682215516278, 'aZ': -12.97546936607151, 'pfxX': -6.292630543446206, 'pfxZ': 10.074827585570667, 'pX': -0.9240263995961028, 'pZ': 3.1723871975514903, 'vX0': 6.484460339876023, 'vY0': -136.64292511248715, 'vZ0': -4.676431807328601, 'x': 152.22, 'y': 153.13, 'x0': -2.5016929865738256, 'y0': 50.00240445963918, 'z0': 5.786508420231706, 'aX': -11.99040016213799}",Ball,86.4,6.745382846176291,718759,592332,0.39970194792671654,Flyout,93.9,1.57938808654629,3.40973737353303,Four-Seam Fastball,0.9,11
676475,"{'breakAngle': 43.2, 'breakLength': 3.6, 'breakY': 24.0, 'breakVertical': -12.0, 'breakVerticalInduced': 19.1, 'breakHorizontal': 11.0, 'spinRate': 2424, 'spinDirection': 211}","{'aY': 30.736389052628716, 'aZ': -10.910830526789805, 'pfxX': -6.794978383100483, 'pfxZ': 11.269147345141576, 'pX': -1.150965367735165, 'pZ': 2.4725285225526767, 'vX0': 5.695186774102912, 'vY0': -136.65751267052272, 'vZ0': -6.875259346144295, 'x': 160.87, 'y': 172.02, 'x0': -2.3814249747168303, 'y0': 50.00615987621501, 'z0': 5.774339565683663, 'aX': -12.8261502443234}",Ball,85.7,6.5829721428879475,718759,592332,0.40113510737790525,Flyout,94.0,1.57938808654629,3.40973737353303,Four-Seam Fastball,0.9,13
676475,"{'breakAngle': 34.8, 'breakLength': 3.6, 'breakY': 24.0, 'breakVertical': -13.7, 'breakVerticalInduced': 17.3, 'breakHorizontal': 9.5, 'spinRate': 2208, 'spinDirection': 207}","{'aY': 26.302863062222542, 'aZ': -12.879812081367398, 'pfxX': -6.089539704192589, 'pfxZ': 10.159047334273808, 'pX': 0.06169048153075387, 'pZ': 2.281495035017123, 'vX0': 8.596643926194627, 'vY0': -136.0926811928162, 'vZ0': -6.988685857878549, 'x': 114.65, 'y': 177.18, 'x0': -2.328461473751665, 'y0': 50.00600829550304, 'z0': 5.751962917755466, 'aX': -11.570269787573569}","In play, out(s)",86.6,6.775140776691472,718759,592332,0.4005257339007011,Flyout,93.6,1.58,3.41,Four-Seam Fastball,0.89,5
502671,"{'breakAngle': 43.2, 'breakLength': 3.6, 'breakY': 24.0, 'breakVertical': -11.8, 'breakVerticalInduced': 19.0, 'breakHorizontal': 10.9, 'spinRate': 2308, 'spinDirection': 216}","{'aY': 30.419477693165586, 'aZ': -11.051905038755793, 'pfxX': -6.891821935082906, 'pfxZ': 11.034266372745908, 'pX': -0.5362902198710973, 'pZ': 2.853098029597158, 'vX0': 7.449208659625824, 'vY0': -137.46848890500917, 'vZ0': -5.922093722257924, 'x': 137.44, 'y': 161.75, 'x0': -2.3855474296825387, 'y0': 50.00345794566379, 'z0': 5.785310491782388, 'aX': -13.193768272741263}",Foul,86.4,6.667719018803734,718759,592332,0.3984141637735057,Single,94.6,1.61,3.42,Four-Seam Fastball,0.9,4
502671,"{'breakAngle': 40.8, 'breakLength': 3.6, 'breakY': 24.0, 'breakVertical': -12.2, 'breakVerticalInduced': 17.9, 'breakHorizontal': 10.4, 'spinRate': 2366, 'spinDirection': 211}","{'aY': 29.094571910987607, 'aZ': -11.859756932271326, 'pfxX': -6.380184544314654, 'pfxZ': 10.444543472740662, 'pX': -0.9422323874922193, 'pZ': 2.7570073830872035, 'vX0': 5.9127328042683205, 'vY0': -138.18175631468307, 'vZ0': -6.0801451980948995, 'x': 152.92, 'y': 164.34, 'x0': -2.2746943105328086, 'y0': 50.00410391190917, 'z0': 5.773388993014939, 'aX': -12.411781053866203}","In play, no out",87.3,6.685618646546272,718759,592332,0.3954961781223676,Single,95.0,1.61,3.42,Four-Seam Fastball,0.9,11
571448,"{'breakAngle': 27.6, 'breakLength': 8.4, 'breakY': 24.0, 'breakVertical': -33.1, 'breakVerticalInduced': 4.2, 'breakHorizontal': 17.0, 'spinRate': 1646, 'spinDirection': 238}","{'aY': 24.82726265862475, 'aZ': -27.666681198393984, 'pfxX': -10.477227188410184, 'pfxZ': 2.863291423879935, 'pX': -0.1954991096476864, 'pZ': 1.3060197890496923, 'vX0': 8.606656139659549, 'vY0': -124.67325617067021, 'vZ0': -5.2387560392019665, 'x': 124.45, 'y': 203.52, 'x0': -2.3294369130990717, 'y0': 50.00547218472096, 'z0': 5.715264702870967, 'aX': -16.512844670455706}","In play, run(s)",78.9,6.8275032921604835,718759,592332,0.4391560464650617,Field Error,85.8,1.64,3.28,Splitter,0.91,13
669357,"{'breakAngle': 40.8, 'breakLength': 3.6, 'breakY': 24.0, 'breakVertical': -13.7, 'breakVerticalInduced': 16.7, 'breakHorizontal': 11.9, 'spinRate': 2236, 'spinDirection': 212}","{'aY': 28.80074571676224, 'aZ': -12.996155904602452, 'pfxX': -7.199142816438323, 'pfxZ': 9.89708026763099, 'pX': -1.2211301115584183, 'pZ': 2.1647021120207675, 'vX0': 5.828205927274729, 'vY0': -137.8903553305515, 'vZ0': -7.406220115591197, 'x': 163.55, 'y': 180.33, 'x0': -2.420041055119339, 'y0': 50.00508602742073, 'z0': 5.750327140668678, 'aX': -13.954977680443077}",Ball,87.2,6.772523947563885,718759,592332,0.39623367832217493,Single,94.8,1.6394058216759,3.48410938534143,Four-Seam Fastball,0.9,13
669357,"{'breakAngle': 40.8, 'breakLength': 3.6, 'breakY': 24.0, 'breakVertical': -13.0, 'breakVerticalInduced': 18.0, 'breakHorizontal': 11.2, 'spinRate': 2311, 'spinDirection': 222}","{'aY': 27.997584613401845, 'aZ': -12.144598233674131, 'pfxX': -7.206418252009795, 'pfxZ': 10.533403296931684, 'pX': 0.4366861255842481, 'pZ': 2.4439442180369486, 'vX0': 9.849754022488186, 'vY0': -136.52770959539774, 'vZ0': -6.445120822444503, 'x': 100.35, 'y': 172.79, 'x0': -2.2693073714170486, 'y0': 50.00421267402577, 'z0': 5.658852420670983, 'aX': -13.705752368426063}",Foul,86.4,6.898510705099308,718759,592332,0.40006354685114776,Single,94.0,1.64,3.46,Four-Seam Fastball,0.9,6
669357,"{'breakAngle': 25.2, 'breakLength': 9.6, 'breakY': 24.0, 'breakVertical': -37.7, 'breakVerticalInduced': 0.2, 'breakHorizontal': 17.2, 'spinRate': 1773, 'spinDirection': 233}","{'aY': 26.170797589328316, 'aZ': -31.578192227647012, 'pfxX': -10.501350499713789, 'pfxZ': 0.38750337808643387, 'pX': -0.7030645296903754, 'pZ': 1.8204464006177667, 'vX0': 7.567117994197783, 'vY0': -123.95309103239622, 'vZ0': -2.9481288572595252, 'x': 143.8, 'y': 189.63, 'x0': -2.440258213312872, 'y0': 50.00354774399556, 'z0': 5.678074610777777, 'aX': -16.243136696457626}","In play, run(s)",78.0,6.8933545667117855,718759,592332,0.4428928076287386,Single,85.3,1.64,3.46,Splitter,0.91,7
641933,"{'breakAngle': 40.8, 'breakLength': 3.6, 'breakY': 24.0, 'breakVertical': -12.0, 'breakVerticalInduced': 17.9, 'breakHorizontal': 10.1, 'spinRate': 2209, 'spinDirection': 218}","{'aY': 27.80263689287476, 'aZ': -11.453910898304438, 'pfxX': -6.330418181505196, 'pfxZ': 10.519860541196516, 'pX': -0.3506191205445188, 'pZ': 2.302287358721885, 'vX0': 7.473643087559978, 'vY0': -138.68057492434153, 'vZ0': -7.346542685821451, 'x': 130.36, 'y': 176.62, 'x0': -2.2439948688995117, 'y0': 50.0021041650771, 'z0': 5.730599317804848, 'aX': -12.467307674558135}",Foul,88.0,6.777607987841668,718759,592332,0.3933035019798692,Strikeout,95.4,1.57,3.23,Four-Seam Fastball,0.9,4
641933,"{'breakAngle': 32.4, 'breakLength': 3.6, 'breakY': 24.0, 'breakVertical': -13.8, 'breakVerticalInduced': 16.6, 'breakHorizontal': 8.5, 'spinRate': 2257, 'spinDirection': 212}","{'aY': 27.479786896960018, 'aZ': -12.978608983091938, 'pfxX': -5.551251515069907, 'pfxZ': 9.903823506808745, 'pX': 0.10318693119111869, 'pZ': 1.8871607734002596, 'vX0': 8.361368230596131, 'vY0': -137.59118454681925, 'vZ0': -8.108022462211201, 'x': 113.07, 'y': 187.83, 'x0': -2.2389452657048445, 'y0': 50.000750589379834, 'z0': 5.730759527770693, 'aX': -10.757117054288834}",Foul,87.4,6.7217854337182885,718759,592332,0.3964792651471307,Strikeout,94.7,1.57,3.23,Four-Seam Fastball,0.9,8
641933,"{'breakAngle': 25.2, 'breakLength': 8.4, 'breakY': 24.0, 'breakVertical': -36.1, 'breakVerticalInduced': 0.6, 'breakHorizontal': 16.6, 'spinRate': 1842, 'spinDirection': 234}","{'aY': 24.97179769273868, 'aZ': -30.414276963620555, 'pfxX': -10.297249918641704, 'pfxZ': 1.1025672975960183, 'pX': -0.021498782512242996, 'pZ': 0.4281491416737742, 'vX0': 9.278110551651547, 'vY0': -125.4971947242753, 'vZ0': -6.713075910540402, 'x': 117.82, 'y': 227.22, 'x0': -2.4254144054441014, 'y0': 50.00419051687845, 'z0': 5.609508837126595, 'aX': -16.456074366250025}",Swinging Strike (Blocked),79.8,6.781723943998544,718759,592332,0.43614906249789787,Strikeout,86.5,1.57,3.23,Splitter,0.91,13
643376,"{'breakAngle': 20.4, 'breakLength': 4.8, 'breakY': 24.0, 'breakVertical': -18.6, 'breakVerticalInduced': 16.1, 'breakHorizontal': 6.8, 'spinRate': 2068, 'spinDirection': 206}","{'aY': 24.435267494156424, 'aZ': -16.62016372317236, 'pfxX': -4.450540515183375, 'pfxZ': 9.148324273446928, 'pX': -0.6524216979057612, 'pZ': 2.538647695576541, 'vX0': 6.25778581572043, 'vY0': -128.94897249788363, 'vZ0': -3.7809095568775035, 'x': 141.87, 'y': 170.24, 'x0': -2.5218532101394375, 'y0': 50.00116917403772, 'z0': 5.290290683008135, 'aX': -7.565675476334243}",Called Strike,81.7,6.770554622129627,718759,656427,0.4232332874107305,Groundout,88.6,1.49936429777012,3.34594775856808,Four-Seam Fastball,0.6,4
643376,"{'breakAngle': 14.4, 'breakLength': 8.4, 'breakY': 24.0, 'breakVertical': -35.4, 'breakVerticalInduced': 7.3, 'breakHorizontal': -9.1, 'spinRate': 2328, 'spinDirection': 85}","{'aY': 26.763390976585672, 'aZ': -25.639685891684152, 'pfxX': 4.110315407414324, 'pfxZ': 4.779139778038441, 'pX': 0.5897065149848723, 'pZ': 0.35760121210587587, 'vX0': 5.8404573901558505, 'vY0': -117.44810723374782, 'vZ0': -5.446201633493539, 'x': 94.52, 'y': 229.12, 'x0': -2.4842756530095165, 'y0': 50.00073297327819, 'z0': 5.15662058594663, 'aX': 5.615796288436632}",Ball,73.2,6.715823106981847,718759,656427,0.470300352883946,Groundout,80.9,1.49936429777012,3.24845348595309,Slider,0.92,14
643376,"{'breakAngle': 1.2, 'breakLength': 4.8, 'breakY': 24.0, 'breakVertical': -20.5, 'breakVerticalInduced': 13.3, 'breakHorizontal': 0.4, 'spinRate': 2096, 'spinDirection': 203}","{'aY': 23.985507800875, 'aZ': -19.116592205079368, 'pfxX': -0.8869283745660894, 'pfxZ': 7.515132744731988, 'pX': -0.12139368096075757, 'pZ': 2.763949497161553, 'vX0': 6.686103054955095, 'vY0': -130.13532061763593, 'vZ0': -2.798497163708235, 'x': 121.63, 'y': 164.15, 'x0': -2.5944918327734534, 'y0': 50.00288504364033, 'z0': 5.280087315103174, 'aX': -1.542109472909045}",Foul,82.8,6.765743449006823,718759,656427,0.41882130890329705,Groundout,89.4,1.5,3.2,Four-Seam Fastball,0.9,2
643376,"{'breakAngle': 10.8, 'breakLength': 9.6, 'breakY': 24.0, 'breakVertical': -42.7, 'breakVerticalInduced': -0.5, 'breakHorizontal': -8.6, 'spinRate': 2438, 'spinDirection': 89}","{'aY': 21.447299712643943, 'aZ': -32.43182214048616, 'pfxX': 4.126801189289666, 'pfxZ': -0.18620313746094386, 'pX': -0.02080116367737388, 'pZ': 1.5456854647401883, 'vX0': 4.778515493638453, 'vY0': -117.00387558775434, 'vZ0': -1.7900909395529077, 'x': 117.79, 'y': 197.05, 'x0': -2.623322624279487, 'y0': 50.002301816046604, 'z0': 5.35111195222631, 'aX': 5.738256658035186}","In play, out(s)",74.4,6.781475148378205,718759,656427,0.46758621671087575,Groundout,80.4,1.5,3.2,Slider,0.91,8
624415,"{'breakAngle': 12.0, 'breakLength': 9.6, 'breakY': 24.0, 'breakVertical': -42.6, 'breakVerticalInduced': 2.3, 'breakHorizontal': -9.2, 'spinRate': 2292, 'spinDirection': 86}","{'aY': 20.157873126263322, 'aZ': -30.872006311504755, 'pfxX': 4.850986329922421, 'pfxZ': 1.000187341254831, 'pX': -1.2665104341699094, 'pZ': 2.696217417016277, 'vX0': 1.7988843446380343, 'vY0': -113.39743357390977, 'vZ0': 0.8525002314696837, 'x': 165.28, 'y': 165.98, 'x0': -2.6997485100533174, 'y0': 50.005155820101436, 'z0': 5.3881427671013125, 'aX': 6.336756818518924}",Ball,71.8,6.737572621535569,718759,656427,0.4824779314839911,Walk,77.8,1.57938808654629,3.30098300113534,Slider,0.91,11
624415,"{'breakAngle': 10.8, 'breakLength': 9.6, 'breakY': 24.0, 'breakVertical': -40.4, 'breakVerticalInduced': 4.6, 'breakHorizontal': -7.8, 'spinRate': 2286, 'spinDirection': 94}","{'aY': 21.076184024962274, 'aZ': -29.330511126954068, 'pfxX': 4.012013058869682, 'pfxZ': 2.1834122269335943, 'pX': -1.2627739275201477, 'pZ': 3.0634133826134002, 'vX0': 2.044198885568029, 'vY0': -113.54867692689771, 'vZ0': 1.0138738440899893, 'x': 165.13, 'y': 156.07, 'x0': -2.6964487206042245, 'y0': 50.00465553255194, 'z0': 5.532704589185613, 'aX': 5.231300817823029}",Ball,71.5,6.5897157251767355,718759,656427,0.4826526847121939,Walk,78.0,1.57938808654629,3.30098300113534,Slider,0.93,11
624415,"{'breakAngle': 9.6, 'breakLength': 9.6, 'breakY': 24.0, 'breakVertical': -44.0, 'breakVerticalInduced': 2.9, 'breakHorizontal': -7.7, 'spinRate': 2302, 'spinDirection': 95}","{'aY': 18.09653528484971, 'aZ': -30.69952764385335, 'pfxX': 4.173285460202545, 'pfxZ': 1.1721479000020896, 'pX': -1.9729044446609956, 'pZ': 3.219888474251395, 'vX0': 0.5066956424196486, 'vY0': -110.75976201280557, 'vZ0': 1.7649985887092932, 'x': 192.2, 'y': 151.84, 'x0': -2.746685926764866, 'y0': 50.00073199615865, 'z0': 5.601970180272305, 'aX': 5.231111887723545}",Ball,70.4,6.562583952434384,718759,656427,0.49281113980061075,Walk,76.0,1.57938808654629,3.34972662916629,Slider,2.0,11
624415,"{'breakAngle': 2.4, 'breakLength': 4.8, 'breakY': 24.0, 'breakVertical': -21.4, 'breakVerticalInduced': 13.0, 'breakHorizontal': -0.8, 'spinRate': 2331, 'spinDirection': 190}","{'aY': 23.416423375851124, 'aZ': -19.546134615724014, 'pfxX': -0.43868391942461704, 'pfxZ': 7.367839055612304, 'pX': 0.6940830099634044, 'pZ': 2.4668992295340186, 'vX0': 8.587281302565504, 'vY0': -129.18766190827643, 'vZ0': -3.3369981430894375, 'x': 90.54, 'y': 172.17, 'x0': -2.596498299246867, 'y0': 50.00077283742443, 'z0': 5.2530900662796665, 'aX': -0.7520231225929471}",Ball,82.4,6.7662854264738455,718759,656427,0.4217470235655485,Walk,88.8,1.57877631810034,3.35919186531625,Four-Seam Fastball,0.84,6
595281,"{'breakAngle': 13.2, 'breakLength': 6.0, 'breakY': 24.0, 'breakVertical': -28.2, 'breakVerticalInduced': 8.0, 'breakHorizontal': -6.7, 'spinRate': 2217, 'spinDirection': 149}","{'aY': 19.713449016358506, 'aZ': -24.514007509946815, 'pfxX': 3.039765567916859, 'pfxZ': 4.6938246856178685, 'pX': 0.8611236340986915, 'pZ': 1.7008303491995398, 'vX0': 6.902517406777849, 'vY0': -125.44962692336053, 'vZ0': -4.171915721342916, 'x': 84.18, 'y': 192.86, 'x0': -2.2952711298606476, 'y0': 50.001450080958136, 'z0': 5.328427430554108, 'aX': 4.959932667645482}",Ball,81.0,6.765022781512189,718759,656427,0.4326942637863662,Pop Out,86.1,1.65941168985627,3.38664992885578,Cutter,2.0,14
595281,"{'breakAngle': 10.8, 'breakLength': 3.6, 'breakY': 24.0, 'breakVertical': -18.2, 'breakVerticalInduced': 14.6, 'breakHorizontal': 3.6, 'spinRate': 2166, 'spinDirection': 203}","{'aY': 22.71008866756429, 'aZ': -17.630530842673565, 'pfxX': -2.293446166824091, 'pfxZ': 8.119721928704944, 'pX': -1.5314996051732528, 'pZ': 3.362095208166714, 'vX0': 3.461070694961953, 'vY0': -131.66578424857158, 'vZ0': -1.7147786042446804, 'x': 175.38, 'y': 148.0, 'x0': -2.5531351655775, 'y0': 50.0017666294238, 'z0': 5.299767435390584, 'aX': -4.107594393547865}",Ball,84.1,6.752167164504501,718759,656427,0.4128688140346686,Pop Out,90.3,1.65941168985627,3.31353914404303,Four-Seam Fastball,0.88,11
595281,"{'breakAngle': 9.6, 'breakLength': 8.4, 'breakY': 24.0, 'breakVertical': -38.3, 'breakVerticalInduced': 3.8, 'breakHorizontal': -6.5, 'spinRate': 2292, 'spinDirection': 97}","{'aY': 17.492839882952612, 'aZ': -29.283658599111348, 'pfxX': 3.01799999488542, 'pfxZ': 2.06266379113862, 'pX': 0.17517823325542106, 'pZ': 2.147164953953226, 'vX0': 5.235778865259929, 'vY0': -116.39592181596615, 'vZ0': -1.0199206770984954, 'x': 110.32, 'y': 180.81, 'x0': -2.4770166772723416, 'y0': 50.00270569347832, 'z0': 5.311912249561825, 'aX': 4.228371787496105}",Called Strike,75.0,6.83840601537579,718759,656427,0.46680845848532115,Pop Out,79.9,1.63496800838936,3.31353914404303,Slider,0.92,8
595281,"{'breakAngle': 9.6, 'breakLength': 8.4, 'breakY': 24.0, 'breakVertical': -38.9, 'breakVerticalInduced': 3.5, 'breakHorizontal': -6.6, 'spinRate': 2320, 'spinDirection': 89}","{'aY': 23.489553254030742, 'aZ': -29.183915569852488, 'pfxX': 2.802172516202291, 'pfxZ': 2.1662720616439266, 'pX': 0.5148967150825113, 'pZ': 1.2978321377362358, 'vX0': 6.042398969647141, 'vY0': -117.14268856659233, 'vZ0': -2.6649930924480945, 'x': 97.37, 'y': 203.74, 'x0': -2.468772620731749, 'y0': 50.002700910281426, 'z0': 5.19664473654124, 'aX': 3.868443006867181}",Foul,73.9,6.717579510684572,718759,656427,0.46875943605044235,Pop Out,80.5,1.66,3.46,Slider,0.92,14
595281,"{'breakAngle': 14.4, 'breakLength': 3.6, 'breakY': 24.0, 'breakVertical': -17.5, 'breakVerticalInduced': 14.5, 'breakHorizontal': 4.6, 'spinRate': 2289, 'spinDirection': 198}","{'aY': 23.543710436287945, 'aZ': -16.697711876791665, 'pfxX': -3.432972840100339, 'pfxZ': 8.417284718037074, 'pX': 1.0164922051645804, 'pZ': 1.926381565999376, 'vX0': 9.919091496961663, 'vY0': -133.46551552916225, 'vZ0': -5.52012243765263, 'x': 78.25, 'y': 186.77, 'x0': -2.2710504732749857, 'y0': 50.00518835556573, 'z0': 5.188732200280073, 'aX': -6.315223529395909}",Ball,85.5,6.923543820876241,718759,656427,0.40741774197288994,Pop Out,91.8,1.65941168985627,3.33791093569466,Four-Seam Fastball,0.88,14
595281,"{'breakAngle': 9.6, 'breakLength': 8.4, 'breakY': 24.0, 'breakVertical': -38.5, 'breakVerticalInduced': 4.1, 'breakHorizontal': -6.8, 'spinRate': 2315, 'spinDirection': 88}","{'aY': 25.68268314190935, 'aZ': -28.982438866438898, 'pfxX': 2.7002351248035694, 'pfxZ': 2.326519451401186, 'pX': 1.0095872390207266, 'pZ': 1.9784737965181887, 'vX0': 7.006881026406642, 'vY0': -117.38785055000481, 'vZ0': -1.433565288284292, 'x': 78.52, 'y': 185.36, 'x0': -2.3851231106416875, 'y0': 50.00414532037172, 'z0': 5.337732521247389, 'aX': 3.7041299511922947}","In play, out(s)",73.3,6.81497984722089,718759,656427,0.4696226026194501,Pop Out,80.8,1.66,3.46,Slider,0.92,14
543807,"{'breakAngle': 3.6, 'breakLength': 4.8, 'breakY': 24.0, 'breakVertical': -20.0, 'breakVerticalInduced': 13.2, 'breakHorizontal': 1.3, 'spinRate': 2164, 'spinDirection': 194}","{'aY': 26.326506630057487, 'aZ': -18.773285016487094, 'pfxX': -1.7516293724149845, 'pfxZ': 7.593814097369287, 'pX': 0.7101739292417268, 'pZ': 2.5189316053406174, 'vX0': 8.772337263007516, 'vY0': -131.59963706064607, 'vZ0': -3.4421223500042775, 'x': 89.93, 'y': 170.77, 'x0': -2.430011944457774, 'y0': 50.00214834880077, 'z0': 5.224015628393017, 'aX': -3.0913567347934903}",Foul,83.3,6.767533172484617,718759,656427,0.4152352091605076,Strikeout,90.5,1.61,3.5,Four-Seam Fastball,0.91,6
543807,"{'breakAngle': 4.8, 'breakLength': 3.6, 'breakY': 24.0, 'breakVertical': -13.9, 'breakVerticalInduced': 18.0, 'breakHorizontal': 1.1, 'spinRate': 2452, 'spinDirection': 204}","{'aY': 28.15070092525683, 'aZ': -12.874848025978427, 'pfxX': -1.5335363464448708, 'pfxZ': 10.525987858923838, 'pX': 0.6863072372790078, 'pZ': 2.1565353775530607, 'vX0': 8.426978103900453, 'vY0': -134.31942271796424, 'vZ0': -5.789246613958824, 'x': 90.84, 'y': 180.55, 'x0': -2.2877388652809887, 'y0': 50.00253439329582, 'z0': 5.249447098462999, 'aX': -2.812058364479772}",Swinging Strike,84.8,6.833976521148834,718759,656427,0.4072282648910055,Strikeout,92.4,1.61,3.5,Four-Seam Fastball,0.94,9
543807,"{'breakAngle': 1.2, 'breakLength': 3.6, 'breakY': 24.0, 'breakVertical': -16.0, 'breakVerticalInduced': 15.7, 'breakHorizontal': 0.2, 'spinRate': 2374, 'spinDirection': 207}","{'aY': 27.116838885438973, 'aZ': -15.002893287741541, 'pfxX': -1.068072462229046, 'pfxZ': 9.235620252231477, 'pX': 0.7444641409654114, 'pZ': 1.8258760250559432, 'vX0': 8.59547256618678, 'vY0': -134.9490582912577, 'vZ0': -6.167047336656542, 'x': 88.62, 'y': 189.48, 'x0': -2.332171773157122, 'y0': 50.00475435897938, 'z0': 5.182722338381909, 'aX': -1.986916567216095}",Called Strike,85.6,6.879316035424583,718759,656427,0.40461002664243617,Strikeout,92.8,1.60939669477115,3.2804442369387,Four-Seam Fastball,0.94,9
691023,"{'breakAngle': 36.0, 'breakLength': 3.6, 'breakY': 24.0, 'breakVertical': -14.4, 'breakVerticalInduced': 16.6, 'breakHorizontal': 10.3, 'spinRate': 2138, 'spinDirection': 212}","{'aY': 29.274228829800094, 'aZ': -13.553642884736732, 'pfxX': -6.298314689253897, 'pfxZ': 9.852293650341998, 'pX': -1.2051239363715387, 'pZ': 2.3099473625641065, 'vX0': 5.279995075734413, 'vY0': -136.41490428957044, 'vZ0': -6.9297465460347185, 'x': 162.94, 'y': 176.41, 'x0': -2.3449654278979395, 'y0': 50.001828201732046, 'z0': 5.81276319219828, 'aX': -11.901053147362438}",Ball,86.0,6.647019285560758,718759,592332,0.40113132095993187,Groundout,93.8,1.67641670273568,3.72882460540956,Four-Seam Fastball,0.9,13
691023,"{'breakAngle': 32.4, 'breakLength': 3.6, 'breakY': 24.0, 'breakVertical': -15.4, 'breakVerticalInduced': 16.7, 'breakHorizontal': 9.7, 'spinRate': 2249, 'spinDirection': 217}","{'aY': 28.073034289151376, 'aZ': -14.14186095404685, 'pfxX': -6.079354102508427, 'pfxZ': 9.847127531153005, 'pX': -0.6550159388544216, 'pZ': 2.3699123695854385, 'vX0': 6.436562992758134, 'vY0': -134.23743296493728, 'vZ0': -6.5844659621644315, 'x': 141.97, 'y': 174.79, 'x0': -2.2899038794954243, 'y0': 50.00622870200969, 'z0': 5.854781336782753, 'aX': -11.137423766807245}","In play, out(s)",84.7,6.561360063916106,718759,592332,0.4074643697060729,Groundout,92.3,1.677,3.656,Four-Seam Fastball,0.88,4
668800,"{'breakAngle': 40.8, 'breakLength': 3.6, 'breakY': 24.0, 'breakVertical': -13.0, 'breakVerticalInduced': 17.5, 'breakHorizontal': 11.2, 'spinRate': 2265, 'spinDirection': 217}","{'aY': 30.031894822647676, 'aZ': -12.189423022413042, 'pfxX': -7.001950717960623, 'pfxZ': 10.381440927784933, 'pX': -0.6785088930889379, 'pZ': 2.3392648072485023, 'vX0': 7.187579293203022, 'vY0': -137.73081794055628, 'vZ0': -7.143052568067379, 'x': 142.86, 'y': 175.62, 'x0': -2.4098134956220583, 'y0': 50.001731509496295, 'z0': 5.787154092328412, 'aX': -13.477999089727899}",Foul,86.8,6.6467881106273925,718759,592332,0.3973780510520917,Flyout,94.8,1.5,3.2,Four-Seam Fastball,0.9,4
668800,"{'breakAngle': 28.8, 'breakLength': 3.6, 'breakY': 24.0, 'breakVertical': -12.7, 'breakVerticalInduced': 17.9, 'breakHorizontal': 6.8, 'spinRate': 2187, 'spinDirection': 212}","{'aY': 30.58969936828607, 'aZ': -12.53519426247171, 'pfxX': -4.797010157203891, 'pfxZ': 10.274183478660026, 'pX': 0.2969403528462592, 'pZ': 3.5224765481751183, 'vX0': 8.625838673903283, 'vY0': -137.41905860882233, 'vZ0': -3.9771878660871987, 'x': 105.68, 'y': 143.67, 'x0': -2.2601487259929427, 'y0': 50.003935653550435, 'z0': 5.8407729405009565, 'aX': -9.171263435480235}",Foul,86.3,6.597289573682986,718759,592332,0.3986528353423262,Flyout,94.5,1.5,3.2,Four-Seam Fastball,0.9,12
668800,"{'breakAngle': 28.8, 'breakLength': 8.4, 'breakY': 24.0, 'breakVertical': -31.9, 'breakVerticalInduced': 4.3, 'breakHorizontal': 17.4, 'spinRate': 1635, 'spinDirection': 238}","{'aY': 24.927245044465007, 'aZ': -26.599278032929288, 'pfxX': -10.809688535282291, 'pfxZ': 3.4300276872644515, 'pX': 0.32079493475115434, 'pZ': -0.2807493862449511, 'vX0': 10.233111609163657, 'vY0': -126.38906974424889, 'vZ0': -9.1297730778661, 'x': 104.77, 'y': 246.36, 'x0': -2.369347586411841, 'y0': 50.001345174900166, 'z0': 5.503157465912988, 'aX': -17.548175836674}",Ball,80.5,6.735716907915883,718759,592332,0.43281083435946055,Flyout,87.2,1.49936429777012,3.22407613885213,Splitter,0.9,14
668800,"{'breakAngle': 25.2, 'breakLength': 8.4, 'breakY': 24.0, 'breakVertical': -35.2, 'breakVerticalInduced': 2.2, 'breakHorizontal': 16.2, 'spinRate': 1704, 'spinDirection': 232}","{'aY': 21.984144038712877, 'aZ': -29.184294502629168, 'pfxX': -10.048170783111985, 'pfxZ': 1.9045887141294426, 'pX': 0.34898836729787597, 'pZ': 0.5078415737763652, 'vX0': 9.807283803478443, 'vY0': -123.82580320835508, 'vZ0': -6.6385158808287565, 'x': 103.7, 'y': 225.07, 'x0': -2.335326437495134, 'y0': 50.00554866033938, 'z0': 5.628532197394306, 'aX': -15.791634306321104}",Ball,79.4,6.582941860421193,718759,592332,0.44036731503309445,Flyout,85.3,1.49936429777012,3.22407613885213,Splitter,0.91,14
668800,"{'breakAngle': 40.8, 'breakLength': 3.6, 'breakY': 24.0, 'breakVertical': -13.1, 'breakVerticalInduced': 17.5, 'breakHorizontal': 10.9, 'spinRate': 2212, 'spinDirection': 219}","{'aY': 30.677591985329865, 'aZ': -12.366113766467251, 'pfxX': -6.982089437240263, 'pfxZ': 10.313104585256664, 'pX': -0.2286759381508943, 'pZ': 2.560387505147148, 'vX0': 7.9388945208750075, 'vY0': -137.71967467719014, 'vZ0': -6.306514976989572, 'x': 125.72, 'y': 169.65, 'x0': -2.241967334428264, 'y0': 50.00110062467531, 'z0': 5.716972936443467, 'aX': -13.40741835040591}","In play, out(s)",86.5,6.631516405312024,718759,592332,0.39776090941121023,Flyout,94.8,1.5,3.2,Four-Seam Fastball,0.9,5
669242,"{'breakAngle': 21.6, 'breakLength': 8.4, 'breakY': 24.0, 'breakVertical': -33.2, 'breakVerticalInduced': 4.8, 'breakHorizontal': 13.3, 'spinRate': 1718, 'spinDirection': 229}","{'aY': 21.15890151066004, 'aZ': -27.533998092192107, 'pfxX': -8.156279776372964, 'pfxZ': 2.9961888562203667, 'pX': -0.3920020478569234, 'pZ': 1.7425349063826308, 'vX0': 7.460276889809157, 'vY0': -122.78489321085752, 'vZ0': -4.140078051203775, 'x': 131.94, 'y': 191.73, 'x0': -2.3900345207197753, 'y0': 50.003315661568045, 'z0': 5.75722478224145, 'aX': -12.627166594125045}",Called Strike,78.5,6.7649750825480295,718759,592332,0.44376580754356,Single,84.4,1.48936104527639,3.21407495174898,Splitter,0.9,7
669242,"{'breakAngle': 37.2, 'breakLength': 4.8, 'breakY': 24.0, 'breakVertical': -15.6, 'breakVerticalInduced': 15.6, 'breakHorizontal': 11.5, 'spinRate': 2173, 'spinDirection': 218}","{'aY': 30.79030850743875, 'aZ': -14.624816417709768, 'pfxX': -7.6287538145973075, 'pfxZ': 9.341947728786195, 'pX': 0.6862026210006529, 'pZ': 2.1790359624685105, 'vX0': 10.631474476947073, 'vY0': -136.37396035307185, 'vZ0': -6.710962240038488, 'x': 90.84, 'y': 179.95, 'x0': -2.276703935124237, 'y0': 50.000630084843806, 'z0': 5.685872052705839, 'aX': -14.327607228563247}",Called Strike,85.7,6.709972841323625,718759,592332,0.40207350011554643,Single,94.0,1.48936104527639,3.21407495174898,Four-Seam Fastball,0.89,6
669242,"{'breakAngle': 26.4, 'breakLength': 8.4, 'breakY': 24.0, 'breakVertical': -32.0, 'breakVerticalInduced': 5.5, 'breakHorizontal': 16.1, 'spinRate': 1617, 'spinDirection': 226}","{'aY': 28.050932341287897, 'aZ': -26.514907035499352, 'pfxX': -10.114503831174181, 'pfxZ': 3.6326529820494793, 'pX': -0.3586397461406756, 'pZ': 1.4268673064777249, 'vX0': 8.278701483154663, 'vY0': -124.76720493667258, 'vZ0': -4.863175347472448, 'x': 130.67, 'y': 200.25, 'x0': -2.4261927649844472, 'y0': 50.001727269514426, 'z0': 5.619978989776419, 'aX': -15.74521619678362}","In play, no out",78.0,6.92766875815418,718759,592332,0.4411401006902387,Single,86.0,1.49,3.19,Splitter,0.91,13
680977,"{'breakAngle': 43.2, 'breakLength': 3.6, 'breakY': 24.0, 'breakVertical': -13.0, 'breakVerticalInduced': 17.8, 'breakHorizontal': 11.9, 'spinRate': 2247, 'spinDirection': 220}","{'aY': 28.98179181775479, 'aZ': -12.41343025282636, 'pfxX': -7.246612101252003, 'pfxZ': 10.35603627633462, 'pX': -1.0478850178273567, 'pZ': 2.726730721915557, 'vX0': 6.1966843410602275, 'vY0': -136.95499407138126, 'vZ0': -5.747067589554318, 'x': 156.94, 'y': 165.16, 'x0': -2.393355927888073, 'y0': 50.00422418107817, 'z0': 5.6944397050623135, 'aX': -13.828952538326467}",Called Strike,86.4,6.645245556561682,718759,592332,0.39925039576509214,Strikeout,94.2,1.66616393391821,3.30506875674675,Four-Seam Fastball,0.9,11
680977,"{'breakAngle': 37.2, 'breakLength': 3.6, 'breakY': 24.0, 'breakVertical': -13.7, 'breakVerticalInduced': 18.2, 'breakHorizontal': 10.4, 'spinRate': 2159, 'spinDirection': 212}","{'aY': 29.750924420942177, 'aZ': -12.640050275412412, 'pfxX': -6.315108494272343, 'pfxZ': 10.644754657595428, 'pX': -1.4314572515446327, 'pZ': 2.763986046163542, 'vX0': 4.5111546309324, 'vY0': -134.72421749184778, 'vZ0': -5.701137368073676, 'x': 171.56, 'y': 164.15, 'x0': -2.3086161385436017, 'y0': 50.003082439576474, 'z0': 5.803886018818918, 'aX': -11.588628515327027}",Ball,84.5,6.644055304796307,718759,592332,0.4068255732792263,Strikeout,92.6,1.61939992884074,3.37846298660552,Four-Seam Fastball,0.9,11
680977,"{'breakAngle': 45.6, 'breakLength': 3.6, 'breakY': 24.0, 'breakVertical': -10.9, 'breakVerticalInduced': 19.8, 'breakHorizontal': 11.0, 'spinRate': 2285, 'spinDirection': 214}","{'aY': 30.166100283430698, 'aZ': -10.432436949317594, 'pfxX': -6.990001945892928, 'pfxZ': 11.416727350537032, 'pX': -0.5999080272837595, 'pZ': 3.2773662606066045, 'vX0': 7.513812739228862, 'vY0': -137.08677801388654, 'vZ0': -4.844289636847875, 'x': 139.87, 'y': 150.29, 'x0': -2.4675174881114224, 'y0': 50.001578923251216, 'z0': 5.778880907660705, 'aX': -13.310289851586376}",Foul,86.1,6.743136555968836,718759,592332,0.3994835999566284,Strikeout,94.3,1.62,3.33,Four-Seam Fastball,0.9,1
680977,"{'breakAngle': 38.4, 'breakLength': 3.6, 'breakY': 24.0, 'breakVertical': -13.0, 'breakVerticalInduced': 16.7, 'breakHorizontal': 10.1, 'spinRate': 2196, 'spinDirection': 213}","{'aY': 32.690619797905946, 'aZ': -12.829682271987126, 'pfxX': -6.251572885862525, 'pfxZ': 9.782724341630646, 'pX': -1.1278867402870894, 'pZ': 3.0028165497759036, 'vX0': 5.557585919169588, 'vY0': -139.9887330555234, 'vZ0': -5.404704338855306, 'x': 159.99, 'y': 157.7, 'x0': -2.3302704764326934, 'y0': 50.00336335518858, 'z0': 5.804020566290663, 'aX': -12.362560812793795}",Foul,87.6,6.715986525342669,718759,592332,0.39181647760309524,Strikeout,96.2,1.62,3.33,Four-Seam Fastball,0.9,11
680977,"{'breakAngle': 31.2, 'breakLength': 3.6, 'breakY': 24.0, 'breakVertical': -14.5, 'breakVerticalInduced': 16.3, 'breakHorizontal': 8.8, 'spinRate': 2134, 'spinDirection': 214}","{'aY': 26.820747571517444, 'aZ': -13.594905439868931, 'pfxX': -5.478432674576658, 'pfxZ': 9.734177328920834, 'pX': -0.4842281429882073, 'pZ': 1.6696682709396942, 'vX0': 6.6979088789785175, 'vY0': -136.48610328147123, 'vZ0': -8.24932869995428, 'x': 135.46, 'y': 193.7, 'x0': -2.245154757928854, 'y0': 50.000871436567046, 'z0': 5.644216763168428, 'aX': -10.453838157161938}",Called Strike,86.8,6.859575546458239,718759,592332,0.39957911841038474,Strikeout,93.9,1.61939992884074,3.2809768361881,Four-Seam Fastball,0.89,7
666182,"{'breakAngle': 10.8, 'breakLength': 10.8, 'breakY': 24.0, 'breakVertical': -46.7, 'breakVerticalInduced': -1.9, 'breakHorizontal': -9.4, 'spinRate': 2315, 'spinDirection': 92}","{'aY': 19.822331904956144, 'aZ': -33.563555546785814, 'pfxX': 4.670189146965884, 'pfxZ': -1.0577497303766368, 'pX': -0.3449122426964671, 'pZ': 1.5121140082467077, 'vX0': 3.5678171144303668, 'vY0': -113.5931624116489, 'vZ0': -1.2915189594402317, 'x': 130.15, 'y': 197.95, 'x0': -2.53985800115387, 'y0': 50.003566712954935, 'z0': 5.409807714961816, 'aX': 6.133220037912584}",Foul,72.4,6.658664992474774,718759,656427,0.48126387816028604,Groundout,78.0,1.64,3.56,Slider,0.82,13
666182,"{'breakAngle': 14.4, 'breakLength': 9.6, 'breakY': 24.0, 'breakVertical': -43.4, 'breakVerticalInduced': -1.2, 'breakHorizontal': -11.2, 'spinRate': 2374, 'spinDirection': 92}","{'aY': 20.993889204733293, 'aZ': -33.22017573344334, 'pfxX': 5.6829787905282405, 'pfxZ': -0.7514034487151839, 'pX': -0.26474705233089535, 'pZ': 2.191425580573749, 'vX0': 3.504645346106205, 'vY0': -116.95260679961581, 'vZ0': -0.6161953462289695, 'x': 127.09, 'y': 179.61, 'x0': -2.518434486494217, 'y0': 50.00369629180835, 'z0': 5.560291836669108, 'aX': 7.9118510748181015}","In play, out(s)",74.4,6.651290070649078,718759,656427,0.4674192662643599,Groundout,80.3,1.64,3.56,Slider,0.9,8
665489,"{'breakAngle': 7.2, 'breakLength': 4.8, 'breakY': 24.0, 'breakVertical': -21.0, 'breakVerticalInduced': 13.4, 'breakHorizontal': 2.6, 'spinRate': 2164, 'spinDirection': 198}","{'aY': 24.15494809864855, 'aZ': -18.81958276195925, 'pfxX': -2.1513036218531494, 'pfxZ': 7.827619377776734, 'pX': -0.1928431572638232, 'pZ': 1.9635158111762703, 'vX0': 6.474820322606402, 'vY0': -129.0933738602802, 'vZ0': -4.907114243330402, 'x': 124.35, 'y': 185.77, 'x0': -2.442122399355346, 'y0': 50.002403735108125, 'z0': 5.3162189971903775, 'aX': -3.6706384389335542}",Called Strike,82.1,6.743314504254568,718759,656427,0.4225395493603554,Groundout,88.7,1.66941470658227,3.60977211892273,Four-Seam Fastball,0.88,8
665489,"{'breakAngle': 24.0, 'breakLength': 8.4, 'breakY': 24.0, 'breakVertical': -32.4, 'breakVerticalInduced': 8.0, 'breakHorizontal': 13.9, 'spinRate': 1878, 'spinDirection': 202}","{'aY': 22.901439196713277, 'aZ': -24.920000085704967, 'pfxX': -8.404549198754026, 'pfxZ': 5.0120191880387095, 'pX': -1.2231695877129112, 'pZ': 1.0447852760507947, 'vX0': 5.473024354080416, 'vY0': -119.51432696642149, 'vZ0': -5.180750656407432, 'x': 163.62, 'y': 210.57, 'x0': -2.450219385287783, 'y0': 50.00257752699034, 'z0': 5.476926349716258, 'aX': -12.165558197772627}",Ball,75.6,6.522527682613526,718759,656427,0.4581782396733156,Groundout,82.2,1.66941470658227,3.48798428775666,Changeup,0.98,13
665489,"{'breakAngle': 9.6, 'breakLength': 4.8, 'breakY': 24.0, 'breakVertical': -19.6, 'breakVerticalInduced': 13.6, 'breakHorizontal': 3.2, 'spinRate': 2293, 'spinDirection': 200}","{'aY': 26.756361051843257, 'aZ': -18.704235978421238, 'pfxX': -2.6001036062221234, 'pfxZ': 7.6048694216427695, 'pX': -0.12611965725493304, 'pZ': 3.4236937772133254, 'vX0': 6.847508486759816, 'vY0': -131.92381718602007, 'vZ0': -1.9622434442301762, 'x': 121.81, 'y': 146.34, 'x0': -2.4118721840036432, 'y0': 50.005023964811, 'z0': 5.548705358247015, 'aX': -4.607900365476868}",Foul,83.3,6.5442271680500985,718759,656427,0.4144073273114772,Groundout,90.6,1.67,3.61,Four-Seam Fastball,0.9,2
665489,"{'breakAngle': 4.8, 'breakLength': 3.6, 'breakY': 24.0, 'breakVertical': -17.2, 'breakVerticalInduced': 13.9, 'breakHorizontal': 1.4, 'spinRate': 2346, 'spinDirection': 198}","{'aY': 26.897404052270826, 'aZ': -16.45643862678737, 'pfxX': -1.838165387429762, 'pfxZ': 8.299028720598034, 'pX': 1.1420989230887806, 'pZ': 1.7186786824953673, 'vX0': 10.146075241414437, 'vY0': -136.0119490345964, 'vZ0': -6.527496848199671, 'x': 73.47, 'y': 192.38, 'x0': -2.3807126756593355, 'y0': 50.00002175404806, 'z0': 5.270456005260421, 'aX': -3.4823302194469483}",Ball,86.6,6.854870168412287,718759,656427,0.4011049781162055,Groundout,93.6,1.66941470658227,3.56106172808455,Four-Seam Fastball,0.93,14
665489,"{'breakAngle': 2.4, 'breakLength': 4.8, 'breakY': 24.0, 'breakVertical': -20.5, 'breakVerticalInduced': 11.2, 'breakHorizontal': -1.0, 'spinRate': 2189, 'spinDirection': 197}","{'aY': 25.26679283875919, 'aZ': -20.173828427262517, 'pfxX': -0.11625477074370177, 'pfxZ': 6.462607004379603, 'pX': -0.042306719100272575, 'pZ': 2.5494468901877188, 'vX0': 6.529512748693642, 'vY0': -134.43831412604032, 'vZ0': -3.872083366041155, 'x': 118.61, 'y': 169.94, 'x0': -2.4729466394415707, 'y0': 50.002410980881564, 'z0': 5.4151823468243565, 'aX': -0.2178307135995359}",Foul,85.7,6.736142719051631,718759,656427,0.4052448116849554,Groundout,92.3,1.67,3.61,Four-Seam Fastball,0.91,5
665489,"{'breakAngle': 4.8, 'breakLength': 4.8, 'breakY': 24.0, 'breakVertical': -20.0, 'breakVerticalInduced': 11.5, 'breakHorizontal': 1.8, 'spinRate': 2175, 'spinDirection': 198}","{'aY': 25.899682748133714, 'aZ': -20.452241148134696, 'pfxX': -1.4734464259055255, 'pfxZ': 6.282702790705592, 'pX': -0.8761541177624407, 'pZ': 3.8092617112986904, 'vX0': 4.7336915514197955, 'vY0': -134.8696103145834, 'vZ0': -0.5988511702606601, 'x': 150.4, 'y': 135.93, 'x0': -2.4529884609812824, 'y0': 50.00121124359666, 'z0': 5.460653055956466, 'aX': -2.74918193438962}",Ball,85.6,6.667947011753001,718759,656427,0.4041983424261071,Groundout,92.6,1.66941470658227,3.48798428775666,Four-Seam Fastball,0.91,11
665489,"{'breakAngle': 9.6, 'breakLength': 9.6, 'breakY': 24.0, 'breakVertical': -40.6, 'breakVerticalInduced': 2.3, 'breakHorizontal': -7.3, 'spinRate': 2193, 'spinDirection': 95}","{'aY': 20.206302387821655, 'aZ': -30.743865241492426, 'pfxX': 3.5161156244029934, 'pfxZ': 1.042624462434631, 'pX': -0.4010032959741045, 'pZ': 2.8111511040569694, 'vX0': 3.9681184083863674, 'vY0': -115.98622918089565, 'vZ0': 0.5269869148553301, 'x': 132.29, 'y': 162.88, 'x0': -2.5861389138788544, 'y0': 50.00355548707978, 'z0': 5.495701424191255, 'aX': 4.824916651331149}",Foul,73.7,6.67450001189049,718759,656427,0.470923713489388,Groundout,79.6,1.67,3.61,Slider,0.92,4
665489,"{'breakAngle': 12.0, 'breakLength': 9.6, 'breakY': 24.0, 'breakVertical': -42.4, 'breakVerticalInduced': 0.2, 'breakHorizontal': -8.9, 'spinRate': 2288, 'spinDirection': 87}","{'aY': 22.486400984189043, 'aZ': -31.930754069275878, 'pfxX': 4.256846263529404, 'pfxZ': 0.1756895691967415, 'pX': 0.15782270120082786, 'pZ': 1.7911093915382048, 'vX0': 4.774592222654537, 'vY0': -116.6906600433489, 'vZ0': -1.4205179960243866, 'x': 110.98, 'y': 190.42, 'x0': -2.469715168916433, 'y0': 50.001403685061554, 'z0': 5.422991404890616, 'aX': 5.854757963819835}","In play, out(s)",73.8,6.72097749332525,718759,656427,0.46984748756465455,Groundout,80.2,1.67,3.61,Slider,0.91,8
662139,"{'breakAngle': 7.2, 'breakLength': 4.8, 'breakY': 24.0, 'breakVertical': -19.2, 'breakVerticalInduced': 15.0, 'breakHorizontal': 2.2, 'spinRate': 2353, 'spinDirection': 195}","{'aY': 26.09968358717433, 'aZ': -16.961506662661794, 'pfxX': -2.038171737149295, 'pfxZ': 8.849886645107617, 'pX': 0.027904574528813803, 'pZ': 1.9363870423550806, 'vX0': 7.207913275788149, 'vY0': -130.01099311171245, 'vZ0': -5.841503735723195, 'x': 115.94, 'y': 186.5, 'x0': -2.51030978636994, 'y0': 50.00631732854131, 'z0': 5.490619445692422, 'aX': -3.50525689648473}",Foul,82.3,6.553251481246065,718759,656427,0.42056091591613765,Strikeout,89.4,1.4,3.09,Four-Seam Fastball,0.91,8
662139,"{'breakAngle': 12.0, 'breakLength': 14.4, 'breakY': 24.0, 'breakVertical': -60.2, 'breakVerticalInduced': -8.9, 'breakHorizontal': -13.1, 'spinRate': 2329, 'spinDirection': 67}","{'aY': 20.058713022579294, 'aZ': -38.14101024059949, 'pfxX': 6.564087189329317, 'pfxZ': -5.23426880719066, 'pX': 0.24637008898440482, 'pZ': 1.6653958452439201, 'vX0': 4.253373423504701, 'vY0': -106.60675076822615, 'vZ0': 0.6695818833956098, 'x': 107.61, 'y': 193.81, 'x0': -2.6346965592659957, 'y0': 50.00482970732895, 'z0': 5.6878138630636945, 'aX': 7.478514396426888}",Swinging Strike,67.4,6.493389968356733,718759,656427,0.5158019787444603,Strikeout,73.3,1.4,3.09,Knuckle Curve,0.9,9
662139,"{'breakAngle': 10.8, 'breakLength': 8.4, 'breakY': 24.0, 'breakVertical': -37.9, 'breakVerticalInduced': 2.0, 'breakHorizontal': -7.8, 'spinRate': 2460, 'spinDirection': 87}","{'aY': 24.27515902014674, 'aZ': -29.718543226133626, 'pfxX': 3.6505959309093257, 'pfxZ': 1.6755688030275806, 'pX': -0.05629909590708263, 'pZ': 0.6131082694878032, 'vX0': 4.794426656475313, 'vY0': -120.51469842001043, 'vZ0': -4.952228961615217, 'x': 119.15, 'y': 222.23, 'x0': -2.548765004903505, 'y0': 50.00372471668589, 'z0': 5.331696898280007, 'aX': 5.347685105503707}",Ball,76.3,6.828184809774469,718759,656427,0.4551737508243958,Strikeout,82.8,1.39933323661857,3.06528793338798,Slider,0.91,13
662139,"{'breakAngle': 2.4, 'breakLength': 4.8, 'breakY': 24.0, 'breakVertical': -19.7, 'breakVerticalInduced': 12.0, 'breakHorizontal': -1.0, 'spinRate': 2235, 'spinDirection': 198}","{'aY': 24.899607593810074, 'aZ': -19.09091098700666, 'pfxX': -0.2886827160898098, 'pfxZ': 7.04797563662927, 'pX': 0.5915292263027735, 'pZ': 2.0139495815517323, 'vX0': 8.152525777245947, 'vY0': -134.36180140041665, 'vZ0': -5.269867939638345, 'x': 94.45, 'y': 184.4, 'x0': -2.4248866554940376, 'y0': 50.00306395076832, 'z0': 5.327439251164393, 'aX': -0.5356724949175219}",Foul,85.8,6.8247962731185945,718759,656427,0.4052574591312337,Strikeout,92.4,1.4,3.09,Four-Seam Fastball,0.91,6
662139,"{'breakAngle': 13.2, 'breakLength': 13.2, 'breakY': 24.0, 'breakVertical': -55.2, 'breakVerticalInduced': -4.3, 'breakHorizontal': -12.8, 'spinRate': 2394, 'spinDirection': 68}","{'aY': 19.171746354325442, 'aZ': -35.29586292674206, 'pfxX': 6.365609790785582, 'pfxZ': -2.707144327780446, 'pX': 0.5813730693258972, 'pZ': 2.0346753877732184, 'vX0': 4.843050506582968, 'vY0': -106.91317176813337, 'vZ0': 0.6957942777132662, 'x': 94.84, 'y': 183.84, 'x0': -2.543819285968014, 'y0': 50.003933978086835, 'z0': 5.67997365962923, 'aX': 7.3366810349019405}",Swinging Strike,67.8,6.466041403127879,718759,656427,0.513163995277977,Strikeout,73.5,1.4,3.09,Knuckle Curve,0.8,9
676475,"{'breakAngle': 24.0, 'breakLength': 3.6, 'breakY': 24.0, 'breakVertical': -16.1, 'breakVerticalInduced': 15.5, 'breakHorizontal': 6.8, 'spinRate': 2010, 'spinDirection': 215}","{'aY': 29.697756789409112, 'aZ': -15.17649172313992, 'pfxX': -4.841909692305537, 'pfxZ': 9.132861499090176, 'pX': 0.4085305246487078, 'pZ': 2.6002821056625383, 'vX0': 8.873137329168758, 'vY0': -135.58927656363946, 'vZ0': -5.7166451915876, 'x': 101.43, 'y': 168.57, 'x0': -2.277689884942703, 'y0': 50.00618933831608, 'z0': 5.795448016855966, 'aX': -9.015806037625984}","In play, out(s)",85.3,6.771764146310977,718759,592332,0.40399758342546077,Groundout,93.3,1.58,3.41,Four-Seam Fastball,0.89,6
502671,"{'breakAngle': 3.6, 'breakLength': 8.4, 'breakY': 24.0, 'breakVertical': -35.9, 'breakVerticalInduced': 3.8, 'breakHorizontal': -2.0, 'spinRate': 2243, 'spinDirection': 184}","{'aY': 21.44923133394572, 'aZ': -28.98137335697726, 'pfxX': 0.5751498062556231, 'pfxZ': 2.1535953774521115, 'pX': -0.44237990762036766, 'pZ': 2.677031384149085, 'vX0': 4.74790753903181, 'vY0': -120.42113965782734, 'vZ0': -1.4626640121686225, 'x': 133.86, 'y': 166.5, 'x0': -2.507041923441205, 'y0': 50.00183983052692, 'z0': 5.8351596995980675, 'aX': 0.8515235713468084}",Called Strike,76.6,6.544260871269194,718759,592332,0.453307164018927,Strikeout,82.7,1.60939669477115,3.37100467907934,Slider,0.9,4
502671,"{'breakAngle': 33.6, 'breakLength': 3.6, 'breakY': 24.0, 'breakVertical': -15.7, 'breakVerticalInduced': 15.6, 'breakHorizontal': 10.3, 'spinRate': 2100, 'spinDirection': 219}","{'aY': 25.8576274992348, 'aZ': -14.959784287527695, 'pfxX': -6.540755935947205, 'pfxZ': 9.147881944406155, 'pX': -0.1652866847458733, 'pZ': 2.150457775494785, 'vX0': 8.508078723534593, 'vY0': -135.41599828422764, 'vZ0': -6.467628000965472, 'x': 123.3, 'y': 180.72, 'x0': -2.478643912164986, 'y0': 50.00505623024955, 'z0': 5.5915766050574325, 'aX': -12.312228966016713}",Called Strike,86.2,6.717753964922911,718759,592332,0.4024225733045981,Strikeout,93.2,1.60939669477115,3.39537285796807,Four-Seam Fastball,0.88,8
502671,"{'breakAngle': 27.6, 'breakLength': 8.4, 'breakY': 24.0, 'breakVertical': -32.6, 'breakVerticalInduced': 4.2, 'breakHorizontal': 16.4, 'spinRate': 1624, 'spinDirection': 236}","{'aY': 20.56086146623592, 'aZ': -27.63413321025919, 'pfxX': -9.831818143326984, 'pfxZ': 2.842389453882598, 'pX': -0.6412288505877132, 'pZ': 1.002005827474732, 'vX0': 7.636367175474177, 'vY0': -124.34328634601667, 'vZ0': -5.793194831324849, 'x': 141.44, 'y': 211.73, 'x0': -2.4468985209529914, 'y0': 50.000833966979926, 'z0': 5.601710247821102, 'aX': -15.682089261007501}",Ball,80.0,6.936260170405327,718759,592332,0.43739540675249344,Strikeout,85.5,1.60939669477115,3.29789094908189,Splitter,0.91,13
502671,"{'breakAngle': 38.4, 'breakLength': 3.6, 'breakY': 24.0, 'breakVertical': -12.8, 'breakVerticalInduced': 17.4, 'breakHorizontal': 10.1, 'spinRate': 2352, 'spinDirection': 221}","{'aY': 31.451780120172632, 'aZ': -12.2620627784669, 'pfxX': -6.717449166277767, 'pfxZ': 10.263080003032885, 'pX': 0.24194999725056884, 'pZ': 2.403924136296166, 'vX0': 9.622920150945856, 'vY0': -138.53218697004922, 'vZ0': -6.4346871088543285, 'x': 107.78, 'y': 173.87, 'x0': -2.4068058304803484, 'y0': 50.00559432315988, 'z0': 5.579590197886865, 'aX': -13.036925939571276}",Swinging Strike,87.0,6.625831821661278,718759,592332,0.3956508664482761,Strikeout,95.4,1.61,3.42,Four-Seam Fastball,0.9,5
571448,"{'breakAngle': 24.0, 'breakLength': 3.6, 'breakY': 24.0, 'breakVertical': -13.4, 'breakVerticalInduced': 17.3, 'breakHorizontal': 5.9, 'spinRate': 2198, 'spinDirection': 216}","{'aY': 30.339025113056145, 'aZ': -12.947029035689308, 'pfxX': -4.188253193417172, 'pfxZ': 10.07115837540487, 'pX': 0.13918525161688916, 'pZ': 2.7536757589316117, 'vX0': 8.208532882066281, 'vY0': -137.2826750120291, 'vZ0': -5.593012740922198, 'x': 111.69, 'y': 164.43, 'x0': -2.345158849108826, 'y0': 50.001086327528185, 'z0': 5.69827301401045, 'aX': -7.995094026745153}",Foul,86.3,6.7504236144903444,718759,592332,0.39893955121116864,Groundout,94.5,1.64,3.28,Four-Seam Fastball,0.9,5
571448,"{'breakAngle': 24.0, 'breakLength': 8.4, 'breakY': 24.0, 'breakVertical': -35.2, 'breakVerticalInduced': 1.4, 'breakHorizontal': 15.7, 'spinRate': 1674, 'spinDirection': 234}","{'aY': 24.17196744588794, 'aZ': -30.167696508648035, 'pfxX': -9.542221431809349, 'pfxZ': 1.2541866061383686, 'pX': -0.8138438343731729, 'pZ': 1.321597747739704, 'vX0': 7.378361925980472, 'vY0': -125.48363936687382, 'vZ0': -4.468520115452433, 'x': 148.02, 'y': 203.1, 'x0': -2.5451509849052845, 'y0': 50.00428163420491, 'z0': 5.568925876300413, 'aX': -15.296893505035516}",Foul,79.7,6.713430019976298,718759,592332,0.43563014834260905,Groundout,86.3,1.64,3.28,Splitter,0.91,13
571448,"{'breakAngle': 21.6, 'breakLength': 3.6, 'breakY': 24.0, 'breakVertical': -14.3, 'breakVerticalInduced': 15.7, 'breakHorizontal': 5.6, 'spinRate': 2164, 'spinDirection': 215}","{'aY': 31.027515994482194, 'aZ': -14.396020325173009, 'pfxX': -4.095848040694114, 'pfxZ': 9.086880864944392, 'pX': 0.2662899001771126, 'pZ': 3.174148242029617, 'vX0': 8.626108917128931, 'vY0': -138.9478738439924, 'vZ0': -4.439788545002017, 'x': 106.85, 'y': 153.08, 'x0': -2.3456794357608572, 'y0': 50.00099952836663, 'z0': 5.748789860911706, 'aX': -8.012871617792964}",Foul,87.4,6.784415558374167,718759,592332,0.3941548530220338,Groundout,95.6,1.64,3.28,Four-Seam Fastball,0.9,3
571448,"{'breakAngle': 22.8, 'breakLength': 7.2, 'breakY': 24.0, 'breakVertical': -32.4, 'breakVerticalInduced': 3.1, 'breakHorizontal': 13.2, 'spinRate': 1790, 'spinDirection': 232}","{'aY': 24.42992933714725, 'aZ': -28.338370706754787, 'pfxX': -8.605411595029885, 'pfxZ': 2.324331196312868, 'pX': 1.0627072955088488, 'pZ': 1.108960666676593, 'vX0': 11.388052330127453, 'vY0': -127.23991746842849, 'vZ0': -5.577692956379634, 'x': 76.49, 'y': 208.84, 'x0': -2.3387445174211265, 'y0': 50.00444140827101, 'z0': 5.556008979422322, 'aX': -14.209463760001393}",Ball,81.1,6.864301328540868,718759,592332,0.42934440035524934,Groundout,87.7,1.6394058216759,3.18220234789264,Splitter,0.91,14
571448,"{'breakAngle': 25.2, 'breakLength': 8.4, 'breakY': 24.0, 'breakVertical': -32.4, 'breakVerticalInduced': 3.4, 'breakHorizontal': 15.0, 'spinRate': 1798, 'spinDirection': 233}","{'aY': 25.16397453548766, 'aZ': -27.847832764751182, 'pfxX': -9.574114497481757, 'pfxZ': 2.6336552337864076, 'pX': 0.7043497039248722, 'pZ': 0.5330242677504958, 'vX0': 10.985736375769205, 'vY0': -127.11600581324414, 'vZ0': -6.994488578798634, 'x': 90.15, 'y': 224.39, 'x0': -2.4220671288001783, 'y0': 50.00241387681518, 'z0': 5.520171378259654, 'aX': -15.725462739249052}","In play, out(s)",80.9,6.9886815317139375,718759,592332,0.43028642696296604,Groundout,87.7,1.64,3.28,Splitter,0.91,14
656305,"{'breakAngle': 1.2, 'breakLength': 3.6, 'breakY': 24.0, 'breakVertical': -14.6, 'breakVerticalInduced': 16.9, 'breakHorizontal': 0.2, 'spinRate': 2307, 'spinDirection': 203}","{'aY': 26.82052625260953, 'aZ': -13.519648122483012, 'pfxX': -0.6872113054862714, 'pfxZ': 10.029044016967156, 'pX': 0.6757099789488534, 'pZ': 2.531618442174257, 'vX0': 5.465967504467659, 'vY0': -134.91019664683608, 'vZ0': -7.462614271715748, 'x': 91.24, 'y': 170.43, 'x0': -1.2794860515006106, 'y0': 50.006432520416126, 'z0': 6.268902278437049, 'aX': -1.279491685020636}",Called Strike,85.6,6.299518345607786,718759,572403,0.4045774859124922,Strikeout,92.7,1.63496800838936,3.31353914404303,Four-Seam Fastball,2.0,6
656305,"{'breakAngle': 9.6, 'breakLength': 7.2, 'breakY': 24.0, 'breakVertical': -34.3, 'breakVerticalInduced': 1.1, 'breakHorizontal': -5.8, 'spinRate': 2386, 'spinDirection': 116}","{'aY': 21.822420549985402, 'aZ': -30.71942386182074, 'pfxX': 2.8501542685728944, 'pfxZ': 0.8737396974792535, 'pX': 0.15261772433561652, 'pZ': 2.6073282066406267, 'vX0': 3.145723337989336, 'vY0': -126.94974969662984, 'vZ0': -3.570972853217503, 'x': 111.18, 'y': 168.38, 'x0': -1.4650317351939495, 'y0': 50.002240239305074, 'z0': 6.433314612240307, 'aX': 4.730087521413254}",Called Strike,81.4,6.0468180837694305,718759,572403,0.4286690296439746,Strikeout,87.1,1.65941168985627,3.33791093569466,Cutter,2.0,5
656305,"{'breakAngle': 15.6, 'breakLength': 10.8, 'breakY': 24.0, 'breakVertical': -46.2, 'breakVerticalInduced': -4.8, 'breakHorizontal': -13.4, 'spinRate': 2300, 'spinDirection': 47}","{'aY': 23.230067506670025, 'aZ': -35.32227430004079, 'pfxX': 7.150375300012397, 'pfxZ': -2.2197138871136977, 'pX': 0.3279463449726317, 'pZ': 1.1480605588621364, 'vX0': 2.11053008272157, 'vY0': -118.48877646479517, 'vZ0': -4.266968253568587, 'x': 104.5, 'y': 207.78, 'x0': -1.5039180071127631, 'y0': 50.00310329895746, 'z0': 6.209349892608995, 'aX': 10.138544095631499}",Swinging Strike,75.3,6.200833820165333,718759,572403,0.46275955013114345,Strikeout,81.4,1.66,3.46,Sweeper,2.0,14
474832,"{'breakAngle': 14.4, 'breakLength': 10.8, 'breakY': 24.0, 'breakVertical': -49.1, 'breakVerticalInduced': -6.0, 'breakHorizontal': -13.0, 'spinRate': 2248, 'spinDirection': 50}","{'aY': 21.79293522774642, 'aZ': -36.35902532076295, 'pfxX': 6.712086329918304, 'pfxZ': -3.075352528430739, 'pX': 0.8107412474031126, 'pZ': 1.6840169245746073, 'vX0': 2.9915014423412023, 'vY0': -115.95005254002675, 'vZ0': -2.717159205949031, 'x': 86.1, 'y': 193.31, 'x0': -1.3684468093922884, 'y0': 50.004040587820135, 'z0': 6.3424642682839325, 'aX': 9.133276953365355}",Swinging Strike,73.8,6.027496121017705,718759,572403,0.47249350197537376,Groundout,79.6,1.59,3.21,Sweeper,2.0,14
474832,"{'breakAngle': 4.8, 'breakLength': 3.6, 'breakY': 24.0, 'breakVertical': -16.4, 'breakVerticalInduced': 13.9, 'breakHorizontal': 1.2, 'spinRate': 2292, 'spinDirection': 204}","{'aY': 25.125263982500638, 'aZ': -16.218817966037143, 'pfxX': -0.8876085024900069, 'pfxZ': 8.208202173745502, 'pX': -0.4757056781815309, 'pZ': 2.6815725826446077, 'vX0': 2.457187930932531, 'vY0': -137.27645952183235, 'vZ0': -7.2682033725167, 'x': 135.13, 'y': 166.38, 'x0': -1.2598519746038197, 'y0': 50.00356270816428, 'z0': 6.430676766664734, 'aX': -1.725742720195516}",Called Strike,87.8,6.28617247601474,718759,572403,0.39621141190005815,Groundout,94.2,1.58939114608776,3.06339901150871,Four-Seam Fastball,2.0,4
474832,"{'breakAngle': 9.6, 'breakLength': 8.4, 'breakY': 24.0, 'breakVertical': -39.6, 'breakVerticalInduced': -2.2, 'breakHorizontal': -6.5, 'spinRate': 2355, 'spinDirection': 82}","{'aY': 22.568220982339053, 'aZ': -33.1745150134254, 'pfxX': 3.1379578288722123, 'pfxZ': -0.6409395163580118, 'pX': 0.5781573019143674, 'pZ': 1.083992067747331, 'vX0': 3.9076556622672016, 'vY0': -123.88273880598065, 'vZ0': -5.80738760628233, 'x': 94.96, 'y': 209.51, 'x0': -1.421690042577649, 'y0': 50.00231719757743, 'z0': 6.2010763382413865, 'aX': 4.921393083576589}",Ball,79.4,,718759,572403,0.44056414756633666,Groundout,85.1,1.58939114608776,3.08778612091825,Cutter,2.0,14
474832,"{'breakAngle': 2.4, 'breakLength': 2.4, 'breakY': 24.0, 'breakVertical': -13.1, 'breakVerticalInduced': 17.8, 'breakHorizontal': 0.5, 'spinRate': 2305, 'spinDirection': 203}","{'aY': 28.653709956543988, 'aZ': -12.254722586858074, 'pfxX': -0.7354971081258848, 'pfxZ': 10.451739971693193, 'pX': 0.34317714953098366, 'pZ': 2.9953026724565546, 'vX0': 4.322672243583684, 'vY0': -136.80892180471682, 'vZ0': -6.9392959198386714, 'x': 103.92, 'y': 157.91, 'x0': -1.1581107131736212, 'y0': 50.00391584806826, 'z0': 6.395190863858584, 'aX': -1.4025891540965676}",Foul,86.5,6.138875903164214,718759,572403,0.3995457375214122,Groundout,94.0,1.59,3.21,Four-Seam Fastball,2.0,3
474832,"{'breakAngle': 8.4, 'breakLength': 8.4, 'breakY': 24.0, 'breakVertical': -38.2, 'breakVerticalInduced': -2.0, 'breakHorizontal': -6.0, 'spinRate': 2367, 'spinDirection': 97}","{'aY': 25.697068877002, 'aZ': -33.06656889875181, 'pfxX': 2.876350475574525, 'pfxZ': -0.5546577928035417, 'pX': 0.3385040122817893, 'pZ': 1.2595247781517878, 'vX0': 3.35587739210892, 'vY0': -126.58462668585392, 'vZ0': -5.750578621942699, 'x': 104.1, 'y': 204.77, 'x0': -1.3776564362939512, 'y0': 50.000821975393926, 'z0': 6.20622005384138, 'aX': 4.668558436456642}",Ball,80.4,,718759,572403,0.43261450617169617,Groundout,87.0,1.58939114608776,3.06339901150871,Cutter,2.0,14
474832,"{'breakAngle': 16.8, 'breakLength': 10.8, 'breakY': 24.0, 'breakVertical': -47.3, 'breakVerticalInduced': -4.6, 'breakHorizontal': -14.5, 'spinRate': 2315, 'spinDirection': 54}","{'aY': 21.670111848019715, 'aZ': -35.66479651021189, 'pfxX': 7.933465083299687, 'pfxZ': -2.5395032544870872, 'pX': -0.21797991974045544, 'pZ': 2.6227955383012964, 'vX0': 0.3943270430317426, 'vY0': -116.49934262280637, 'vZ0': -1.094600600735402, 'x': 125.31, 'y': 167.96, 'x0': -1.4201524974190967, 'y0': 50.00152036187975, 'z0': 6.46664323710329, 'aX': 10.914997291859247}",Foul,74.0,6.089412062009044,718759,572403,0.4699622824936962,Groundout,80.0,1.59,3.21,Sweeper,2.0,5
474832,"{'breakAngle': 9.6, 'breakLength': 3.6, 'breakY': 24.0, 'breakVertical': -13.4, 'breakVerticalInduced': 17.5, 'breakHorizontal': 2.2, 'spinRate': 2341, 'spinDirection': 202}","{'aY': 27.452072786186417, 'aZ': -12.922817244408623, 'pfxX': -1.5973058365161863, 'pfxZ': 10.118440387162813, 'pX': 0.036507686410712954, 'pZ': 3.4407031801421994, 'vX0': 3.847969717321898, 'vY0': -136.44703974173294, 'vZ0': -5.460233885922309, 'x': 115.61, 'y': 145.88, 'x0': -1.1788254447358437, 'y0': 50.006527186992834, 'z0': 6.344068040773521, 'aX': -3.0406787406092586}",Foul,86.4,6.445010371528857,718759,572403,0.4000269768108513,Groundout,93.7,1.59,3.21,Four-Seam Fastball,2.0,12
474832,"{'breakAngle': 15.6, 'breakLength': 7.2, 'breakY': 24.0, 'breakVertical': -30.1, 'breakVerticalInduced': 5.2, 'breakHorizontal': 8.0, 'spinRate': 1546, 'spinDirection': 204}","{'aY': 24.36341923535164, 'aZ': -26.740840859618075, 'pfxX': -4.754550288440093, 'pfxZ': 3.258310780143879, 'pX': -0.6528804652966499, 'pZ': 2.2687919092698365, 'vX0': 2.5975876279242036, 'vY0': -127.75989965779027, 'vZ0': -4.921735986042891, 'x': 141.89, 'y': 177.52, 'x0': -1.0608930938537005, 'y0': 50.00076779213437, 'z0': 6.301564604105479, 'aX': -7.921332173620064}","In play, out(s)",81.2,6.478246098607505,718759,572403,0.4274198649855361,Groundout,87.7,1.59,3.21,Changeup,2.0,4
643376,"{'breakAngle': 20.4, 'breakLength': 3.6, 'breakY': 24.0, 'breakVertical': -15.5, 'breakVerticalInduced': 15.0, 'breakHorizontal': 5.6, 'spinRate': 2309, 'spinDirection': 201}","{'aY': 28.855870133911747, 'aZ': -14.435007989998871, 'pfxX': -3.7219965642766795, 'pfxZ': 9.214800805432883, 'pX': 0.4221783790290215, 'pZ': 1.8417342157352057, 'vX0': 5.453723651313334, 'vY0': -137.48389964812066, 'vZ0': -9.261128291430655, 'x': 100.91, 'y': 189.05, 'x0': -1.0984336706371083, 'y0': 50.00334427290296, 'z0': 6.22095091997901, 'aX': -7.166062372894987}",Called Strike,87.1,6.501821494550323,718759,572403,0.3975263461535219,Strikeout,94.6,1.49936429777012,3.24845348595309,Four-Seam Fastball,2.0,9
643376,"{'breakAngle': 14.4, 'breakLength': 3.6, 'breakY': 24.0, 'breakVertical': -14.2, 'breakVerticalInduced': 15.6, 'breakHorizontal': 3.5, 'spinRate': 2374, 'spinDirection': 199}","{'aY': 27.62871213143934, 'aZ': -13.652069640627026, 'pfxX': -2.326846963032819, 'pfxZ': 9.39663103985432, 'pX': 0.2240106334197746, 'pZ': 2.310439383729527, 'vX0': 4.284134271887036, 'vY0': -138.69856522494965, 'vZ0': -8.625515186060824, 'x': 108.46, 'y': 176.4, 'x0': -1.0301735825357965, 'y0': 50.00289654663555, 'z0': 6.347134456022037, 'aX': -4.586830895736075}",Foul,88.2,6.431464039230917,718759,572403,0.3931620679813186,Strikeout,95.3,1.5,3.2,Four-Seam Fastball,2.0,5
643376,"{'breakAngle': 19.2, 'breakLength': 10.8, 'breakY': 24.0, 'breakVertical': -48.0, 'breakVerticalInduced': -7.2, 'breakHorizontal': -16.7, 'spinRate': 2383, 'spinDirection': 52}","{'aY': 24.38140631335141, 'aZ': -37.32284320284402, 'pfxX': 8.956390400482952, 'pfxZ': -3.594366343774765, 'pX': 0.43419176196002957, 'pZ': 1.3110942365690033, 'vX0': 1.7986087121419443, 'vY0': -119.38383452816353, 'vZ0': -3.734387226080588, 'x': 100.45, 'y': 203.38, 'x0': -1.4931606551066834, 'y0': 50.00069277298142, 'z0': 6.277523244187396, 'aX': 12.841619362671636}",Swinging Strike,75.7,6.412138553334889,718759,572403,0.45994311973827307,Strikeout,82.0,1.5,3.2,Sweeper,2.0,14
669357,"{'breakAngle': 25.2, 'breakLength': 3.6, 'breakY': 24.0, 'breakVertical': -16.6, 'breakVerticalInduced': 14.6, 'breakHorizontal': 7.7, 'spinRate': 2162, 'spinDirection': 213}","{'aY': 29.41346781881097, 'aZ': -15.587242685223135, 'pfxX': -5.049662276359519, 'pfxZ': 8.81535251867292, 'pX': -0.37003095560763005, 'pZ': 2.025680965387476, 'vX0': 7.016813469071148, 'vY0': -136.1650993244353, 'vZ0': -7.113960213818297, 'x': 131.1, 'y': 184.09, 'x0': -2.3221593393457636, 'y0': 50.00036200479806, 'z0': 5.747137692593132, 'aX': -9.498335692836939}",Called Strike,85.9,6.687951522923791,718759,592332,0.40198404548904865,Walk,93.7,1.6394058216759,3.48410938534143,Four-Seam Fastball,0.89,7
669357,"{'breakAngle': 33.6, 'breakLength': 3.6, 'breakY': 24.0, 'breakVertical': -14.4, 'breakVerticalInduced': 17.0, 'breakHorizontal': 9.6, 'spinRate': 2190, 'spinDirection': 210}","{'aY': 29.59502230988983, 'aZ': -13.841648749083566, 'pfxX': -5.908333046853604, 'pfxZ': 9.84132101449991, 'pX': -1.0537499601510878, 'pZ': 3.1772339643860312, 'vX0': 5.4777388555491475, 'vY0': -135.60539893785912, 'vZ0': -4.5898808169520064, 'x': 157.17, 'y': 152.99, 'x0': -2.3320949747037916, 'y0': 50.00417336701576, 'z0': 5.85721902181218, 'aX': -11.007226339116258}",Ball,85.2,6.568712692122776,718759,592332,0.40388618054075964,Walk,93.2,1.6394058216759,3.43538276141512,Four-Seam Fastball,0.89,11
669357,"{'breakAngle': 24.0, 'breakLength': 8.4, 'breakY': 24.0, 'breakVertical': -34.1, 'breakVerticalInduced': 4.0, 'breakHorizontal': 15.0, 'spinRate': 1408, 'spinDirection': 229}","{'aY': 22.303126542681085, 'aZ': -28.517309225118666, 'pfxX': -9.015517132446035, 'pfxZ': 2.372654315584306, 'pX': -1.0950043098728415, 'pZ': 2.295696185394942, 'vX0': 6.15499179177855, 'vY0': -122.88680339038103, 'vZ0': -2.5658184448664554, 'x': 158.74, 'y': 176.8, 'x0': -2.449586382403151, 'y0': 50.005589780089046, 'z0': 5.754109868964591, 'aX': -13.914799952896509}",Ball,78.2,6.613865785123143,718759,592332,0.4442065491657923,Walk,84.4,1.6394058216759,3.38664992885578,Splitter,0.9,13
669357,"{'breakAngle': 22.8, 'breakLength': 3.6, 'breakY': 24.0, 'breakVertical': -15.1, 'breakVerticalInduced': 17.5, 'breakHorizontal': 6.2, 'spinRate': 2176, 'spinDirection': 210}","{'aY': 34.07415408216208, 'aZ': -14.165839174993327, 'pfxX': -4.857009691274925, 'pfxZ': 10.049998981745212, 'pX': 0.8020620606001397, 'pZ': 3.497738550519064, 'vX0': 9.859457937409728, 'vY0': -134.26337988740326, 'vZ0': -3.3348451722404207, 'x': 86.43, 'y': 144.34, 'x0': -2.3175929446954364, 'y0': 50.00315980734767, 'z0': 5.789525351833931, 'aX': -8.704203259352969}",Ball,83.0,6.612510739219859,718759,592332,0.41086776777386813,Walk,92.5,1.6394058216759,3.43538276141512,Four-Seam Fastball,0.89,12
669357,"{'breakAngle': 31.2, 'breakLength': 4.8, 'breakY': 24.0, 'breakVertical': -17.8, 'breakVerticalInduced': 14.4, 'breakHorizontal': 10.8, 'spinRate': 2046, 'spinDirection': 215}","{'aY': 27.868437058746697, 'aZ': -16.880916991976495, 'pfxX': -6.5529876676862235, 'pfxZ': 8.365524702942281, 'pX': -1.152694856903458, 'pZ': 2.6741051211279405, 'vX0': 5.433445078919881, 'vY0': -134.0822667090104, 'vZ0': -4.870533464967741, 'x': 160.94, 'y': 166.58, 'x0': -2.349882860900639, 'y0': 50.00463914629815, 'z0': 5.711524554948026, 'aX': -11.982423705320231}",Ball,84.6,6.681983143783806,718759,592332,0.4078615057328059,Walk,92.1,1.6394058216759,3.45974685243492,Four-Seam Fastball,0.86,11
641933,"{'breakAngle': 2.4, 'breakLength': 9.6, 'breakY': 24.0, 'breakVertical': -44.3, 'breakVerticalInduced': -1.4, 'breakHorizontal': -2.3, 'spinRate': 2138, 'spinDirection': 87}","{'aY': 20.430121637197292, 'aZ': -33.999184478449074, 'pfxX': 0.8444880108931683, 'pfxZ': -1.3384741701274336, 'pX': -1.2242829606804226, 'pZ': 4.200524912645208, 'vX0': 3.01768683639186, 'vY0': -115.89304322573177, 'vZ0': 3.251347502891837, 'x': 163.67, 'y': 125.37, 'x0': -2.6496587840496226, 'y0': 50.00049182683738, 'z0': 6.014193696092123, 'aX': 1.1545544421903995}",Ball,73.4,6.405676596334104,718759,592332,0.4715296675619669,Single,79.6,1.52048796762121,3.05902275228645,Slider,0.86,11
641933,"{'breakAngle': 32.4, 'breakLength': 3.6, 'breakY': 24.0, 'breakVertical': -12.8, 'breakVerticalInduced': 17.9, 'breakHorizontal': 8.0, 'spinRate': 2224, 'spinDirection': 209}","{'aY': 26.370323830406058, 'aZ': -12.115347677147007, 'pfxX': -4.975861602750498, 'pfxZ': 10.476046429996485, 'pX': -1.0553552041751628, 'pZ': 2.261558039834771, 'vX0': 5.272959689111393, 'vY0': -136.59961794909307, 'vZ0': -7.021475339162062, 'x': 157.23, 'y': 177.72, 'x0': -2.352171432734129, 'y0': 50.00332705339346, 'z0': 5.675126893526464, 'aX': -9.528065638382252}",Foul,86.9,6.67857245744883,718759,592332,0.3989702375585109,Single,93.9,1.57,3.23,Four-Seam Fastball,0.9,13
641933,"{'breakAngle': 28.8, 'breakLength': 8.4, 'breakY': 24.0, 'breakVertical': -31.1, 'breakVerticalInduced': 6.0, 'breakHorizontal': 16.6, 'spinRate': 1693, 'spinDirection': 238}","{'aY': 21.884813222355305, 'aZ': -25.675253517987677, 'pfxX': -10.394913811826093, 'pfxZ': 4.093146586276152, 'pX': 0.876574513279764, 'pZ': 0.2956378569257631, 'vX0': 11.413851586977886, 'vY0': -124.42469238872941, 'vZ0': -7.616188451302566, 'x': 83.59, 'y': 230.8, 'x0': -2.391437677881271, 'y0': 50.004414718339106, 'z0': 5.484025593768099, 'aX': -16.51508839017201}",Ball In Dirt,79.8,6.845522402192725,718759,592332,0.4380172046390194,Single,85.8,1.56938483757716,3.08341012364657,Splitter,0.91,14
641933,"{'breakAngle': 25.2, 'breakLength': 3.6, 'breakY': 24.0, 'breakVertical': -13.8, 'breakVerticalInduced': 16.3, 'breakHorizontal': 6.5, 'spinRate': 2140, 'spinDirection': 211}","{'aY': 26.425987526341046, 'aZ': -13.33778424995568, 'pfxX': -4.209258582544065, 'pfxZ': 9.677031616779448, 'pX': -0.47167634921966795, 'pZ': 2.074207699346337, 'vX0': 6.417826371017962, 'vY0': -137.66402367728844, 'vZ0': -7.539008347643137, 'x': 134.98, 'y': 182.78, 'x0': -2.271008165018225, 'y0': 50.00661225037278, 'z0': 5.724080491231024, 'aX': -8.19741301349964}","In play, no out",87.7,6.7678666717456455,718759,592332,0.3956980533699652,Single,94.6,1.57,3.23,Four-Seam Fastball,0.89,7
691023,"{'breakAngle': 22.8, 'breakLength': 9.6, 'breakY': 24.0, 'breakVertical': -37.9, 'breakVerticalInduced': 0.0, 'breakHorizontal': 15.4, 'spinRate': 1525, 'spinDirection': 233}","{'aY': 23.697967492912163, 'aZ': -31.409133971856185, 'pfxX': -9.544104728017796, 'pfxZ': 0.49258280354807926, 'pX': -0.1847514116152906, 'pZ': 1.068689038108705, 'vX0': 8.48656968733986, 'vY0': -123.35543687896563, 'vZ0': -4.638874853056028, 'x': 124.04, 'y': 209.93, 'x0': -2.423645137003623, 'y0': 50.001229223305664, 'z0': 5.6105649272319145, 'aX': -14.761188809179508}",Swinging Strike,78.4,6.70622601485237,718759,592332,0.44340729682257063,Double Play,84.9,1.677,3.656,Splitter,0.9,13
691023,"{'breakAngle': 21.6, 'breakLength': 8.4, 'breakY': 24.0, 'breakVertical': -33.5, 'breakVerticalInduced': 4.2, 'breakHorizontal': 13.2, 'spinRate': 1635, 'spinDirection': 228}","{'aY': 23.518840760138666, 'aZ': -28.200712289151976, 'pfxX': -8.039022031157714, 'pfxZ': 2.55778515304187, 'pX': -1.182580505546514, 'pZ': 2.244346892583688, 'vX0': 6.038764605518816, 'vY0': -123.59602711357284, 'vZ0': -2.720294525554014, 'x': 162.08, 'y': 178.18, 'x0': -2.6072532501912966, 'y0': 50.003902230930166, 'z0': 5.7157344566998605, 'aX': -12.49838671254602}",Ball,78.3,6.636870828183676,718759,592332,0.4423301380604219,Double Play,84.9,1.67641670273568,3.72882460540956,Splitter,0.9,13
691023,"{'breakAngle': 3.6, 'breakLength': 7.2, 'breakY': 24.0, 'breakVertical': -35.0, 'breakVerticalInduced': 6.0, 'breakHorizontal': 2.2, 'spinRate': 1525, 'spinDirection': 218}","{'aY': 16.100854687590438, 'aZ': -27.131598380226134, 'pfxX': -1.5398122988616514, 'pfxZ': 3.498449524144341, 'pX': -1.097580694179813, 'pZ': 1.6811923667244755, 'vX0': 3.4476330325279267, 'vY0': -117.49468472728692, 'vZ0': -3.5771395032757116, 'x': 158.84, 'y': 193.39, 'x0': -2.3649800910998, 'y0': 50.00024864110739, 'z0': 5.665964861944542, 'aX': -2.2167140698653998}",Swinging Strike,76.2,6.826861975660239,718759,592332,0.461038454540323,Double Play,80.6,1.677,3.656,Slider,0.86,13
691023,"{'breakAngle': 19.2, 'breakLength': 8.4, 'breakY': 24.0, 'breakVertical': -35.0, 'breakVerticalInduced': 2.4, 'breakHorizontal': 11.8, 'spinRate': 1811, 'spinDirection': 231}","{'aY': 22.89718368170764, 'aZ': -29.57969914541738, 'pfxX': -7.328444116432786, 'pfxZ': 1.658871504274324, 'pX': -0.6676867550507773, 'pZ': 1.6280270861547836, 'vX0': 7.090242842090074, 'vY0': -123.95798535128155, 'vZ0': -3.7854229231373866, 'x': 142.45, 'y': 194.82, 'x0': -2.6019552101769556, 'y0': 50.006095426264366, 'z0': 5.62277996139253, 'aX': -11.499182825303198}","In play, out(s)",78.9,6.608315740501639,718759,592332,0.4405003627308357,Double Play,85.2,1.677,3.656,Splitter,0.9,13
668800,"{'breakAngle': 38.4, 'breakLength': 4.8, 'breakY': 24.0, 'breakVertical': -14.9, 'breakVerticalInduced': 16.6, 'breakHorizontal': 11.8, 'spinRate': 2200, 'spinDirection': 221}","{'aY': 28.355650884287293, 'aZ': -13.867575882788461, 'pfxX': -7.226971764854546, 'pfxZ': 9.800250622991783, 'pX': -0.6020222018345232, 'pZ': 2.171446770047281, 'vX0': 6.795891802595113, 'vY0': -135.49620287911003, 'vZ0': -6.790353036655831, 'x': 139.95, 'y': 180.15, 'x0': -2.198227367227236, 'y0': 50.00287001969344, 'z0': 5.670732290431361, 'aX': -13.498968482662852}","In play, no out",85.6,6.615784541564268,718759,592332,0.40355901502212843,Single,93.2,1.5,3.2,Four-Seam Fastball,0.89,4
669242,"{'breakAngle': 39.6, 'breakLength': 4.8, 'breakY': 24.0, 'breakVertical': -15.7, 'breakVerticalInduced': 14.6, 'breakHorizontal': 12.7, 'spinRate': 2206, 'spinDirection': 219}","{'aY': 28.840839982166912, 'aZ': -15.153583544438028, 'pfxX': -7.924082429694381, 'pfxZ': 8.817570018805434, 'pX': -0.2978132049178051, 'pZ': 1.959643817912423, 'vX0': 8.13737677179024, 'vY0': -137.65566608545606, 'vZ0': -7.285163453974212, 'x': 128.35, 'y': 185.87, 'x0': -2.2542267325684207, 'y0': 50.00602805514576, 'z0': 5.654811636463565, 'aX': -15.301831675654709}",Called Strike,87.1,6.863899645201926,718759,592332,0.3969969797145523,Strikeout,94.7,1.48936104527639,3.18969549230826,Four-Seam Fastball,0.89,7
669242,"{'breakAngle': 38.4, 'breakLength': 3.6, 'breakY': 24.0, 'breakVertical': -12.4, 'breakVerticalInduced': 18.0, 'breakHorizontal': 9.8, 'spinRate': 2199, 'spinDirection': 216}","{'aY': 30.188662100644834, 'aZ': -11.150534671100457, 'pfxX': -6.591775371859484, 'pfxZ': 10.870601476387618, 'pX': 0.7215747209536152, 'pZ': 1.6763247854989467, 'vX0': 10.38519044015019, 'vY0': -138.0644283561013, 'vZ0': -8.654160310636476, 'x': 89.5, 'y': 193.52, 'x0': -2.229014121301984, 'y0': 50.00502158621143, 'z0': 5.598319455457618, 'aX': -12.751882946229648}",Ball,87.1,6.939327260679406,718759,592332,0.3964186005795245,Strikeout,95.2,1.44613288145179,3.18856680504361,Four-Seam Fastball,0.9,9
669242,"{'breakAngle': 28.8, 'breakLength': 8.4, 'breakY': 24.0, 'breakVertical': -34.0, 'breakVerticalInduced': 3.1, 'breakHorizontal': 18.2, 'spinRate': 1527, 'spinDirection': 222}","{'aY': 24.28029614995166, 'aZ': -28.33683673133903, 'pfxX': -10.89086911254231, 'pfxZ': 2.4238594792785233, 'pX': -1.0588863192049616, 'pZ': 0.5570350649763368, 'vX0': 6.652645663590548, 'vY0': -124.85697504497949, 'vZ0': -6.589076743960943, 'x': 157.36, 'y': 223.74, 'x0': -2.3378925832333404, 'y0': 50.00553610990345, 'z0': 5.551218440558176, 'aX': -17.26060180144893}",Ball In Dirt,79.4,6.799492226348233,718759,592332,0.438068528687956,Strikeout,85.9,1.48936104527639,3.09216281526452,Splitter,0.91,13
669242,"{'breakAngle': 40.8, 'breakLength': 4.8, 'breakY': 24.0, 'breakVertical': -15.2, 'breakVerticalInduced': 16.3, 'breakHorizontal': 12.8, 'spinRate': 2226, 'spinDirection': 217}","{'aY': 28.847456861348974, 'aZ': -14.008374068660958, 'pfxX': -8.35519170110436, 'pfxZ': 9.737459794527497, 'pX': 0.8699897368264391, 'pZ': 1.9887236731595777, 'vX0': 10.896379841113093, 'vY0': -135.51968761640654, 'vZ0': -7.176742117475397, 'x': 83.84, 'y': 185.08, 'x0': -2.112090993403533, 'y0': 50.00093989493414, 'z0': 5.6444009158106585, 'aX': -15.583694766534817}",Foul,85.5,6.8716123615923586,718759,592332,0.403746909455331,Strikeout,93.4,1.49,3.19,Four-Seam Fastball,0.89,14
669242,"{'breakAngle': 22.8, 'breakLength': 8.4, 'breakY': 24.0, 'breakVertical': -36.4, 'breakVerticalInduced': 0.1, 'breakHorizontal': 15.6, 'spinRate': 1776, 'spinDirection': 237}","{'aY': 26.909307200489597, 'aZ': -31.644180793189747, 'pfxX': -9.4491226804072, 'pfxZ': 0.3303980675721485, 'pX': -1.2272380954468038, 'pZ': 1.9222247788112161, 'vX0': 6.204921345922158, 'vY0': -126.23874498929759, 'vZ0': -2.842371855517798, 'x': 163.78, 'y': 186.88, 'x0': -2.4956554161478763, 'y0': 50.00390448480131, 'z0': 5.623317066255812, 'aX': -15.174905478716251}",Foul,79.4,6.851565143904595,718759,592332,0.43472458973090733,Strikeout,86.8,1.49,3.19,Splitter,0.91,13
669242,"{'breakAngle': 43.2, 'breakLength': 3.6, 'breakY': 24.0, 'breakVertical': -10.8, 'breakVerticalInduced': 18.8, 'breakHorizontal': 10.0, 'spinRate': 2309, 'spinDirection': 217}","{'aY': 31.8471801082204, 'aZ': -10.180406648803128, 'pfxX': -6.326438315717761, 'pfxZ': 11.112138078481145, 'pX': -0.5626735678985525, 'pZ': 2.439357455695005, 'vX0': 7.275401052036945, 'vY0': -139.87752245740054, 'vZ0': -6.904630201195008, 'x': 138.45, 'y': 172.92, 'x0': -2.3766831613411723, 'y0': 50.006445625601756, 'z0': 5.609050932323124, 'aX': -12.526481785955005}",Swinging Strike,87.8,6.762942237672652,718759,592332,0.3917159791344478,Strikeout,96.3,1.49,3.19,Four-Seam Fastball,0.91,4
624415,"{'breakAngle': 0.0, 'breakLength': 4.8, 'breakY': 24.0, 'breakVertical': -23.3, 'breakVerticalInduced': 7.2, 'breakHorizontal': -0.2, 'spinRate': 2208, 'spinDirection': 186}","{'aY': 27.81513900723485, 'aZ': -23.992244086806885, 'pfxX': -0.49724563431535973, 'pfxZ': 4.250353130214396, 'pX': 0.5832724668662932, 'pZ': 2.970447319683952, 'vX0': 6.039909509737965, 'vY0': -137.26451895566228, 'vZ0': -3.4616966515648255, 'x': 94.77, 'y': 158.58, 'x0': -1.572658735314228, 'y0': 50.00414661248959, 'z0': 5.86457172553841, 'aX': -0.958164791997541}",Called Strike,87.1,6.429605113857023,718759,669467,0.39766823785783467,Lineout,94.3,1.57938808654629,3.34972662916629,Four-Seam Fastball,0.89,3
624415,"{'breakAngle': 4.8, 'breakLength': 15.6, 'breakY': 24.0, 'breakVertical': -66.5, 'breakVerticalInduced': -18.7, 'breakHorizontal': -5.8, 'spinRate': 2874, 'spinDirection': 21}","{'aY': 22.638612719415466, 'aZ': -45.181398643175946, 'pfxX': 2.915406908031223, 'pfxZ': -10.632203841619877, 'pX': -0.7348625678779154, 'pZ': 1.259903389723913, 'vX0': 1.594196284890009, 'vY0': -110.76774468549272, 'vZ0': 0.1950863400205367, 'x': 145.01, 'y': 204.76, 'x0': -1.846405520745867, 'y0': 50.002877769542124, 'z0': 5.955677610021791, 'aX': 3.566487662232075}",Ball,69.9,6.542867907482017,718759,669467,0.4974346473287694,Lineout,76.1,1.57938808654629,3.25223329822239,Curveball,0.91,13
624415,"{'breakAngle': 4.8, 'breakLength': 4.8, 'breakY': 24.0, 'breakVertical': -22.6, 'breakVerticalInduced': 8.4, 'breakHorizontal': 1.7, 'spinRate': 2249, 'spinDirection': 181}","{'aY': 27.92727420562641, 'aZ': -22.672395757715744, 'pfxX': -1.630707616340458, 'pfxZ': 5.018136236243118, 'pX': 0.5648538431572443, 'pZ': 2.705398360836526, 'vX0': 6.712614884581373, 'vY0': -136.2397195798968, 'vZ0': -4.188786506909357, 'x': 95.47, 'y': 165.73, 'x0': -1.7113583461733506, 'y0': 50.001008314475946, 'z0': 5.815791422672456, 'aX': -3.0869885795073935}",Called Strike,86.3,6.456689673650659,718759,669467,0.40093959053438866,Lineout,93.6,1.57938808654629,3.27660890595385,Four-Seam Fastball,0.9,6
624415,"{'breakAngle': 8.4, 'breakLength': 9.6, 'breakY': 24.0, 'breakVertical': -41.2, 'breakVerticalInduced': -4.7, 'breakHorizontal': -5.9, 'spinRate': 2522, 'spinDirection': 72}","{'aY': 20.702184597935254, 'aZ': -36.38593781541969, 'pfxX': 2.6677944294879063, 'pfxZ': -2.6109043403977914, 'pX': 0.971249884975518, 'pZ': 2.709189575874291, 'vX0': 5.771652930336877, 'vY0': -125.06432960335724, 'vZ0': -0.6410375050548073, 'x': 79.98, 'y': 165.63, 'x0': -1.6957172758121244, 'y0': 50.002149741274074, 'z0': 5.904514415843641, 'aX': 4.305122255379007}","In play, out(s)",80.4,6.567845195241079,718759,669467,0.4348073624206883,Lineout,85.8,1.58,3.35,Slider,0.91,12
595281,"{'breakAngle': 7.2, 'breakLength': 8.4, 'breakY': 24.0, 'breakVertical': -36.6, 'breakVerticalInduced': -0.8, 'breakHorizontal': -5.0, 'spinRate': 2505, 'spinDirection': 83}","{'aY': 23.304838592010917, 'aZ': -32.78952274835806, 'pfxX': 2.1655986719432336, 'pfxZ': -0.3768400078417926, 'pX': 0.49228680653634155, 'pZ': 2.589098320581148, 'vX0': 5.3306694932126515, 'vY0': -126.5778013656538, 'vZ0': -1.57955695234137, 'x': 98.24, 'y': 168.87, 'x0': -1.913502615631084, 'y0': 50.001370336169394, 'z0': 5.821182726795206, 'aX': 3.550070205961278}","In play, no out",80.7,6.65306548701964,718759,669467,0.43099861216186985,Single,86.9,1.66,3.46,Slider,0.91,6
543807,"{'breakAngle': 25.2, 'breakLength': 4.8, 'breakY': 24.0, 'breakVertical': -17.4, 'breakVerticalInduced': 12.6, 'breakHorizontal': 8.3, 'spinRate': 2291, 'spinDirection': 190}","{'aY': 27.32669036668378, 'aZ': -17.7480117440581, 'pfxX': -5.2414217882194025, 'pfxZ': 7.3575060093835045, 'pX': 0.007766452376085142, 'pZ': 2.7574467957592277, 'vX0': 6.728560973602055, 'vY0': -138.28490315855362, 'vZ0': -4.82299545259909, 'x': 116.7, 'y': 164.33, 'x0': -1.7622048726885935, 'y0': 50.00056745079996, 'z0': 5.693980714428591, 'aX': -10.273839843962703}",Swinging Strike,87.9,6.524951941583117,718759,669467,0.3942624489770581,Forceout,95.0,1.61,3.5,Four-Seam Fastball,2.0,5
543807,"{'breakAngle': 10.8, 'breakLength': 8.4, 'breakY': 24.0, 'breakVertical': -35.4, 'breakVerticalInduced': 1.6, 'breakHorizontal': -6.8, 'spinRate': 2539, 'spinDirection': 84}","{'aY': 27.476689893287215, 'aZ': -30.756459198544025, 'pfxX': 2.9060720768648496, 'pfxZ': 0.8980581470761617, 'pX': 1.2785974903903297, 'pZ': 2.7017948246407393, 'vX0': 6.404155751154182, 'vY0': -125.62420529796397, 'vZ0': -1.4038694277842054, 'x': 68.26, 'y': 165.83, 'x0': -1.6901503957279402, 'y0': 50.00577291355006, 'z0': 5.787977427927054, 'aX': 4.60506337161397}",Ball,78.8,6.720743110728799,718759,669467,0.43744494945923407,Forceout,86.4,1.60939669477115,3.40229826188433,Slider,0.92,12
543807,"{'breakAngle': 13.2, 'breakLength': 9.6, 'breakY': 24.0, 'breakVertical': -42.1, 'breakVerticalInduced': -5.9, 'breakHorizontal': -10.4, 'spinRate': 2440, 'spinDirection': 74}","{'aY': 25.339683689598495, 'aZ': -36.77991781509638, 'pfxX': 5.245527125799039, 'pfxZ': -2.8441395139833685, 'pX': 0.5442851001972504, 'pZ': 0.9460796406674604, 'vX0': 4.337319083721244, 'vY0': -126.41057332432123, 'vZ0': -4.519584873413212, 'x': 96.25, 'y': 213.24, 'x0': -1.8739555899189555, 'y0': 50.00031318482756, 'z0': 5.703984328322448, 'aX': 8.50272639990684}",Ball,80.5,6.699539618439062,718759,669467,0.43300094748797546,Forceout,86.8,1.60939669477115,3.35356124157055,Slider,0.9,14
543807,"{'breakAngle': 7.2, 'breakLength': 3.6, 'breakY': 24.0, 'breakVertical': -17.5, 'breakVerticalInduced': 11.9, 'breakHorizontal': 2.3, 'spinRate': 2326, 'spinDirection': 172}","{'aY': 26.60866472912226, 'aZ': -17.999054695018877, 'pfxX': -1.9224613224176212, 'pfxZ': 7.0996567303870055, 'pX': 0.5154696749682309, 'pZ': 2.146523539573419, 'vX0': 7.1039258963403125, 'vY0': -139.29956304241549, 'vZ0': -6.4955571215870656, 'x': 97.35, 'y': 180.82, 'x0': -1.8004345533404853, 'y0': 50.00477678333116, 'z0': 5.66762016546618, 'aX': -3.840402860709384}",Swinging Strike,89.0,6.685575054602293,718759,669467,0.3908267133752896,Forceout,95.7,1.61,3.5,Four-Seam Fastball,0.92,9
543807,"{'breakAngle': 21.6, 'breakLength': 3.6, 'breakY': 24.0, 'breakVertical': -15.7, 'breakVerticalInduced': 14.5, 'breakHorizontal': 6.1, 'spinRate': 2311, 'spinDirection': 173}","{'aY': 29.33518186366773, 'aZ': -15.863751774940955, 'pfxX': -4.026619426452573, 'pfxZ': 8.422329101244328, 'pX': -0.0166762961686962, 'pZ': 3.0019760219747424, 'vX0': 6.24153656124823, 'vY0': -137.95352496369648, 'vZ0': -4.492620374994629, 'x': 117.64, 'y': 157.73, 'x0': -1.7804366907662659, 'y0': 50.002873858900315, 'z0': 5.7135852249307355, 'aX': -7.798301321748961}","In play, out(s)",87.0,6.611050506501297,718759,669467,0.39632647412724875,Forceout,94.8,1.61,3.5,Four-Seam Fastball,2.0,2
666182,"{'breakAngle': 25.2, 'breakLength': 3.6, 'breakY': 24.0, 'breakVertical': -16.2, 'breakVerticalInduced': 13.1, 'breakHorizontal': 7.6, 'spinRate': 2275, 'spinDirection': 184}","{'aY': 28.624127726518605, 'aZ': -16.34391055197068, 'pfxX': -4.727169521012394, 'pfxZ': 7.891430440878182, 'pX': -0.15937840923017055, 'pZ': 1.9702311752340524, 'vX0': 5.869348206916826, 'vY0': -140.0373643116773, 'vZ0': -7.5070102447240386, 'x': 123.08, 'y': 185.58, 'x0': -1.6583790603574067, 'y0': 50.00398704981671, 'z0': 5.734636929426391, 'aX': -9.484646605128113}",Called Strike,88.9,6.62864495006194,718759,669467,0.389621337061147,Groundout,96.3,1.6394058216759,3.58411998060648,Four-Seam Fastball,2.0,8
666182,"{'breakAngle': 7.2, 'breakLength': 14.4, 'breakY': 24.0, 'breakVertical': -62.8, 'breakVerticalInduced': -17.0, 'breakHorizontal': -7.8, 'spinRate': 2954, 'spinDirection': 12}","{'aY': 22.143823729140685, 'aZ': -43.97980992886586, 'pfxX': 3.8966183484988663, 'pfxZ': -9.216088723504416, 'pX': 0.10764334106078449, 'pZ': 0.13187411583744366, 'vX0': 2.9436815038494313, 'vY0': -112.918140363209, 'vZ0': -2.5392629213115434, 'x': 112.9, 'y': 235.22, 'x0': -1.7230135738673618, 'y0': 50.00344801873761, 'z0': 5.730258108943962, 'aX': 4.990489048698904}",Ball In Dirt,71.9,6.587832708334818,718759,669467,0.48660064597507535,Groundout,77.6,1.6394058216759,3.41359444118891,Curveball,0.9,14
666182,"{'breakAngle': 4.8, 'breakLength': 8.4, 'breakY': 24.0, 'breakVertical': -39.4, 'breakVerticalInduced': -2.9, 'breakHorizontal': -3.2, 'spinRate': 2488, 'spinDirection': 58}","{'aY': 21.337094581266072, 'aZ': -34.545018471302335, 'pfxX': 1.0598741939503693, 'pfxZ': -1.4652174561331988, 'pX': 1.1016911880519464, 'pZ': 1.932781723234615, 'vX0': 6.8080073893947395, 'vY0': -125.36431964269487, 'vZ0': -2.4275745663811046, 'x': 75.01, 'y': 186.59, 'x0': -1.7681753314867101, 'y0': 50.00369950703024, 'z0': 5.687814887263127, 'aX': 1.7137022128490556}",Foul,80.6,6.535017983388786,718759,669467,0.4341292810679027,Groundout,86.1,1.6394058216759,3.5597639065907,Slider,0.91,14
666182,"{'breakAngle': 15.6, 'breakLength': 3.6, 'breakY': 24.0, 'breakVertical': -16.3, 'breakVerticalInduced': 13.3, 'breakHorizontal': 4.4, 'spinRate': 2402, 'spinDirection': 177}","{'aY': 29.981326917616798, 'aZ': -16.7048290282934, 'pfxX': -3.0859453085857584, 'pfxZ': 7.815920426340368, 'pX': -0.17298887063626522, 'pZ': 2.7192277171843555, 'vX0': 5.6324264304579446, 'vY0': -139.4849650018182, 'vZ0': -5.230884178285396, 'x': 123.59, 'y': 165.36, 'x0': -1.8132147373289296, 'y0': 50.00527744442009, 'z0': 5.712268217030958, 'aX': -6.110295692295191}","In play, out(s)",88.1,6.613505932140316,718759,669467,0.39195699093102876,Groundout,95.8,1.64,3.56,Four-Seam Fastball,0.92,5
680977,"{'breakAngle': 12.0, 'breakLength': 8.4, 'breakY': 24.0, 'breakVertical': -36.2, 'breakVerticalInduced': 15.0, 'breakHorizontal': -7.8, 'spinRate': 2412, 'spinDirection': 102}","{'aY': 19.078338508285523, 'aZ': -23.98004609284943, 'pfxX': 3.6206381889131087, 'pfxZ': 7.16822947174181, 'pX': -1.9265536560953946, 'pZ': 2.2325029424486935, 'vX0': 4.382328514164249, 'vY0': -106.50288762334092, 'vZ0': 5.786019059552313, 'x': 190.44, 'y': 178.5, 'x0': -4.484968887516316, 'y0': 50.00398611920719, 'z0': 2.1976756930458294, 'aX': 4.1399956581129445}",Ball,66.7,6.605318469703928,718759,643256,0.5151990737406553,Flyout,73.3,1.61939992884074,3.32972296331148,Slider,0.9,13
680977,"{'breakAngle': 22.8, 'breakLength': 8.4, 'breakY': 24.0, 'breakVertical': -34.9, 'breakVerticalInduced': 5.5, 'breakHorizontal': 14.9, 'spinRate': 2184, 'spinDirection': 282}","{'aY': 19.530987904536218, 'aZ': -29.505598208442635, 'pfxX': -9.434852681332318, 'pfxZ': 1.8339927869957773, 'pX': -0.3984517214859933, 'pZ': 3.2935449766876217, 'vX0': 11.456793301545572, 'vY0': -119.00749558673148, 'vZ0': 8.431285683152037, 'x': 132.19, 'y': 149.85, 'x0': -4.014983326093368, 'y0': 50.0040421463124, 'z0': 2.366233872351509, 'aX': -13.744788724632322}",Ball,75.7,6.6684929185596165,718759,643256,0.4575612318400175,Flyout,82.3,1.71504717471151,3.40792817460626,Four-Seam Fastball,0.81,1
680977,"{'breakAngle': 18.0, 'breakLength': 8.4, 'breakY': 24.0, 'breakVertical': -34.6, 'breakVerticalInduced': 6.8, 'breakHorizontal': 11.3, 'spinRate': 2155, 'spinDirection': 280}","{'aY': 22.46467806268982, 'aZ': -28.50355603188897, 'pfxX': -7.824140477360069, 'pfxZ': 2.590025321046353, 'pX': 0.11922113168539168, 'pZ': 2.529564924043599, 'vX0': 11.936239994758429, 'vY0': -118.29242165393458, 'vZ0': 6.749354020402957, 'x': 112.46, 'y': 170.48, 'x0': -3.9744569474740077, 'y0': 50.00323552976738, 'z0': 2.2519666386278696, 'aX': -11.094485660850403}","In play, out(s)",74.4,6.680443025973116,718759,643256,0.46293963646935943,Flyout,81.8,1.62,3.33,Four-Seam Fastball,0.72,5
676475,"{'breakAngle': 10.8, 'breakLength': 7.2, 'breakY': 24.0, 'breakVertical': -33.7, 'breakVerticalInduced': 16.7, 'breakHorizontal': -6.2, 'spinRate': 2447, 'spinDirection': 97}","{'aY': 19.839908729819257, 'aZ': -23.079651348654792, 'pfxX': 2.4028159168284464, 'pfxZ': 7.829275317142878, 'pX': -0.7744358544568071, 'pZ': 3.047151398701332, 'vX0': 6.519465484315779, 'vY0': -107.48060049683461, 'vZ0': 7.148701788665288, 'x': 146.52, 'y': 156.51, 'x0': -4.167757083194083, 'y0': 50.003572303646926, 'z0': 2.2460540452931697, 'aX': 2.7903500793353064}",Swinging Strike,67.2,6.609064404162321,718759,643256,0.5109832161088042,Flyout,74.1,1.58,3.41,Slider,0.9,1
676475,"{'breakAngle': 19.2, 'breakLength': 8.4, 'breakY': 24.0, 'breakVertical': -32.9, 'breakVerticalInduced': 5.9, 'breakHorizontal': 11.3, 'spinRate': 2200, 'spinDirection': 281}","{'aY': 22.032349425173386, 'aZ': -29.038269367535392, 'pfxX': -7.504491809658281, 'pfxZ': 2.0737236431550645, 'pX': -0.4935794141305793, 'pZ': 3.161907571545363, 'vX0': 10.871622302881908, 'vY0': -121.7857272239756, 'vZ0': 7.939447347660949, 'x': 135.81, 'y': 153.41, 'x0': -4.02342167874814, 'y0': 50.004892476094945, 'z0': 2.36506470457789, 'aX': -11.368852068184509}",Swinging Strike,77.0,6.60397530121358,718759,643256,0.44830132617596075,Flyout,84.1,1.58,3.41,Four-Seam Fastball,0.89,1
676475,"{'breakAngle': 19.2, 'breakLength': 7.2, 'breakY': 24.0, 'breakVertical': -31.9, 'breakVerticalInduced': 6.8, 'breakHorizontal': 11.2, 'spinRate': 2303, 'spinDirection': 282}","{'aY': 21.349348655351232, 'aZ': -28.291601125736047, 'pfxX': -7.085761568132188, 'pfxZ': 2.5521988044038793, 'pX': -1.7930133051303536, 'pZ': 3.5600995923355523, 'vX0': 8.269093751691386, 'vY0': -121.85491985715974, 'vZ0': 8.667084134779214, 'x': 185.35, 'y': 142.66, 'x0': -4.29163231542447, 'y0': 50.00235903847371, 'z0': 2.3953824799826586, 'aX': -10.779789609670022}",Ball,77.1,6.720103217607343,718759,643256,0.4475201164120355,Flyout,84.0,1.57938808654629,3.26351077506361,Four-Seam Fastball,0.88,11
676475,"{'breakAngle': 19.2, 'breakLength': 8.4, 'breakY': 24.0, 'breakVertical': -34.0, 'breakVerticalInduced': 4.3, 'breakHorizontal': 12.0, 'spinRate': 2202, 'spinDirection': 279}","{'aY': 21.792550937695694, 'aZ': -30.318909810531874, 'pfxX': -7.8470605679018615, 'pfxZ': 1.208904315143105, 'pX': -0.5458103962449529, 'pZ': 3.1542500809843412, 'vX0': 10.83572157685562, 'vY0': -122.43448460065294, 'vZ0': 8.271580199461853, 'x': 137.81, 'y': 153.62, 'x0': -3.988052603755256, 'y0': 50.002125044333404, 'z0': 2.3191008975112766, 'aX': -12.039165548610493}",Foul,77.5,6.5207775064413145,718759,643256,0.445586503848419,Flyout,84.6,1.58,3.41,Four-Seam Fastball,0.9,1
676475,"{'breakAngle': 18.0, 'breakLength': 7.2, 'breakY': 24.0, 'breakVertical': -33.0, 'breakVerticalInduced': 5.0, 'breakHorizontal': 10.7, 'spinRate': 2124, 'spinDirection': 279}","{'aY': 20.16765799584932, 'aZ': -29.7602123967743, 'pfxX': -6.973180516887977, 'pfxZ': 1.5601858425158124, 'pX': -0.5732482577249836, 'pZ': 3.518861625895686, 'vX0': 10.628174604992475, 'vY0': -122.67564620101898, 'vZ0': 9.055718152324316, 'x': 138.85, 'y': 143.77, 'x0': -4.020695461459306, 'y0': 50.00603687851656, 'z0': 2.3064374261739515, 'aX': -10.823107196233394}",Foul,78.2,6.5152639030944455,718759,643256,0.44344654175676546,Flyout,84.7,1.58,3.41,Four-Seam Fastball,0.89,1
676475,"{'breakAngle': 15.6, 'breakLength': 8.4, 'breakY': 24.0, 'breakVertical': -38.4, 'breakVerticalInduced': 10.3, 'breakHorizontal': -10.8, 'spinRate': 2577, 'spinDirection': 104}","{'aY': 17.905817999106716, 'aZ': -26.746009135355393, 'pfxX': 4.964266659860648, 'pfxZ': 4.493460840111727, 'pX': -0.267813555465072, 'pZ': 2.6123358824318745, 'vX0': 7.315799060203287, 'vY0': -108.84110644053776, 'vZ0': 6.971934715158645, 'x': 127.21, 'y': 168.25, 'x0': -4.308680828231984, 'y0': 50.00151071456064, 'z0': 2.2568761532986334, 'aX': 5.99528399224999}",Foul,69.0,6.584323062428808,718759,643256,0.5019485152091709,Flyout,75.0,1.58,3.41,Slider,0.9,5
676475,"{'breakAngle': 24.0, 'breakLength': 7.2, 'breakY': 24.0, 'breakVertical': -30.6, 'breakVerticalInduced': 6.0, 'breakHorizontal': 13.4, 'spinRate': 2192, 'spinDirection': 275}","{'aY': 19.14302063222004, 'aZ': -28.22395842697262, 'pfxX': -8.320503512540423, 'pfxZ': 2.44884213361971, 'pX': -1.2771862506306177, 'pZ': 2.8469402474609495, 'vX0': 9.70764760267755, 'vY0': -124.66277007243666, 'vZ0': 6.918119881133023, 'x': 165.68, 'y': 161.91, 'x0': -4.095608327026365, 'y0': 50.00293700971233, 'z0': 2.34686044112394, 'aX': -13.426391973698639}",Foul,79.9,6.489029818286609,718759,643256,0.4352124108206339,Flyout,85.9,1.58,3.41,Four-Seam Fastball,0.9,11
676475,"{'breakAngle': 20.4, 'breakLength': 10.8, 'breakY': 24.0, 'breakVertical': -43.6, 'breakVerticalInduced': -6.7, 'breakHorizontal': 16.2, 'spinRate': 2215, 'spinDirection': 278}","{'aY': 23.735015918826605, 'aZ': -39.69612403591119, 'pfxX': -10.158480864413999, 'pfxZ': -4.727322858976533, 'pX': -1.340923076652803, 'pZ': 1.8464928125315196, 'vX0': 10.075798940698277, 'vY0': -124.96559001600887, 'vZ0': 7.080856716065101, 'x': 168.11, 'y': 188.92, 'x0': -4.093567937611947, 'y0': 50.00275566789052, 'z0': 2.227945165852723, 'aX': -16.166163633691603}",Foul,78.9,6.686106728474182,718759,643256,0.4372792576423308,Flyout,86.2,1.58,3.41,Sinker,0.92,13
676475,"{'breakAngle': 16.8, 'breakLength': 8.4, 'breakY': 24.0, 'breakVertical': -34.6, 'breakVerticalInduced': 14.9, 'breakHorizontal': -10.6, 'spinRate': 2575, 'spinDirection': 106}","{'aY': 20.38278609992592, 'aZ': -23.988045505606713, 'pfxX': 4.712823686267502, 'pfxZ': 6.912702914488541, 'pX': -0.1751350561806107, 'pZ': 2.725357897457045, 'vX0': 7.344634708086197, 'vY0': -108.53834967209468, 'vZ0': 6.694566297214144, 'x': 123.68, 'y': 165.2, 'x0': -4.225218499188793, 'y0': 50.000550155019816, 'z0': 2.22018722610544, 'aX': 5.576468726730042}","In play, out(s)",67.9,6.485659236196107,718759,643256,0.5061626958917453,Flyout,74.9,1.58,3.41,Slider,0.9,5
502671,"{'breakAngle': 14.4, 'breakLength': 12.0, 'breakY': 24.0, 'breakVertical': -51.1, 'breakVerticalInduced': -12.5, 'breakHorizontal': 13.7, 'spinRate': 2127, 'spinDirection': 282}","{'aY': 28.37177862037636, 'aZ': -45.17517251923513, 'pfxX': -9.419764768950362, 'pfxZ': -8.606445447530593, 'pX': -0.10319914110274837, 'pZ': 2.3462091741092395, 'vX0': 12.160872198460138, 'vY0': -123.16944124894142, 'vZ0': 9.133229078006943, 'x': 120.93, 'y': 175.43, 'x0': -3.920294574899497, 'y0': 50.00392527877213, 'z0': 2.4381510372554667, 'aX': -14.226491833296695}","In play, out(s)",76.4,6.544976653047017,718759,643256,0.4476374117852946,Lineout,85.4,1.61,3.42,Sinker,0.89,5
665489,"{'breakAngle': 37.2, 'breakLength': 6.0, 'breakY': 24.0, 'breakVertical': -20.4, 'breakVerticalInduced': 7.6, 'breakHorizontal': 15.5, 'spinRate': 1998, 'spinDirection': 218}","{'aY': 30.461167065740405, 'aZ': -22.97154801395698, 'pfxX': -9.574548831816717, 'pfxZ': 4.369620933562237, 'pX': 0.3799952500453651, 'pZ': 3.484943550671898, 'vX0': 10.276673382700878, 'vY0': -143.54451001759787, 'vZ0': -2.9161269029555976, 'x': 102.52, 'y': 144.69, 'x0': -1.987351397744205, 'y0': 50.00210838632367, 'z0': 5.929972458628168, 'aX': -20.158414518065467}",Ball,90.9,6.593676306305253,718759,663855,0.3802942264926856,Walk,98.8,1.71504717471151,3.70021456330198,Sinker,0.91,3
665489,"{'breakAngle': 37.2, 'breakLength': 6.0, 'breakY': 24.0, 'breakVertical': -20.2, 'breakVerticalInduced': 7.7, 'breakHorizontal': 15.1, 'spinRate': 1873, 'spinDirection': 221}","{'aY': 30.85845025319613, 'aZ': -22.448489677341808, 'pfxX': -9.22206157843124, 'pfxZ': 4.592069353150279, 'pX': -0.15120637190313602, 'pZ': 2.8451953317030814, 'vX0': 8.649221781055784, 'vY0': -144.01754496665293, 'vZ0': -4.607328029869561, 'x': 122.76, 'y': 161.96, 'x0': -1.9831672881961253, 'y0': 50.00235444978804, 'z0': 5.839107867218452, 'aX': -19.531787220208084}",Called Strike,91.2,6.759410979208305,718759,663855,0.37912175548333016,Walk,99.0,1.66941470658227,3.56106172808455,Sinker,0.92,5
665489,"{'breakAngle': 4.8, 'breakLength': 9.6, 'breakY': 24.0, 'breakVertical': -41.3, 'breakVerticalInduced': -2.9, 'breakHorizontal': -3.7, 'spinRate': 2512, 'spinDirection': 68}","{'aY': 26.258265562456483, 'aZ': -33.8618144718871, 'pfxX': 1.426846090473416, 'pfxZ': -1.1025724052060206, 'pX': -0.4077519471594307, 'pZ': 0.9441779014090602, 'vX0': 4.298168343172177, 'vY0': -123.14458144490959, 'vZ0': -4.58310196766009, 'x': 132.54, 'y': 213.29, 'x0': -2.3668850605740643, 'y0': 50.00556514447664, 'z0': 5.719145547452836, 'aX': 2.17460860208525}",Ball,77.7,6.40749133026921,718759,663855,0.4461247374457131,Walk,84.6,1.66941470658227,3.4636220032267,Slider,2.0,13
665489,"{'breakAngle': 42.0, 'breakLength': 7.2, 'breakY': 24.0, 'breakVertical': -22.3, 'breakVerticalInduced': 5.3, 'breakHorizontal': 20.3, 'spinRate': 1883, 'spinDirection': 220}","{'aY': 32.09695380637231, 'aZ': -25.092558547010388, 'pfxX': -12.249215318518567, 'pfxZ': 3.318726012112876, 'pX': 0.18023184684772253, 'pZ': 2.6985689552678744, 'vX0': 10.505810815793474, 'vY0': -144.74227702041296, 'vZ0': -4.735396427693336, 'x': 110.13, 'y': 165.92, 'x0': -1.895444111327281, 'y0': 50.002639577686026, 'z0': 5.881903589731119, 'aX': -26.1294154923338}",Called Strike,91.5,6.694727436839005,718759,663855,0.3776494569662452,Walk,99.6,1.66941470658227,3.51234500732154,Sinker,0.89,5
665489,"{'breakAngle': 7.2, 'breakLength': 9.6, 'breakY': 24.0, 'breakVertical': -40.8, 'breakVerticalInduced': -3.6, 'breakHorizontal': -5.0, 'spinRate': 2514, 'spinDirection': 65}","{'aY': 23.913120114492187, 'aZ': -35.571490017648664, 'pfxX': 2.5300639044544546, 'pfxZ': -2.1481429847697022, 'pX': -1.3649608138460656, 'pZ': 3.2648103253505694, 'vX0': 1.9365856389412732, 'vY0': -124.53028217032572, 'vZ0': 0.49474802533916584, 'x': 169.03, 'y': 150.63, 'x0': -2.480245203841077, 'y0': 50.0058041971835, 'z0': 5.995062682586363, 'aX': 3.992942492762548}",Foul,78.9,6.288829652710446,718759,663855,0.43905445388591247,Walk,85.5,1.67,3.61,Slider,0.9,11
665489,"{'breakAngle': 3.6, 'breakLength': 8.4, 'breakY': 24.0, 'breakVertical': -38.5, 'breakVerticalInduced': -2.5, 'breakHorizontal': -2.6, 'spinRate': 2463, 'spinDirection': 56}","{'aY': 23.06757691887983, 'aZ': -33.563907892593356, 'pfxX': 0.2901695829076658, 'pfxZ': -0.8463171822005284, 'pX': 2.1629847369438435, 'pZ': 0.7376865160382975, 'vX0': 10.332760456131613, 'vY0': -126.44857147128647, 'vZ0': -5.6771891046882805, 'x': 34.55, 'y': 218.86, 'x0': -1.9949940296928967, 'y0': 50.00505755102185, 'z0': 5.669497456551817, 'aX': 0.4739835441286288}",Ball,81.3,6.624897069232791,718759,663855,0.4313110278399752,Walk,87.1,1.66941470658227,3.53670415604169,Slider,2.0,14
665489,"{'breakAngle': 38.4, 'breakLength': 6.0, 'breakY': 24.0, 'breakVertical': -20.4, 'breakVerticalInduced': 6.5, 'breakHorizontal': 16.0, 'spinRate': 1915, 'spinDirection': 225}","{'aY': 33.218649930038, 'aZ': -23.834896293408605, 'pfxX': -9.439020994829692, 'pfxZ': 3.8255614481804336, 'pX': -1.290004284844606, 'pZ': 3.4091687579932266, 'vX0': 6.010049269539171, 'vY0': -146.42809094229207, 'vZ0': -3.1860923479296206, 'x': 166.17, 'y': 146.73, 'x0': -2.138192731537302, 'y0': 50.006155103742834, 'z0': 5.9307256057528335, 'aX': -20.586792128543433}",Ball,92.3,6.639202739595968,718759,663855,0.37347032726161977,Walk,100.6,1.66941470658227,3.53670415604169,Sinker,0.9,11
662139,"{'breakAngle': 33.6, 'breakLength': 4.8, 'breakY': 24.0, 'breakVertical': -20.4, 'breakVerticalInduced': 6.6, 'breakHorizontal': 13.1, 'spinRate': 1922, 'spinDirection': 220}","{'aY': 29.686873446036532, 'aZ': -22.95489627301328, 'pfxX': -8.226105325278581, 'pfxZ': 4.229021540220772, 'pX': 0.7862061668943263, 'pZ': 2.1065359850562873, 'vX0': 10.775273858116261, 'vY0': -145.6523716718122, 'vZ0': -6.729071982910121, 'x': 87.03, 'y': 181.9, 'x0': -1.868103256914444, 'y0': 50.00066001625625, 'z0': 5.805105175780793, 'aX': -17.92263109331244}",Ball,92.9,6.821544309834765,718759,663855,0.37404858289131715,Walk,100.3,1.49503649228103,3.23732436591726,Sinker,0.91,9
662139,"{'breakAngle': 38.4, 'breakLength': 4.8, 'breakY': 24.0, 'breakVertical': -18.0, 'breakVerticalInduced': 9.1, 'breakHorizontal': 13.8, 'spinRate': 1915, 'spinDirection': 219}","{'aY': 30.826896654923566, 'aZ': -19.55151856877337, 'pfxX': -8.55112252041665, 'pfxZ': 5.804926570646247, 'pX': 0.33916243192560946, 'pZ': 1.4993871573344781, 'vX0': 9.833747941615101, 'vY0': -145.77543109399522, 'vZ0': -8.745609007853727, 'x': 104.07, 'y': 198.3, 'x0': -1.9498335846662846, 'y0': 50.00459559470337, 'z0': 5.694797807785007, 'aX': -18.602969326614502}",Ball,92.8,6.805699926481839,718759,663855,0.3742066970064357,Walk,100.4,1.54393568614598,3.23732436591726,Sinker,0.91,14
662139,"{'breakAngle': 34.8, 'breakLength': 6.0, 'breakY': 24.0, 'breakVertical': -21.7, 'breakVerticalInduced': 4.9, 'breakHorizontal': 15.4, 'spinRate': 1963, 'spinDirection': 212}","{'aY': 33.57427861580321, 'aZ': -26.030639844198326, 'pfxX': -8.94303661301002, 'pfxZ': 2.793492219136791, 'pX': -1.7056085705705064, 'pZ': 3.9202038910031076, 'vX0': 4.605325748898755, 'vY0': -147.14357666165688, 'vZ0': -1.565259459450101, 'x': 182.01, 'y': 132.93, 'x0': -2.1254670117887517, 'y0': 50.00714084019702, 'z0': 5.995289687936842, 'aX': -19.695494910105737}",Ball,92.7,6.489139981694039,718759,663855,0.3716542426180518,Walk,101.0,1.39933323661857,3.13844452346066,Sinker,0.9,11
662139,"{'breakAngle': 34.8, 'breakLength': 4.8, 'breakY': 24.0, 'breakVertical': -19.6, 'breakVerticalInduced': 7.4, 'breakHorizontal': 13.2, 'spinRate': 1878, 'spinDirection': 214}","{'aY': 33.02705239866582, 'aZ': -22.786366350420636, 'pfxX': -8.160085391564415, 'pfxZ': 4.312244785817647, 'pX': -0.1558152911054136, 'pZ': 3.7042664116327444, 'vX0': 8.233317899538825, 'vY0': -146.2957125179504, 'vZ0': -2.790069617682481, 'x': 122.94, 'y': 138.76, 'x0': -1.9401681259195624, 'y0': 50.00323467346547, 'z0': 6.029023050538337, 'aX': -17.76961423599895}",Ball,92.3,6.633966850607467,718759,663855,0.3737395157290755,Walk,100.6,1.39933323661857,2.96772543691877,Sinker,0.9,11
656305,"{'breakAngle': 42.0, 'breakLength': 4.8, 'breakY': 24.0, 'breakVertical': -16.8, 'breakVerticalInduced': 9.1, 'breakHorizontal': 15.1, 'spinRate': 2161, 'spinDirection': 219}","{'aY': 30.319294581741307, 'aZ': -19.443344700480928, 'pfxX': -9.256084680801134, 'pfxZ': 5.605375241775598, 'pX': 0.4401226043801516, 'pZ': 2.4510594460333466, 'vX0': 10.264622681781397, 'vY0': -148.6078085696546, 'vZ0': -6.8321793401837585, 'x': 100.22, 'y': 172.6, 'x0': -1.8301214302746933, 'y0': 50.005227334322655, 'z0': 5.879501789268594, 'aX': -21.03400182977395}",Called Strike,94.8,6.744372411190797,718759,663855,0.3663528230777686,Forceout,102.3,1.65941168985627,3.38664992885578,Sinker,0.9,6
656305,"{'breakAngle': 42.0, 'breakLength': 4.8, 'breakY': 24.0, 'breakVertical': -17.2, 'breakVerticalInduced': 9.0, 'breakHorizontal': 15.2, 'spinRate': 2102, 'spinDirection': 216}","{'aY': 31.254100911026683, 'aZ': -20.36913168193796, 'pfxX': -9.505115315968526, 'pfxZ': 5.261235433391542, 'pX': 0.9641853721966328, 'pZ': 3.5014665376630116, 'vX0': 11.972666307745097, 'vY0': -147.92771241153227, 'vZ0': -3.7285217554206587, 'x': 80.25, 'y': 144.24, 'x0': -1.8774975147673818, 'y0': 50.00148596008283, 'z0': 5.953934348252358, 'aX': -21.322075033258923}",Ball,93.9,6.725285144446703,718759,663855,0.3685538905262504,Forceout,101.8,1.65941168985627,3.36228119932993,Sinker,0.9,12
656305,"{'breakAngle': 45.6, 'breakLength': 6.0, 'breakY': 24.0, 'breakVertical': -18.4, 'breakVerticalInduced': 8.0, 'breakHorizontal': 18.2, 'spinRate': 2183, 'spinDirection': 216}","{'aY': 31.438695923619168, 'aZ': -20.80860519432066, 'pfxX': -10.797620097904584, 'pfxZ': 5.100726507334069, 'pX': -0.6510322511889416, 'pZ': 1.9053319386137633, 'vX0': 8.012776510739279, 'vY0': -147.53999795035696, 'vZ0': -7.634158337321654, 'x': 141.82, 'y': 187.34, 'x0': -1.9838820551892558, 'y0': 50.004791740620014, 'z0': 5.729393662115117, 'aX': -24.07302772779985}","In play, out(s)",93.8,6.741112900460711,718759,663855,0.369661441651572,Forceout,101.5,1.66,3.46,Sinker,0.9,7
474832,"{'breakAngle': 34.8, 'breakLength': 4.8, 'breakY': 24.0, 'breakVertical': -19.8, 'breakVerticalInduced': 6.6, 'breakHorizontal': 13.6, 'spinRate': 2154, 'spinDirection': 229}","{'aY': 27.92608493621226, 'aZ': -22.321995024390556, 'pfxX': -8.687328903513738, 'pfxZ': 4.418610731416816, 'pX': 2.086505579261482, 'pZ': 1.2389423605047734, 'vX0': 14.49589553937432, 'vY0': -146.86537176393736, 'vZ0': -9.153983193695419, 'x': 37.47, 'y': 205.33, 'x0': -1.7375551120683574, 'y0': 50.00390385599148, 'z0': 5.673860660712155, 'aX': -19.37782935382594}",Ball,94.5,6.913932653842949,718759,663855,0.3699918627820544,Walk,101.4,1.58939114608776,3.16093864178151,Sinker,0.91,14
474832,"{'breakAngle': 39.6, 'breakLength': 6.0, 'breakY': 24.0, 'breakVertical': -19.1, 'breakVerticalInduced': 7.2, 'breakHorizontal': 16.0, 'spinRate': 1961, 'spinDirection': 215}","{'aY': 29.268188673979022, 'aZ': -22.54375729845524, 'pfxX': -9.411180690174408, 'pfxZ': 4.293839895673818, 'pX': -0.563871025592855, 'pZ': 3.174724479923128, 'vX0': 7.400901884901248, 'vY0': -147.53452763028392, 'vZ0': -4.569244998223545, 'x': 138.49, 'y': 153.06, 'x0': -1.8600156885247179, 'y0': 50.00528882985951, 'z0': 6.041616930530339, 'aX': -21.117703452960434}",Called Strike,94.2,6.656701798523552,718759,663855,0.36876536715976327,Walk,101.3,1.66616393391821,3.16418578649239,Sinker,0.91,1
474832,"{'breakAngle': 44.4, 'breakLength': 6.0, 'breakY': 24.0, 'breakVertical': -20.3, 'breakVerticalInduced': 7.0, 'breakHorizontal': 19.7, 'spinRate': 1875, 'spinDirection': 216}","{'aY': 36.78674550960661, 'aZ': -23.72901823715959, 'pfxX': -11.880246648193355, 'pfxZ': 3.916692435265947, 'pX': -0.4014945741310141, 'pZ': 4.105749718993891, 'vX0': 8.75786691318288, 'vY0': -146.44018848340397, 'vZ0': -1.6857004058212874, 'x': 132.3, 'y': 127.92, 'x0': -1.8978092305541028, 'y0': 50.0036626231658, 'z0': 6.1180557250900005, 'aX': -25.627673231696733}",Ball,91.4,6.635449372112712,718759,663855,0.3749971780228947,Walk,100.8,1.58939114608776,3.1365559424653,Sinker,0.89,11
474832,"{'breakAngle': 45.6, 'breakLength': 6.0, 'breakY': 24.0, 'breakVertical': -19.8, 'breakVerticalInduced': 7.9, 'breakHorizontal': 19.8, 'spinRate': 1893, 'spinDirection': 212}","{'aY': 36.61091273950571, 'aZ': -22.61918131570467, 'pfxX': -11.872158441382464, 'pfxZ': 4.519343542680641, 'pX': -0.7216661136239254, 'pZ': 3.8860507039874648, 'vX0': 7.666547000828527, 'vY0': -145.1113799444117, 'vZ0': -2.204471425674094, 'x': 144.51, 'y': 133.86, 'x0': -1.8668738707487447, 'y0': 50.00579419655966, 'z0': 6.046077868798599, 'aX': -25.111213265460243}",Ball,90.5,6.602916598856016,718759,663855,0.37868123353339467,Walk,99.8,1.58939114608776,3.08778612091825,Sinker,0.89,11
474832,"{'breakAngle': 40.8, 'breakLength': 4.8, 'breakY': 24.0, 'breakVertical': -18.0, 'breakVerticalInduced': 8.8, 'breakHorizontal': 15.6, 'spinRate': 1868, 'spinDirection': 211}","{'aY': 32.78213934280836, 'aZ': -20.478614481469496, 'pfxX': -9.666043399986677, 'pfxZ': 5.3274888239843765, 'pX': 0.29500107971065653, 'pZ': 2.7500843405435416, 'vX0': 10.17661793202583, 'vY0': -146.78076297812322, 'vZ0': -5.653021677167068, 'x': 105.76, 'y': 164.53, 'x0': -1.9511231809399239, 'y0': 50.00294622460727, 'z0': 5.90944865501588, 'aX': -21.219247319466554}",Foul,92.8,6.791824654422975,718759,663855,0.37230099541692985,Walk,101.0,1.59,3.21,Sinker,0.9,6
474832,"{'breakAngle': 48.0, 'breakLength': 4.8, 'breakY': 24.0, 'breakVertical': -15.2, 'breakVerticalInduced': 11.4, 'breakHorizontal': 16.6, 'spinRate': 2078, 'spinDirection': 215}","{'aY': 30.900895888003998, 'aZ': -16.206722083144545, 'pfxX': -10.220373418710258, 'pfxZ': 7.242661958031604, 'pX': 0.94750307570913, 'pZ': 1.1847425928187674, 'vX0': 11.789171863074412, 'vY0': -146.68773508487743, 'vZ0': -10.304205170192967, 'x': 80.88, 'y': 206.79, 'x0': -1.7735008956739589, 'y0': 50.00597017525272, 'z0': 5.68319333731983, 'aX': -22.53824132783887}",Ball In Dirt,93.4,6.789733022168277,718759,663855,0.3717421006184125,Walk,101.2,1.58939114608776,3.06339901150871,Sinker,0.9,14
643376,"{'breakAngle': 32.4, 'breakLength': 2.4, 'breakY': 24.0, 'breakVertical': -8.9, 'breakVerticalInduced': 20.3, 'breakHorizontal': 5.5, 'spinRate': 2560, 'spinDirection': 200}","{'aY': 33.198078695390805, 'aZ': -8.891614219758212, 'pfxX': -3.1341646131617527, 'pfxZ': 11.588713184415521, 'pX': -0.6109801325353459, 'pZ': 3.810159052458548, 'vX0': 0.6477670852241363, 'vY0': -141.0950077894337, 'vZ0': -4.316668712590595, 'x': 140.29, 'y': 135.91, 'x0': -0.4370021855920436, 'y0': 50.000680243296905, 'z0': 5.936969143275696, 'aX': -6.294847949209721}",Ball,88.2,6.569101999729526,718759,664854,0.38875402045340657,Groundout,96.9,1.49936429777012,3.17531695352202,Four-Seam Fastball,0.9,11
643376,"{'breakAngle': 30.0, 'breakLength': 2.4, 'breakY': 24.0, 'breakVertical': -9.4, 'breakVerticalInduced': 20.5, 'breakHorizontal': 5.4, 'spinRate': 2562, 'spinDirection': 196}","{'aY': 30.73618148007431, 'aZ': -8.535781508814395, 'pfxX': -3.189134378508352, 'pfxZ': 12.030030597200495, 'pX': -0.13222504671783772, 'pZ': 2.510428574084261, 'vX0': 1.7379048527816345, 'vY0': -139.17764781683505, 'vZ0': -7.485630413499571, 'x': 122.04, 'y': 171.0, 'x0': -0.349802244105746, 'y0': 50.00643790323324, 'z0': 5.797677921792231, 'aX': -6.268445722489304}",Foul,87.6,6.725798549215474,718759,664854,0.3932804478722116,Groundout,95.7,1.5,3.2,Four-Seam Fastball,0.89,5
643376,"{'breakAngle': 8.4, 'breakLength': 6.0, 'breakY': 24.0, 'breakVertical': -29.2, 'breakVerticalInduced': 6.2, 'breakHorizontal': -4.2, 'spinRate': 2254, 'spinDirection': 172}","{'aY': 24.512020078620814, 'aZ': -25.289033269755322, 'pfxX': 1.9669934453705187, 'pfxZ': 4.143726137921906, 'pX': 0.8965046650156957, 'pZ': 0.9009312632356058, 'vX0': 2.7810135156197298, 'vY0': -127.65225149651816, 'vZ0': -7.303575727980951, 'x': 82.83, 'y': 214.45, 'x0': -0.45967503725351866, 'y0': 50.003960988254654, 'z0': 5.769659749377668, 'aX': 3.2695649540644087}",Ball,81.3,6.7468583484185425,718759,664854,0.42790116752763785,Groundout,87.7,1.49936429777012,3.12655182204431,Slider,0.9,14
643376,"{'breakAngle': 8.4, 'breakLength': 6.0, 'breakY': 24.0, 'breakVertical': -27.7, 'breakVerticalInduced': 7.2, 'breakHorizontal': -4.1, 'spinRate': 2333, 'spinDirection': 168}","{'aY': 25.663342317570006, 'aZ': -25.42777370556365, 'pfxX': 2.096019259380263, 'pfxZ': 4.01313297415361, 'pX': 0.3013931598383849, 'pZ': 3.4391297370571086, 'vX0': 1.4395090037565412, 'vY0': -128.55997548526972, 'vZ0': -1.5233513526361393, 'x': 105.51, 'y': 145.92, 'x0': -0.5373087407793123, 'y0': 50.00127965363503, 'z0': 6.005500677209972, 'aX': 3.52183880809438}",Ball,81.2,6.59170608112217,718759,664854,0.4254098900148251,Groundout,88.2,1.49936429777012,3.15093512788162,Slider,0.9,12
643376,"{'breakAngle': 19.2, 'breakLength': 2.4, 'breakY': 24.0, 'breakVertical': -10.1, 'breakVerticalInduced': 18.5, 'breakHorizontal': 3.5, 'spinRate': 2607, 'spinDirection': 199}","{'aY': 30.913745299446465, 'aZ': -9.979049409808784, 'pfxX': -2.0876168039239005, 'pfxZ': 10.82434657722197, 'pX': 0.01501210775427174, 'pZ': 2.884480608214555, 'vX0': 1.590240479806819, 'vY0': -141.92419110730626, 'vZ0': -6.674645939059571, 'x': 116.43, 'y': 160.9, 'x0': -0.279887883198957, 'y0': 50.004057071355525, 'z0': 5.894619255034015, 'aX': -4.281028892066275}",Foul,89.5,6.677817343189216,718759,664854,0.3851675681126898,Groundout,97.5,1.5,3.2,Four-Seam Fastball,0.89,2
643376,"{'breakAngle': 10.8, 'breakLength': 8.4, 'breakY': 24.0, 'breakVertical': -35.9, 'breakVerticalInduced': -0.7, 'breakHorizontal': -6.8, 'spinRate': 2290, 'spinDirection': 140}","{'aY': 24.485254742876187, 'aZ': -32.334634056035604, 'pfxX': 3.5983301859387686, 'pfxZ': -0.09844540952911274, 'pX': 0.8328605734165286, 'pZ': 2.017485832780808, 'vX0': 1.7317924034811445, 'vY0': -127.94636217292637, 'vZ0': -3.603974896363696, 'x': 85.25, 'y': 184.31, 'x0': -0.31857467706981185, 'y0': 50.00070898224156, 'z0': 5.957331727149423, 'aX': 6.011022312165038}","In play, out(s)",81.5,6.732838984603693,718759,664854,0.4268237571552258,Groundout,87.8,1.5,3.2,Slider,0.9,14
624415,"{'breakAngle': 9.6, 'breakLength': 6.0, 'breakY': 24.0, 'breakVertical': -28.1, 'breakVerticalInduced': 6.2, 'breakHorizontal': -5.2, 'spinRate': 2407, 'spinDirection': 161}","{'aY': 26.26801531680574, 'aZ': -25.606284335427866, 'pfxX': 2.2575538775587622, 'pfxZ': 3.839590907775646, 'pX': 1.5305804797056228, 'pZ': 2.041998747490741, 'vX0': 4.786730650650104, 'vY0': -129.73917181946317, 'vZ0': -4.479528023755295, 'x': 58.66, 'y': 183.65, 'x0': -0.6290924599926323, 'y0': 50.00234686039516, 'z0': 5.734368828305229, 'aX': 3.861516965054481}",Ball,82.2,6.80231116751793,718759,664854,0.4216239533126296,Groundout,89.1,1.57938808654629,3.30098300113534,Slider,0.9,14
624415,"{'breakAngle': 8.4, 'breakLength': 7.2, 'breakY': 24.0, 'breakVertical': -30.5, 'breakVerticalInduced': 4.7, 'breakHorizontal': -4.3, 'spinRate': 2443, 'spinDirection': 161}","{'aY': 23.910258080298018, 'aZ': -26.896864164607198, 'pfxX': 1.8109702045534224, 'pfxZ': 3.160265717321483, 'pX': 1.8164254048224504, 'pZ': 1.154515362373448, 'vX0': 5.102102969537909, 'vY0': -127.83068451689873, 'vZ0': -6.061279971020933, 'x': 47.76, 'y': 207.61, 'x0': -0.4328644721490416, 'y0': 50.00441249387632, 'z0': 5.640931344675764, 'aX': 3.027179944199193}",Ball,81.6,6.886937302805751,718759,664854,0.4268574046713409,Groundout,87.8,1.57938808654629,3.22785618413356,Slider,0.91,14
624415,"{'breakAngle': 13.2, 'breakLength': 2.4, 'breakY': 24.0, 'breakVertical': -12.1, 'breakVerticalInduced': 16.4, 'breakHorizontal': 2.9, 'spinRate': 2655, 'spinDirection': 200}","{'aY': 30.71211566324329, 'aZ': -12.093910359945342, 'pfxX': -1.7964560064032962, 'pfxZ': 9.764918261119242, 'pX': 0.018105903470559983, 'pZ': 2.3114623682193747, 'vX0': 2.2236581175744785, 'vY0': -142.06886082455983, 'vZ0': -7.391542693402237, 'x': 116.31, 'y': 176.37, 'x0': -0.5391267632421991, 'y0': 50.00187964174644, 'z0': 5.705088453737801, 'aX': -3.694141392916273}","In play, out(s)",89.8,6.679313694814152,718759,664854,0.38465171752546823,Groundout,97.6,1.58,3.35,Four-Seam Fastball,0.88,5
571448,"{'breakAngle': 12.0, 'breakLength': 6.0, 'breakY': 24.0, 'breakVertical': -27.7, 'breakVerticalInduced': 10.1, 'breakHorizontal': -6.1, 'spinRate': 2128, 'spinDirection': 124}","{'aY': 24.83247861437419, 'aZ': -22.864148428605105, 'pfxX': 2.7254874018553927, 'pfxZ': 6.009062281838567, 'pX': 1.4157613172443546, 'pZ': 2.258949892589979, 'vX0': 5.285632234036976, 'vY0': -123.69087579776891, 'vZ0': -4.354217219771459, 'x': 63.03, 'y': 177.79, 'x0': -1.1033108150425264, 'y0': 50.00039961014666, 'z0': 5.960901009466533, 'aX': 4.217886152542782}",Ball,78.1,6.669953684083607,718759,657024,0.4429371884745614,Single,85.0,1.6394058216759,3.30408692969173,Slider,2.0,14
571448,"{'breakAngle': 38.4, 'breakLength': 3.6, 'breakY': 24.0, 'breakVertical': -12.0, 'breakVerticalInduced': 19.8, 'breakHorizontal': 9.6, 'spinRate': 2212, 'spinDirection': 212}","{'aY': 29.706964725744964, 'aZ': -10.523208206793823, 'pfxX': -5.557879388193073, 'pfxZ': 11.75451167800685, 'pX': -0.7111358538969011, 'pZ': 2.421536955397203, 'vX0': 2.2383610121484, 'vY0': -134.94330940725604, 'vZ0': -7.800134383694942, 'x': 144.11, 'y': 173.4, 'x0': -0.8298481031758981, 'y0': 50.00394932308807, 'z0': 6.093305243086043, 'aX': -10.237738859220043}",Swinging Strike,84.8,6.666366431431825,718759,657024,0.4060890060715492,Single,92.8,1.64,3.28,Four-Seam Fastball,0.89,4
571448,"{'breakAngle': 38.4, 'breakLength': 3.6, 'breakY': 24.0, 'breakVertical': -11.6, 'breakVerticalInduced': 19.7, 'breakHorizontal': 9.1, 'spinRate': 2215, 'spinDirection': 209}","{'aY': 31.896027124163492, 'aZ': -10.526185951744576, 'pfxX': -5.670944568522131, 'pfxZ': 11.601625537758965, 'pX': 0.24749025157975277, 'pZ': 3.0318490837224688, 'vX0': 4.816510377268382, 'vY0': -136.21343803479778, 'vZ0': -6.335489351467674, 'x': 107.57, 'y': 156.92, 'x0': -0.813076404830325, 'y0': 50.00005642525537, 'z0': 6.126785093708721, 'aX': -10.57946619147323}",Called Strike,85.1,6.697854779883666,718759,657024,0.4032062682494413,Single,93.7,1.6394058216759,3.20658226602519,Four-Seam Fastball,0.9,2
571448,"{'breakAngle': 25.2, 'breakLength': 8.4, 'breakY': 24.0, 'breakVertical': -33.5, 'breakVerticalInduced': 5.0, 'breakHorizontal': 15.6, 'spinRate': 1238, 'spinDirection': 231}","{'aY': 23.196172338014975, 'aZ': -27.47475537892001, 'pfxX': -9.075587203410471, 'pfxZ': 3.077532819383274, 'pX': -0.52627136683224, 'pZ': 2.036896418147808, 'vX0': 3.681136501959704, 'vY0': -122.47222403339471, 'vZ0': -3.671279078713698, 'x': 137.06, 'y': 183.78, 'x0': -0.8661565079578242, 'y0': 50.000376770135624, 'z0': 5.893749151098186, 'aX': -13.845231603875794}","In play, no out",77.7,6.733022918088491,718759,657024,0.44648208575719783,Single,84.1,1.64,3.28,Splitter,0.9,7
669357,"{'breakAngle': 44.4, 'breakLength': 3.6, 'breakY': 24.0, 'breakVertical': -10.9, 'breakVerticalInduced': 20.2, 'breakHorizontal': 10.4, 'spinRate': 2355, 'spinDirection': 207}","{'aY': 30.626424154916105, 'aZ': -9.758810861590257, 'pfxX': -6.144561522887244, 'pfxZ': 11.887911912379739, 'pX': -0.22471774560339955, 'pZ': 2.8784503120004032, 'vX0': 3.25335826296208, 'vY0': -136.5779100299651, 'vZ0': -6.984937019993017, 'x': 125.57, 'y': 161.06, 'x0': -0.6342822186043381, 'y0': 50.00249758364468, 'z0': 6.1434018984450605, 'aX': -11.585397714897184}",Called Strike,85.7,6.709775914233992,718759,657024,0.40133856116786415,Walk,93.9,1.6394058216759,3.48410938534143,Four-Seam Fastball,0.9,5
669357,"{'breakAngle': 48.0, 'breakLength': 3.6, 'breakY': 24.0, 'breakVertical': -11.5, 'breakVerticalInduced': 19.9, 'breakHorizontal': 12.7, 'spinRate': 2458, 'spinDirection': 212}","{'aY': 35.342316577343894, 'aZ': -10.965904941774504, 'pfxX': -7.352881138144541, 'pfxZ': 11.386633084446734, 'pX': -0.8021157554205164, 'pZ': 4.200262244555117, 'vX0': 2.2838890031240417, 'vY0': -136.86946806900124, 'vZ0': -3.423013464423346, 'x': 147.57, 'y': 125.37, 'x0': -0.7014661225166453, 'y0': 50.004313290822175, 'z0': 6.239399156069261, 'aX': -13.697144925352307}",Ball,84.5,6.581006132541889,718759,657024,0.40300262618687066,Walk,94.1,1.6394058216759,3.45974685243492,Four-Seam Fastball,0.92,11
669357,"{'breakAngle': 34.8, 'breakLength': 3.6, 'breakY': 24.0, 'breakVertical': -12.8, 'breakVerticalInduced': 18.4, 'breakHorizontal': 8.8, 'spinRate': 2426, 'spinDirection': 212}","{'aY': 31.458909622120395, 'aZ': -12.161248634239065, 'pfxX': -4.891504523318806, 'pfxZ': 10.662631099554302, 'pX': -1.3509156476392303, 'pZ': 3.376588711007962, 'vX0': 0.4383516558840327, 'vY0': -136.48133000307723, 'vZ0': -5.049743444359459, 'x': 168.49, 'y': 147.61, 'x0': -0.8789368949278564, 'y0': 50.00479167297644, 'z0': 6.096000161638211, 'aX': -9.181530062211722}",Ball,85.4,6.6380917982369505,718759,657024,0.40210869697653884,Walk,93.8,1.6394058216759,3.50847035422002,Four-Seam Fastball,0.89,11
669357,"{'breakAngle': 22.8, 'breakLength': 8.4, 'breakY': 24.0, 'breakVertical': -35.4, 'breakVerticalInduced': 3.5, 'breakHorizontal': 14.6, 'spinRate': 1209, 'spinDirection': 226}","{'aY': 23.636100608864734, 'aZ': -28.8830958231051, 'pfxX': -8.23632598639539, 'pfxZ': 2.184579521100435, 'pX': -1.4759043618859105, 'pZ': 2.214739817184356, 'vX0': 1.3580887098533148, 'vY0': -121.9419412591725, 'vZ0': -3.0673041327787063, 'x': 173.26, 'y': 178.98, 'x0': -0.9692659070204707, 'y0': 50.00450935212846, 'z0': 5.97673054434336, 'aX': -12.423908689002337}",Ball,77.2,6.739714552010147,718759,657024,0.448903250464292,Walk,83.7,1.6394058216759,3.38664992885578,Splitter,0.9,13
669357,"{'breakAngle': 40.8, 'breakLength': 3.6, 'breakY': 24.0, 'breakVertical': -11.5, 'breakVerticalInduced': 20.0, 'breakHorizontal': 10.1, 'spinRate': 2362, 'spinDirection': 209}","{'aY': 33.8358461222142, 'aZ': -9.721799794380033, 'pfxX': -5.96870228569037, 'pfxZ': 12.09379106543493, 'pX': -0.4705883537414024, 'pZ': 2.1675303187994057, 'vX0': 2.8923290456288853, 'vY0': -136.3375934135343, 'vZ0': -8.433801905055695, 'x': 134.94, 'y': 180.26, 'x0': -0.7778178424442826, 'y0': 50.00134209578978, 'z0': 5.997792619102241, 'aX': -11.080426526072754}",Swinging Strike,84.7,6.782133181615491,718759,657024,0.4038795640006798,Walk,93.8,1.64,3.46,Four-Seam Fastball,0.91,7
669357,"{'breakAngle': 42.0, 'breakLength': 3.6, 'breakY': 24.0, 'breakVertical': -10.6, 'breakVerticalInduced': 19.9, 'breakHorizontal': 9.6, 'spinRate': 2340, 'spinDirection': 207}","{'aY': 32.01967674777599, 'aZ': -9.763164768655933, 'pfxX': -5.362524577615305, 'pfxZ': 11.656111222149555, 'pX': -1.008265370001992, 'pZ': 3.0724301932276177, 'vX0': 0.49861604492534617, 'vY0': -138.09080995389616, 'vZ0': -6.40863814477852, 'x': 155.43, 'y': 155.82, 'x0': -0.4952398010628114, 'y0': 50.005420777308444, 'z0': 6.087033338189482, 'aX': -10.311601811788695}",Ball,86.4,6.723141756805769,718759,657024,0.3973281363846093,Walk,94.9,1.6394058216759,3.21603682019768,Four-Seam Fastball,0.9,11
641933,"{'breakAngle': 20.4, 'breakLength': 4.8, 'breakY': 24.0, 'breakVertical': -20.3, 'breakVerticalInduced': 17.5, 'breakHorizontal': 7.6, 'spinRate': 1268, 'spinDirection': 229}","{'aY': 21.935934651669108, 'aZ': -16.112586459683584, 'pfxX': -4.604977171336564, 'pfxZ': 10.304261072956834, 'pX': 0.1125884235282803, 'pZ': 1.6279210800370587, 'vX0': 3.9055186754922953, 'vY0': -123.34601236863165, 'vZ0': -7.059107115427707, 'x': 112.71, 'y': 194.83, 'x0': -0.8843949815861717, 'y0': 50.000882585562664, 'z0': 5.859349806806413, 'aX': -7.175414133988609}","In play, out(s)",78.5,6.765049482540575,718759,657024,0.44215352064487634,Grounded Into DP,84.8,1.57,3.23,Splitter,0.38,8
691023,"{'breakAngle': 26.4, 'breakLength': 8.4, 'breakY': 24.0, 'breakVertical': -34.8, 'breakVerticalInduced': 3.6, 'breakHorizontal': 17.4, 'spinRate': 1123, 'spinDirection': 228}","{'aY': 22.57418857264443, 'aZ': -28.76125157789399, 'pfxX': -9.93495106229975, 'pfxZ': 2.2320969865032065, 'pX': -0.8735691878273772, 'pZ': 2.341573312632001, 'vX0': 2.9308493225234273, 'vY0': -122.41135343485517, 'vZ0': -3.0661478230343926, 'x': 150.3, 'y': 175.56, 'x0': -0.7906255601283715, 'y0': 50.001970980029434, 'z0': 6.054640391703837, 'aX': -15.182290954003479}",Foul,77.8,6.703070966069952,718759,657024,0.44625171817885123,Single,84.0,1.677,3.656,Splitter,0.9,13
691023,"{'breakAngle': 45.6, 'breakLength': 3.6, 'breakY': 24.0, 'breakVertical': -9.8, 'breakVerticalInduced': 21.7, 'breakHorizontal': 9.8, 'spinRate': 2215, 'spinDirection': 212}","{'aY': 35.539514126908465, 'aZ': -8.80852578205468, 'pfxX': -5.866320807114042, 'pfxZ': 12.625824068453888, 'pX': -0.20135802932307034, 'pZ': 3.7565530122863344, 'vX0': 2.9270727111388215, 'vY0': -136.51508758039793, 'vZ0': -4.9033617048941265, 'x': 124.68, 'y': 137.35, 'x0': -0.5368585504474014, 'y0': 50.000717823541834, 'z0': 6.207349275889159, 'aX': -10.854197510591648}",Swinging Strike,84.2,6.618915970556994,718759,657024,0.4042604673477652,Single,93.9,1.677,3.656,Four-Seam Fastball,0.91,2
691023,"{'breakAngle': 39.6, 'breakLength': 3.6, 'breakY': 24.0, 'breakVertical': -11.0, 'breakVerticalInduced': 19.8, 'breakHorizontal': 9.1, 'spinRate': 2194, 'spinDirection': 212}","{'aY': 32.661462380146666, 'aZ': -10.552295111689515, 'pfxX': -5.294293284558382, 'pfxZ': 11.371211072552688, 'pX': -0.7267485130685467, 'pZ': 3.8540285599154895, 'vX0': 1.8900867344078105, 'vY0': -137.55374835192805, 'vZ0': -4.357231699562774, 'x': 144.7, 'y': 134.72, 'x0': -0.7379189059659138, 'y0': 50.006221314398736, 'z0': 6.183706256786225, 'aX': -10.070956582144865}",Foul,85.8,6.755689099761496,718759,657024,0.3993398203528731,Single,94.5,1.677,3.656,Four-Seam Fastball,0.9,11
691023,"{'breakAngle': 15.6, 'breakLength': 7.2, 'breakY': 24.0, 'breakVertical': -30.6, 'breakVerticalInduced': 7.6, 'breakHorizontal': -8.5, 'spinRate': 2263, 'spinDirection': 89}","{'aY': 25.145114625599803, 'aZ': -25.857736099888754, 'pfxX': 4.406038498806456, 'pfxZ': 4.114606701570489, 'pX': 0.44334245627580543, 'pZ': 3.680447331899579, 'vX0': 2.4565665531049796, 'vY0': -123.27745312095645, 'vZ0': -0.6945623751669714, 'x': 100.1, 'y': 139.41, 'x0': -1.139361475719586, 'y0': 50.00273966566688, 'z0': 6.154018685404551, 'aX': 6.761615475329842}","In play, run(s)",77.5,6.756151551211738,718759,657024,0.44478715135489866,Single,84.6,1.677,3.656,Slider,0.91,3
668800,"{'breakAngle': 33.6, 'breakLength': 3.6, 'breakY': 24.0, 'breakVertical': -14.2, 'breakVerticalInduced': 16.3, 'breakHorizontal': 9.6, 'spinRate': 2199, 'spinDirection': 209}","{'aY': 26.90668841909137, 'aZ': -14.102786725815816, 'pfxX': -5.550305371592128, 'pfxZ': 9.341488603861974, 'pX': -0.2958081824176435, 'pZ': 3.4152136094116714, 'vX0': 2.8889177211861625, 'vY0': -137.3567425514035, 'vZ0': -4.829607413070279, 'x': 128.28, 'y': 146.57, 'x0': -0.6332265225387517, 'y0': 50.000565261068715, 'z0': 6.136300838143004, 'aX': -10.7350475785257}",Foul,87.2,6.823905757485161,718759,657024,0.3968897982363,Strikeout,94.3,1.5,3.2,Four-Seam Fastball,0.88,11
668800,"{'breakAngle': 24.0, 'breakLength': 7.2, 'breakY': 24.0, 'breakVertical': -28.3, 'breakVerticalInduced': 9.4, 'breakHorizontal': -12.6, 'spinRate': 2182, 'spinDirection': 102}","{'aY': 22.840493942112627, 'aZ': -23.961549055220463, 'pfxX': 6.657814274747205, 'pfxZ': 5.268277209030472, 'pX': 0.6248660304285897, 'pZ': 3.132105653094569, 'vX0': 2.2437620116876342, 'vY0': -123.60916882575707, 'vZ0': -1.8529199940603371, 'x': 93.18, 'y': 154.21, 'x0': -1.1579382671698295, 'y0': 50.00552604227178, 'z0': 5.887948229976459, 'aX': 10.383505381532151}",Swinging Strike,78.4,6.8021025059017335,718759,657024,0.4418088957243298,Strikeout,84.8,1.5,3.2,Slider,0.91,3
668800,"{'breakAngle': 30.0, 'breakLength': 2.4, 'breakY': 24.0, 'breakVertical': -10.4, 'breakVerticalInduced': 19.4, 'breakHorizontal': 6.1, 'spinRate': 2265, 'spinDirection': 208}","{'aY': 30.22676315501857, 'aZ': -9.85227746276491, 'pfxX': -3.9226422558876846, 'pfxZ': 11.380496485078424, 'pX': 0.9708285496792818, 'pZ': 2.89359383414522, 'vX0': 4.83267787292781, 'vY0': -138.93715831840632, 'vZ0': -6.700553901718477, 'x': 79.99, 'y': 160.65, 'x0': -0.2789089360444215, 'y0': 50.00024062755332, 'z0': 5.98643849367217, 'aX': -7.692162760899502}",Ball,87.5,6.741922404306951,718759,657024,0.3937623298475579,Strikeout,95.5,1.49936429777012,3.17531695352202,Four-Seam Fastball,0.9,12
668800,"{'breakAngle': 19.2, 'breakLength': 8.4, 'breakY': 24.0, 'breakVertical': -36.7, 'breakVerticalInduced': 1.8, 'breakHorizontal': 12.5, 'spinRate': 1138, 'spinDirection': 230}","{'aY': 20.769633420937446, 'aZ': -30.242530208609168, 'pfxX': -7.161292878482559, 'pfxZ': 1.2653636928769272, 'pX': -0.5274805099900647, 'pZ': 1.8577998212241402, 'vX0': 2.7057856068386026, 'vY0': -121.85300368727289, 'vZ0': -3.4218224681572753, 'x': 137.11, 'y': 188.62, 'x0': -0.7131408347155629, 'y0': 50.00266263441303, 'z0': 5.854577584468121, 'aX': -10.921135354504848}",Swinging Strike,78.0,6.805425438158843,718759,657024,0.44709021259252735,Strikeout,83.6,1.5,3.2,Splitter,0.9,7
595281,"{'breakAngle': 38.4, 'breakLength': 2.4, 'breakY': 24.0, 'breakVertical': -8.5, 'breakVerticalInduced': 20.0, 'breakHorizontal': 6.8, 'spinRate': 2666, 'spinDirection': 201}","{'aY': 32.7841699278918, 'aZ': -7.723096734458835, 'pfxX': -3.9782321492684996, 'pfxZ': 11.928516643181016, 'pX': -0.4827903775196974, 'pZ': 2.1862605373450292, 'vX0': 1.635155312436032, 'vY0': -142.2917598172048, 'vZ0': -8.371225798233839, 'x': 135.4, 'y': 179.75, 'x0': -0.5482065660565201, 'y0': 50.00189151004885, 'z0': 5.656425892542161, 'aX': -8.153386399194293}","In play, no out",89.4,6.757775777845861,718759,664854,0.3850082986276151,Single,97.8,1.66,3.46,Four-Seam Fastball,0.9,7
543807,"{'breakAngle': 19.2, 'breakLength': 2.4, 'breakY': 24.0, 'breakVertical': -7.8, 'breakVerticalInduced': 20.8, 'breakHorizontal': 2.6, 'spinRate': 2608, 'spinDirection': 195}","{'aY': 34.13079610480325, 'aZ': -6.978786578008353, 'pfxX': -1.6678081894529393, 'pfxZ': 12.30900802351147, 'pX': 0.039029289719592575, 'pZ': 2.6319600492715285, 'vX0': 1.7645364517954822, 'vY0': -142.48894214915686, 'vZ0': -7.919433732581771, 'x': 115.51, 'y': 167.72, 'x0': -0.3729331968833479, 'y0': 50.002429821072084, 'z0': 5.895278449368626, 'aX': -3.413848446758265}",Swinging Strike,89.1,6.6816899032128605,718759,664854,0.38507402398065205,Strikeout,98.0,1.61,3.5,Four-Seam Fastball,0.9,5
543807,"{'breakAngle': 2.4, 'breakLength': 6.0, 'breakY': 24.0, 'breakVertical': -28.2, 'breakVerticalInduced': 7.0, 'breakHorizontal': -1.4, 'spinRate': 2385, 'spinDirection': 164}","{'aY': 27.673672689331283, 'aZ': -24.79800009258865, 'pfxX': 0.5923191740724731, 'pfxZ': 4.424896969486593, 'pX': 0.21287222000686085, 'pZ': 1.7970126022803738, 'vX0': 1.4766312620796915, 'vY0': -128.5176445280843, 'vZ0': -5.445956331139397, 'x': 108.89, 'y': 190.26, 'x0': -0.44699796528882746, 'y0': 50.000394583944, 'z0': 5.879952976866051, 'aX': 0.9862151328313516}",Swinging Strike,80.9,6.554154853489032,718759,664854,0.42687044038681643,Strikeout,88.3,1.61,3.5,Slider,0.9,8
543807,"{'breakAngle': 16.8, 'breakLength': 2.4, 'breakY': 24.0, 'breakVertical': -7.7, 'breakVerticalInduced': 20.2, 'breakHorizontal': 2.4, 'spinRate': 2681, 'spinDirection': 197}","{'aY': 34.379426089073455, 'aZ': -6.539388681560945, 'pfxX': -1.526489439289048, 'pfxZ': 12.193620806907488, 'pX': 0.3964236367692646, 'pZ': 1.841433784313996, 'vX0': 1.840174811631158, 'vY0': -144.25912061441454, 'vZ0': -10.22050652840236, 'x': 101.89, 'y': 189.06, 'x0': -0.052192101548331246, 'y0': 50.00068852826545, 'z0': 5.838036043521102, 'aX': -3.2086558118972057}",Called Strike,90.5,6.673152639047772,718759,664854,0.3800601519024909,Strikeout,99.3,1.60939669477115,3.2804442369387,Four-Seam Fastball,0.9,9
666182,"{'breakAngle': 19.2, 'breakLength': 2.4, 'breakY': 24.0, 'breakVertical': -8.6, 'breakVerticalInduced': 20.0, 'breakHorizontal': 3.0, 'spinRate': 2660, 'spinDirection': 190}","{'aY': 33.27107102985179, 'aZ': -7.959476594437036, 'pfxX': -1.8834090841689641, 'pfxZ': 11.890334142283312, 'pX': 0.4790271132600433, 'pZ': 2.6517391483511457, 'vX0': 1.7963903943421797, 'vY0': -141.97607321977256, 'vZ0': -7.779884254655408, 'x': 98.74, 'y': 167.18, 'x0': 0.08202363870576844, 'y0': 50.0021838639324, 'z0': 5.938072692574685, 'aX': -3.8352453734773224}",Swinging Strike,89.0,6.692974366258185,718759,664854,0.38616427373700324,Single,97.6,1.64,3.56,Four-Seam Fastball,0.9,6
666182,"{'breakAngle': 15.6, 'breakLength': 1.2, 'breakY': 24.0, 'breakVertical': -7.0, 'breakVerticalInduced': 20.8, 'breakHorizontal': 1.9, 'spinRate': 2751, 'spinDirection': 193}","{'aY': 33.56189175722926, 'aZ': -5.437347257682637, 'pfxX': -1.445607359687319, 'pfxZ': 12.610868515111264, 'pX': 1.210887951264094, 'pZ': 1.53713382969171, 'vX0': 3.368858939528819, 'vY0': -144.6506020575826, 'vZ0': -11.46703571567796, 'x': 70.84, 'y': 197.28, 'x0': 0.2192252144013882, 'y0': 50.00620284580065, 'z0': 5.885294767893392, 'aX': -3.065846645387653}",Ball,91.1,6.674987922708606,718759,664854,0.3785803286995715,Single,99.6,1.6394058216759,3.26736929408368,Four-Seam Fastball,0.9,14
666182,"{'breakAngle': 31.2, 'breakLength': 1.2, 'breakY': 24.0, 'breakVertical': -6.7, 'breakVerticalInduced': 21.1, 'breakHorizontal': 4.1, 'spinRate': 2716, 'spinDirection': 194}","{'aY': 33.80391180788196, 'aZ': -6.173289069071747, 'pfxX': -2.172335888885227, 'pfxZ': 12.34324750511766, 'pX': -0.5677504310874423, 'pZ': 3.0152718232777103, 'vX0': -0.7382705837621817, 'vY0': -144.27293048356225, 'vZ0': -7.22425944649214, 'x': 138.64, 'y': 157.37, 'x0': -0.02631920731622843, 'y0': 50.0005328945585, 'z0': 5.933123718819887, 'aX': -4.5752558941578085}","In play, no out",90.5,6.6402440453877825,718759,664854,0.3797488079946114,Single,99.1,1.64,3.56,Four-Seam Fastball,0.91,1
665489,"{'breakAngle': 7.2, 'breakLength': 1.2, 'breakY': 24.0, 'breakVertical': -6.8, 'breakVerticalInduced': 20.0, 'breakHorizontal': -1.0, 'spinRate': 2758, 'spinDirection': 193}","{'aY': 34.38635951212857, 'aZ': -6.97934202831148, 'pfxX': 0.3453557724985128, 'pfxZ': 11.559673482234162, 'pX': 0.5724735469630053, 'pZ': 3.7938756357432726, 'vX0': 1.4341958358481743, 'vY0': -146.63704217806168, 'vZ0': -5.462838471808462, 'x': 95.18, 'y': 136.35, 'x0': 0.03230527000642934, 'y0': 50.00675402906802, 'z0': 6.096589872408968, 'aX': 0.7524934443696563}",Ball,92.0,6.531640647420681,718759,664854,0.3734041550755789,Strikeout,100.7,1.66941470658227,3.4392581596326,Four-Seam Fastball,0.9,12
665489,"{'breakAngle': 21.6, 'breakLength': 2.4, 'breakY': 24.0, 'breakVertical': -9.5, 'breakVerticalInduced': 17.9, 'breakHorizontal': 3.8, 'spinRate': 2644, 'spinDirection': 190}","{'aY': 34.068241387572044, 'aZ': -10.02983734563835, 'pfxX': -2.0404822397051956, 'pfxZ': 10.316715163536369, 'pX': -0.6954741816831581, 'pZ': 3.581694257786631, 'vX0': -0.8533243425573112, 'vY0': -145.55465977791906, 'vZ0': -5.187896472454632, 'x': 143.51, 'y': 142.07, 'x0': -0.1334621844511235, 'y0': 50.00191794660219, 'z0': 5.994097336628596, 'aX': -4.378847284059719}",Ball,91.4,6.558658239452263,718759,664854,0.37626939241272117,Strikeout,100.0,1.66941470658227,3.41489276293144,Four-Seam Fastball,0.9,1
665489,"{'breakAngle': 6.0, 'breakLength': 2.4, 'breakY': 24.0, 'breakVertical': -8.2, 'breakVerticalInduced': 21.2, 'breakHorizontal': 1.0, 'spinRate': 2656, 'spinDirection': 193}","{'aY': 34.70689590468282, 'aZ': -7.433897193196327, 'pfxX': -0.619802533756477, 'pfxZ': 12.394037206945526, 'pX': 0.2217778697000769, 'pZ': 3.266701918856981, 'vX0': 0.8482555521543718, 'vY0': -141.01091931281195, 'vZ0': -6.193269826449155, 'x': 108.55, 'y': 150.58, 'x0': -0.0036524612968749123, 'y0': 50.00103770308735, 'z0': 5.982807196338443, 'aX': -1.2371015634812457}",Called Strike,87.8,6.714361455530718,718759,664854,0.38974458969536707,Strikeout,96.9,1.66941470658227,3.4392581596326,Four-Seam Fastball,0.89,2
665489,"{'breakAngle': 3.6, 'breakLength': 2.4, 'breakY': 24.0, 'breakVertical': -9.8, 'breakVerticalInduced': 19.3, 'breakHorizontal': 0.5, 'spinRate': 2668, 'spinDirection': 193}","{'aY': 31.39486842784143, 'aZ': -8.876985946738209, 'pfxX': -0.29284775393618057, 'pfxZ': 11.589315064018969, 'pX': -0.005744832633497576, 'pZ': 2.1474893097033303, 'vX0': 0.02293609877545167, 'vY0': -140.75154876457168, 'vZ0': -9.102165934909612, 'x': 117.22, 'y': 180.8, 'x0': 0.024065691830009058, 'y0': 50.00318755948322, 'z0': 5.994791729659445, 'aX': -0.5886340212678689}",Called Strike,88.7,6.610384604294685,718759,664854,0.38887315948387036,Strikeout,96.8,1.66941470658227,3.4636220032267,Four-Seam Fastball,0.88,8
665489,"{'breakAngle': 13.2, 'breakLength': 2.4, 'breakY': 24.0, 'breakVertical': -9.5, 'breakVerticalInduced': 17.8, 'breakHorizontal': 2.2, 'spinRate': 2661, 'spinDirection': 187}","{'aY': 33.25317694717261, 'aZ': -9.295102148170706, 'pfxX': -1.3932549008572401, 'pfxZ': 10.621254785773502, 'pX': 0.7160477167311518, 'pZ': 2.3574922627937416, 'vX0': 1.836501218770456, 'vY0': -145.62545635340692, 'vZ0': -8.68440714997101, 'x': 89.71, 'y': 175.13, 'x0': 0.2591160541879655, 'y0': 50.00623986472082, 'z0': 5.935830604817842, 'aX': -3.0020620297997693}",Foul,91.8,6.713804264860869,718759,664854,0.37570168815435645,Strikeout,100.1,1.67,3.61,Four-Seam Fastball,0.9,6
665489,"{'breakAngle': 7.2, 'breakLength': 7.2, 'breakY': 24.0, 'breakVertical': -29.9, 'breakVerticalInduced': 4.2, 'breakHorizontal': -3.7, 'spinRate': 2363, 'spinDirection': 167}","{'aY': 24.572112635456755, 'aZ': -27.057028076941574, 'pfxX': 1.7500771932471708, 'pfxZ': 2.9669236074594316, 'pX': 1.0749349013268792, 'pZ': 1.0959494212067975, 'vX0': 2.7634424536847684, 'vY0': -129.7712003943488, 'vZ0': -6.815673553003368, 'x': 76.03, 'y': 209.19, 'x0': -0.22685909073737, 'y0': 50.00005310403516, 'z0': 5.788896405852402, 'aX': 3.014287940872983}",Swinging Strike,82.9,6.645935973928954,718759,664854,0.4204330978287545,Strikeout,89.1,1.67,3.61,Slider,0.9,14
662139,"{'breakAngle': 27.6, 'breakLength': 2.4, 'breakY': 24.0, 'breakVertical': -8.9, 'breakVerticalInduced': 18.4, 'breakHorizontal': 4.7, 'spinRate': 2692, 'spinDirection': 197}","{'aY': 33.89921228208332, 'aZ': -9.250044129600187, 'pfxX': -2.7275372708770593, 'pfxZ': 10.674152619051242, 'pX': -0.17480632900148074, 'pZ': 3.2869054946531886, 'vX0': 1.118149322704269, 'vY0': -145.556712873212, 'vZ0': -5.702293359022507, 'x': 123.66, 'y': 150.03, 'x0': -0.20940253168634496, 'y0': 50.001518113364234, 'z0': 5.8303296386786005, 'aX': -5.856935669515621}","In play, out(s)",91.4,6.647495712703138,718759,664854,0.3761824030136056,Pop Out,100.0,1.4,3.09,Four-Seam Fastball,0.9,11
670712,"{'breakAngle': 10.8, 'breakLength': 4.8, 'breakY': 24.0, 'breakVertical': -23.4, 'breakVerticalInduced': 10.0, 'breakHorizontal': 4.4, 'spinRate': 2387, 'spinDirection': 166}","{'aY': 29.10669148991584, 'aZ': -21.428681961543628, 'pfxX': -1.6638277181882826, 'pfxZ': 6.10602496032524, 'pX': -1.090478173316578, 'pZ': 2.1966504879869833, 'vX0': -6.3919188597953465, 'vY0': -132.0908836917723, 'vZ0': -5.731630447157374, 'x': 158.57, 'y': 179.47, 'x0': 1.5806921041628095, 'y0': 50.005494593529086, 'z0': 5.978500517366677, 'aX': -2.9295798044773327}",Ball,83.1,6.380006622452434,718758,657006,0.4152468711169681,Walk,90.8,1.52096565980302,3.26952272966808,Four-Seam Fastball,2.0,13
670712,"{'breakAngle': 4.8, 'breakLength': 4.8, 'breakY': 24.0, 'breakVertical': -20.3, 'breakVerticalInduced': 12.4, 'breakHorizontal': 1.6, 'spinRate': 2353, 'spinDirection': 161}","{'aY': 28.207406160557984, 'aZ': -19.541540055348328, 'pfxX': -0.34518847167086286, 'pfxZ': 7.0348805827812, 'pX': -0.030217759287449984, 'pZ': 3.642820173929749, 'vX0': -4.637096910681446, 'vY0': -133.07637622444275, 'vZ0': -2.6893245444485414, 'x': 118.15, 'y': 140.42, 'x0': 1.7787602639856668, 'y0': 50.00283788538782, 'z0': 6.07991728056557, 'aX': -0.6199606442263681}",Ball,83.8,6.407618011057108,718758,657006,0.4113861067328046,Walk,91.4,1.54312445296023,3.26952272966808,Four-Seam Fastball,2.0,11
670712,"{'breakAngle': 4.8, 'breakLength': 4.8, 'breakY': 24.0, 'breakVertical': -19.4, 'breakVerticalInduced': 13.1, 'breakHorizontal': 1.6, 'spinRate': 2402, 'spinDirection': 174}","{'aY': 26.38942381547316, 'aZ': -18.63783924519839, 'pfxX': -0.5528727246664773, 'pfxZ': 7.506584569104362, 'pX': 0.7151785501430997, 'pZ': 3.297980597867682, 'vX0': -2.7707038977252227, 'vY0': -132.93179756745036, 'vZ0': -3.581465513620495, 'x': 89.74, 'y': 149.73, 'x0': 1.839527686524137, 'y0': 50.00581578499047, 'z0': 6.00258946904197, 'aX': -0.9971956060106419}",Ball,84.1,6.348192223746465,718758,657006,0.41079147112768855,Walk,91.2,1.47642745768299,3.22880416188742,Four-Seam Fastball,2.0,3
670712,"{'breakAngle': 6.0, 'breakLength': 3.6, 'breakY': 24.0, 'breakVertical': -16.7, 'breakVerticalInduced': 16.1, 'breakHorizontal': 1.7, 'spinRate': 2372, 'spinDirection': 171}","{'aY': 32.058576753977086, 'aZ': -15.40650254519184, 'pfxX': -0.8304462473062983, 'pfxZ': 9.409317176446157, 'pX': 1.4946979528225544, 'pZ': 3.0867140981992973, 'vX0': -0.7954809092523564, 'vY0': -133.48857360095946, 'vZ0': -4.610835874638931, 'x': 60.03, 'y': 155.44, 'x0': 1.9058310958965714, 'y0': 50.00618390325834, 'z0': 5.966384915424532, 'aX': -1.480180096722219}",Ball,83.0,6.440575013454587,718758,657006,0.412277181266993,Walk,91.7,1.47665293075707,3.26952272966808,Four-Seam Fastball,2.0,12
642715,"{'breakAngle': 16.8, 'breakLength': 4.8, 'breakY': 24.0, 'breakVertical': -18.8, 'breakVerticalInduced': 13.8, 'breakHorizontal': 5.9, 'spinRate': 2386, 'spinDirection': 177}","{'aY': 33.62070280064581, 'aZ': -17.47828096357743, 'pfxX': -2.270353687499046, 'pfxZ': 8.207017740108604, 'pX': -1.4524237842090575, 'pZ': 2.881202511619885, 'vX0': -7.113772862987078, 'vY0': -134.11418006127312, 'vZ0': -4.883119215049823, 'x': 172.36, 'y': 160.99, 'x0': 1.5477412592016535, 'y0': 50.001585740225764, 'z0': 6.003284718297411, 'aX': -4.064567053592592}",Ball,83.3,6.335436599413477,718758,657006,0.41110279994143095,Strikeout,92.3,1.69828186229169,3.39951756996523,Four-Seam Fastball,2.0,11
642715,"{'breakAngle': 14.4, 'breakLength': 9.6, 'breakY': 24.0, 'breakVertical': -43.4, 'breakVerticalInduced': -2.4, 'breakHorizontal': 11.2, 'spinRate': 2680, 'spinDirection': 306}","{'aY': 23.82251296175677, 'aZ': -33.63873506900922, 'pfxX': -5.91243359094374, 'pfxZ': -1.028662482012721, 'pX': 0.16834993192813988, 'pZ': 1.6576583599431702, 'vX0': -1.8559258299815091, 'vY0': -119.00754624906219, 'vZ0': -3.207973401738011, 'x': 110.58, 'y': 194.02, 'x0': 1.7272983925607988, 'y0': 50.00222454404032, 'z0': 6.084547279745602, 'aX': -8.43998727607184}",Called Strike,75.3,6.197092319365958,718758,657006,0.4610701286051384,Strikeout,81.7,1.65394292903223,3.39951756996523,Slider,2.0,8
642715,"{'breakAngle': 18.0, 'breakLength': 9.6, 'breakY': 24.0, 'breakVertical': -41.4, 'breakVerticalInduced': -1.8, 'breakHorizontal': 13.9, 'spinRate': 2634, 'spinDirection': 309}","{'aY': 22.326249942917574, 'aZ': -33.06549537052089, 'pfxX': -7.403225511376827, 'pfxZ': -0.5989437028178992, 'pX': -0.18637154499969502, 'pZ': 1.4148962411379873, 'vX0': -2.116343338833482, 'vY0': -120.6852562719206, 'vZ0': -4.006773510644722, 'x': 124.1, 'y': 200.58, 'x0': 1.662756802425808, 'y0': 50.00435558866338, 'z0': 5.992618581135354, 'aX': -10.978751760881162}",Ball,77.0,6.154373984210219,718758,657006,0.45292519783093255,Strikeout,82.8,1.72045382485239,3.47360624964988,Slider,2.0,13
642715,"{'breakAngle': 10.8, 'breakLength': 3.6, 'breakY': 24.0, 'breakVertical': -18.1, 'breakVerticalInduced': 13.6, 'breakHorizontal': 3.5, 'spinRate': 2450, 'spinDirection': 164}","{'aY': 28.35066125053619, 'aZ': -17.108165703247728, 'pfxX': -1.2073086447408787, 'pfxZ': 8.12996745604461, 'pX': -1.0285202315072344, 'pZ': 2.2390410486215098, 'vX0': -6.38291981188239, 'vY0': -135.01187265563124, 'vZ0': -6.597770514921397, 'x': 156.2, 'y': 178.33, 'x0': 1.5193926031133171, 'y0': 50.001986517729065, 'z0': 5.9107146873990315, 'aX': -2.236868170561088}",Foul,85.4,6.526758580594481,718758,657006,0.4050915466702181,Strikeout,92.8,1.68,3.4,Four-Seam Fastball,2.0,13
642715,"{'breakAngle': 21.6, 'breakLength': 8.4, 'breakY': 24.0, 'breakVertical': -36.1, 'breakVerticalInduced': 2.4, 'breakHorizontal': 14.0, 'spinRate': 2519, 'spinDirection': 302}","{'aY': 23.46232288804024, 'aZ': -29.505559029537423, 'pfxX': -7.389635462065438, 'pfxZ': 1.756443827588213, 'pX': -0.5075888991960782, 'pZ': 1.6360910543627847, 'vX0': -2.9177665248059372, 'vY0': -122.34574180168704, 'vZ0': -4.375968922764583, 'x': 136.35, 'y': 194.61, 'x0': 1.6596076839026577, 'y0': 50.00447174032954, 'z0': 5.968189972547712, 'aX': -11.236111642472304}",Foul,77.8,6.167863198567839,718758,657006,0.4471872986645673,Strikeout,84.0,1.68,3.4,Slider,2.0,13
642715,"{'breakAngle': 22.8, 'breakLength': 9.6, 'breakY': 24.0, 'breakVertical': -38.3, 'breakVerticalInduced': 1.9, 'breakHorizontal': 16.4, 'spinRate': 2381, 'spinDirection': 301}","{'aY': 23.745182347173476, 'aZ': -30.42680669259235, 'pfxX': -8.929032854707819, 'pfxZ': 1.2015278084168095, 'pX': 0.04363934469153882, 'pZ': 2.393038992568197, 'vX0': -1.3366805900601562, 'vY0': -120.11643716787823, 'vZ0': -2.243989705297195, 'x': 115.34, 'y': 174.17, 'x0': 1.767676328409015, 'y0': 50.00539535279208, 'z0': 6.050649949173138, 'aX': -13.019887322284708}",Foul,75.9,6.2503328075847575,718758,657006,0.4563799544203091,Strikeout,82.5,1.68,3.4,Slider,2.0,5
642715,"{'breakAngle': 8.4, 'breakLength': 4.8, 'breakY': 24.0, 'breakVertical': -23.8, 'breakVerticalInduced': 9.1, 'breakHorizontal': 3.5, 'spinRate': 2176, 'spinDirection': 179}","{'aY': 24.499069992244234, 'aZ': -23.574464996079346, 'pfxX': -1.6834477678117712, 'pfxZ': 4.806618556780613, 'pX': 0.6509871522272407, 'pZ': 4.8541111358687035, 'vX0': -2.4551260292822974, 'vY0': -132.0252119305942, 'vZ0': 1.2099397445500457, 'x': 92.19, 'y': 107.72, 'x0': 1.8068688206843522, 'y0': 50.00326121424189, 'z0': 6.107935576918548, 'aX': -3.012650549697021}",Ball,83.8,6.3948689744719776,718758,657006,0.41271262583276913,Strikeout,90.6,1.69828186229169,3.39951756996523,Four-Seam Fastball,2.0,12
642715,"{'breakAngle': 3.6, 'breakLength': 3.6, 'breakY': 24.0, 'breakVertical': -18.4, 'breakVerticalInduced': 13.7, 'breakHorizontal': -1.2, 'spinRate': 2349, 'spinDirection': 165}","{'aY': 25.125139171262425, 'aZ': -17.824087158035738, 'pfxX': 0.8861113338504465, 'pfxZ': 7.806114719725651, 'pX': 0.9977279707610971, 'pZ': 3.189867933115569, 'vX0': -2.2984360197601714, 'vY0': -133.78598809714526, 'vZ0': -3.9909200854993934, 'x': 78.97, 'y': 152.65, 'x0': 1.7475948134697916, 'y0': 50.001140422823475, 'z0': 5.955373136661615, 'aX': 1.628883627401676}",Swinging Strike,85.1,6.55069655427257,718758,657006,0.40726998169567663,Strikeout,91.8,1.68,3.4,Four-Seam Fastball,2.0,12
592885,"{'breakAngle': 20.4, 'breakLength': 9.6, 'breakY': 24.0, 'breakVertical': -38.8, 'breakVerticalInduced': 0.7, 'breakHorizontal': 14.5, 'spinRate': 2573, 'spinDirection': 300}","{'aY': 25.021546581305824, 'aZ': -31.50753771665608, 'pfxX': -7.6061755739084855, 'pfxZ': 0.4479436120735478, 'pX': -0.8256409544274961, 'pZ': 2.8130715598354197, 'vX0': -3.2144217669673205, 'vY0': -121.301245868449, 'vZ0': -1.2794883753994597, 'x': 148.47, 'y': 162.83, 'x0': 1.5070434536222048, 'y0': 50.001730529594724, 'z0': 6.109106576440115, 'aX': -11.266675321741978}",Called Strike,76.4,6.07674870936865,718758,657006,0.4525610635653514,Single,83.3,1.65394292903223,3.25952263486117,Slider,2.0,11
592885,"{'breakAngle': 20.4, 'breakLength': 9.6, 'breakY': 24.0, 'breakVertical': -39.5, 'breakVerticalInduced': 1.0, 'breakHorizontal': 14.8, 'spinRate': 2690, 'spinDirection': 302}","{'aY': 23.97487317807172, 'aZ': -30.717786863591005, 'pfxX': -7.948613444753839, 'pfxZ': 1.0001390818848668, 'pX': -0.17455257590821674, 'pZ': 1.3328210238453495, 'vX0': -1.7402226862906878, 'vY0': -119.93951522744321, 'vZ0': -4.619904401816103, 'x': 123.65, 'y': 202.79, 'x0': 1.59335931463032, 'y0': 50.000379038084276, 'z0': 6.034238329681516, 'aX': -11.537047086769224}",Swinging Strike,76.0,6.142929535249597,718758,657006,0.45729818288291835,Single,82.4,1.64,3.26,Slider,2.0,13
592885,"{'breakAngle': 12.0, 'breakLength': 8.4, 'breakY': 24.0, 'breakVertical': -36.1, 'breakVerticalInduced': 3.1, 'breakHorizontal': 8.0, 'spinRate': 2659, 'spinDirection': 308}","{'aY': 25.02631265885843, 'aZ': -28.32103768230225, 'pfxX': -4.132698549395476, 'pfxZ': 2.5818920337331432, 'pX': -0.2221669089292361, 'pZ': 0.3427066358154005, 'vX0': -2.4945476653290437, 'vY0': -121.75303942958972, 'vZ0': -7.395594836895649, 'x': 125.47, 'y': 229.53, 'x0': 1.3543770847219851, 'y0': 50.003782776702806, 'z0': 5.887190482185404, 'aX': -6.173890198885576}",Ball In Dirt,77.1,6.447907652780681,718758,657006,0.45072341300681273,Single,83.7,1.63177594709541,3.25952263486117,Slider,2.0,13
592885,"{'breakAngle': 14.4, 'breakLength': 3.6, 'breakY': 24.0, 'breakVertical': -17.0, 'breakVerticalInduced': 16.2, 'breakHorizontal': -4.2, 'spinRate': 2368, 'spinDirection': 164}","{'aY': 31.626289608102873, 'aZ': -15.500652755424333, 'pfxX': 3.04798461720491, 'pfxZ': 9.480227976349644, 'pX': -0.2792405723396945, 'pZ': 3.1140507411966527, 'vX0': -5.349382762428757, 'vY0': -132.59368526590907, 'vZ0': -4.456525668298356, 'x': 127.64, 'y': 154.7, 'x0': 1.3797765866115037, 'y0': 50.00111389722919, 'z0': 5.968210492194793, 'aX': 5.360050545088695}","In play, no out",82.5,6.47757257976931,718758,657006,0.4150568953691076,Single,91.2,1.64,3.26,Sinker,2.0,1
661388,"{'breakAngle': 9.6, 'breakLength': 4.8, 'breakY': 24.0, 'breakVertical': -21.0, 'breakVerticalInduced': 12.7, 'breakHorizontal': 3.8, 'spinRate': 2323, 'spinDirection': 170}","{'aY': 31.273659133892536, 'aZ': -19.631231735804384, 'pfxX': -1.2090293188269783, 'pfxZ': 7.238163206466059, 'pX': -1.1154856282831884, 'pZ': 3.586047023136845, 'vX0': -6.50089318145865, 'vY0': -131.65727600438447, 'vZ0': -2.4325685580826653, 'x': 159.52, 'y': 141.96, 'x0': 1.555926911742586, 'y0': 50.00532389217586, 'z0': 5.995564573622165, 'aX': -2.0939680909056406}",Ball,82.0,6.636691343286522,718758,657006,0.418085028661606,Grounded Into DP,90.5,1.65394292903223,3.48951431234634,Four-Seam Fastball,2.0,11
661388,"{'breakAngle': 13.2, 'breakLength': 4.8, 'breakY': 24.0, 'breakVertical': -21.2, 'breakVerticalInduced': 11.3, 'breakHorizontal': 4.8, 'spinRate': 2342, 'spinDirection': 170}","{'aY': 27.67088908544687, 'aZ': -20.993792125524095, 'pfxX': -2.1226808709571663, 'pfxZ': 6.190911087387708, 'pX': -0.2429154980381164, 'pZ': 4.25860053687964, 'vX0': -4.539814637895816, 'vY0': -133.2809322467224, 'vZ0': -0.9169678641686391, 'x': 126.26, 'y': 123.8, 'x0': 1.7557237402449046, 'y0': 50.00123099317751, 'z0': 6.118096316113897, 'aX': -3.8316583206800687}",Ball,84.0,6.279526795502189,718758,657006,0.41037911508432146,Grounded Into DP,91.5,1.69828186229169,3.48951431234634,Four-Seam Fastball,2.0,11
661388,"{'breakAngle': 18.0, 'breakLength': 4.8, 'breakY': 24.0, 'breakVertical': -19.6, 'breakVerticalInduced': 13.1, 'breakHorizontal': -6.1, 'spinRate': 2358, 'spinDirection': 164}","{'aY': 27.761725369019175, 'aZ': -18.030126805910026, 'pfxX': 4.118213143074633, 'pfxZ': 7.862377487325286, 'pX': -0.2470858741915824, 'pZ': 2.136927940760688, 'vX0': -6.380888004190544, 'vY0': -133.07566969888524, 'vZ0': -6.24775368579834, 'x': 126.42, 'y': 181.08, 'x0': 1.6434366026846783, 'y0': 50.001827383779336, 'z0': 5.814976608751586, 'aX': 7.408007240099398}","In play, out(s)",84.0,6.543887380722132,718758,657006,0.41111955064976025,Grounded Into DP,91.5,1.68,3.49,Sinker,2.0,8
663538,"{'breakAngle': 28.8, 'breakLength': 3.6, 'breakY': 24.0, 'breakVertical': -14.5, 'breakVerticalInduced': 15.8, 'breakHorizontal': 8.2, 'spinRate': 2291, 'spinDirection': 203}","{'aY': 29.549603874005562, 'aZ': -14.378000965524022, 'pfxX': -5.030475614664175, 'pfxZ': 9.196723224362248, 'pX': -0.021200827416406387, 'pZ': 3.105380077192768, 'vX0': 5.012753500604869, 'vY0': -137.94816911563407, 'vZ0': -4.9886211145583985, 'x': 117.81, 'y': 154.93, 'x0': -1.2048559993916754, 'y0': 50.003222405677995, 'z0': 5.900387950289752, 'aX': -9.734284541287584}",Called Strike,87.0,6.608472356666645,718758,605540,0.3964629398039481,Groundout,94.8,1.47665293075707,3.11726308815759,Four-Seam Fastball,2.0,2
663538,"{'breakAngle': 8.4, 'breakLength': 7.2, 'breakY': 24.0, 'breakVertical': -31.3, 'breakVerticalInduced': 4.9, 'breakHorizontal': -4.6, 'spinRate': 2359, 'spinDirection': 147}","{'aY': 24.619019477140732, 'aZ': -27.446062830355487, 'pfxX': 2.452170174346592, 'pfxZ': 2.913384408809371, 'pX': -0.9976594834243195, 'pZ': 2.5801262632716058, 'vX0': 0.6120133488365321, 'vY0': -126.31269676210904, 'vZ0': -2.880494067468961, 'x': 155.03, 'y': 169.12, 'x0': -1.5614584614201057, 'y0': 50.002874294394815, 'z0': 5.931379104613014, 'aX': 3.980676425997449}",Ball,80.0,6.572154028512241,718758,605540,0.43286114827930255,Groundout,86.7,1.54312445296023,3.09500833993166,Slider,2.0,11
663538,"{'breakAngle': 8.4, 'breakLength': 6.0, 'breakY': 24.0, 'breakVertical': -26.4, 'breakVerticalInduced': 9.4, 'breakHorizontal': -4.1, 'spinRate': 2339, 'spinDirection': 171}","{'aY': 22.38301310589705, 'aZ': -23.278129422712713, 'pfxX': 1.8944602237744925, 'pfxZ': 5.41144571052817, 'pX': 0.10535932469482218, 'pZ': 2.7418428525336447, 'vX0': 3.142999467105272, 'vY0': -126.52810743491375, 'vZ0': -3.233412751436878, 'x': 112.98, 'y': 164.75, 'x0': -1.3923358685517104, 'y0': 50.00439816916668, 'z0': 5.872360370415668, 'aX': 3.1152106087521303}","In play, out(s)",80.7,6.6290125201778665,718758,605540,0.43057135458286355,Groundout,86.8,1.54,3.18,Slider,2.0,5
621020,"{'breakAngle': 26.4, 'breakLength': 2.4, 'breakY': 24.0, 'breakVertical': -10.8, 'breakVerticalInduced': 18.7, 'breakHorizontal': 5.4, 'spinRate': 2345, 'spinDirection': 202}","{'aY': 33.21742089902979, 'aZ': -9.74568427103691, 'pfxX': -3.6162146594842812, 'pfxZ': 11.284934549939926, 'pX': 0.3779816830241145, 'pZ': 2.0093699603622115, 'vX0': 5.546139193434284, 'vY0': -140.42730533736244, 'vZ0': -8.62462824094412, 'x': 102.59, 'y': 184.53, 'x0': -1.1571732770820753, 'y0': 50.0044829381781, 'z0': 5.763251947353147, 'aX': -7.188597858436726}",Called Strike,88.0,6.733870899988949,718758,605540,0.3907503893140256,Single,96.7,1.65394292903223,3.49951417675475,Four-Seam Fastball,2.0,9
621020,"{'breakAngle': 15.6, 'breakLength': 2.4, 'breakY': 24.0, 'breakVertical': -9.5, 'breakVerticalInduced': 20.3, 'breakHorizontal': 2.6, 'spinRate': 2455, 'spinDirection': 205}","{'aY': 32.82042061398962, 'aZ': -8.45925443448478, 'pfxX': -1.9047854111656761, 'pfxZ': 11.998614880187462, 'pX': -0.04611508830560861, 'pZ': 2.382121343771781, 'vX0': 3.9819776877565696, 'vY0': -139.98365476083697, 'vZ0': -7.786234447622579, 'x': 118.76, 'y': 174.46, 'x0': -1.2422306785976305, 'y0': 50.004279945844246, 'z0': 5.760443139580083, 'aX': -3.7657059122348784}",Swinging Strike,87.7,6.7105222046979,718758,605540,0.3919097777608638,Single,96.3,1.65,3.5,Four-Seam Fastball,2.0,5
621020,"{'breakAngle': 36.0, 'breakLength': 2.4, 'breakY': 24.0, 'breakVertical': -10.6, 'breakVerticalInduced': 18.4, 'breakHorizontal': 7.7, 'spinRate': 2416, 'spinDirection': 209}","{'aY': 31.580629518518773, 'aZ': -10.314835062180121, 'pfxX': -4.709780876379485, 'pfxZ': 10.789414700565287, 'pX': -0.39580684671603256, 'pZ': 2.7200188056336425, 'vX0': 4.027246751114259, 'vY0': -141.29624832488696, 'vZ0': -6.622317666709591, 'x': 132.09, 'y': 165.34, 'x0': -1.2262484833056415, 'y0': 50.00222294375299, 'z0': 5.753713976304346, 'aX': -9.542194466169883}","In play, no out",88.9,6.692049346816756,718758,605540,0.3873408016253932,Single,97.1,1.65,3.5,Four-Seam Fastball,2.0,4
664023,"{'breakAngle': 2.4, 'breakLength': 6.0, 'breakY': 24.0, 'breakVertical': -24.4, 'breakVerticalInduced': 10.2, 'breakHorizontal': -1.2, 'spinRate': 2361, 'spinDirection': 177}","{'aY': 23.59603572583248, 'aZ': -21.82271445745066, 'pfxX': 0.25634095110957644, 'pfxZ': 6.076419486818947, 'pX': 0.10873504486059932, 'pZ': 1.9325819404289708, 'vX0': 3.708327579383297, 'vY0': -128.88888964698864, 'vZ0': -5.536971258887466, 'x': 112.86, 'y': 186.6, 'x0': -1.3744164546572484, 'y0': 50.002950595752786, 'z0': 5.764764862337504, 'aX': 0.43690118770995423}",Called Strike,82.2,6.726436657719042,718758,605540,0.4228990560188124,Strikeout,88.5,1.63177594709541,3.46951513087188,Slider,0.86,8
664023,"{'breakAngle': 26.4, 'breakLength': 3.6, 'breakY': 24.0, 'breakVertical': -12.2, 'breakVerticalInduced': 18.2, 'breakHorizontal': 5.9, 'spinRate': 2536, 'spinDirection': 204}","{'aY': 30.88913132992006, 'aZ': -11.367286065367747, 'pfxX': -3.600582487640225, 'pfxZ': 10.785295423396168, 'pX': -0.6422384961107516, 'pZ': 2.317896225018704, 'vX0': 3.110097198634602, 'vY0': -138.05947365159372, 'vZ0': -7.163122719052912, 'x': 141.48, 'y': 176.2, 'x0': -1.3158394173380545, 'y0': 50.00546116533136, 'z0': 5.7122558714189235, 'aX': -6.948039757963356}",Called Strike,86.7,6.705279466392849,718758,605540,0.39681186051300976,Strikeout,94.9,1.65394292903223,3.46951513087188,Four-Seam Fastball,0.9,4
664023,"{'breakAngle': 36.0, 'breakLength': 8.4, 'breakY': 24.0, 'breakVertical': -29.3, 'breakVerticalInduced': 7.4, 'breakHorizontal': 21.1, 'spinRate': 1897, 'spinDirection': 230}","{'aY': 26.846595248289486, 'aZ': -23.330889635840403, 'pfxX': -12.558403370654185, 'pfxZ': 5.554811667958395, 'pX': -0.35492579347653574, 'pZ': -1.0271854640279452, 'vX0': 6.338716916284056, 'vY0': -125.72010447538688, 'vZ0': -11.340169025629963, 'x': 130.53, 'y': 266.51, 'x0': -1.2850105191758983, 'y0': 50.00177653145184, 'z0': 5.4554434361273305, 'aX': -19.986921072858205}",Ball In Dirt,79.6,6.852837430825509,718758,605540,0.436622210007954,Strikeout,86.7,1.63177594709541,3.46951513087188,Changeup,0.9,13
664023,"{'breakAngle': 34.8, 'breakLength': 7.2, 'breakY': 24.0, 'breakVertical': -28.1, 'breakVerticalInduced': 9.0, 'breakHorizontal': 19.6, 'spinRate': 2185, 'spinDirection': 232}","{'aY': 28.372488392421502, 'aZ': -22.96348679795593, 'pfxX': -11.282797770167583, 'pfxZ': 5.8286795945553, 'pX': -1.6239965381504615, 'pZ': 0.8643094061396079, 'vX0': 3.2652942319586358, 'vY0': -125.67235457584765, 'vZ0': -7.110446130148509, 'x': 178.9, 'y': 215.44, 'x0': -1.4840203206185785, 'y0': 50.003610550450496, 'z0': 5.629598183765646, 'aX': -17.826764073288032}",Ball,78.7,6.749187473663484,718758,605540,0.437904299438411,Strikeout,86.5,1.63177594709541,3.46951513087188,Changeup,0.9,13
664023,"{'breakAngle': 36.0, 'breakLength': 7.2, 'breakY': 24.0, 'breakVertical': -25.8, 'breakVerticalInduced': 11.3, 'breakHorizontal': 18.7, 'spinRate': 2105, 'spinDirection': 229}","{'aY': 25.212333893283546, 'aZ': -21.324917439491486, 'pfxX': -10.947194538512267, 'pfxZ': 6.851297771007332, 'pX': -0.7296290291426021, 'pZ': 1.4982648735106738, 'vX0': 4.707493307496733, 'vY0': -125.01002683015173, 'vZ0': -6.0618220587067055, 'x': 144.81, 'y': 198.33, 'x0': -1.2150355404118909, 'y0': 50.000649774673846, 'z0': 5.705263149606492, 'aX': -17.32270506711932}",Swinging Strike,78.9,6.816393052441089,718758,605540,0.43816056642991885,Strikeout,86.0,1.64,3.47,Changeup,0.9,13
641355,"{'breakAngle': 33.6, 'breakLength': 3.6, 'breakY': 24.0, 'breakVertical': -14.2, 'breakVerticalInduced': 16.2, 'breakHorizontal': 9.6, 'spinRate': 2256, 'spinDirection': 198}","{'aY': 30.59245023195709, 'aZ': -13.825164945353047, 'pfxX': -5.8126699956262025, 'pfxZ': 9.515117679832045, 'pX': -0.28412457830630167, 'pZ': 2.877228753170242, 'vX0': 4.593492258407489, 'vY0': -137.96243047450537, 'vZ0': -5.584747937151678, 'x': 127.83, 'y': 161.09, 'x0': -1.2152162850055122, 'y0': 50.0018916646239, 'z0': 5.858933577206215, 'aX': -11.208441399149697}",Called Strike,86.7,6.5854027095928975,718758,605540,0.3969553632688867,Strikeout,94.8,1.72045382485239,3.67427604940513,Four-Seam Fastball,2.0,4
641355,"{'breakAngle': 31.2, 'breakLength': 2.4, 'breakY': 24.0, 'breakVertical': -11.3, 'breakVerticalInduced': 18.5, 'breakHorizontal': 6.7, 'spinRate': 2361, 'spinDirection': 201}","{'aY': 34.857802934937354, 'aZ': -11.848632377314786, 'pfxX': -4.414595069585177, 'pfxZ': 10.320808184925824, 'pX': 0.27771705639709754, 'pZ': 4.5771035777713776, 'vX0': 5.539526668529101, 'vY0': -140.20418013304848, 'vZ0': -1.6193600933092005, 'x': 106.41, 'y': 115.2, 'x0': -1.1601204022258702, 'y0': 50.003981774812495, 'z0': 5.944959436352747, 'aX': -8.695560923273602}",Ball,87.1,6.6526331311589795,718758,605540,0.3922670674417432,Strikeout,96.4,1.76480277000044,3.81950372994763,Four-Seam Fastball,0.91,12
641355,"{'breakAngle': 37.2, 'breakLength': 8.4, 'breakY': 24.0, 'breakVertical': -28.3, 'breakVerticalInduced': 9.6, 'breakHorizontal': 21.8, 'spinRate': 2088, 'spinDirection': 231}","{'aY': 29.678950602515002, 'aZ': -22.763239439363137, 'pfxX': -12.705081387172791, 'pfxZ': 6.112395982031627, 'pX': -1.3708810205709911, 'pZ': 1.2037161915715335, 'vX0': 3.697558226375662, 'vY0': -124.53857117998673, 'vZ0': -6.099723279207426, 'x': 169.25, 'y': 206.28, 'x0': -1.242585254880732, 'y0': 50.00120342490705, 'z0': 5.620260560300576, 'aX': -19.555892035597186}",Ball,77.4,6.7946202041955726,718758,605540,0.4432118303594126,Strikeout,85.7,1.80915844607578,3.69658302967321,Changeup,0.9,13
641355,"{'breakAngle': 24.0, 'breakLength': 3.6, 'breakY': 24.0, 'breakVertical': -15.1, 'breakVerticalInduced': 14.3, 'breakHorizontal': 6.6, 'spinRate': 2270, 'spinDirection': 207}","{'aY': 22.775768401150245, 'aZ': -15.83485420100879, 'pfxX': -3.777651444454981, 'pfxZ': 8.142039525522797, 'pX': -0.9738260288932934, 'pZ': 3.06862381902039, 'vX0': 2.1905139837997285, 'vY0': -138.7994373145764, 'vZ0': -4.941557373160221, 'x': 154.12, 'y': 155.93, 'x0': -1.2708781976344175, 'y0': 50.001892176440734, 'z0': 5.881249334667629, 'aX': -7.57996532720034}",Ball,89.3,6.701212481996728,718758,605540,0.39041791209165977,Strikeout,95.2,1.76480277000044,3.76351652879232,Four-Seam Fastball,0.88,11
641355,"{'breakAngle': 20.4, 'breakLength': 3.6, 'breakY': 24.0, 'breakVertical': -13.8, 'breakVerticalInduced': 15.2, 'breakHorizontal': 5.2, 'spinRate': 2351, 'spinDirection': 203}","{'aY': 27.250078287984593, 'aZ': -14.073841093234169, 'pfxX': -3.216648397142723, 'pfxZ': 8.930758267762695, 'pX': -0.16791942580688468, 'pZ': 2.490560964242552, 'vX0': 4.275438934290111, 'vY0': -140.3839851305992, 'vZ0': -6.620459422342259, 'x': 123.4, 'y': 171.53, 'x0': -1.2819684993159366, 'y0': 50.00089943800842, 'z0': 5.76915667667938, 'aX': -6.517819950790246}",Swinging Strike,89.4,6.735428547856556,718758,605540,0.3879179283693239,Strikeout,96.4,1.75,3.82,Four-Seam Fastball,0.89,5
641355,"{'breakAngle': 28.8, 'breakLength': 2.4, 'breakY': 24.0, 'breakVertical': -11.4, 'breakVerticalInduced': 18.2, 'breakHorizontal': 6.1, 'spinRate': 2276, 'spinDirection': 205}","{'aY': 32.8766136187835, 'aZ': -10.904464430152174, 'pfxX': -3.715103610968819, 'pfxZ': 10.752717498430007, 'pX': -0.5960471026127947, 'pZ': 2.745355893070196, 'vX0': 2.840981374026046, 'vY0': -140.04443010217545, 'vZ0': -6.382787904764729, 'x': 139.72, 'y': 164.66, 'x0': -1.143131700714744, 'y0': 50.002556493650474, 'z0': 5.773975344828571, 'aX': -7.348105430263338}",Swinging Strike,87.6,6.776097780351148,718758,605540,0.39175230327283295,Strikeout,96.3,1.75,3.82,Four-Seam Fastball,0.91,4
572228,"{'breakAngle': 0.0, 'breakLength': 4.8, 'breakY': 24.0, 'breakVertical': -19.6, 'breakVerticalInduced': 13.4, 'breakHorizontal': 0.2, 'spinRate': 2276, 'spinDirection': 163}","{'aY': 27.039994641165443, 'aZ': -17.4696749526147, 'pfxX': 0.7325234284174647, 'pfxZ': 8.252989884512468, 'pX': -1.0522815072240428, 'pZ': 1.462125154171827, 'vX0': -7.495137194552841, 'vY0': -132.33967458724402, 'vZ0': -8.016003857902412, 'x': 157.11, 'y': 199.3, 'x0': 1.7159639728718823, 'y0': 50.00393320608965, 'z0': 5.799470511199916, 'aX': 1.306111278582401}",Ball,83.9,6.481178007658388,718758,657006,0.4131549918557331,Strikeout,91.1,1.65394292903223,3.45951581279242,Four-Seam Fastball,2.0,13
572228,"{'breakAngle': 6.0, 'breakLength': 4.8, 'breakY': 24.0, 'breakVertical': -19.8, 'breakVerticalInduced': 13.9, 'breakHorizontal': 2.2, 'spinRate': 2376, 'spinDirection': 173}","{'aY': 28.17831821269846, 'aZ': -18.004311669048015, 'pfxX': -0.35695603377668395, 'pfxZ': 8.155131114170961, 'pX': -1.000956371414135, 'pZ': 2.9014966841261853, 'vX0': -6.74806226481632, 'vY0': -131.10192680923856, 'vZ0': -4.465095744587384, 'x': 155.15, 'y': 160.44, 'x0': 1.6546466458058224, 'y0': 50.00342166514189, 'z0': 5.9738166667006185, 'aX': -0.6195158782731106}",Foul,82.5,6.488657742529906,718758,657006,0.4180732888501364,Strikeout,90.1,1.67,3.46,Four-Seam Fastball,2.0,11
572228,"{'breakAngle': 18.0, 'breakLength': 9.6, 'breakY': 24.0, 'breakVertical': -41.5, 'breakVerticalInduced': -1.2, 'breakHorizontal': 13.4, 'spinRate': 2646, 'spinDirection': 313}","{'aY': 24.808023809190797, 'aZ': -32.6364324407163, 'pfxX': -6.9736020700056045, 'pfxZ': -0.32281242508726216, 'pX': -0.40177494390550017, 'pZ': 1.6196498256314014, 'vX0': -3.1406548444544966, 'vY0': -120.2456932432184, 'vZ0': -3.648742498905805, 'x': 132.31, 'y': 195.05, 'x0': 1.829787494833256, 'y0': 50.00095538976219, 'z0': 6.073419054481268, 'aX': -10.13895193169745}",Called Strike,75.9,6.169768879719826,718758,657006,0.4567145287989929,Strikeout,82.6,1.69828186229169,3.45951581279242,Slider,2.0,13
572228,"{'breakAngle': 21.6, 'breakLength': 9.6, 'breakY': 24.0, 'breakVertical': -38.3, 'breakVerticalInduced': 0.5, 'breakHorizontal': 15.5, 'spinRate': 2690, 'spinDirection': 306}","{'aY': 25.47612763387843, 'aZ': -30.703346823665836, 'pfxX': -7.792369543922566, 'pfxZ': 0.971129085604292, 'pX': -1.6631307364763386, 'pZ': 0.7241499914880529, 'vX0': -5.541574590266996, 'vY0': -122.43501394781389, 'vZ0': -6.054241099592065, 'x': 180.39, 'y': 219.23, 'x0': 1.6461717474289255, 'y0': 50.00009840917012, 'z0': 5.87501154573123, 'aX': -11.759584496455522}",Ball,77.7,6.281282433694074,718758,657006,0.4483530465852792,Strikeout,84.2,1.72045382485239,3.45951581279242,Slider,2.0,13
572228,"{'breakAngle': 4.8, 'breakLength': 4.8, 'breakY': 24.0, 'breakVertical': -19.4, 'breakVerticalInduced': 12.1, 'breakHorizontal': 1.7, 'spinRate': 2555, 'spinDirection': 178}","{'aY': 23.33157353218737, 'aZ': -18.77046716259716, 'pfxX': -0.2632143195143306, 'pfxZ': 7.183371847894115, 'pX': -0.9242543176268415, 'pZ': 2.1331412638617526, 'vX0': -6.984560138352323, 'vY0': -134.34449799789257, 'vZ0': -6.325758737399043, 'x': 152.23, 'y': 181.19, 'x0': 1.7209415386419453, 'y0': 50.00580348867858, 'z0': 5.80887614642711, 'aX': -0.4912353643133722}",Foul,86.3,6.3886733652722505,718758,657006,0.4044578017846612,Strikeout,92.3,1.67,3.46,Four-Seam Fastball,2.0,13
572228,"{'breakAngle': 0.0, 'breakLength': 4.8, 'breakY': 24.0, 'breakVertical': -21.7, 'breakVerticalInduced': 9.8, 'breakHorizontal': 0.0, 'spinRate': 2173, 'spinDirection': 171}","{'aY': 25.732240324204774, 'aZ': -21.607460710137975, 'pfxX': 0.5882089706857834, 'pfxZ': 5.65708608648195, 'pX': -0.4579427973940547, 'pZ': 3.2845529502203457, 'vX0': -5.973801214388579, 'vY0': -134.94754430585454, 'vZ0': -3.3792840603312024, 'x': 134.46, 'y': 150.1, 'x0': 1.6957331155846915, 'y0': 50.005437327472485, 'z0': 6.051749530853366, 'aX': 1.0994463080924806}",Swinging Strike,85.9,6.509362603631755,718758,657006,0.4038440186172383,Strikeout,92.7,1.67,3.46,Four-Seam Fastball,2.0,1
642133,"{'breakAngle': 4.8, 'breakLength': 4.8, 'breakY': 24.0, 'breakVertical': -22.3, 'breakVerticalInduced': 9.4, 'breakHorizontal': 1.7, 'spinRate': 2231, 'spinDirection': 167}","{'aY': 26.324320519801883, 'aZ': -22.139655328589964, 'pfxX': -0.6427712662954694, 'pfxZ': 5.411966332800823, 'pX': 0.5720380185158273, 'pZ': 3.151639580161241, 'vX0': -2.9409645208706885, 'vY0': -134.58805517230422, 'vZ0': -3.498805440316926, 'x': 95.2, 'y': 153.69, 'x0': 1.7577447202998282, 'y0': 50.00300626880598, 'z0': 6.017154233279928, 'aX': -1.1908219234629531}",Called Strike,85.4,6.166778184280979,718758,657006,0.40534177828328044,Strikeout,92.4,1.69828186229169,3.65197115221546,Four-Seam Fastball,2.0,3
642133,"{'breakAngle': 25.2, 'breakLength': 10.8, 'breakY': 24.0, 'breakVertical': -42.0, 'breakVerticalInduced': -1.8, 'breakHorizontal': 19.9, 'spinRate': 2589, 'spinDirection': 315}","{'aY': 23.88925971794502, 'aZ': -32.966514307814315, 'pfxX': -10.721777822018646, 'pfxZ': -0.5462070391072409, 'pX': -0.5813630484578786, 'pZ': 1.315206140443798, 'vX0': -1.9455144639872253, 'vY0': -120.111828615803, 'vZ0': -4.19314861600429, 'x': 139.16, 'y': 203.27, 'x0': 1.6321969331402413, 'y0': 50.000962293746035, 'z0': 6.024006458107372, 'aX': -15.61869992347847}",Ball,76.2,6.208239873524303,718758,657006,0.4565208197904429,Strikeout,82.5,1.78717500615422,3.71915035237456,Slider,2.0,13
642133,"{'breakAngle': 19.2, 'breakLength': 8.4, 'breakY': 24.0, 'breakVertical': -36.8, 'breakVerticalInduced': 1.4, 'breakHorizontal': 13.2, 'spinRate': 2635, 'spinDirection': 302}","{'aY': 21.812074212234062, 'aZ': -30.17324120552912, 'pfxX': -6.925867692248157, 'pfxZ': 1.3015924225059123, 'pX': -0.4528184037405265, 'pZ': 1.177279984518947, 'vX0': -2.7722683243301014, 'vY0': -122.4353151765742, 'vZ0': -5.396860094919191, 'x': 134.26, 'y': 206.99, 'x0': 1.590474529684715, 'y0': 50.00201241482408, 'z0': 5.960555150609038, 'aX': -10.622434570089546}",Swinging Strike,78.5,6.282197119613372,718758,657006,0.4456000649232439,Strikeout,84.0,1.67,3.49,Slider,2.0,13
642133,"{'breakAngle': 13.2, 'breakLength': 9.6, 'breakY': 24.0, 'breakVertical': -40.8, 'breakVerticalInduced': -1.9, 'breakHorizontal': 9.7, 'spinRate': 2654, 'spinDirection': 307}","{'aY': 20.316022737801617, 'aZ': -33.69748975712759, 'pfxX': -5.248477198559604, 'pfxZ': -1.0014060446293733, 'pX': 0.5244981985338218, 'pZ': 2.4198202353268767, 'vX0': -0.8697553184064866, 'vY0': -121.41632367309835, 'vZ0': -1.8012683356777277, 'x': 97.01, 'y': 173.44, 'x0': 1.568804369652616, 'y0': 50.00509539602926, 'z0': 6.061591663343529, 'aX': -7.958562046865871}",Called Strike,77.8,6.119996945208103,718758,657006,0.44845991703667343,Strikeout,83.3,1.63196501438529,3.5407286296379,Slider,2.0,6
605119,"{'breakAngle': 0.0, 'breakLength': 3.6, 'breakY': 24.0, 'breakVertical': -17.6, 'breakVerticalInduced': 13.4, 'breakHorizontal': 0.1, 'spinRate': 2259, 'spinDirection': 162}","{'aY': 23.668545930971945, 'aZ': -17.251756151544665, 'pfxX': 0.22592139292895275, 'pfxZ': 7.872721951359318, 'pX': 0.4906568334529025, 'pZ': 2.466168468175015, 'vX0': -3.358000083880115, 'vY0': -135.3675975858221, 'vZ0': -6.026294004855873, 'x': 98.3, 'y': 172.19, 'x0': 1.706778493654512, 'y0': 50.00029826345347, 'z0': 5.888287498679391, 'aX': 0.4281562821639613}",Called Strike,86.8,6.3764840712272735,718758,657006,0.4013778589569901,Groundout,92.9,1.67630239500836,3.51843519217815,Four-Seam Fastball,2.0,6
605119,"{'breakAngle': 8.4, 'breakLength': 12.0, 'breakY': 24.0, 'breakVertical': -55.3, 'breakVerticalInduced': -13.2, 'breakHorizontal': 8.4, 'spinRate': 2743, 'spinDirection': 321}","{'aY': 21.889414208320417, 'aZ': -42.01456939712358, 'pfxX': -4.3711015855399955, 'pfxZ': -7.068364373593471, 'pX': 0.08762855953084094, 'pZ': 1.0024262134017943, 'vX0': -2.1284151352826015, 'vY0': -117.21182791094171, 'vZ0': -2.757611402042636, 'x': 113.66, 'y': 211.71, 'x0': 1.5748218682838206, 'y0': 50.00018300677608, 'z0': 6.1123703345934635, 'aX': -6.0884669442573305}",Swinging Strike,74.9,6.34595275936401,718758,657006,0.46706489711144306,Groundout,80.5,1.58,3.38,Curveball,2.0,14
605119,"{'breakAngle': 15.6, 'breakLength': 9.6, 'breakY': 24.0, 'breakVertical': -41.6, 'breakVerticalInduced': -2.5, 'breakHorizontal': 12.0, 'spinRate': 2309, 'spinDirection': 309}","{'aY': 23.55653215582345, 'aZ': -34.035984903359335, 'pfxX': -6.348494482659433, 'pfxZ': -1.2400693854598117, 'pX': 0.2552663303373983, 'pZ': 2.146576493447209, 'vX0': -1.8835412121129185, 'vY0': -121.56397965945983, 'vZ0': -2.2102730322368878, 'x': 107.27, 'y': 180.82, 'x0': 1.8647821399613427, 'y0': 50.00431589171678, 'z0': 6.01872755810825, 'aX': -9.513774176358002}",Foul,77.1,6.138027702570071,718758,657006,0.45034549554957426,Groundout,83.4,1.58,3.38,Slider,2.0,8
605119,"{'breakAngle': 20.4, 'breakLength': 10.8, 'breakY': 24.0, 'breakVertical': -47.2, 'breakVerticalInduced': -5.0, 'breakHorizontal': 17.3, 'spinRate': 2608, 'spinDirection': 310}","{'aY': 25.903826364026767, 'aZ': -35.163855284746894, 'pfxX': -9.523004350791513, 'pfxZ': -2.1501220625615134, 'pX': 0.37314579454459285, 'pZ': 0.5037039816787118, 'vX0': -0.5795525928800859, 'vY0': -117.99753152904346, 'vZ0': -5.001300169123225, 'x': 102.78, 'y': 225.18, 'x0': 1.8576638128222165, 'y0': 50.00539927888213, 'z0': 5.950518824675749, 'aX': -13.209724673558993}",Ball,74.2,6.074240259161989,718758,657006,0.46713415256602797,Groundout,81.1,1.67630239500836,3.42928180200215,Slider,2.0,14
605119,"{'breakAngle': 8.4, 'breakLength': 3.6, 'breakY': 24.0, 'breakVertical': -16.4, 'breakVerticalInduced': 14.6, 'breakHorizontal': 2.5, 'spinRate': 2373, 'spinDirection': 162}","{'aY': 28.107685761767772, 'aZ': -15.877840404912405, 'pfxX': -0.886508116270932, 'pfxZ': 8.615380262773925, 'pX': -0.08807413379082754, 'pZ': 2.626101655172015, 'vX0': -4.831783112190981, 'vY0': -136.20725044307864, 'vZ0': -5.71815791323481, 'x': 104.16, 'y': 143.91, 'x0': 1.8191870454994348, 'y0': 50.000314938295766, 'z0': 5.838956674645855, 'aX': -1.6750322642588062}","In play, out(s)",86.2,6.356584670258093,718758,657006,0.40113896704417673,Groundout,93.6,1.58,3.38,Four-Seam Fastball,2.0,5
641820,"{'breakAngle': 10.8, 'breakLength': 7.2, 'breakY': 24.0, 'breakVertical': -29.8, 'breakVerticalInduced': 5.2, 'breakHorizontal': -5.5, 'spinRate': 2405, 'spinDirection': 200}","{'aY': 20.48351373999332, 'aZ': -26.780359674305004, 'pfxX': 2.561808498896247, 'pfxZ': 3.1963603972924943, 'pX': 1.2331370593543178, 'pZ': 1.9038631826359977, 'vX0': 5.1515795066985355, 'vY0': -127.56329026957711, 'vZ0': -4.728601595704834, 'x': 70.0, 'y': 187.38, 'x0': -1.1270288123872982, 'y0': 50.002724854439435, 'z0': 5.834774422600502, 'aX': 4.318878772803665}",Ball,82.3,6.633539184130395,718758,605540,0.42560777965018914,Groundout,87.5,1.67630239500836,3.74146243512904,Slider,2.0,14
641820,"{'breakAngle': 31.2, 'breakLength': 4.8, 'breakY': 24.0, 'breakVertical': -17.6, 'breakVerticalInduced': 13.4, 'breakHorizontal': 10.6, 'spinRate': 2351, 'spinDirection': 206}","{'aY': 28.336476214546007, 'aZ': -17.17323171568332, 'pfxX': -6.19266209749542, 'pfxZ': 7.938737051759947, 'pX': -0.7217855884914459, 'pZ': 2.496865278435934, 'vX0': 3.6169570501632653, 'vY0': -136.22569491774837, 'vZ0': -5.69229600077897, 'x': 144.51, 'y': 171.36, 'x0': -1.258183377816399, 'y0': 50.005856114745214, 'z0': 5.790252003349434, 'aX': -11.70702176517874}","In play, out(s)",86.1,6.703026149825833,718758,605540,0.40119572273957527,Groundout,93.6,1.68,3.6,Sinker,2.0,4
621458,"{'breakAngle': 39.6, 'breakLength': 4.8, 'breakY': 24.0, 'breakVertical': -14.4, 'breakVerticalInduced': 16.1, 'breakHorizontal': 11.9, 'spinRate': 2297, 'spinDirection': 211}","{'aY': 31.74948761455372, 'aZ': -13.605725603974419, 'pfxX': -7.201612548833083, 'pfxZ': 9.692599341191986, 'pX': -0.22519891671178718, 'pZ': 2.144722207686898, 'vX0': 5.151105619673145, 'vY0': -137.82259012612212, 'vZ0': -7.291379601248857, 'x': 125.58, 'y': 180.87, 'x0': -1.1864163601416275, 'y0': 50.00640676582426, 'z0': 5.750962646410692, 'aX': -13.803121500030306}",Called Strike,86.4,6.76560560645463,718758,605540,0.3980105530465705,Strikeout,94.8,1.38822615046094,3.29561214406232,Sinker,0.83,5
621458,"{'breakAngle': 30.0, 'breakLength': 7.2, 'breakY': 24.0, 'breakVertical': -28.6, 'breakVerticalInduced': 8.6, 'breakHorizontal': 16.3, 'spinRate': 2102, 'spinDirection': 225}","{'aY': 27.098675914761866, 'aZ': -23.592916471157242, 'pfxX': -9.548354878774779, 'pfxZ': 5.443734772251463, 'pX': -1.0096037403452145, 'pZ': 1.3166511211816734, 'vX0': 3.8073604513896506, 'vY0': -125.2475694694675, 'vZ0': -5.912236422449983, 'x': 155.48, 'y': 203.23, 'x0': -1.315372083955114, 'y0': 50.004110121035126, 'z0': 5.657215482408119, 'aX': -15.055095632403427}",Swinging Strike,78.6,6.723200147563805,718758,605540,0.4385936404474795,Strikeout,86.1,1.55,3.4,Changeup,0.9,13
621458,"{'breakAngle': 32.4, 'breakLength': 7.2, 'breakY': 24.0, 'breakVertical': -26.9, 'breakVerticalInduced': 10.1, 'breakHorizontal': 17.4, 'spinRate': 2114, 'spinDirection': 224}","{'aY': 26.158081326210382, 'aZ': -22.67906857169539, 'pfxX': -9.763278928748147, 'pfxZ': 5.983270300024934, 'pX': -2.067087234835327, 'pZ': 2.216525350238481, 'vX0': 1.2127887940411068, 'vY0': -125.41554729958514, 'vZ0': -4.146700946051391, 'x': 195.79, 'y': 178.93, 'x0': -1.289690306783187, 'y0': 50.00575741971875, 'z0': 5.748671031799471, 'aX': -15.503157720104362}",Ball,78.9,6.801622341908033,718758,605540,0.43728865143896156,Strikeout,86.1,1.47683584363857,3.25107151633607,Changeup,0.89,13
621458,"{'breakAngle': 19.2, 'breakLength': 3.6, 'breakY': 24.0, 'breakVertical': -13.1, 'breakVerticalInduced': 16.4, 'breakHorizontal': 4.6, 'spinRate': 2228, 'spinDirection': 197}","{'aY': 29.070551215331985, 'aZ': -13.54406775886869, 'pfxX': -3.1776865154627756, 'pfxZ': 9.357265870051616, 'pX': 0.91585318067883, 'pZ': 3.4983269713909744, 'vX0': 6.451478086616611, 'vY0': -139.64479872682082, 'vZ0': -4.042600415285011, 'x': 82.09, 'y': 144.33, 'x0': -1.0031161916977918, 'y0': 50.00279116387555, 'z0': 5.844942467119295, 'aX': -6.327390176446266}",Foul,88.3,6.813830383299193,718758,605540,0.39103677063341635,Strikeout,95.9,1.55,3.4,Four-Seam Fastball,0.9,12
621458,"{'breakAngle': 32.4, 'breakLength': 7.2, 'breakY': 24.0, 'breakVertical': -28.8, 'breakVerticalInduced': 8.4, 'breakHorizontal': 18.1, 'spinRate': 2053, 'spinDirection': 228}","{'aY': 25.10266278652711, 'aZ': -24.0512412628991, 'pfxX': -10.729196401296429, 'pfxZ': 5.160822156664974, 'pX': -0.2660939971171463, 'pZ': 1.788391419657702, 'vX0': 5.524126257774435, 'vY0': -124.69952913740387, 'vZ0': -4.869561561869398, 'x': 127.14, 'y': 190.49, 'x0': -1.1161467735977133, 'y0': 50.00607575669788, 'z0': 5.75117881613293, 'aX': -16.898180057322307}",Swinging Strike,78.7,6.763253649157632,718758,605540,0.4392709652445057,Strikeout,85.7,1.55,3.4,Changeup,0.91,8
543333,"{'breakAngle': 3.6, 'breakLength': 9.6, 'breakY': 24.0, 'breakVertical': -42.7, 'breakVerticalInduced': -5.5, 'breakHorizontal': -2.8, 'spinRate': 2547, 'spinDirection': 36}","{'aY': 18.026268939812606, 'aZ': -36.664203360205114, 'pfxX': 1.2508689934910338, 'pfxZ': -2.8330727650719663, 'pX': -0.12940269985049085, 'pZ': 1.5930657007272913, 'vX0': 2.54344892986977, 'vY0': -123.43935646576811, 'vZ0': -3.250299514255425, 'x': 121.93, 'y': 195.77, 'x0': -1.3242570018556414, 'y0': 50.000554135476875, 'z0': 5.927181122195932, 'aX': 1.9844345884642711}",Swinging Strike,80.2,6.637610311019798,718758,605540,0.439001198449259,Strikeout,84.6,1.78,3.79,Curveball,0.91,13
543333,"{'breakAngle': 30.0, 'breakLength': 4.8, 'breakY': 24.0, 'breakVertical': -16.7, 'breakVerticalInduced': 12.4, 'breakHorizontal': 9.5, 'spinRate': 2495, 'spinDirection': 210}","{'aY': 27.31591117816474, 'aZ': -16.83620416420809, 'pfxX': -5.6912455181096195, 'pfxZ': 7.5344313396960985, 'pX': -0.03741145003726155, 'pZ': 1.3448702526415186, 'vX0': 5.3708153899500655, 'vY0': -140.67379308108124, 'vZ0': -8.89032986627309, 'x': 118.43, 'y': 202.47, 'x0': -1.2178239584399255, 'y0': 50.00133733329298, 'z0': 5.6036447566953935, 'aX': -11.581229728138409}",Foul,89.8,6.802932690216181,718758,605540,0.3871120184237684,Strikeout,96.7,1.78,3.79,Sinker,2.0,13
543333,"{'breakAngle': 32.4, 'breakLength': 7.2, 'breakY': 24.0, 'breakVertical': -27.8, 'breakVerticalInduced': 7.7, 'breakHorizontal': 17.9, 'spinRate': 1911, 'spinDirection': 231}","{'aY': 22.91742564189219, 'aZ': -24.104312030197512, 'pfxX': -10.461396964172934, 'pfxZ': 4.863385172058287, 'pX': -0.27206641035469104, 'pZ': 1.0265933500660174, 'vX0': 5.899213459683408, 'vY0': -127.14591409347884, 'vZ0': -6.74808943735809, 'x': 127.37, 'y': 211.06, 'x0': -1.2477497199673373, 'y0': 50.00184884227579, 'z0': 5.593299894677055, 'aX': -17.348085138820984}",Ball,81.3,6.822635192358173,718758,605540,0.42868417372021206,Strikeout,87.4,1.60979880096951,3.62992291749866,Changeup,0.9,13
543333,"{'breakAngle': 15.6, 'breakLength': 2.4, 'breakY': 24.0, 'breakVertical': -11.8, 'breakVerticalInduced': 17.2, 'breakHorizontal': 3.2, 'spinRate': 2337, 'spinDirection': 207}","{'aY': 32.083181259103284, 'aZ': -11.592275255683095, 'pfxX': -2.208294619427396, 'pfxZ': 10.177296355046273, 'pX': -0.00637325765926496, 'pZ': 2.5092797126186026, 'vX0': 3.8044477559936207, 'vY0': -141.28055749742006, 'vZ0': -6.948710104992652, 'x': 117.24, 'y': 171.03, 'x0': -1.0832932472672665, 'y0': 50.003036073165454, 'z0': 5.74522612305262, 'aX': -4.466262506924614}",Foul,88.8,6.7415838399853225,718758,605540,0.3876491440948775,Strikeout,97.1,1.78,3.79,Four-Seam Fastball,0.91,5
543333,"{'breakAngle': 28.8, 'breakLength': 2.4, 'breakY': 24.0, 'breakVertical': -10.3, 'breakVerticalInduced': 18.5, 'breakHorizontal': 5.5, 'spinRate': 2390, 'spinDirection': 203}","{'aY': 31.530732529697048, 'aZ': -10.314903999670454, 'pfxX': -3.782222614745109, 'pfxZ': 10.743381937009197, 'pX': 0.8406006312018754, 'pZ': 2.9823238949532622, 'vX0': 6.618840766895308, 'vY0': -141.55252453250066, 'vZ0': -5.790841677085995, 'x': 84.96, 'y': 158.26, 'x0': -1.0337745032302748, 'y0': 50.00161847008411, 'z0': 5.711329824343813, 'aX': -7.695339482339214}",Foul,89.1,6.866043423895662,718758,605540,0.38656492899958206,Strikeout,97.3,1.78,3.79,Four-Seam Fastball,0.91,12
543333,"{'breakAngle': 34.8, 'breakLength': 7.2, 'breakY': 24.0, 'breakVertical': -28.4, 'breakVerticalInduced': 8.4, 'breakHorizontal': 19.3, 'spinRate': 2055, 'spinDirection': 231}","{'aY': 26.744244675002168, 'aZ': -23.582236393290792, 'pfxX': -11.501609512006647, 'pfxZ': 5.398626035028529, 'pX': -0.21549440090786431, 'pZ': 1.0423195191203476, 'vX0': 6.128873762741053, 'vY0': -125.68753950171029, 'vZ0': -6.526830682745457, 'x': 125.21, 'y': 210.64, 'x0': -1.198112795010581, 'y0': 50.00276986199983, 'z0': 5.602227123808875, 'aX': -18.303423297858732}",Swinging Strike,79.1,6.8607894879072155,718758,605540,0.4366739264390671,Strikeout,86.5,1.78,3.79,Changeup,0.9,13
680911,"{'breakAngle': 12.0, 'breakLength': 9.6, 'breakY': 24.0, 'breakVertical': -41.5, 'breakVerticalInduced': 0.2, 'breakHorizontal': 9.1, 'spinRate': 2486, 'spinDirection': 310}","{'aY': 21.389516398965817, 'aZ': -31.89187802768002, 'pfxX': -4.682591001765058, 'pfxZ': 0.1973843119374319, 'pX': -0.12312862408969573, 'pZ': 2.515860240662923, 'vX0': -2.6751368849837527, 'vY0': -117.54151315652231, 'vZ0': -1.6330812798120522, 'x': 121.69, 'y': 170.85, 'x0': 1.6363120380344016, 'y0': 50.000272976551145, 'z0': 6.169070064876327, 'aX': -6.578706801707619}",Called Strike,74.7,6.250525843112733,718758,657006,0.4652202103912364,Groundout,80.7,1.36607771078651,3.00623773131908,Slider,2.0,5
680911,"{'breakAngle': 3.6, 'breakLength': 4.8, 'breakY': 24.0, 'breakVertical': -23.3, 'breakVerticalInduced': 9.8, 'breakHorizontal': 1.3, 'spinRate': 2363, 'spinDirection': 168}","{'aY': 27.67744515026504, 'aZ': -22.00121732988436, 'pfxX': 0.07239163749943867, 'pfxZ': 5.7352386603474805, 'pX': -1.0378924570881163, 'pZ': 2.960031127598042, 'vX0': -6.901941024937926, 'vY0': -132.19915802705304, 'vZ0': -3.7119491985270745, 'x': 156.56, 'y': 158.86, 'x0': 1.5951428930827372, 'y0': 50.00245757914442, 'z0': 5.993680998229018, 'aX': 0.13007770617971462}","In play, out(s)",83.5,6.5521884046167775,718758,657006,0.41402325051308075,Groundout,90.9,1.36,3.13,Four-Seam Fastball,2.0,11
686894,"{'breakAngle': 9.6, 'breakLength': 3.6, 'breakY': 24.0, 'breakVertical': -17.5, 'breakVerticalInduced': 15.5, 'breakHorizontal': 2.9, 'spinRate': 2560, 'spinDirection': 168}","{'aY': 29.681500447436296, 'aZ': -15.971547863990674, 'pfxX': -0.8696329414769457, 'pfxZ': 9.113761434581269, 'pX': -0.4050545470794497, 'pZ': 2.659130222679465, 'vX0': -5.491804759458021, 'vY0': -132.80069400030538, 'vZ0': -5.379448886858988, 'x': 132.44, 'y': 166.98, 'x0': 1.8066979357935338, 'y0': 50.003746691360924, 'z0': 5.881469373972935, 'aX': -1.544778337337012}","In play, no out",83.3,6.600312323016956,718758,657006,0.41319559237055925,Double,91.3,1.627,3.549,Four-Seam Fastball,2.0,4
670712,"{'breakAngle': 10.8, 'breakLength': 4.8, 'breakY': 24.0, 'breakVertical': -20.9, 'breakVerticalInduced': 12.5, 'breakHorizontal': 3.8, 'spinRate': 2338, 'spinDirection': 165}","{'aY': 30.746879589733243, 'aZ': -19.534921702501354, 'pfxX': -1.1736963355788887, 'pfxZ': 7.197109577220436, 'pX': -1.3400823895711216, 'pZ': 3.3456003818162827, 'vX0': -7.367914070916698, 'vY0': -132.33166622362444, 'vZ0': -3.2063641041060236, 'x': 168.08, 'y': 148.45, 'x0': 1.6438407832439834, 'y0': 50.00432668520511, 'z0': 6.020297488418962, 'aX': -2.0624238737992835}",Ball,82.7,6.59398870464428,718758,657006,0.4154200525756191,Lineout,91.0,1.49899227843564,3.26976258367281,Four-Seam Fastball,2.0,11
670712,"{'breakAngle': 20.4, 'breakLength': 10.8, 'breakY': 24.0, 'breakVertical': -45.5, 'breakVerticalInduced': -3.6, 'breakHorizontal': 16.7, 'spinRate': 2653, 'spinDirection': 309}","{'aY': 25.392655285932012, 'aZ': -35.44341764099018, 'pfxX': -9.158056634857143, 'pfxZ': -2.348206664355983, 'pX': 0.46998324360877713, 'pZ': 3.3830985256640593, 'vX0': -0.6855350366392429, 'vY0': -118.18424492021629, 'vZ0': 1.1858317534190246, 'x': 99.09, 'y': 147.44, 'x0': 1.9523235893108362, 'y0': 50.00033721417835, 'z0': 6.1647367769330295, 'aX': -12.775025958839013}",Called Strike,73.9,6.338366061068784,718758,657006,0.46590485513001934,Lineout,81.2,1.47661001425321,3.20653877254755,Slider,2.0,3
670712,"{'breakAngle': 24.0, 'breakLength': 10.8, 'breakY': 24.0, 'breakVertical': -41.3, 'breakVerticalInduced': -0.8, 'breakHorizontal': 18.7, 'spinRate': 2749, 'spinDirection': 310}","{'aY': 27.740458422902034, 'aZ': -32.620203025709756, 'pfxX': -9.67032547416358, 'pfxZ': -0.305788913012341, 'pX': -1.4866638777431287, 'pZ': 2.30068626599347, 'vX0': -4.518104960314591, 'vY0': -120.57865640967066, 'vZ0': -2.089582418471316, 'x': 173.67, 'y': 176.66, 'x0': 1.6795785071699147, 'y0': 50.00565932025037, 'z0': 6.112011727787277, 'aX': -13.960611724426782}","In play, out(s)",75.3,6.25893814151635,718758,657006,0.45771206152266863,Lineout,82.9,1.48,3.27,Slider,2.0,13
642715,"{'breakAngle': 22.8, 'breakLength': 10.8, 'breakY': 24.0, 'breakVertical': -42.2, 'breakVerticalInduced': -1.3, 'breakHorizontal': 17.4, 'spinRate': 2803, 'spinDirection': 314}","{'aY': 26.21357510171516, 'aZ': -33.07173133447424, 'pfxX': -9.519007755405607, 'pfxZ': -0.6260725134379932, 'pX': 0.4251332701108881, 'pZ': 2.342687191323903, 'vX0': -0.8827217454639078, 'vY0': -119.59405014138454, 'vZ0': -1.8030932396987225, 'x': 100.79, 'y': 175.53, 'x0': 2.0351398510489656, 'y0': 50.00528664707153, 'z0': 6.114086224019581, 'aX': -13.587981522962107}",Called Strike,74.9,6.139334859474488,718758,657006,0.4605913589577453,Groundout,82.2,1.69847357345868,3.3997627277456,Slider,2.0,6
642715,"{'breakAngle': 7.2, 'breakLength': 3.6, 'breakY': 24.0, 'breakVertical': -17.8, 'breakVerticalInduced': 13.7, 'breakHorizontal': 2.3, 'spinRate': 2602, 'spinDirection': 168}","{'aY': 25.489357840496094, 'aZ': -17.44575353595442, 'pfxX': -0.547173085068263, 'pfxZ': 7.855165703468815, 'pX': -0.8807343160359119, 'pZ': 3.0582823515232556, 'vX0': -6.811537720441267, 'vY0': -135.08760283738224, 'vZ0': -4.284758076887044, 'x': 150.57, 'y': 156.21, 'x0': 1.7295226965111925, 'y0': 50.00098179012012, 'z0': 5.867540936876749, 'aX': -1.0239741265638738}",Foul,86.1,6.660900552710293,718758,657006,0.403267003044816,Groundout,92.8,1.68,3.4,Four-Seam Fastball,2.0,11
642715,"{'breakAngle': 21.6, 'breakLength': 10.8, 'breakY': 24.0, 'breakVertical': -43.4, 'breakVerticalInduced': -4.2, 'breakHorizontal': 17.5, 'spinRate': 2535, 'spinDirection': 312}","{'aY': 21.11930483264997, 'aZ': -35.526614193492385, 'pfxX': -9.501203024680912, 'pfxZ': -2.226776929698648, 'pX': -0.0055241162415337434, 'pZ': 2.145175602710963, 'vX0': -1.3673686502104447, 'vY0': -121.08853901589227, 'vZ0': -2.0315530299128284, 'x': 117.21, 'y': 180.86, 'x0': 1.8008149535873632, 'y0': 50.005697108805045, 'z0': 6.070120719781548, 'aX': -14.272637384880026}","In play, out(s)",77.6,6.447975459728701,718758,657006,0.4503846102398059,Groundout,83.1,1.68,3.4,Slider,2.0,8
663611,"{'breakAngle': 31.2, 'breakLength': 4.8, 'breakY': 24.0, 'breakVertical': -18.4, 'breakVerticalInduced': 11.9, 'breakHorizontal': 11.0, 'spinRate': 2301, 'spinDirection': 210}","{'aY': 26.71597915118412, 'aZ': -18.372834461808875, 'pfxX': -6.483617060761167, 'pfxZ': 7.10357076338929, 'pX': -0.6398678334097514, 'pZ': 2.048212067798168, 'vX0': 4.0306659205121615, 'vY0': -137.61779671480576, 'vZ0': -6.5318241531496914, 'x': 141.39, 'y': 183.48, 'x0': -1.270989371086976, 'y0': 50.00679460438376, 'z0': 5.670255000120121, 'aX': -12.605323288344167}","In play, out(s)",87.6,6.663389876080001,718758,605540,0.39598687204213157,Groundout,94.5,1.31,2.97,Sinker,2.0,4
571466,"{'breakAngle': 13.2, 'breakLength': 2.4, 'breakY': 24.0, 'breakVertical': -12.4, 'breakVerticalInduced': 17.3, 'breakHorizontal': 3.0, 'spinRate': 2317, 'spinDirection': 203}","{'aY': 30.115442338819545, 'aZ': -12.17368562415515, 'pfxX': -2.0236279533432078, 'pfxZ': 10.090527487367018, 'pX': -0.20914960791982773, 'pZ': 2.6938319885836175, 'vX0': 3.6343964460793594, 'vY0': -139.59071390661367, 'vZ0': -6.2737218832979975, 'x': 124.97, 'y': 166.05, 'x0': -1.2624683305859568, 'y0': 50.00362551078447, 'z0': 5.764804030734145, 'aX': -4.011653072834529}",Called Strike,88.1,6.799755426411909,718758,605540,0.3917204672565826,Strikeout,95.9,1.49899227843564,3.08976237906169,Four-Seam Fastball,0.9,2
571466,"{'breakAngle': 34.8, 'breakLength': 2.4, 'breakY': 24.0, 'breakVertical': -8.6, 'breakVerticalInduced': 21.0, 'breakHorizontal': 6.1, 'spinRate': 2442, 'spinDirection': 207}","{'aY': 34.0336309778237, 'aZ': -7.174864880038076, 'pfxX': -3.8717674623198413, 'pfxZ': 12.70199008217385, 'pX': -0.25194105314178256, 'pZ': 1.7913034506128735, 'vX0': 3.9660439831944094, 'vY0': -139.98571435308438, 'vZ0': -9.334715441400459, 'x': 126.6, 'y': 190.41, 'x0': -1.189706342879493, 'y0': 50.00377772569058, 'z0': 5.6537817405326685, 'aX': -7.621176232022601}",Swinging Strike,87.4,6.769757479698841,718758,605540,0.392511771540061,Strikeout,96.4,1.43,3.09,Four-Seam Fastball,0.91,8
571466,"{'breakAngle': 34.8, 'breakLength': 7.2, 'breakY': 24.0, 'breakVertical': -26.9, 'breakVerticalInduced': 8.5, 'breakHorizontal': 18.4, 'spinRate': 2024, 'spinDirection': 229}","{'aY': 23.939420827805126, 'aZ': -22.897285385666954, 'pfxX': -10.70384416470452, 'pfxZ': 5.593133132851053, 'pX': -0.48173968622045926, 'pZ': 0.10871878556494245, 'vX0': 5.14668824470739, 'vY0': -127.42545582219417, 'vZ0': -8.922446264006446, 'x': 135.36, 'y': 235.84, 'x0': -1.1270128589232975, 'y0': 50.00598487249776, 'z0': 5.437800982920751, 'aX': -17.766713721980828}",Ball,81.4,6.918428440263849,718758,605540,0.4283494179947809,Strikeout,87.7,1.38822615046094,3.02848569826763,Changeup,0.9,13
571466,"{'breakAngle': 18.0, 'breakLength': 3.6, 'breakY': 24.0, 'breakVertical': -13.1, 'breakVerticalInduced': 15.8, 'breakHorizontal': 4.3, 'spinRate': 2309, 'spinDirection': 205}","{'aY': 30.41186765949113, 'aZ': -13.296352248659808, 'pfxX': -2.9098521417849237, 'pfxZ': 9.272509259465156, 'pX': 0.23950779307732506, 'pZ': 2.713918749844105, 'vX0': 4.938809874486991, 'vY0': -141.3428891884791, 'vZ0': -6.032608089638829, 'x': 107.87, 'y': 165.5, 'x0': -1.1475964265401075, 'y0': 50.00019075979573, 'z0': 5.72009818782115, 'aX': -5.9227765541495865}",Foul,89.3,6.694564040266062,718758,605540,0.38663609315057146,Strikeout,97.1,1.43,3.09,Four-Seam Fastball,0.9,2
571466,"{'breakAngle': 4.8, 'breakLength': 9.6, 'breakY': 24.0, 'breakVertical': -45.6, 'breakVerticalInduced': -8.5, 'breakHorizontal': -3.6, 'spinRate': 2519, 'spinDirection': 30}","{'aY': 24.13745246868168, 'aZ': -38.90805457440848, 'pfxX': 1.5069116924268013, 'pfxZ': -4.245085331363618, 'pX': 0.5796445451227166, 'pZ': 0.5697261396957012, 'vX0': 3.7671027094189706, 'vY0': -124.8434043459939, 'vZ0': -4.854656041466985, 'x': 94.91, 'y': 223.4, 'x0': -1.142191670681854, 'y0': 50.00613425720117, 'z0': 5.727560629620503, 'aX': 2.388130939221149}",Ball,79.8,6.674452752252679,718758,605540,0.4380240459394251,Strikeout,85.7,1.43252779900237,3.08976237906169,Curveball,0.92,14
571466,"{'breakAngle': 25.2, 'breakLength': 2.4, 'breakY': 24.0, 'breakVertical': -11.3, 'breakVerticalInduced': 18.5, 'breakHorizontal': 5.3, 'spinRate': 2260, 'spinDirection': 202}","{'aY': 32.120417222066706, 'aZ': -10.583455010652525, 'pfxX': -3.3023036462820388, 'pfxZ': 10.938368027853384, 'pX': -0.2951296973508006, 'pZ': 2.3836030669616326, 'vX0': 3.3272667413241166, 'vY0': -139.7492133884353, 'vZ0': -7.263950834704563, 'x': 128.25, 'y': 174.42, 'x0': -1.0733378922108399, 'y0': 50.003926830735715, 'z0': 5.715503372016603, 'aX': -6.51860397069637}",Foul,87.7,6.711141101397588,718758,605540,0.3922616485993804,Strikeout,96.1,1.43,3.09,Four-Seam Fastball,0.91,4
571466,"{'breakAngle': 31.2, 'breakLength': 7.2, 'breakY': 24.0, 'breakVertical': -29.3, 'breakVerticalInduced': 8.6, 'breakHorizontal': 17.4, 'spinRate': 2001, 'spinDirection': 229}","{'aY': 24.273495479474374, 'aZ': -24.930262694197303, 'pfxX': -10.106555197958343, 'pfxZ': 4.692842527749317, 'pX': -0.8502119097233428, 'pZ': 3.4751496850056833, 'vX0': 4.118792508510103, 'vY0': -123.40926033449833, 'vZ0': -0.3733578739343387, 'x': 149.41, 'y': 144.95, 'x0': -1.2265291693569251, 'y0': 50.00494021468032, 'z0': 5.726099518765509, 'aX': -15.610000218843545}",Ball,77.7,6.705129498937472,718758,605540,0.4436230633486429,Strikeout,84.8,1.47683584363857,3.08976237906169,Changeup,0.91,11
571466,"{'breakAngle': 12.0, 'breakLength': 3.6, 'breakY': 24.0, 'breakVertical': -13.4, 'breakVerticalInduced': 16.4, 'breakHorizontal': 2.8, 'spinRate': 2223, 'spinDirection': 202}","{'aY': 30.653702479734797, 'aZ': -12.68550332113177, 'pfxX': -2.1994296283357557, 'pfxZ': 9.947391359738367, 'pX': 0.9310424924286239, 'pZ': 1.7506743800730353, 'vX0': 6.135095946231266, 'vY0': -138.97287442006782, 'vZ0': -8.28571553196383, 'x': 81.51, 'y': 191.51, 'x0': -1.0178389290123764, 'y0': 50.00609153552506, 'z0': 5.610375943710796, 'aX': -4.311158094665426}",Swinging Strike,87.6,6.760434728718394,718758,605540,0.39387233192484894,Strikeout,95.6,1.43,3.09,Four-Seam Fastball,0.88,14
663538,"{'breakAngle': 19.2, 'breakLength': 3.6, 'breakY': 24.0, 'breakVertical': -13.0, 'breakVerticalInduced': 16.1, 'breakHorizontal': 4.4, 'spinRate': 2263, 'spinDirection': 205}","{'aY': 31.042183050308893, 'aZ': -13.19604074746801, 'pfxX': -3.185367102330499, 'pfxZ': 9.399723439285573, 'pX': 0.965832542630338, 'pZ': 2.8482405153027663, 'vX0': 6.707524152969031, 'vY0': -140.95721192318672, 'vZ0': -5.575522283808498, 'x': 80.18, 'y': 161.88, 'x0': -1.0272094232781712, 'y0': 50.00475836049648, 'z0': 5.698954389577078, 'aX': -6.433357024438853}",Ball,88.8,6.778836060629971,718758,605540,0.3880935032631463,Flyout,96.9,1.49899227843564,3.0952410971542,Four-Seam Fastball,2.0,12
663538,"{'breakAngle': 30.0, 'breakLength': 2.4, 'breakY': 24.0, 'breakVertical': -11.3, 'breakVerticalInduced': 18.5, 'breakHorizontal': 6.6, 'spinRate': 2326, 'spinDirection': 202}","{'aY': 30.42383358641056, 'aZ': -11.351037760239354, 'pfxX': -4.027185479717239, 'pfxZ': 10.55876625108387, 'pX': -0.29476252436432016, 'pZ': 3.42399559969188, 'vX0': 3.784601713520871, 'vY0': -139.332534539959, 'vZ0': -4.177547532145533, 'x': 128.24, 'y': 146.33, 'x0': -1.1454635769142931, 'y0': 50.00209696629711, 'z0': 5.689052055538691, 'aX': -7.941790344880636}",Called Strike,87.7,6.719848509242645,718758,605540,0.3926477623528619,Flyout,95.7,1.47683584363857,3.02848569826763,Four-Seam Fastball,2.0,11
663538,"{'breakAngle': 21.6, 'breakLength': 3.6, 'breakY': 24.0, 'breakVertical': -13.3, 'breakVerticalInduced': 16.1, 'breakHorizontal': 5.0, 'spinRate': 2344, 'spinDirection': 202}","{'aY': 28.22681450857627, 'aZ': -13.545201467099902, 'pfxX': -3.279223767229605, 'pfxZ': 9.285330060077788, 'pX': 0.17301290522879648, 'pZ': 2.850185966916972, 'vX0': 4.881694332154487, 'vY0': -139.9613096940058, 'vZ0': -5.42968228288174, 'x': 110.41, 'y': 161.82, 'x0': -1.1586543351872165, 'y0': 50.00597032564784, 'z0': 5.685019864080002, 'aX': -6.581543640596004}",Foul,88.8,6.835097226592951,718758,605540,0.3896548947363878,Flyout,96.1,1.54,3.18,Four-Seam Fastball,2.0,2
663538,"{'breakAngle': 31.2, 'breakLength': 4.8, 'breakY': 24.0, 'breakVertical': -17.6, 'breakVerticalInduced': 11.5, 'breakHorizontal': 10.4, 'spinRate': 2340, 'spinDirection': 207}","{'aY': 28.525688810812337, 'aZ': -18.50904533894732, 'pfxX': -6.191233238078756, 'pfxZ': 6.7720443719017585, 'pX': -0.4729578595156035, 'pZ': 2.587476828970407, 'vX0': 4.285619379859985, 'vY0': -140.38535049161652, 'vZ0': -5.103502002315929, 'x': 135.03, 'y': 168.92, 'x0': -1.2065039235569959, 'y0': 50.00240338065034, 'z0': 5.614583081751039, 'aX': -12.492583907752344}",Foul,89.1,6.668125882618825,718758,605540,0.388548357521179,Flyout,96.4,1.54,3.18,Sinker,2.0,4
663538,"{'breakAngle': 32.4, 'breakLength': 6.0, 'breakY': 24.0, 'breakVertical': -25.0, 'breakVerticalInduced': 9.8, 'breakHorizontal': 15.7, 'spinRate': 2053, 'spinDirection': 227}","{'aY': 24.533478171915505, 'aZ': -22.269880067224893, 'pfxX': -9.266868958844544, 'pfxZ': 5.865486963114542, 'pX': -0.32000661616919057, 'pZ': 2.090810077901572, 'vX0': 5.225161642185572, 'vY0': -128.56123038925108, 'vZ0': -4.717197196787543, 'x': 129.2, 'y': 182.33, 'x0': -1.165959616338174, 'y0': 50.000260605641984, 'z0': 5.659156238523852, 'aX': -15.641512144971234}","In play, out(s)",81.6,6.800329206462587,718758,605540,0.4246582430439001,Flyout,88.3,1.54,3.18,Changeup,2.0,7
592885,"{'breakAngle': 6.0, 'breakLength': 4.8, 'breakY': 24.0, 'breakVertical': -23.4, 'breakVerticalInduced': 8.8, 'breakHorizontal': 2.5, 'spinRate': 2385, 'spinDirection': 168}","{'aY': 26.907952445818093, 'aZ': -22.475522396779443, 'pfxX': -0.6739719211953936, 'pfxZ': 5.322628589447901, 'pX': -0.9379351799463673, 'pZ': 2.3309326244745097, 'vX0': -6.574102813151105, 'vY0': -133.6704653441665, 'vZ0': -5.234132196995097, 'x': 152.75, 'y': 175.84, 'x0': 1.6337969629969817, 'y0': 50.00483578238136, 'z0': 5.913041084519839, 'aX': -1.2268953646323384}",Called Strike,84.9,6.648707087235227,718758,657006,0.40867015706454657,Strikeout,91.9,1.60979880096951,3.20653877254755,Four-Seam Fastball,2.0,13
592885,"{'breakAngle': 20.4, 'breakLength': 8.4, 'breakY': 24.0, 'breakVertical': -36.7, 'breakVerticalInduced': 1.9, 'breakHorizontal': 13.3, 'spinRate': 2452, 'spinDirection': 294}","{'aY': 22.369430390850162, 'aZ': -30.276030036745755, 'pfxX': -7.0339641886626385, 'pfxZ': 1.248929551015511, 'pX': -0.3541966464569835, 'pZ': 2.3311714339393186, 'vX0': -2.4900211961703533, 'vY0': -122.17499465929164, 'vZ0': -2.8422090199712446, 'x': 130.5, 'y': 175.84, 'x0': 1.5900998664918427, 'y0': 50.00444116902739, 'z0': 6.091661234904556, 'aX': -10.714836512699069}",Foul,77.8,6.1793278725948015,718758,657006,0.4470280714868675,Strikeout,83.8,1.64,3.26,Slider,2.0,4
592885,"{'breakAngle': 19.2, 'breakLength': 9.6, 'breakY': 24.0, 'breakVertical': -39.5, 'breakVerticalInduced': 0.1, 'breakHorizontal': 13.8, 'spinRate': 2418, 'spinDirection': 320}","{'aY': 24.177308291001427, 'aZ': -31.56962129463509, 'pfxX': -7.3440488640274255, 'pfxZ': 0.4103553684367336, 'pX': -0.37288068145785286, 'pZ': 1.8190160179893617, 'vX0': -2.279035107854422, 'vY0': -121.04408870564194, 'vZ0': -3.5863597937209826, 'x': 131.21, 'y': 189.67, 'x0': 1.535700785993467, 'y0': 50.00460549475612, 'z0': 6.0913605091533345, 'aX': -10.87097229540859}",Foul,76.6,6.282013963070061,718758,657006,0.45293848872281117,Strikeout,83.1,1.64,3.26,Slider,2.0,7
592885,"{'breakAngle': 18.0, 'breakLength': 9.6, 'breakY': 24.0, 'breakVertical': -39.2, 'breakVerticalInduced': -1.1, 'breakHorizontal': 12.5, 'spinRate': 2720, 'spinDirection': 313}","{'aY': 26.758246221150657, 'aZ': -32.38436176664689, 'pfxX': -6.333847691655496, 'pfxZ': -0.14077110835544637, 'pX': -1.0809255842860461, 'pZ': 1.4406359142178027, 'vX0': -3.9463743207446313, 'vY0': -123.67436679654975, 'vZ0': -4.246252644302638, 'x': 158.2, 'y': 199.88, 'x0': 1.3630145894029493, 'y0': 50.00104472116521, 'z0': 5.923302012375687, 'aX': -9.719838279937179}",Swinging Strike,77.9,6.462932100317903,718758,657006,0.4444349407593755,Strikeout,85.0,1.64,3.26,Slider,2.0,13
661388,"{'breakAngle': 20.4, 'breakLength': 9.6, 'breakY': 24.0, 'breakVertical': -37.7, 'breakVerticalInduced': 1.3, 'breakHorizontal': 14.4, 'spinRate': 2718, 'spinDirection': 305}","{'aY': 25.07861875373026, 'aZ': -30.613301121127826, 'pfxX': -7.357213974508172, 'pfxZ': 1.0357070453655934, 'pX': -1.113738109880762, 'pZ': 1.9414591534704146, 'vX0': -4.316683117273891, 'vY0': -122.20582979455628, 'vZ0': -3.45642588859618, 'x': 159.45, 'y': 186.36, 'x0': 1.6338876433000509, 'y0': 50.002048459038605, 'z0': 6.016142074378854, 'aX': -11.077515902851585}",Ball,77.3,6.293702116013324,718758,657006,0.448965473279177,Groundout,84.0,1.69847357345868,3.489763150874,Slider,2.0,13
661388,"{'breakAngle': 3.6, 'breakLength': 4.8, 'breakY': 24.0, 'breakVertical': -22.9, 'breakVerticalInduced': 9.2, 'breakHorizontal': 1.6, 'spinRate': 2396, 'spinDirection': 163}","{'aY': 25.21503345664555, 'aZ': -22.001702746689812, 'pfxX': -0.2551538020452555, 'pfxZ': 5.563314699783831, 'pX': -0.505307602882178, 'pZ': 2.246964594454488, 'vX0': -5.690608900799619, 'vY0': -133.49805061745676, 'vZ0': -5.335573273572866, 'x': 136.26, 'y': 178.11, 'x0': 1.6755033040329375, 'y0': 50.00257690797775, 'z0': 5.827236544283188, 'aX': -0.4663289853282262}",Foul,85.1,6.586170181427165,718758,657006,0.4082446662433168,Groundout,91.7,1.68,3.49,Four-Seam Fastball,2.0,7
661388,"{'breakAngle': 16.8, 'breakLength': 9.6, 'breakY': 24.0, 'breakVertical': -40.0, 'breakVerticalInduced': -1.0, 'breakHorizontal': 12.2, 'spinRate': 2377, 'spinDirection': 305}","{'aY': 22.251345491893865, 'aZ': -32.890028481704626, 'pfxX': -6.388225721431413, 'pfxZ': -0.47296736870152856, 'pX': -0.31557608565849465, 'pZ': 2.6179989434256354, 'vX0': -2.9937177108557633, 'vY0': -121.45076621048496, 'vZ0': -1.382211278273782, 'x': 129.03, 'y': 168.09, 'x0': 1.7605230175682094, 'y0': 50.004364690515104, 'z0': 6.0369752250437205, 'aX': -9.609891449530712}","In play, out(s)",77.3,6.2465146990704215,718758,657006,0.4498043744435498,Groundout,83.3,1.68,3.49,Slider,2.0,4
572228,"{'breakAngle': 26.4, 'breakLength': 12.0, 'breakY': 24.0, 'breakVertical': -45.8, 'breakVerticalInduced': -3.6, 'breakHorizontal': 22.7, 'spinRate': 2469, 'spinDirection': 309}","{'aY': 27.1537423890563, 'aZ': -35.48812649329985, 'pfxX': -12.69680487161174, 'pfxZ': -2.4015523247498223, 'pX': 0.4663971997116642, 'pZ': 3.443376238992667, 'vX0': 0.4544748012117462, 'vY0': -118.11230747967763, 'vZ0': 1.1499607513305712, 'x': 99.22, 'y': 145.81, 'x0': 1.9128452497457573, 'y0': 50.00134023956457, 'z0': 6.270497944054277, 'aX': -17.538299522663745}",Called Strike,73.3,6.206807623214723,718758,657006,0.46773830745631173,Strikeout,81.2,1.58763423132916,3.27334084176717,Slider,2.0,3
572228,"{'breakAngle': 10.8, 'breakLength': 7.2, 'breakY': 24.0, 'breakVertical': -31.1, 'breakVerticalInduced': 5.4, 'breakHorizontal': -5.8, 'spinRate': 1402, 'spinDirection': 146}","{'aY': 28.91278546992546, 'aZ': -26.10121127587122, 'pfxX': 3.819536150050995, 'pfxZ': 3.7865344194272863, 'pX': 0.5787755868047579, 'pZ': 1.1073697873769577, 'vX0': -4.232037564377011, 'vY0': -126.63794450416135, 'vZ0': -6.580765163560578, 'x': 94.94, 'y': 208.88, 'x0': 1.7853725838517949, 'y0': 50.002658599369, 'z0': 5.863724798203817, 'aX': 6.125455988174597}",Ball,79.3,6.508204175881199,718758,657006,0.4346216798350149,Strikeout,87.1,1.72064641816556,3.45976342360823,Changeup,2.0,14
572228,"{'breakAngle': 4.8, 'breakLength': 6.0, 'breakY': 24.0, 'breakVertical': -25.9, 'breakVerticalInduced': 6.8, 'breakHorizontal': 2.4, 'spinRate': 2305, 'spinDirection': 176}","{'aY': 32.65782558166699, 'aZ': -25.396964824679372, 'pfxX': -0.9098982659759387, 'pfxZ': 3.8023233020930807, 'pX': 0.6337780069659934, 'pZ': 3.8121313710322027, 'vX0': -3.1824023621575757, 'vY0': -133.61636384749954, 'vZ0': -0.854837172809264, 'x': 92.84, 'y': 135.85, 'x0': 1.9654475652636023, 'y0': 50.002870027502944, 'z0': 5.9852591972595, 'aX': -1.6206823630596725}",Swinging Strike,83.0,6.4072549296619945,718758,657006,0.41220987147846344,Strikeout,91.8,1.67,3.46,Four-Seam Fastball,2.0,12
572228,"{'breakAngle': 13.2, 'breakLength': 9.6, 'breakY': 24.0, 'breakVertical': -40.8, 'breakVerticalInduced': -1.9, 'breakHorizontal': 10.1, 'spinRate': 2707, 'spinDirection': 319}","{'aY': 23.23069362617233, 'aZ': -33.157713902328574, 'pfxX': -5.242362745390645, 'pfxZ': -0.6547413104512696, 'pX': 0.033263464865183875, 'pZ': 1.3089936097244241, 'vX0': -2.305772734759645, 'vY0': -121.83849405431182, 'vZ0': -4.366264441637935, 'x': 115.73, 'y': 203.44, 'x0': 1.6719838441155637, 'y0': 50.001523249536426, 'z0': 5.979819803254775, 'aX': -7.905054147802709}",Swinging Strike (Blocked),77.6,6.20216077824922,718758,657006,0.4490043525159635,Strikeout,83.6,1.67,3.46,Slider,2.0,13
621020,"{'breakAngle': 2.4, 'breakLength': 9.6, 'breakY': 24.0, 'breakVertical': -42.7, 'breakVerticalInduced': -4.0, 'breakHorizontal': -2.2, 'spinRate': 2516, 'spinDirection': 42}","{'aY': 23.03452516481378, 'aZ': -35.62709663165935, 'pfxX': 1.0654653230275177, 'pfxZ': -2.281503235737514, 'pX': -0.6210001952190326, 'pZ': 2.7705009009851427, 'vX0': 1.170922846997971, 'vY0': -122.03937951442552, 'vZ0': -0.2217432849659553, 'x': 140.67, 'y': 163.98, 'x0': -1.2446211368813944, 'y0': 50.00097056466993, 'z0': 5.9198913021497885, 'aX': 1.6138910239444317}",Called Strike,77.4,6.663587207301504,718758,605540,0.448052812029784,Double,83.7,1.60979880096951,3.49976342472002,Curveball,2.0,4
621020,"{'breakAngle': 6.0, 'breakLength': 7.2, 'breakY': 24.0, 'breakVertical': -29.9, 'breakVerticalInduced': 4.6, 'breakHorizontal': -3.1, 'spinRate': 2375, 'spinDirection': 175}","{'aY': 21.668023886943498, 'aZ': -27.327444497283462, 'pfxX': 1.4085399870243553, 'pfxZ': 2.8234901777822277, 'pX': 0.053659326490102834, 'pZ': 1.8692244123070456, 'vX0': 2.7904463282022625, 'vY0': -128.81758005508428, 'vZ0': -4.5023126932052895, 'x': 114.95, 'y': 188.31, 'x0': -1.2180349210485315, 'y0': 50.00134552723161, 'z0': 5.702631000133114, 'aX': 2.4140253788913184}",Called Strike,82.8,6.601717812733315,718758,605540,0.4219580323208403,Double,88.4,1.63196501438529,3.49976342472002,Slider,2.0,8
621020,"{'breakAngle': 33.6, 'breakLength': 4.8, 'breakY': 24.0, 'breakVertical': -17.2, 'breakVerticalInduced': 12.6, 'breakHorizontal': 11.5, 'spinRate': 2262, 'spinDirection': 214}","{'aY': 28.38578598473981, 'aZ': -17.468345711153834, 'pfxX': -6.578833692123763, 'pfxZ': 7.429453836751463, 'pX': -1.2420665666755573, 'pZ': 2.2725700359468712, 'vX0': 2.5190424143694123, 'vY0': -139.1340654659849, 'vZ0': -6.006789426262353, 'x': 164.34, 'y': 177.42, 'x0': -1.2993534735718726, 'y0': 50.00419612650143, 'z0': 5.599180651372924, 'aX': -13.024037810276639}",Foul,88.3,6.736835756850662,718758,605540,0.3922309207461856,Double,95.5,1.65,3.5,Sinker,2.0,13
621020,"{'breakAngle': 36.0, 'breakLength': 4.8, 'breakY': 24.0, 'breakVertical': -19.1, 'breakVerticalInduced': 10.4, 'breakHorizontal': 13.7, 'spinRate': 2252, 'spinDirection': 213}","{'aY': 31.015762718574685, 'aZ': -19.783841276089973, 'pfxX': -7.781868949500245, 'pfxZ': 6.231086549224635, 'pX': -1.3510262121597039, 'pZ': 2.538009227701788, 'vX0': 2.370891773747169, 'vY0': -139.9780245661885, 'vZ0': -5.132312690938849, 'x': 168.5, 'y': 170.25, 'x0': -1.1969131516693512, 'y0': 50.003811371436946, 'z0': 5.687074620942598, 'aX': -15.472948652414125}",Ball,88.2,6.801093125099017,718758,605540,0.3910001774633125,Double,96.1,1.69847357345868,3.49976342472002,Sinker,2.0,13
621020,"{'breakAngle': 32.4, 'breakLength': 3.6, 'breakY': 24.0, 'breakVertical': -12.5, 'breakVerticalInduced': 16.9, 'breakHorizontal': 7.8, 'spinRate': 2361, 'spinDirection': 205}","{'aY': 30.86131005682512, 'aZ': -12.516321904512802, 'pfxX': -4.906878665952659, 'pfxZ': 9.877477047567423, 'pX': 0.36772254071322297, 'pZ': 2.8804897399606184, 'vX0': 5.669079194825547, 'vY0': -140.007995979217, 'vZ0': -5.4409856697851, 'x': 102.98, 'y': 161.01, 'x0': -1.043409821453456, 'y0': 50.00470942884692, 'z0': 5.6644798999541806, 'aX': -9.767643169887803}","In play, no out",88.1,6.740757212998252,718758,605540,0.3908393347442609,Double,96.2,1.65,3.5,Four-Seam Fastball,2.0,6
664023,"{'breakAngle': 22.8, 'breakLength': 3.6, 'breakY': 24.0, 'breakVertical': -12.5, 'breakVerticalInduced': 17.2, 'breakHorizontal': 5.2, 'spinRate': 2304, 'spinDirection': 208}","{'aY': 29.348213562530795, 'aZ': -11.992780066669875, 'pfxX': -3.190483080892518, 'pfxZ': 10.15943204235618, 'pX': -0.32192079513175575, 'pZ': 2.0006949325515935, 'vX0': 3.58083879871102, 'vY0': -139.5692004122467, 'vZ0': -7.763904858191714, 'x': 129.27, 'y': 184.76, 'x0': -1.202764654729953, 'y0': 50.003909126422634, 'z0': 5.595558095900267, 'aX': -6.338964705764403}",Called Strike,88.3,6.7309972719698825,718758,605540,0.3913893173227505,Strikeout,95.9,1.69847357345868,3.56302411495038,Four-Seam Fastball,0.9,7
664023,"{'breakAngle': 33.6, 'breakLength': 7.2, 'breakY': 24.0, 'breakVertical': -27.0, 'breakVerticalInduced': 9.6, 'breakHorizontal': 17.5, 'spinRate': 2009, 'spinDirection': 229}","{'aY': 24.00595803533871, 'aZ': -23.03230498529985, 'pfxX': -10.195801152429826, 'pfxZ': 5.690734501533266, 'pX': -0.6726995591232029, 'pZ': 2.1681771739125746, 'vX0': 4.4278665347053074, 'vY0': -125.56322970396147, 'vZ0': -4.23810981691012, 'x': 142.64, 'y': 180.24, 'x0': -1.128651429849131, 'y0': 50.00191944465182, 'z0': 5.738483344588425, 'aX': -16.376381706272337}",Swinging Strike,79.6,6.785666259070698,718758,605540,0.4352200438106877,Strikeout,86.2,1.64,3.47,Changeup,0.9,7
664023,"{'breakAngle': 27.6, 'breakLength': 3.6, 'breakY': 24.0, 'breakVertical': -12.6, 'breakVerticalInduced': 16.3, 'breakHorizontal': 6.6, 'spinRate': 2381, 'spinDirection': 207}","{'aY': 31.19892723781578, 'aZ': -13.284252468811996, 'pfxX': -3.9932521217420502, 'pfxZ': 9.292907872982456, 'pX': -0.6985499166465755, 'pZ': 3.5058619803686977, 'vX0': 3.0640293074829197, 'vY0': -141.43077756945567, 'vZ0': -3.8900292622117987, 'x': 143.63, 'y': 144.12, 'x0': -1.2752234914762453, 'y0': 50.00618153208979, 'z0': 5.746762649425363, 'aX': -8.119666039282151}",Ball,89.0,6.739555079339279,718758,605540,0.3867756455542817,Strikeout,97.1,1.60979880096951,3.46976315083101,Four-Seam Fastball,0.91,1
664023,"{'breakAngle': 32.4, 'breakLength': 3.6, 'breakY': 24.0, 'breakVertical': -12.0, 'breakVerticalInduced': 17.2, 'breakHorizontal': 7.6, 'spinRate': 2307, 'spinDirection': 205}","{'aY': 29.843008662382317, 'aZ': -12.56092821691318, 'pfxX': -4.584163373784552, 'pfxZ': 9.71171063972674, 'pX': -0.21707911191194962, 'pZ': 3.6657696852004085, 'vX0': 4.204108612967786, 'vY0': -140.73200286985735, 'vZ0': -3.5439767511043363, 'x': 125.27, 'y': 139.8, 'x0': -1.1296150375166794, 'y0': 50.00553416061947, 'z0': 5.746620250996112, 'aX': -9.26116566372232}",Foul,88.8,6.771645841521869,718758,605540,0.3881640301673879,Strikeout,96.6,1.64,3.47,Four-Seam Fastball,0.9,11
664023,"{'breakAngle': 26.4, 'breakLength': 7.2, 'breakY': 24.0, 'breakVertical': -29.2, 'breakVerticalInduced': 7.0, 'breakHorizontal': 14.4, 'spinRate': 2106, 'spinDirection': 225}","{'aY': 26.248285655959656, 'aZ': -24.990637214073818, 'pfxX': -8.575857324949478, 'pfxZ': 4.419165732407664, 'pX': -0.20442915057333844, 'pZ': 1.4220206941054123, 'vX0': 4.904317730520639, 'vY0': -126.813276109887, 'vZ0': -5.6731431248597195, 'x': 124.79, 'y': 200.39, 'x0': -1.0504683578731953, 'y0': 50.00596658935118, 'z0': 5.685229812272606, 'aX': -13.951976611629815}",Swinging Strike,80.0,6.86892597128002,718758,605540,0.43214173446796167,Strikeout,87.2,1.64,3.47,Changeup,0.88,13
641355,"{'breakAngle': 31.2, 'breakLength': 2.4, 'breakY': 24.0, 'breakVertical': -10.4, 'breakVerticalInduced': 19.7, 'breakHorizontal': 6.2, 'spinRate': 2309, 'spinDirection': 205}","{'aY': 31.710583936812068, 'aZ': -10.16119803901933, 'pfxX': -4.062819363516294, 'pfxZ': 11.32175849062252, 'pX': 0.3101071430803793, 'pZ': 3.3037108591025013, 'vX0': 5.108713890603054, 'vY0': -138.72592419475893, 'vZ0': -4.6627543939965275, 'x': 105.18, 'y': 149.58, 'x0': -1.0294931176053537, 'y0': 50.005646145549136, 'z0': 5.686705097844877, 'aX': -7.901813672153856}",Swinging Strike,86.9,6.728968949545026,718758,605540,0.3951727031810526,Strikeout,95.3,1.75,3.82,Four-Seam Fastball,0.91,3
641355,"{'breakAngle': 31.2, 'breakLength': 7.2, 'breakY': 24.0, 'breakVertical': -29.3, 'breakVerticalInduced': 7.0, 'breakHorizontal': 17.6, 'spinRate': 1877, 'spinDirection': 227}","{'aY': 24.09236753367558, 'aZ': -25.22425148852842, 'pfxX': -10.183418216819515, 'pfxZ': 4.289339948617755, 'pX': -0.9553339530319558, 'pZ': 1.7274321392122034, 'vX0': 4.049014927056765, 'vY0': -126.07637314010957, 'vZ0': -4.658559752697395, 'x': 153.42, 'y': 192.14, 'x0': -1.2533142660342784, 'y0': 50.004011403718636, 'z0': 5.619293772053267, 'aX': -16.499519042424033}",Swinging Strike,80.0,6.877911201483615,718758,605540,0.43338313377648774,Strikeout,86.6,1.75,3.82,Changeup,0.9,13
641355,"{'breakAngle': 31.2, 'breakLength': 2.4, 'breakY': 24.0, 'breakVertical': -11.0, 'breakVerticalInduced': 18.7, 'breakHorizontal': 6.5, 'spinRate': 2419, 'spinDirection': 202}","{'aY': 31.063966425507523, 'aZ': -11.6028520336797, 'pfxX': -3.5890120314346197, 'pfxZ': 10.417388633117213, 'pX': -1.7872307279774873, 'pZ': 4.383943678541069, 'vX0': -0.0975171559322708, 'vY0': -139.559525664644, 'vZ0': -1.840609318258104, 'x': 185.13, 'y': 120.41, 'x0': -1.2854395191231343, 'y0': 50.00419978103318, 'z0': 5.815189836896887, 'aX': -7.088261603228343}",Ball,87.6,6.621234142283924,718758,605540,0.3922989759726274,Strikeout,95.8,1.65413287719149,3.76377661948027,Four-Seam Fastball,0.91,11
641355,"{'breakAngle': 20.4, 'breakLength': 3.6, 'breakY': 24.0, 'breakVertical': -13.6, 'breakVerticalInduced': 16.3, 'breakHorizontal': 5.0, 'spinRate': 2314, 'spinDirection': 208}","{'aY': 28.927815957839385, 'aZ': -14.232250265520664, 'pfxX': -3.2540355919187682, 'pfxZ': 9.119516207129784, 'pX': 0.14448434956753706, 'pZ': 4.009070649664398, 'vX0': 4.557286399464541, 'vY0': -138.8657976131827, 'vZ0': -2.2197545145971302, 'x': 111.49, 'y': 130.54, 'x0': -1.0894811909993207, 'y0': 50.004169683169174, 'z0': 5.757305152340004, 'aX': -6.4034579587567695}",Foul,87.7,6.709401460523608,718758,605540,0.3933176307125117,Strikeout,95.3,1.75,3.82,Four-Seam Fastball,0.9,12
641355,"{'breakAngle': 33.6, 'breakLength': 7.2, 'breakY': 24.0, 'breakVertical': -27.7, 'breakVerticalInduced': 9.0, 'breakHorizontal': 18.2, 'spinRate': 2070, 'spinDirection': 227}","{'aY': 26.21521270356138, 'aZ': -23.504249975664532, 'pfxX': -10.628995701017779, 'pfxZ': 5.429537246344266, 'pX': -0.8136955453481227, 'pZ': 1.9265403310377724, 'vX0': 4.34438969892841, 'vY0': -125.78732264924544, 'vZ0': -4.422396432395313, 'x': 148.02, 'y': 186.76, 'x0': -1.184938944508959, 'y0': 50.00600723386677, 'z0': 5.620087587378409, 'aX': -16.985638459859832}",Ball,79.1,6.930708204989343,718758,605540,0.4359247381314675,Strikeout,86.5,1.83160271762062,3.76386479041219,Changeup,0.9,13
641355,"{'breakAngle': 21.6, 'breakLength': 3.6, 'breakY': 24.0, 'breakVertical': -12.6, 'breakVerticalInduced': 17.0, 'breakHorizontal': 5.0, 'spinRate': 2186, 'spinDirection': 206}","{'aY': 28.157626897954106, 'aZ': -12.131803347305956, 'pfxX': -3.329344946139556, 'pfxZ': 10.116602643935657, 'pX': 0.6595386106906315, 'pZ': 1.8585723090880384, 'vX0': 5.722020150244608, 'vY0': -139.13865279476076, 'vZ0': -7.926079042612947, 'x': 91.86, 'y': 188.6, 'x0': -0.9812965744244235, 'y0': 50.00280683986663, 'z0': 5.528615977445783, 'aX': -6.5963341576846695}",Called Strike,88.3,6.866005130004383,718758,605540,0.3920863139606956,Strikeout,95.7,1.76499712887197,3.74146243512904,Four-Seam Fastball,0.9,9
641820,"{'breakAngle': 31.2, 'breakLength': 3.6, 'breakY': 24.0, 'breakVertical': -11.9, 'breakVerticalInduced': 17.6, 'breakHorizontal': 7.2, 'spinRate': 2329, 'spinDirection': 210}","{'aY': 30.74554581344991, 'aZ': -12.052492862491242, 'pfxX': -4.469007423211391, 'pfxZ': 10.12608683013025, 'pX': 0.004405555900275194, 'pZ': 3.3496503542588583, 'vX0': 4.62263798728853, 'vY0': -139.87333684321763, 'vZ0': -4.208181802894447, 'x': 116.83, 'y': 148.34, 'x0': -1.0868858060598792, 'y0': 50.000189075495946, 'z0': 5.660358225399686, 'aX': -8.878255325133004}",Swinging Strike,88.0,6.801312764432614,718758,605540,0.39117559925637657,Groundout,96.1,1.68,3.6,Four-Seam Fastball,2.0,2
641820,"{'breakAngle': 33.6, 'breakLength': 4.8, 'breakY': 24.0, 'breakVertical': -19.0, 'breakVerticalInduced': 10.7, 'breakHorizontal': 12.7, 'spinRate': 2391, 'spinDirection': 208}","{'aY': 29.02396042238002, 'aZ': -19.411841611828457, 'pfxX': -7.6507244240844745, 'pfxZ': 6.422671605301968, 'pX': 0.12331466258159234, 'pZ': 2.089555622101944, 'vX0': 6.060164224951859, 'vY0': -139.52272416639818, 'vZ0': -6.204497714774565, 'x': 112.3, 'y': 182.36, 'x0': -1.0741757682725153, 'y0': 50.00491609340802, 'z0': 5.6055064853937235, 'aX': -15.207260054668193}","In play, out(s)",88.4,6.7144448195814626,718758,605540,0.39136905177125403,Groundout,95.9,1.68,3.6,Sinker,2.0,8
642133,"{'breakAngle': 18.0, 'breakLength': 9.6, 'breakY': 24.0, 'breakVertical': -43.0, 'breakVerticalInduced': -1.4, 'breakHorizontal': 14.3, 'spinRate': 2283, 'spinDirection': 309}","{'aY': 22.659360199673852, 'aZ': -34.39760081277354, 'pfxX': -7.969521121756883, 'pfxZ': -1.5746934122988172, 'pX': 1.0483607245302924, 'pZ': 5.266892186490254, 'vX0': 0.6902516414034454, 'vY0': -118.22530927610715, 'vZ0': 4.5753827776423375, 'x': 77.04, 'y': 96.57, 'x0': 1.7877150758952554, 'y0': 50.00080056608147, 'z0': 6.464667961974523, 'aX': -11.273206758055963}",Ball,74.4,6.15049090103396,718758,657006,0.4634008295707339,Strikeout,81.2,1.74282093475954,3.67453246767165,Slider,2.0,12
642133,"{'breakAngle': 21.6, 'breakLength': 10.8, 'breakY': 24.0, 'breakVertical': -45.5, 'breakVerticalInduced': -2.9, 'breakHorizontal': 18.0, 'spinRate': 2497, 'spinDirection': 309}","{'aY': 22.98908745418501, 'aZ': -35.05007458995118, 'pfxX': -9.720679355916714, 'pfxZ': -2.0930066447760627, 'pX': -0.4014697851407071, 'pZ': 3.941085481683612, 'vX0': -1.6250370121864122, 'vY0': -116.87975911839348, 'vZ0': 2.1031120145737594, 'x': 132.3, 'y': 132.37, 'x0': 1.5658113942222884, 'y0': 50.000096938826886, 'z0': 6.3321271543334285, 'aX': -13.38315619833488}",Ball,73.6,6.22596012860994,718758,657006,0.4694680360568162,Strikeout,80.3,1.65413287719149,3.489763150874,Slider,2.0,11
642133,"{'breakAngle': 10.8, 'breakLength': 4.8, 'breakY': 24.0, 'breakVertical': -22.8, 'breakVerticalInduced': 10.1, 'breakHorizontal': 4.4, 'spinRate': 2098, 'spinDirection': 151}","{'aY': 27.781037937830597, 'aZ': -22.266336514191266, 'pfxX': -2.1452495698414342, 'pfxZ': 5.550311505580183, 'pX': 0.3724983222107558, 'pZ': 4.14777528902953, 'vX0': -2.636388255456228, 'vY0': -132.60204536436407, 'vZ0': -0.8611236112798344, 'x': 102.8, 'y': 126.79, 'x0': 1.6574636164245167, 'y0': 50.00218719144042, 'z0': 6.098107145889569, 'aX': -3.8271184911545775}",Swinging Strike,83.5,6.467464125576683,718758,657006,0.4127217331706623,Strikeout,91.0,1.67,3.49,Four-Seam Fastball,2.0,12
642133,"{'breakAngle': 21.6, 'breakLength': 10.8, 'breakY': 24.0, 'breakVertical': -42.8, 'breakVerticalInduced': -2.8, 'breakHorizontal': 17.0, 'spinRate': 2683, 'spinDirection': 309}","{'aY': 25.99847840451273, 'aZ': -33.966330825544944, 'pfxX': -9.080348505157286, 'pfxZ': -1.2283172900267996, 'pX': -0.6510286167821273, 'pZ': 1.6432750517312962, 'vX0': -2.5308987532359266, 'vY0': -120.67964331235441, 'vZ0': -3.1548241233616663, 'x': 141.82, 'y': 194.41, 'x0': 1.5938614481412232, 'y0': 50.00306518490053, 'z0': 5.994606801304132, 'aX': -13.239617566897513}",Swinging Strike,76.0,6.382013087692883,718758,657006,0.4558672135396935,Strikeout,82.9,1.67,3.49,Slider,2.0,13
642133,"{'breakAngle': 20.4, 'breakLength': 10.8, 'breakY': 24.0, 'breakVertical': -43.1, 'breakVerticalInduced': -2.8, 'breakHorizontal': 16.6, 'spinRate': 2573, 'spinDirection': 309}","{'aY': 24.252587589991293, 'aZ': -34.43302744393768, 'pfxX': -8.717674540120829, 'pfxZ': -1.5579148089950525, 'pX': -0.862231847548651, 'pZ': 2.5184413969977775, 'vX0': -3.0477379537033302, 'vY0': -120.05078295972014, 'vZ0': -1.0772509931765655, 'x': 149.87, 'y': 170.78, 'x0': 1.5577308941163686, 'y0': 50.00078020574364, 'z0': 6.050670784340326, 'aX': -12.663042887128675}",Swinging Strike,75.8,6.232295796919529,718758,657006,0.457051456179872,Strikeout,82.4,1.67,3.49,Slider,2.0,13
605119,"{'breakAngle': 14.4, 'breakLength': 12.0, 'breakY': 24.0, 'breakVertical': -53.4, 'breakVerticalInduced': -11.3, 'breakHorizontal': 13.4, 'spinRate': 2655, 'spinDirection': 321}","{'aY': 28.768752681983806, 'aZ': -40.166741658336456, 'pfxX': -6.70736409959678, 'pfxZ': -5.783011565041603, 'pX': -1.367921391374555, 'pZ': 0.6103345860378748, 'vX0': -4.469392077385524, 'vY0': -118.57833367313106, 'vZ0': -3.8870467521736574, 'x': 169.14, 'y': 222.3, 'x0': 1.4316944927932616, 'y0': 50.001280399921676, 'z0': 6.046145533122671, 'aX': -9.274138703020379}",Ball,74.0,6.430942381453644,718758,657006,0.46711206526723537,Groundout,81.6,1.54331000095308,3.40699851472441,Curveball,2.0,13
605119,"{'breakAngle': 8.4, 'breakLength': 4.8, 'breakY': 24.0, 'breakVertical': -23.0, 'breakVerticalInduced': 9.8, 'breakHorizontal': 3.2, 'spinRate': 2229, 'spinDirection': 167}","{'aY': 26.480362505494394, 'aZ': -22.08998341562999, 'pfxX': -1.0894102178330622, 'pfxZ': 5.634608581892897, 'pX': -0.7127408215932679, 'pZ': 3.15741809182775, 'vX0': -6.251781377419902, 'vY0': -132.45616814512545, 'vZ0': -3.012960642913176, 'x': 144.17, 'y': 153.53, 'x0': 1.8129079692760857, 'y0': 50.001637640344555, 'z0': 5.912521490553963, 'aX': -1.9468349861687662}",Swinging Strike,83.9,6.553270309892793,718758,657006,0.41244701970177156,Groundout,91.0,1.58,3.38,Four-Seam Fastball,2.0,1
605119,"{'breakAngle': 27.6, 'breakLength': 12.0, 'breakY': 24.0, 'breakVertical': -44.8, 'breakVerticalInduced': -3.0, 'breakHorizontal': 23.6, 'spinRate': 2377, 'spinDirection': 305}","{'aY': 26.878861655246585, 'aZ': -34.478089117693166, 'pfxX': -13.054855631241665, 'pfxZ': -1.6522670655533513, 'pX': -0.07068819150064129, 'pZ': 2.391656702199754, 'vX0': -0.6664314374765767, 'vY0': -118.64690854246781, 'vZ0': -1.2258231463355596, 'x': 119.69, 'y': 174.21, 'x0': 1.9063195582515542, 'y0': 50.000194412404426, 'z0': 6.113796004217845, 'aX': -18.241716122408036}",Swinging Strike,74.1,6.1460309102089115,718758,657006,0.46517076942639957,Groundout,81.5,1.58,3.38,Slider,2.0,5
605119,"{'breakAngle': 2.4, 'breakLength': 4.8, 'breakY': 24.0, 'breakVertical': -21.4, 'breakVerticalInduced': 10.9, 'breakHorizontal': 1.0, 'spinRate': 2401, 'spinDirection': 175}","{'aY': 27.613807985999912, 'aZ': -20.94144967843948, 'pfxX': -0.13097755874899142, 'pfxZ': 6.162391180046063, 'pX': 0.4267160961949458, 'pZ': 3.5317377926970344, 'vX0': -3.6874004814401475, 'vY0': -133.85699510833516, 'vZ0': -2.324600566826407, 'x': 100.73, 'y': 143.42, 'x0': 1.8364731417446483, 'y0': 50.005547309441035, 'z0': 5.903266208237427, 'aX': -0.23807923352118077}",Ball,84.5,6.445550471548332,718758,657006,0.40846263890970613,Groundout,91.9,1.54331000095308,3.37976324712895,Four-Seam Fastball,2.0,3
605119,"{'breakAngle': 21.6, 'breakLength': 10.8, 'breakY': 24.0, 'breakVertical': -43.0, 'breakVerticalInduced': -2.6, 'breakHorizontal': 17.4, 'spinRate': 2633, 'spinDirection': 315}","{'aY': 25.329381276849695, 'aZ': -34.14034425353493, 'pfxX': -9.442584995664706, 'pfxZ': -1.356485958306747, 'pX': -0.05398906405671738, 'pZ': 2.3005089747173604, 'vX0': -1.4154618053967298, 'vY0': -120.16232621847085, 'vZ0': -1.6819088893916132, 'x': 119.06, 'y': 176.67, 'x0': 1.7699680372359152, 'y0': 50.004237897156145, 'z0': 6.069610978918756, 'aX': -13.678239805952884}","In play, out(s)",75.6,6.13541774458659,718758,657006,0.45748657493696543,Groundout,82.5,1.58,3.38,Slider,2.0,5
680911,"{'breakAngle': 15.6, 'breakLength': 4.8, 'breakY': 24.0, 'breakVertical': -18.7, 'breakVerticalInduced': 12.8, 'breakHorizontal': 5.2, 'spinRate': 2421, 'spinDirection': 164}","{'aY': 27.465013729146374, 'aZ': -18.21707749672911, 'pfxX': -2.1665694523150876, 'pfxZ': 7.513228854199271, 'pX': -0.7706281443834371, 'pZ': 2.739237577096662, 'vX0': -5.941813039581489, 'vY0': -134.98070028353027, 'vZ0': -4.856654755461164, 'x': 146.37, 'y': 164.82, 'x0': 1.7346607793436768, 'y0': 50.00430237906354, 'z0': 5.831835878009712, 'aX': -4.0263148914047555}",Called Strike,85.5,6.538330433304033,718758,657006,0.40470226189027203,Single,92.7,1.36607771078651,3.12976236347271,Four-Seam Fastball,2.0,1
680911,"{'breakAngle': 12.0, 'breakLength': 4.8, 'breakY': 24.0, 'breakVertical': -20.2, 'breakVerticalInduced': 12.0, 'breakHorizontal': 4.4, 'spinRate': 2391, 'spinDirection': 168}","{'aY': 27.54856597724819, 'aZ': -19.137800536714032, 'pfxX': -1.789533262495035, 'pfxZ': 7.133678253468031, 'pX': -0.6628167067854416, 'pZ': 2.3697756696743593, 'vX0': -5.871826971814315, 'vY0': -134.00057691376134, 'vZ0': -5.467746021210009, 'x': 142.27, 'y': 174.8, 'x0': 1.784951159273989, 'y0': 50.00614020995373, 'z0': 5.793805594183174, 'aX': -3.271168238056218}",Foul,84.9,6.462859430799562,718758,657006,0.4079366786556764,Single,92.1,1.36,3.13,Four-Seam Fastball,2.0,4
680911,"{'breakAngle': 22.8, 'breakLength': 9.6, 'breakY': 24.0, 'breakVertical': -38.8, 'breakVerticalInduced': 0.6, 'breakHorizontal': 16.2, 'spinRate': 2777, 'spinDirection': 306}","{'aY': 25.007083361656612, 'aZ': -31.222923367914007, 'pfxX': -8.680112075917776, 'pfxZ': 0.6354535599274644, 'pX': -0.125899416207607, 'pZ': 1.7762115895623256, 'vX0': -2.0093510632324283, 'vY0': -121.6823416298903, 'vZ0': -3.5373792287491543, 'x': 121.8, 'y': 190.82, 'x0': 1.838911628266807, 'y0': 50.00081720713976, 'z0': 5.968369610021306, 'aX': -12.948842519521955}",Foul,76.9,6.296599631823331,718758,657006,0.4510007814067549,Single,83.6,1.36,3.13,Slider,2.0,8
680911,"{'breakAngle': 2.4, 'breakLength': 4.8, 'breakY': 24.0, 'breakVertical': -21.6, 'breakVerticalInduced': 10.0, 'breakHorizontal': -0.6, 'spinRate': 2362, 'spinDirection': 164}","{'aY': 27.464799644965098, 'aZ': -20.7685878196426, 'pfxX': 0.9074247731843122, 'pfxZ': 6.109712102189975, 'pX': -0.006487394147182331, 'pZ': 1.7633972971500236, 'vX0': -5.20775347479122, 'vY0': -135.2677646754952, 'vZ0': -6.7238072387306485, 'x': 117.25, 'y': 191.17, 'x0': 1.819687764810712, 'y0': 50.002940363959056, 'z0': 5.720848049923609, 'aX': 1.6944583950818701}","In play, no out",85.9,6.697312461698522,718758,657006,0.40378734778650216,Single,93.0,1.36,3.13,Four-Seam Fastball,2.0,8
686894,"{'breakAngle': 21.6, 'breakLength': 9.6, 'breakY': 24.0, 'breakVertical': -40.3, 'breakVerticalInduced': -1.2, 'breakHorizontal': 16.4, 'spinRate': 2369, 'spinDirection': 306}","{'aY': 22.87864903963494, 'aZ': -33.04085521250703, 'pfxX': -8.94491046509015, 'pfxZ': -0.5802943378554382, 'pX': 0.2680125515094006, 'pZ': 2.377613870829698, 'vX0': -1.018926660086426, 'vY0': -121.46629312382723, 'vZ0': -1.918851454853308, 'x': 106.78, 'y': 174.58, 'x0': 1.8550310986629963, 'y0': 50.00213788490604, 'z0': 6.0396683577226735, 'aX': -13.418733138144606}","In play, out(s)",77.2,6.192756504312877,718758,657006,0.45022517710189325,Flyout,83.3,1.627,3.549,Slider,2.0,5
621458,"{'breakAngle': 2.4, 'breakLength': 9.6, 'breakY': 24.0, 'breakVertical': -42.5, 'breakVerticalInduced': -3.6, 'breakHorizontal': -1.4, 'spinRate': 2495, 'spinDirection': 30}","{'aY': 19.10888811449498, 'aZ': -35.265476434589225, 'pfxX': 0.7597101617502515, 'pfxZ': -2.0373250154112625, 'pX': -0.9459780053243114, 'pZ': 2.6871274813812422, 'vX0': 0.33827289297485513, 'vY0': -121.16552115915805, 'vZ0': -0.6697155888536022, 'x': 153.06, 'y': 166.23, 'x0': -1.1852453775414342, 'y0': 50.0031657252461, 'z0': 5.99458790585354, 'aX': 1.1527271178589418}",Ball,77.9,6.648030978287546,718758,605540,0.44854971916355524,Walk,83.1,1.53222996196465,3.23993759310689,Curveball,0.9,11
621458,"{'breakAngle': 40.8, 'breakLength': 4.8, 'breakY': 24.0, 'breakVertical': -14.8, 'breakVerticalInduced': 16.4, 'breakHorizontal': 12.7, 'spinRate': 2446, 'spinDirection': 203}","{'aY': 30.760858723489626, 'aZ': -13.253422398528317, 'pfxX': -7.948927396474726, 'pfxZ': 10.101242685952457, 'pX': 0.803114829066072, 'pZ': 1.3948425096864976, 'vX0': 7.76938185990217, 'vY0': -136.21696688017255, 'vZ0': -8.889229505898651, 'x': 86.39, 'y': 201.12, 'x0': -1.0574697589553257, 'y0': 50.00652590705973, 'z0': 5.623433540697594, 'aX': -14.896183359794922}",Ball,85.6,6.731189264300148,718758,605540,0.4025619821219686,Walk,93.9,1.48793823979607,3.13991413612639,Sinker,0.89,14
621458,"{'breakAngle': 22.8, 'breakLength': 2.4, 'breakY': 24.0, 'breakVertical': -11.6, 'breakVerticalInduced': 18.8, 'breakHorizontal': 4.9, 'spinRate': 2363, 'spinDirection': 205}","{'aY': 33.4255280841698, 'aZ': -10.233381044092413, 'pfxX': -3.2783874027058215, 'pfxZ': 11.435524796455388, 'pX': 0.17936825082062788, 'pZ': 1.7313897975304788, 'vX0': 4.483781494889882, 'vY0': -138.2689421109082, 'vZ0': -8.618892146093481, 'x': 110.16, 'y': 192.03, 'x0': -1.0441915993960469, 'y0': 50.004690568465264, 'z0': 5.592831343226651, 'aX': -6.291442568563286}",Called Strike,86.3,6.823313570946477,718758,605540,0.39749919864201866,Walk,95.2,1.51019682690307,3.30691293895588,Four-Seam Fastball,0.91,8
621458,"{'breakAngle': 26.4, 'breakLength': 3.6, 'breakY': 24.0, 'breakVertical': -13.1, 'breakVerticalInduced': 17.3, 'breakHorizontal': 6.6, 'spinRate': 2336, 'spinDirection': 208}","{'aY': 28.630214023191492, 'aZ': -12.733095884099228, 'pfxX': -3.739215169474784, 'pfxZ': 10.072980722515021, 'pX': -1.2845377252331207, 'pZ': 2.644916120940396, 'vX0': 1.2053565285689527, 'vY0': -137.58322417333318, 'vZ0': -5.896006809965883, 'x': 165.96, 'y': 167.37, 'x0': -1.240795646683888, 'y0': 50.00138558412243, 'z0': 5.6679156540736875, 'aX': -7.215160583655271}",Ball,86.9,6.756934787840331,718758,605540,0.3971116014421341,Walk,94.5,1.46588276722119,3.21783316625447,Four-Seam Fastball,0.9,11
621458,"{'breakAngle': 24.0, 'breakLength': 3.6, 'breakY': 24.0, 'breakVertical': -14.2, 'breakVerticalInduced': 15.8, 'breakHorizontal': 6.2, 'spinRate': 2426, 'spinDirection': 199}","{'aY': 25.689375369702077, 'aZ': -14.467718455705473, 'pfxX': -3.9437118894877665, 'pfxZ': 9.024824099748642, 'pX': 0.25233362451446534, 'pZ': 3.2193319699018654, 'vX0': 5.1404801518909204, 'vY0': -137.98521661394042, 'vZ0': -4.351529457191434, 'x': 107.38, 'y': 151.86, 'x0': -1.1073689422813666, 'y0': 50.0032562190245, 'z0': 5.7663129042749155, 'aX': -7.738058772976625}",Foul,88.0,6.725583286043206,718758,605540,0.39433758873990055,Walk,94.7,1.55,3.4,Four-Seam Fastball,0.88,2
621458,"{'breakAngle': 27.6, 'breakLength': 8.4, 'breakY': 24.0, 'breakVertical': -31.6, 'breakVerticalInduced': 5.6, 'breakHorizontal': 16.3, 'spinRate': 1842, 'spinDirection': 228}","{'aY': 21.709881081672954, 'aZ': -26.21090450277387, 'pfxX': -9.679834257732816, 'pfxZ': 3.762102484625911, 'pX': 0.2192024852255409, 'pZ': 0.5866701268471101, 'vX0': 6.363983732497175, 'vY0': -124.1812152812027, 'vZ0': -6.736337923358734, 'x': 108.64, 'y': 222.94, 'x0': -1.1018277212076746, 'y0': 50.00003153591367, 'z0': 5.475307093502695, 'aX': -15.320601517244299}",Ball In Dirt,79.6,6.912516590874464,718758,605540,0.4388221808299,Walk,85.4,1.44372815168057,3.21783316625447,Changeup,0.9,14
543333,"{'breakAngle': 30.0, 'breakLength': 3.6, 'breakY': 24.0, 'breakVertical': -11.9, 'breakVerticalInduced': 18.1, 'breakHorizontal': 7.0, 'spinRate': 2350, 'spinDirection': 208}","{'aY': 29.75207339522704, 'aZ': -12.194511532164583, 'pfxX': -4.186097640595374, 'pfxZ': 10.215500673492413, 'pX': -0.6350185632911931, 'pZ': 3.7888192424004012, 'vX0': 3.0028356301994235, 'vY0': -138.66766223979843, 'vZ0': -3.1116000371974533, 'x': 141.21, 'y': 136.48, 'x0': -1.1857107632674548, 'y0': 50.003367208912856, 'z0': 5.734112284083642, 'aX': -8.187799838659526}",Swinging Strike,87.3,6.711444973737957,718758,605540,0.39435082936735677,Strikeout,95.2,1.78,3.79,Four-Seam Fastball,0.9,1
543333,"{'breakAngle': 19.2, 'breakLength': 3.6, 'breakY': 24.0, 'breakVertical': -12.8, 'breakVerticalInduced': 17.2, 'breakHorizontal': 4.6, 'spinRate': 2317, 'spinDirection': 203}","{'aY': 29.565541061748416, 'aZ': -12.40291945766592, 'pfxX': -3.4078699707335636, 'pfxZ': 10.094062261847784, 'pX': 1.6867007803768925, 'pZ': 2.3176215079874143, 'vX0': 8.238949359172238, 'vY0': -138.70530437495248, 'vZ0': -6.783955313191809, 'x': 52.71, 'y': 176.2, 'x0': -0.8726119637814306, 'y0': 50.00050008255405, 'z0': 5.613499890276003, 'aX': -6.674533723710326}",Ball,87.7,6.77130395340309,718758,605540,0.39413060013511236,Strikeout,95.4,1.82057906827202,3.64124818875688,Four-Seam Fastball,0.89,14
543333,"{'breakAngle': 31.2, 'breakLength': 6.0, 'breakY': 24.0, 'breakVertical': -22.0, 'breakVerticalInduced': 8.3, 'breakHorizontal': 13.6, 'spinRate': 2342, 'spinDirection': 210}","{'aY': 29.694035004304776, 'aZ': -22.41538710265454, 'pfxX': -8.117499310406783, 'pfxZ': 5.015339178401387, 'pX': 0.04972696719540767, 'pZ': 2.3879676383629604, 'vX0': 6.070659620017962, 'vY0': -138.29207629711027, 'vZ0': -4.916866148763135, 'x': 115.1, 'y': 174.3, 'x0': -1.1149287999823414, 'y0': 50.000082377942284, 'z0': 5.6845970543294175, 'aX': -15.782979087659964}",Foul,87.3,6.83275706158139,718758,605540,0.3954739780664087,Strikeout,95.0,1.78,3.79,Sinker,0.86,8
543333,"{'breakAngle': 32.4, 'breakLength': 7.2, 'breakY': 24.0, 'breakVertical': -28.2, 'breakVerticalInduced': 8.9, 'breakHorizontal': 17.6, 'spinRate': 2012, 'spinDirection': 227}","{'aY': 24.04911652405485, 'aZ': -24.161817022435528, 'pfxX': -10.216625136541461, 'pfxZ': 5.057815177406242, 'pX': -0.6823646928251121, 'pZ': 2.6315693286320774, 'vX0': 4.253875974449561, 'vY0': -124.77451430713987, 'vZ0': -2.5972857037595203, 'x': 143.01, 'y': 167.73, 'x0': -1.0777391363961926, 'y0': 50.00315081523151, 'z0': 5.667641929167156, 'aX': -16.18145619143333}",Swinging Strike,78.9,6.7717187296020915,718758,605540,0.43822995388318775,Strikeout,85.7,1.78,3.79,Changeup,0.9,4
663611,"{'breakAngle': 16.8, 'breakLength': 3.6, 'breakY': 24.0, 'breakVertical': -13.6, 'breakVerticalInduced': 16.1, 'breakHorizontal': 4.1, 'spinRate': 2287, 'spinDirection': 200}","{'aY': 26.718463634782868, 'aZ': -13.481880455531812, 'pfxX': -2.5309693212949993, 'pfxZ': 9.426375356456717, 'pX': -0.26007503736428883, 'pZ': 2.295997050350163, 'vX0': 3.1661562370447656, 'vY0': -138.8816677957367, 'vZ0': -6.667876084512338, 'x': 126.91, 'y': 176.79, 'x0': -1.0780659075215007, 'y0': 50.00333919978021, 'z0': 5.598659350124626, 'aX': -5.019087180252714}",Called Strike,88.4,6.806406295977476,718758,605540,0.39213901282712627,Forceout,95.4,1.26654843428986,2.83958991779092,Four-Seam Fastball,2.0,5
663611,"{'breakAngle': 24.0, 'breakLength': 4.8, 'breakY': 24.0, 'breakVertical': -17.4, 'breakVerticalInduced': 12.4, 'breakHorizontal': 7.7, 'spinRate': 2398, 'spinDirection': 210}","{'aY': 27.9155406722248, 'aZ': -17.287370921285227, 'pfxX': -4.730595716419437, 'pfxZ': 7.543626100311824, 'pX': 0.1523953270605098, 'pZ': 1.5074394667013424, 'vX0': 5.16685756719189, 'vY0': -138.84627571636662, 'vZ0': -7.9323210740660315, 'x': 111.19, 'y': 198.08, 'x0': -1.108404257628806, 'y0': 50.00566233998693, 'z0': 5.528619906723175, 'aX': -9.338876989870126}",Ball,88.3,6.77481984615267,718758,605540,0.3928635310760882,Forceout,95.4,1.11149539618506,2.6284550814682,Four-Seam Fastball,2.0,8
663611,"{'breakAngle': 25.2, 'breakLength': 4.8, 'breakY': 24.0, 'breakVertical': -19.3, 'breakVerticalInduced': 11.4, 'breakHorizontal': 9.1, 'spinRate': 2310, 'spinDirection': 211}","{'aY': 27.78750381582111, 'aZ': -19.36032632168636, 'pfxX': -5.590178887937579, 'pfxZ': 6.711816518414964, 'pX': 0.2842967527875377, 'pZ': 2.487111964038691, 'vX0': 5.416602332871046, 'vY0': -136.74442768727835, 'vZ0': -4.92804308648457, 'x': 106.16, 'y': 171.63, 'x0': -0.9879241799906167, 'y0': 50.00626450997547, 'z0': 5.625517592954663, 'aX': -10.677914570375286}",Called Strike,86.6,6.826607169942185,718758,605540,0.3992842399172942,Forceout,93.9,1.35512565459489,3.03976744692444,Sinker,2.0,6
663611,"{'breakAngle': 32.4, 'breakLength': 6.0, 'breakY': 24.0, 'breakVertical': -20.8, 'breakVerticalInduced': 8.6, 'breakHorizontal': 13.1, 'spinRate': 2280, 'spinDirection': 211}","{'aY': 28.347202563436834, 'aZ': -21.71845665533232, 'pfxX': -7.508371435133218, 'pfxZ': 5.219664182162777, 'pX': -1.0540240327944368, 'pZ': 2.119425307741683, 'vX0': 3.0083847031868265, 'vY0': -139.88118233731612, 'vZ0': -5.799615020541033, 'x': 157.18, 'y': 181.56, 'x0': -1.1613093670569066, 'y0': 50.00248949342426, 'z0': 5.621378500120332, 'aX': -15.040331797330449}","In play, out(s)",88.9,6.725067854764154,718758,605540,0.3899546440095438,Forceout,96.0,1.31,2.97,Sinker,2.0,13
571466,"{'breakAngle': 18.0, 'breakLength': 3.6, 'breakY': 24.0, 'breakVertical': -12.8, 'breakVerticalInduced': 17.0, 'breakHorizontal': 4.2, 'spinRate': 2259, 'spinDirection': 202}","{'aY': 29.040076063590693, 'aZ': -12.368918419262197, 'pfxX': -2.750948558972826, 'pfxZ': 10.07355313420194, 'pX': 0.15116206594542744, 'pZ': 2.175827307933387, 'vX0': 4.093179813702192, 'vY0': -138.8398151255293, 'vZ0': -7.175110934821925, 'x': 111.24, 'y': 180.03, 'x0': -0.9800335808435, 'y0': 50.00403553455735, 'z0': 5.604535578776007, 'aX': -5.409330119818645}","In play, out(s)",87.8,6.801536844860705,718758,605540,0.393451525270752,Flyout,95.4,1.43,3.09,Four-Seam Fastball,0.89,5
670712,"{'breakAngle': 24.0, 'breakLength': 10.8, 'breakY': 24.0, 'breakVertical': -41.8, 'breakVerticalInduced': -0.2, 'breakHorizontal': 19.1, 'spinRate': 2738, 'spinDirection': 300}","{'aY': 24.069600107773457, 'aZ': -31.80491746335939, 'pfxX': -9.92042107628448, 'pfxZ': 0.2654159895358488, 'pX': -1.4693257462256735, 'pZ': 1.4233131634779463, 'vX0': -4.241419641197502, 'vY0': -118.57368357293784, 'vZ0': -4.059738231210682, 'x': 173.01, 'y': 200.35, 'x0': 1.6353613792718398, 'y0': 50.005724059209584, 'z0': 6.0804977659818995, 'aX': -14.034803413403969}",Ball,75.1,6.12006097483016,718758,657006,0.4631071785651475,Groundout,81.5,1.4880389904315,3.26236910405931,Slider,2.0,13
670712,"{'breakAngle': 26.4, 'breakLength': 10.8, 'breakY': 24.0, 'breakVertical': -42.1, 'breakVerticalInduced': -1.3, 'breakHorizontal': 21.0, 'spinRate': 2809, 'spinDirection': 288}","{'aY': 25.59615726477305, 'aZ': -33.23139477392078, 'pfxX': -11.406488095151403, 'pfxZ': -0.7421495641495195, 'pX': -0.18400756702270693, 'pZ': 2.776101086411676, 'vX0': -1.6455050572820287, 'vY0': -119.69687050483094, 'vZ0': -0.9284615472620072, 'x': 124.01, 'y': 163.83, 'x0': 1.994439687439739, 'y0': 50.00024987333276, 'z0': 6.175358925906813, 'aX': -16.355810527829455}",Called Strike,75.1,6.0549315583517584,718758,657006,0.4596311983594714,Groundout,82.2,1.4880389904315,3.19556814406845,Slider,2.0,2
670712,"{'breakAngle': 27.6, 'breakLength': 10.8, 'breakY': 24.0, 'breakVertical': -43.9, 'breakVerticalInduced': -2.5, 'breakHorizontal': 22.9, 'spinRate': 2845, 'spinDirection': 299}","{'aY': 25.580281685042728, 'aZ': -33.79885198213259, 'pfxX': -12.430148023001127, 'pfxZ': -1.152779032204477, 'pX': -0.3944188622306923, 'pZ': 1.8407315471191448, 'vX0': -1.7295987643217763, 'vY0': -118.81746781166595, 'vZ0': -2.721024851451495, 'x': 132.03, 'y': 189.08, 'x0': 1.9582859228341873, 'y0': 50.002511936899296, 'z0': 6.112767284664659, 'aX': -17.53566716370927}","In play, out(s)",74.7,6.1619180816730825,718758,657006,0.4633499907910519,Groundout,81.6,1.48,3.27,Slider,2.0,7
642715,"{'breakAngle': 20.4, 'breakLength': 10.8, 'breakY': 24.0, 'breakVertical': -44.2, 'breakVerticalInduced': -4.2, 'breakHorizontal': 16.7, 'spinRate': 2818, 'spinDirection': 318}","{'aY': 24.46298301403796, 'aZ': -35.04314073439027, 'pfxX': -8.791314733526768, 'pfxZ': -1.9609909938471004, 'pX': -0.7406141460255418, 'pZ': 1.3043187576003004, 'vX0': -3.171414135183875, 'vY0': -120.59430777588477, 'vZ0': -3.7998633418629244, 'x': 145.23, 'y': 203.56, 'x0': 1.7351334770328621, 'y0': 50.00104727789389, 'z0': 6.00661352244895, 'aX': -12.885897646645347}",Ball,76.5,6.2977925160804835,718758,657006,0.4549958096151574,Strikeout,82.8,1.68751826773763,3.39992969823872,Slider,2.0,13
642715,"{'breakAngle': 10.8, 'breakLength': 4.8, 'breakY': 24.0, 'breakVertical': -20.6, 'breakVerticalInduced': 11.8, 'breakHorizontal': 3.8, 'spinRate': 2591, 'spinDirection': 172}","{'aY': 27.059555687699405, 'aZ': -19.6682884747789, 'pfxX': -1.7215609552066624, 'pfxZ': 6.887367230191575, 'pX': 0.2774100958661718, 'pZ': 2.6726253718460233, 'vX0': -3.515581364800387, 'vY0': -133.47873393618815, 'vZ0': -4.828651759558911, 'x': 106.43, 'y': 166.62, 'x0': 1.8319914673576958, 'y0': 50.002384638912176, 'z0': 5.9092749268974725, 'aX': -3.125027125209478}",Foul,84.5,6.381469912522817,718758,657006,0.40937250725971985,Strikeout,91.7,1.68,3.4,Four-Seam Fastball,2.0,5
642715,"{'breakAngle': 2.4, 'breakLength': 4.8, 'breakY': 24.0, 'breakVertical': -22.3, 'breakVerticalInduced': 10.0, 'breakHorizontal': 1.1, 'spinRate': 2373, 'spinDirection': 170}","{'aY': 24.413630059044966, 'aZ': -22.02645201304535, 'pfxX': -0.14543572561503376, 'pfxZ': 5.56107669798817, 'pX': 0.04903078973243595, 'pZ': 3.755439519507907, 'vX0': -4.260501105318441, 'vY0': -133.21682519668252, 'vZ0': -1.7650591165989669, 'x': 115.13, 'y': 137.38, 'x0': 1.6776426142895484, 'y0': 50.0057645145749, 'z0': 5.994069356680957, 'aX': -0.2649942808353759}",Foul,84.9,6.42811740890776,718758,657006,0.40871998481880256,Strikeout,91.4,1.68,3.4,Four-Seam Fastball,2.0,12
642715,"{'breakAngle': 21.6, 'breakLength': 8.4, 'breakY': 24.0, 'breakVertical': -34.3, 'breakVerticalInduced': 4.7, 'breakHorizontal': 13.4, 'spinRate': 2697, 'spinDirection': 303}","{'aY': 23.006287585633583, 'aZ': -28.413493771525896, 'pfxX': -7.5420758622781054, 'pfxZ': 2.503139924500866, 'pX': 1.5030248997824431, 'pZ': 3.5012304569404917, 'vX0': 1.094894162011979, 'vY0': -121.6221509697559, 'vZ0': -0.4580960540369985, 'x': 59.71, 'y': 144.25, 'x0': 2.028290438468735, 'y0': 50.00418325479224, 'z0': 6.148115574103255, 'aX': -11.342530934812793}",Ball,76.9,6.079547664536401,718758,657006,0.44970017711848786,Strikeout,83.5,1.82057906827202,3.52975222140349,Slider,2.0,12
642715,"{'breakAngle': 4.8, 'breakLength': 4.8, 'breakY': 24.0, 'breakVertical': -21.1, 'breakVerticalInduced': 10.0, 'breakHorizontal': 1.8, 'spinRate': 2419, 'spinDirection': 167}","{'aY': 23.98002716165448, 'aZ': -21.54558992174571, 'pfxX': -0.8760408682696985, 'pfxZ': 5.602869084482752, 'pX': 1.3367652814976918, 'pZ': 3.311692759047042, 'vX0': -1.478836554626891, 'vY0': -135.48281353064678, 'vZ0': -2.7719993389130675, 'x': 66.05, 'y': 149.36, 'x0': 1.9992747182447574, 'y0': 50.002995122135566, 'z0': 5.820491998600154, 'aX': -1.6609242914017073}",Ball,86.6,6.3840542725519995,718758,657006,0.40119428286021686,Strikeout,92.9,1.73186515289319,3.41830738531868,Four-Seam Fastball,2.0,12
642715,"{'breakAngle': 1.2, 'breakLength': 4.8, 'breakY': 24.0, 'breakVertical': -24.0, 'breakVerticalInduced': 8.9, 'breakHorizontal': -0.4, 'spinRate': 2315, 'spinDirection': 163}","{'aY': 28.596567239778512, 'aZ': -22.553730280195694, 'pfxX': 0.6060898716070895, 'pfxZ': 5.404562683025591, 'pX': 0.5318279672636894, 'pZ': 2.3655734856918547, 'vX0': -3.5173593713198503, 'vY0': -132.63630698063986, 'vZ0': -4.825689298395892, 'x': 96.73, 'y': 174.91, 'x0': 1.7968668093437625, 'y0': 50.002361652272, 'z0': 5.854922959873571, 'aX': 1.07893012304231}",Called Strike,83.5,6.547262868025824,718758,657006,0.41308900653582237,Strikeout,91.1,1.79839805718787,3.52975222140349,Four-Seam Fastball,2.0,9
592885,"{'breakAngle': 21.6, 'breakLength': 9.6, 'breakY': 24.0, 'breakVertical': -37.3, 'breakVerticalInduced': 2.8, 'breakHorizontal': 14.9, 'spinRate': 2697, 'spinDirection': 305}","{'aY': 25.213023168333567, 'aZ': -30.115928926260953, 'pfxX': -8.25052475167324, 'pfxZ': 1.4066923055207692, 'pX': 0.5305094752089492, 'pZ': 3.3280022366359514, 'vX0': -0.06015355409569806, 'vY0': -120.57973524351603, 'vZ0': -0.3941154360721445, 'x': 96.78, 'y': 148.92, 'x0': 1.626201345400824, 'y0': 50.00154574108588, 'z0': 6.169324829566255, 'aX': -12.04926439060702}",Called Strike,75.6,6.298932991299897,718758,657006,0.4556602244648107,Strikeout,82.8,1.68751826773763,3.32918783253668,Slider,2.0,3
592885,"{'breakAngle': 26.4, 'breakLength': 9.6, 'breakY': 24.0, 'breakVertical': -39.2, 'breakVerticalInduced': 1.2, 'breakHorizontal': 19.8, 'spinRate': 2698, 'spinDirection': 304}","{'aY': 23.897265793697766, 'aZ': -31.48276925187588, 'pfxX': -10.715867918745914, 'pfxZ': 0.4829934081860028, 'pX': -0.48467722147961334, 'pZ': 3.568664766103828, 'vX0': -1.462060627279349, 'vY0': -119.74210277317883, 'vZ0': 0.4541176924822492, 'x': 135.47, 'y': 142.43, 'x0': 1.526414966060144, 'y0': 50.0057914609329, 'z0': 6.201406977125163, 'aX': -15.508003935932717}",Ball,75.5,6.133587955870227,718758,657006,0.45804045838216334,Strikeout,82.2,1.62101040393562,3.28464003142934,Slider,2.0,11
592885,"{'breakAngle': 6.0, 'breakLength': 4.8, 'breakY': 24.0, 'breakVertical': -22.2, 'breakVerticalInduced': 10.4, 'breakHorizontal': 2.5, 'spinRate': 2427, 'spinDirection': 170}","{'aY': 28.49804239596939, 'aZ': -21.34237631750534, 'pfxX': -0.8590476130154227, 'pfxZ': 6.03049911998086, 'pX': -0.15891862099610457, 'pZ': 3.212615331035589, 'vX0': -4.352264426914983, 'vY0': -133.17658643870087, 'vZ0': -3.011446943737687, 'x': 123.06, 'y': 152.04, 'x0': 1.607956669160217, 'y0': 50.005429572589804, 'z0': 5.901096309967463, 'aX': -1.5438500828608246}",Called Strike,83.8,6.565776338706011,718758,657006,0.41121842777945217,Strikeout,91.5,1.68751826773763,3.28464003142934,Four-Seam Fastball,2.0,2
592885,"{'breakAngle': 27.6, 'breakLength': 10.8, 'breakY': 24.0, 'breakVertical': -40.8, 'breakVerticalInduced': -0.8, 'breakHorizontal': 20.9, 'spinRate': 2815, 'spinDirection': 314}","{'aY': 25.85734530264661, 'aZ': -33.29425692484997, 'pfxX': -11.8314349571088, 'pfxZ': -0.7633912074755713, 'pX': 1.1001141112324166, 'pZ': 3.6032232568980147, 'vX0': 1.9253517434627971, 'vY0': -120.85048952338984, 'vZ0': 0.9450281894651411, 'x': 75.07, 'y': 141.49, 'x0': 1.8240852389425444, 'y0': 50.004621244590645, 'z0': 6.155639944020552, 'aX': -17.31786653640032}",Ball,75.6,6.245222455448732,718758,657006,0.45506957426553507,Strikeout,83.0,1.6653473235683,3.30691293895588,Slider,2.0,12
592885,"{'breakAngle': 25.2, 'breakLength': 9.6, 'breakY': 24.0, 'breakVertical': -37.7, 'breakVerticalInduced': 3.2, 'breakHorizontal': 17.6, 'spinRate': 2765, 'spinDirection': 314}","{'aY': 24.530189386364825, 'aZ': -29.606809546150817, 'pfxX': -9.427510542156277, 'pfxZ': 1.7916497553093578, 'pX': -0.7236312492878733, 'pZ': 3.0297353322928604, 'vX0': -2.379169498624304, 'vY0': -119.34000895035369, 'vZ0': -1.0431416084649585, 'x': 144.58, 'y': 156.98, 'x0': 1.5125254270115345, 'y0': 50.00229312939585, 'z0': 6.156993302377461, 'aX': -13.497429727420673}",Foul,75.0,6.275235986702805,718758,657006,0.4602552868320582,Strikeout,82.0,1.64,3.26,Slider,2.0,1
592885,"{'breakAngle': 4.8, 'breakLength': 4.8, 'breakY': 24.0, 'breakVertical': -19.2, 'breakVerticalInduced': 12.7, 'breakHorizontal': -1.7, 'spinRate': 2247, 'spinDirection': 170}","{'aY': 30.289724138376272, 'aZ': -18.87571480733643, 'pfxX': 1.6092594129326336, 'pfxZ': 7.230762137140438, 'pX': -0.369259319993124, 'pZ': 3.47324824455013, 'vX0': -5.664013992246839, 'vY0': -134.98886810110804, 'vZ0': -2.804608832032815, 'x': 131.08, 'y': 145.0, 'x0': 1.550148582841159, 'y0': 50.003656125367954, 'z0': 5.85965345764359, 'aX': 2.9604729744672236}",Foul Tip,84.6,6.620045819023536,718758,657006,0.40627553752962964,Strikeout,92.8,1.64,3.26,Four-Seam Fastball,2.0,11
663538,"{'breakAngle': 0.0, 'breakLength': 10.8, 'breakY': 24.0, 'breakVertical': -50.6, 'breakVerticalInduced': -10.4, 'breakHorizontal': -0.5, 'spinRate': 2473, 'spinDirection': 35}","{'aY': 23.15065564549279, 'aZ': -40.59904298934562, 'pfxX': -0.08565945649261919, 'pfxZ': -5.776375804221249, 'pX': 0.07561386300787548, 'pZ': 1.871301261560923, 'vX0': 2.8421974109197, 'vY0': -119.95382349604627, 'vZ0': -0.982867052647197, 'x': 114.12, 'y': 188.25, 'x0': -1.1134044966098637, 'y0': 50.005478935040216, 'z0': 5.905305866705542, 'aX': -0.12534130223989515}",Called Strike,76.2,6.692941187941596,718758,605540,0.45657579634872825,Groundout,82.4,1.51019682690307,3.06201889553583,Curveball,2.0,8
663538,"{'breakAngle': 42.0, 'breakLength': 4.8, 'breakY': 24.0, 'breakVertical': -16.9, 'breakVerticalInduced': 13.0, 'breakHorizontal': 15.1, 'spinRate': 2378, 'spinDirection': 208}","{'aY': 33.081722523717204, 'aZ': -16.61391761922451, 'pfxX': -8.893397872489434, 'pfxZ': 7.962601355268304, 'pX': -0.6349865059943234, 'pZ': 1.8723874693233409, 'vX0': 4.437145409120836, 'vY0': -139.32628399071731, 'vZ0': -7.20963948726936, 'x': 141.2, 'y': 188.23, 'x0': -1.0980641190022804, 'y0': 50.00237512830817, 'z0': 5.603794782385176, 'aX': -17.377350131698545}",Foul,87.3,6.699395766887325,718758,605540,0.3940448986207348,Groundout,95.8,1.54,3.18,Sinker,2.0,7
663538,"{'breakAngle': 6.0, 'breakLength': 6.0, 'breakY': 24.0, 'breakVertical': -26.8, 'breakVerticalInduced': 7.6, 'breakHorizontal': -3.2, 'spinRate': 2432, 'spinDirection': 193}","{'aY': 23.472079219953372, 'aZ': -24.053142923031757, 'pfxX': 1.2038257036302662, 'pfxZ': 4.742256209028923, 'pX': 1.1176372058223407, 'pZ': 1.1805613624446127, 'vX0': 5.205647578120586, 'vY0': -129.15500558177098, 'vZ0': -6.493807292196912, 'x': 74.4, 'y': 206.9, 'x0': -1.0692906457051634, 'y0': 50.00194279112658, 'z0': 5.542207989418191, 'aX': 2.061170434248065}",Foul,82.6,6.7922914385892845,718758,605540,0.4218975665721265,Groundout,88.7,1.54,3.18,Slider,2.0,14
663538,"{'breakAngle': 27.6, 'breakLength': 3.6, 'breakY': 24.0, 'breakVertical': -12.1, 'breakVerticalInduced': 17.5, 'breakHorizontal': 6.2, 'spinRate': 2265, 'spinDirection': 206}","{'aY': 31.362978875486654, 'aZ': -11.592306803330565, 'pfxX': -3.9441189197197497, 'pfxZ': 10.409652965730483, 'pX': 0.15389709208472085, 'pZ': 2.191404772707577, 'vX0': 4.6488859424219235, 'vY0': -139.69022627808403, 'vZ0': -7.258991887693522, 'x': 111.13, 'y': 179.61, 'x0': -1.0191703627292927, 'y0': 50.000063917335595, 'z0': 5.585034145145424, 'aX': -7.796429079487268}",Foul,87.8,6.773056677176102,718758,605540,0.3920519960771416,Groundout,96.0,1.54,3.18,Four-Seam Fastball,2.0,5
663538,"{'breakAngle': 24.0, 'breakLength': 6.0, 'breakY': 24.0, 'breakVertical': -25.8, 'breakVerticalInduced': 10.4, 'breakHorizontal': 11.2, 'spinRate': 2043, 'spinDirection': 226}","{'aY': 22.646723190778026, 'aZ': -22.728077497472775, 'pfxX': -6.4649767512610445, 'pfxZ': 5.823051723327591, 'pX': -0.8915810575617804, 'pZ': 3.203344493930377, 'vX0': 2.8178768814722233, 'vY0': -125.8401609667996, 'vZ0': -1.5070043485476359, 'x': 150.98, 'y': 152.29, 'x0': -1.1784876631891963, 'y0': 50.00616687219796, 'z0': 5.629853202937572, 'aX': -10.495994717428935}","In play, out(s)",79.9,6.844184326445099,718758,605540,0.43325701570648967,Groundout,86.3,1.54,3.18,Changeup,2.0,11
621020,"{'breakAngle': 3.6, 'breakLength': 6.0, 'breakY': 24.0, 'breakVertical': -28.1, 'breakVerticalInduced': 6.5, 'breakHorizontal': -1.9, 'spinRate': 2356, 'spinDirection': 181}","{'aY': 25.19623751087193, 'aZ': -25.853238533928284, 'pfxX': 0.7531437016124155, 'pfxZ': 3.712128545307557, 'pX': -0.03175798965941525, 'pZ': 2.8706995110346094, 'vX0': 2.6972231861399525, 'vY0': -129.24410700796062, 'vZ0': -2.3622753273831085, 'x': 118.21, 'y': 161.27, 'x0': -1.183854405489559, 'y0': 50.00417867401103, 'z0': 5.768094859733716, 'aX': 1.2827364624691155}",Called Strike,81.9,6.652156756834031,718758,605540,0.42267659692328285,Groundout,88.7,1.6653473235683,3.49993316402478,Slider,2.0,5
621020,"{'breakAngle': 34.8, 'breakLength': 4.8, 'breakY': 24.0, 'breakVertical': -16.7, 'breakVerticalInduced': 13.1, 'breakHorizontal': 11.4, 'spinRate': 2274, 'spinDirection': 209}","{'aY': 29.42575650585019, 'aZ': -16.881014689465626, 'pfxX': -6.387375549152585, 'pfxZ': 7.769793668258113, 'pX': -1.6283577274851995, 'pZ': 2.33069327543824, 'vX0': 1.2215859363810977, 'vY0': -139.0143398175314, 'vZ0': -5.8796703915130575, 'x': 179.07, 'y': 175.85, 'x0': -1.2415702691509363, 'y0': 50.006103751978806, 'z0': 5.5831023268653155, 'aX': -12.57817773283354}",Ball,87.9,6.628977017969735,718758,605540,0.3931129054525373,Groundout,95.5,1.68751826773763,3.49993316402478,Sinker,2.0,13
621020,"{'breakAngle': 42.0, 'breakLength': 4.8, 'breakY': 24.0, 'breakVertical': -15.8, 'breakVerticalInduced': 14.4, 'breakHorizontal': 14.2, 'spinRate': 2283, 'spinDirection': 207}","{'aY': 32.530383626282614, 'aZ': -15.67183955071858, 'pfxX': -8.212474173993797, 'pfxZ': 8.51544658308292, 'pX': -0.8176876049628257, 'pZ': 2.5805069858518364, 'vX0': 3.4000979714446604, 'vY0': -138.7070100376568, 'vZ0': -5.505867420460241, 'x': 148.17, 'y': 169.11, 'x0': -0.9958980354488076, 'y0': 50.006357994809825, 'z0': 5.645212284850671, 'aX': -15.922536892431712}","In play, out(s)",86.8,6.75409352287247,718758,605540,0.3956635459275737,Groundout,95.3,1.65,3.5,Sinker,2.0,13
664023,"{'breakAngle': 18.0, 'breakLength': 3.6, 'breakY': 24.0, 'breakVertical': -13.1, 'breakVerticalInduced': 16.7, 'breakHorizontal': 4.1, 'spinRate': 2256, 'spinDirection': 200}","{'aY': 26.501010524720556, 'aZ': -13.14307635121998, 'pfxX': -2.427735646915992, 'pfxZ': 9.620686123707285, 'pX': -0.7381253857978206, 'pZ': 2.6729559611485363, 'vX0': 1.7781182353968785, 'vY0': -138.68111664016917, 'vZ0': -5.829617456929666, 'x': 145.14, 'y': 166.61, 'x0': -1.0672133142014293, 'y0': 50.00377365493214, 'z0': 5.654324642687721, 'aX': -4.802563861010094}",Called Strike,88.3,6.814035977511905,718758,605540,0.3926455041257557,Home Run,95.2,1.6653473235683,3.46993205884002,Four-Seam Fastball,0.89,4
664023,"{'breakAngle': 42.0, 'breakLength': 4.8, 'breakY': 24.0, 'breakVertical': -15.1, 'breakVerticalInduced': 14.9, 'breakHorizontal': 13.6, 'spinRate': 2334, 'spinDirection': 208}","{'aY': 32.17561044946574, 'aZ': -14.298620531820807, 'pfxX': -8.13463025278044, 'pfxZ': 9.173243294213911, 'pX': 0.03971293298368675, 'pZ': 1.4425204843371628, 'vX0': 5.588082439720388, 'vY0': -138.96837228134942, 'vZ0': -8.571927738341204, 'x': 115.49, 'y': 199.83, 'x0': -0.9439034799358129, 'y0': 50.00565254674835, 'z0': 5.524503861217779, 'aX': -15.856708308829358}",Called Strike,87.3,6.72658545359879,718758,605540,0.3946707116914472,Home Run,95.7,1.60992720507402,3.47402345837433,Sinker,0.92,14
664023,"{'breakAngle': 24.0, 'breakLength': 2.4, 'breakY': 24.0, 'breakVertical': -11.8, 'breakVerticalInduced': 17.9, 'breakHorizontal': 5.3, 'spinRate': 2342, 'spinDirection': 201}","{'aY': 32.15051878756123, 'aZ': -12.742440477460093, 'pfxX': -3.4350934232806107, 'pfxZ': 9.823393141180185, 'pX': 0.0757778902515726, 'pZ': 4.784520845556499, 'vX0': 4.198689489561073, 'vY0': -139.90845487337472, 'vZ0': -0.6741048422266205, 'x': 114.11, 'y': 109.6, 'x0': -0.9995137325265072, 'y0': 50.00691044187104, 'z0': 5.865306518531207, 'aX': -6.7982920165707865}",Ball,87.5,6.708892879768003,718758,605540,0.3917927910271133,Home Run,96.1,1.68751826773763,3.46993205884002,Four-Seam Fastball,0.91,12
664023,"{'breakAngle': 28.8, 'breakLength': 2.4, 'breakY': 24.0, 'breakVertical': -10.4, 'breakVerticalInduced': 18.8, 'breakHorizontal': 5.9, 'spinRate': 2271, 'spinDirection': 207}","{'aY': 31.739881860216087, 'aZ': -10.298023254310353, 'pfxX': -3.7709668922205655, 'pfxZ': 10.940858256571545, 'pX': 0.20154108821348532, 'pZ': 3.0176679268725755, 'vX0': 4.783805911321797, 'vY0': -140.49073227353574, 'vZ0': -5.411557259830092, 'x': 109.32, 'y': 157.3, 'x0': -1.0331250869862012, 'y0': 50.00457707863185, 'z0': 5.637865319409428, 'aX': -7.541520812314658}",Foul,88.2,6.7736325319133535,718758,605540,0.38983124896392374,Home Run,96.5,1.64,3.47,Four-Seam Fastball,0.91,2
664023,"{'breakAngle': 30.0, 'breakLength': 9.6, 'breakY': 24.0, 'breakVertical': -35.4, 'breakVerticalInduced': 2.8, 'breakHorizontal': 20.4, 'spinRate': 1698, 'spinDirection': 229}","{'aY': 31.91684660521915, 'aZ': -28.088380417961726, 'pfxX': -12.280915015588413, 'pfxZ': 2.6787358509477466, 'pX': -0.2634033629307239, 'pZ': -0.14955256211561951, 'vX0': 5.6502686384978515, 'vY0': -124.6061788979131, 'vZ0': -7.730521161749413, 'x': 127.04, 'y': 242.82, 'x0': -1.0015368154732067, 'y0': 50.00410792769106, 'z0': 5.411789003379214, 'aX': -18.743520217702407}",Ball,77.1,6.927541281889979,718758,605540,0.4446285047237848,Home Run,85.9,1.6653473235683,3.41830738531868,Changeup,0.9,13
664023,"{'breakAngle': 3.6, 'breakLength': 9.6, 'breakY': 24.0, 'breakVertical': -45.0, 'breakVerticalInduced': -7.4, 'breakHorizontal': -2.9, 'spinRate': 2366, 'spinDirection': 40}","{'aY': 20.510103499088856, 'aZ': -38.66049495805835, 'pfxX': 1.5671510691077666, 'pfxZ': -4.139143415622355, 'pX': -0.7674759973891281, 'pZ': 2.3509272914858435, 'vX0': 0.3364269842201226, 'vY0': -123.2799089238672, 'vZ0': -0.5745387779306594, 'x': 146.25, 'y': 175.3, 'x0': -1.1089498782355707, 'y0': 50.00503638303828, 'z0': 5.802177414705426, 'aX': 2.4543174944479658}",Foul,79.1,6.712366929316215,718758,605540,0.44138118087006584,Home Run,84.5,1.64,3.47,Curveball,0.92,4
664023,"{'breakAngle': 18.0, 'breakLength': 3.6, 'breakY': 24.0, 'breakVertical': -13.2, 'breakVerticalInduced': 16.3, 'breakHorizontal': 4.2, 'spinRate': 2285, 'spinDirection': 202}","{'aY': 30.10289251427795, 'aZ': -13.308616828437366, 'pfxX': -2.561910894415299, 'pfxZ': 9.484665150987638, 'pX': -0.5752456814466346, 'pZ': 2.7943108739730462, 'vX0': 2.2998594015994165, 'vY0': -139.81324497017889, 'vZ0': -5.562463177644287, 'x': 138.93, 'y': 163.33, 'x0': -1.0737139453419298, 'y0': 50.00310143590463, 'z0': 5.675461176452785, 'aX': -5.096456855511516}",Foul,88.2,6.7598892166843,718758,605540,0.3910296808412381,Home Run,96.0,1.64,3.47,Four-Seam Fastball,0.9,4
664023,"{'breakAngle': 36.0, 'breakLength': 8.4, 'breakY': 24.0, 'breakVertical': -30.5, 'breakVerticalInduced': 6.8, 'breakHorizontal': 22.4, 'spinRate': 1832, 'spinDirection': 233}","{'aY': 27.767336532914904, 'aZ': -24.978668537226493, 'pfxX': -13.24627274932314, 'pfxZ': 4.582058984353925, 'pX': -0.3596282469767031, 'pZ': 0.6504844158311575, 'vX0': 5.866867221050761, 'vY0': -125.21430736115951, 'vZ0': -6.662642700697869, 'x': 130.71, 'y': 221.22, 'x0': -1.0255092878497376, 'y0': 50.004442335859984, 'z0': 5.419602080455854, 'aX': -20.814404014447256}",Ball,78.5,6.9044068094441915,718758,605540,0.43919226747219486,Home Run,86.2,1.6653473235683,3.46993205884002,Changeup,0.91,13
664023,"{'breakAngle': 30.0, 'breakLength': 3.6, 'breakY': 24.0, 'breakVertical': -12.1, 'breakVerticalInduced': 17.4, 'breakHorizontal': 6.8, 'spinRate': 2388, 'spinDirection': 201}","{'aY': 31.887666139883013, 'aZ': -12.146753944645658, 'pfxX': -4.4111551188044995, 'pfxZ': 10.047011687172745, 'pX': 0.5433666970200662, 'pZ': 3.1139797067805457, 'vX0': 5.650355070986076, 'vY0': -140.3138502728798, 'vZ0': -4.945437886349962, 'x': 96.29, 'y': 154.7, 'x0': -0.9237738435469662, 'y0': 50.00093499501296, 'z0': 5.6914904894547895, 'aX': -8.791482560475163}","In play, run(s)",88.1,6.75348680821941,718758,605540,0.39043020354272207,Home Run,96.4,1.64,3.47,Four-Seam Fastball,0.91,3
641355,"{'breakAngle': 12.0, 'breakLength': 2.4, 'breakY': 24.0, 'breakVertical': -12.0, 'breakVerticalInduced': 17.9, 'breakHorizontal': 2.5, 'spinRate': 2167, 'spinDirection': 204}","{'aY': 34.309076926035615, 'aZ': -11.64264167238936, 'pfxX': -1.742302709930017, 'pfxZ': 10.515641992588783, 'pX': -0.34460482943873794, 'pZ': 2.8217663008456233, 'vX0': 2.5739152707609, 'vY0': -139.542565033601, 'vZ0': -5.6462349772667135, 'x': 130.14, 'y': 162.59, 'x0': -1.0568446971172194, 'y0': 50.00201848027218, 'z0': 5.653252023200603, 'aX': -3.4017689843278966}",Called Strike,86.9,6.746013029050155,718758,605540,0.3940073122486232,Flyout,95.9,1.82057906827202,3.86439650048094,Four-Seam Fastball,0.91,4
641355,"{'breakAngle': 36.0, 'breakLength': 7.2, 'breakY': 24.0, 'breakVertical': -26.4, 'breakVerticalInduced': 9.6, 'breakHorizontal': 19.1, 'spinRate': 1904, 'spinDirection': 228}","{'aY': 29.501211494216573, 'aZ': -22.251515806869488, 'pfxX': -11.710751023484999, 'pfxZ': 6.10564711806552, 'pX': 0.6601674361431962, 'pZ': 1.258437165627081, 'vX0': 7.995660952939212, 'vY0': -127.54541419680974, 'vZ0': -6.224275526178374, 'x': 91.84, 'y': 204.8, 'x0': -1.015000325676064, 'y0': 50.00582503218091, 'z0': 5.518970457543892, 'aX': -19.04021729619846}",Ball,79.6,6.870907828242993,718758,605540,0.431661820927316,Flyout,87.9,1.79839805718787,3.84207216084691,Changeup,0.89,14
641355,"{'breakAngle': 28.8, 'breakLength': 6.0, 'breakY': 24.0, 'breakVertical': -25.4, 'breakVerticalInduced': 11.4, 'breakHorizontal': 13.6, 'spinRate': 2072, 'spinDirection': 228}","{'aY': 28.97634742297288, 'aZ': -21.032000201596354, 'pfxX': -8.180548439946826, 'pfxZ': 7.006208774739761, 'pX': -0.26261384991172, 'pZ': 1.4007089330875346, 'vX0': 4.706311018179975, 'vY0': -126.19276189600895, 'vZ0': -5.8234023898048095, 'x': 127.01, 'y': 200.96, 'x0': -1.1023090755411507, 'y0': 50.00353947042385, 'z0': 5.465682850225544, 'aX': -13.012797344335794}","In play, out(s)",78.7,6.880476692220691,718758,605540,0.4363330574536337,Flyout,86.8,1.75,3.82,Changeup,0.87,13
661388,"{'breakAngle': 9.6, 'breakLength': 6.0, 'breakY': 24.0, 'breakVertical': -27.8, 'breakVerticalInduced': 6.2, 'breakHorizontal': -4.6, 'spinRate': 2074, 'spinDirection': 177}","{'aY': 22.87253428832924, 'aZ': -25.887563355159955, 'pfxX': 2.057865375042835, 'pfxZ': 3.6401461669491937, 'pX': 0.3215655928876665, 'pZ': 2.747424494894945, 'vX0': 4.6698842747351, 'vY0': -129.53634004904129, 'vZ0': -3.072518601074212, 'x': 104.74, 'y': 164.6, 'x0': -1.7602995403225494, 'y0': 50.00325762841201, 'z0': 5.893142188312621, 'aX': 3.5547873323316534}",Called Strike,82.9,6.2843481546764,718758,665871,0.4201981593519961,Strikeout,88.9,1.73186515289319,3.55204730057991,Cutter,2.0,6
661388,"{'breakAngle': 22.8, 'breakLength': 9.6, 'breakY': 24.0, 'breakVertical': -40.1, 'breakVerticalInduced': 1.3, 'breakHorizontal': -16.8, 'spinRate': 2247, 'spinDirection': 63}","{'aY': 21.17814643994361, 'aZ': -31.092176411234604, 'pfxX': 8.891612004033416, 'pfxZ': 0.7657043920507167, 'pX': 0.7240761628780245, 'pZ': 2.531469166310204, 'vX0': 2.8643519468607086, 'vY0': -117.90933419278394, 'vZ0': -1.2890886893451614, 'x': 89.4, 'y': 170.43, 'x0': -1.6599493220281933, 'y0': 50.00479170121543, 'z0': 5.93897770284283, 'aX': 12.593696147710961}",Called Strike,75.1,6.115090589982851,718758,665871,0.46348371325719784,Strikeout,80.9,1.77621873803052,3.50745918746215,Sweeper,2.0,6
661388,"{'breakAngle': 24.0, 'breakLength': 10.8, 'breakY': 24.0, 'breakVertical': -43.0, 'breakVerticalInduced': -0.5, 'breakHorizontal': -19.2, 'spinRate': 2362, 'spinDirection': 48}","{'aY': 22.854999776295852, 'aZ': -32.11866850707936, 'pfxX': 9.949483676350617, 'pfxZ': 0.04216227609254286, 'pX': 1.9627594569544096, 'pZ': 1.3946414210024112, 'vX0': 4.783220201634599, 'vY0': -116.94490862617313, 'vZ0': -3.490963846422398, 'x': 42.18, 'y': 201.12, 'x0': -1.404311384998245, 'y0': 50.00328833651073, 'z0': 5.9316772695086675, 'aX': 13.727997082770507}",Swinging Strike,74.3,6.280159419513351,718758,665871,0.4690552573782605,Strikeout,80.4,1.68,3.49,Sweeper,2.0,14
572228,"{'breakAngle': 12.0, 'breakLength': 6.0, 'breakY': 24.0, 'breakVertical': -26.3, 'breakVerticalInduced': 7.3, 'breakHorizontal': -5.4, 'spinRate': 2150, 'spinDirection': 175}","{'aY': 27.757554862716855, 'aZ': -23.976742902616284, 'pfxX': 2.052921381698149, 'pfxZ': 4.700949892149913, 'pX': 1.8918027429123108, 'pZ': 1.6232330050790684, 'vX0': 7.888276904411152, 'vY0': -131.1877246624785, 'vZ0': -6.164058260410198, 'x': 44.89, 'y': 194.95, 'x0': -1.4205632069356287, 'y0': 50.000382709587875, 'z0': 5.790459909349984, 'aX': 3.5768531269167236}",Ball,83.1,6.389663013060512,718758,665871,0.41751076425493006,Groundout,90.3,1.68751826773763,3.50745918746215,Cutter,2.0,14
572228,"{'breakAngle': 21.6, 'breakLength': 3.6, 'breakY': 24.0, 'breakVertical': -14.5, 'breakVerticalInduced': 16.1, 'breakHorizontal': 5.8, 'spinRate': 2168, 'spinDirection': 208}","{'aY': 26.842815973763066, 'aZ': -14.780634849425876, 'pfxX': -3.8502424675825546, 'pfxZ': 9.029066412679871, 'pX': 0.2963087394147344, 'pZ': 3.8292883480150266, 'vX0': 6.666441597423106, 'vY0': -137.08303890214304, 'vZ0': -2.8890293247603247, 'x': 105.71, 'y': 135.39, 'x0': -1.6534031357250112, 'y0': 50.001491534076955, 'z0': 5.890306680405605, 'aX': -7.416572316757987}",Ball,87.0,6.261370554169519,718758,665871,0.39770027879725145,Groundout,94.1,1.70969087563574,3.45993205465896,Four-Seam Fastball,2.0,12
572228,"{'breakAngle': 10.8, 'breakLength': 4.8, 'breakY': 24.0, 'breakVertical': -23.2, 'breakVerticalInduced': 10.7, 'breakHorizontal': -4.6, 'spinRate': 2051, 'spinDirection': 185}","{'aY': 24.72550659603047, 'aZ': -20.8041163152571, 'pfxX': 2.0402197645788926, 'pfxZ': 6.528673829457584, 'pX': 0.08638947828393904, 'pZ': 1.456889804095193, 'vX0': 4.24876460323658, 'vY0': -130.41851431721815, 'vZ0': -7.00352735919292, 'x': 113.71, 'y': 199.44, 'x0': -1.822076839206222, 'y0': 50.00128791496596, 'z0': 5.720798181296291, 'aX': 3.549569597943654}",Ball,83.1,6.331604642465769,718758,665871,0.4183154412553698,Groundout,89.6,1.68751826773763,3.45993205465896,Cutter,2.0,14
572228,"{'breakAngle': 27.6, 'breakLength': 3.6, 'breakY': 24.0, 'breakVertical': -13.7, 'breakVerticalInduced': 17.5, 'breakHorizontal': 7.1, 'spinRate': 2217, 'spinDirection': 207}","{'aY': 31.815948024536578, 'aZ': -12.101891708129655, 'pfxX': -4.407029930437676, 'pfxZ': 10.68670243555816, 'pX': -0.639324811256095, 'pZ': 1.5490554115215016, 'vX0': 4.175478871847178, 'vY0': -136.59408993782748, 'vZ0': -8.884569819257285, 'x': 141.37, 'y': 196.96, 'x0': -1.6197689666081831, 'y0': 50.000950107786174, 'z0': 5.688571073598302, 'aX': -8.275815785593483}",Called Strike,85.6,6.413312810287861,718758,665871,0.40193579993220396,Groundout,94.0,1.65426247362916,3.2957762373088,Four-Seam Fastball,2.0,13
572228,"{'breakAngle': 38.4, 'breakLength': 3.6, 'breakY': 24.0, 'breakVertical': -13.3, 'breakVerticalInduced': 17.6, 'breakHorizontal': 10.4, 'spinRate': 2219, 'spinDirection': 207}","{'aY': 32.19792458085438, 'aZ': -12.216208630839738, 'pfxX': -6.458511432527387, 'pfxZ': 10.52729687169911, 'pX': -0.34441836977919227, 'pZ': 2.3058298991276844, 'vX0': 5.745264092553684, 'vY0': -137.24541437910617, 'vZ0': -7.086259013293937, 'x': 130.13, 'y': 176.52, 'x0': -1.6323915661209636, 'y0': 50.0012085036051, 'z0': 5.764761788750597, 'aX': -12.241111740130709}",Foul,85.8,6.321254606237864,718758,665871,0.40007378339989685,Groundout,94.4,1.67,3.46,Four-Seam Fastball,2.0,4
572228,"{'breakAngle': 7.2, 'breakLength': 6.0, 'breakY': 24.0, 'breakVertical': -26.0, 'breakVerticalInduced': 8.4, 'breakHorizontal': -3.1, 'spinRate': 2037, 'spinDirection': 185}","{'aY': 25.854368422345143, 'aZ': -23.859747311019962, 'pfxX': 1.156478979220704, 'pfxZ': 4.879656939622754, 'pX': 0.23092536234394057, 'pZ': 2.8307721294326806, 'vX0': 4.606842510037876, 'vY0': -129.37881064986777, 'vZ0': -3.040646892079332, 'x': 108.2, 'y': 162.35, 'x0': -1.7195985484606724, 'y0': 50.000215504169816, 'z0': 5.840749677460096, 'aX': 1.9681400622755851}","In play, out(s)",81.8,6.303157025616606,718758,665871,0.4226275664144792,Groundout,88.8,1.67,3.46,Cutter,2.0,5
642133,"{'breakAngle': 48.0, 'breakLength': 6.0, 'breakY': 24.0, 'breakVertical': -16.8, 'breakVerticalInduced': 14.9, 'breakHorizontal': 18.4, 'spinRate': 1961, 'spinDirection': 208}","{'aY': 33.391456801312586, 'aZ': -15.430130501387152, 'pfxX': -11.03332127312316, 'pfxZ': 9.077891239774306, 'pX': -0.7504501936151915, 'pZ': 2.0777968140227085, 'vX0': 6.328277447970562, 'vY0': -135.84561806610057, 'vZ0': -7.006844628423709, 'x': 145.61, 'y': 182.68, 'x0': -1.6928257119295744, 'y0': 50.00317715422338, 'z0': 5.789371419122054, 'aX': -20.351818540202544}",Called Strike,84.5,6.331013384569032,718758,665871,0.40523841204978606,Strikeout,93.5,1.79839805718787,3.64124818875688,Sinker,2.0,7
642133,"{'breakAngle': 30.0, 'breakLength': 7.2, 'breakY': 24.0, 'breakVertical': -27.8, 'breakVerticalInduced': 10.0, 'breakHorizontal': 16.1, 'spinRate': 1372, 'spinDirection': 228}","{'aY': 27.591156951562, 'aZ': -22.440786205493488, 'pfxX': -9.480928134371027, 'pfxZ': 6.30153613916112, 'pX': -1.139451397768014, 'pZ': 1.191825676329833, 'vX0': 4.089093883954116, 'vY0': -124.24169242143124, 'vZ0': -6.437382311540819, 'x': 160.43, 'y': 206.6, 'x0': -1.5852838139869665, 'y0': 50.00576037847702, 'z0': 5.712646099306514, 'aX': -14.651904856479176}",Ball,77.7,6.303716001237936,718758,665871,0.4428295756414915,Strikeout,85.5,1.79839805718787,3.75279603233508,Changeup,2.0,13
642133,"{'breakAngle': 31.2, 'breakLength': 7.2, 'breakY': 24.0, 'breakVertical': -27.1, 'breakVerticalInduced': 9.0, 'breakHorizontal': 16.0, 'spinRate': 1357, 'spinDirection': 231}","{'aY': 26.843546658122367, 'aZ': -23.161267205350452, 'pfxX': -9.568344421541289, 'pfxZ': 5.55308144418794, 'pX': -0.6818050567280749, 'pZ': 1.6429119603232878, 'vX0': 5.583361818793225, 'vY0': -126.82455017743892, 'vZ0': -5.5844192322462884, 'x': 142.99, 'y': 194.42, 'x0': -1.6729558364963375, 'y0': 50.00367014628327, 'z0': 5.730038323504071, 'aX': -15.529287670195998}",Called Strike,79.8,6.380686510020535,718758,665871,0.4324988521225279,Strikeout,87.2,1.68751826773763,3.70817062193758,Changeup,2.0,13
642133,"{'breakAngle': 0.0, 'breakLength': 4.8, 'breakY': 24.0, 'breakVertical': -23.0, 'breakVerticalInduced': 10.6, 'breakHorizontal': -0.2, 'spinRate': 2041, 'spinDirection': 195}","{'aY': 33.359431398055236, 'aZ': -20.49488117232698, 'pfxX': -0.40440286028253425, 'pfxZ': 6.7330299582663535, 'pX': -0.8369539783346478, 'pZ': 1.4986008606637855, 'vX0': 3.5888350061404224, 'vY0': -132.20846959410397, 'vZ0': -6.767299260561549, 'x': 148.9, 'y': 198.32, 'x0': -2.171123096131261, 'y0': 50.00597370904754, 'z0': 5.6423871970081185, 'aX': -0.7019614446690748}",Ball,82.0,6.280344044141877,718758,665871,0.41745001835770257,Strikeout,91.0,1.62101040393562,3.4899326130164,Cutter,2.0,13
642133,"{'breakAngle': 30.0, 'breakLength': 6.0, 'breakY': 24.0, 'breakVertical': -25.0, 'breakVerticalInduced': 11.8, 'breakHorizontal': 14.4, 'spinRate': 1491, 'spinDirection': 226}","{'aY': 27.188316931654178, 'aZ': -20.502390698242227, 'pfxX': -8.619840135840512, 'pfxZ': 7.321744991783231, 'pX': -0.7333228700488694, 'pZ': 1.3023716443997047, 'vX0': 4.996378820706208, 'vY0': -125.89467569348236, 'vZ0': -6.784741565100592, 'x': 144.95, 'y': 203.62, 'x0': -1.6307773180645309, 'y0': 50.00311315157891, 'z0': 5.7089934766576835, 'aX': -13.742400690066662}",Swinging Strike,79.0,6.323618244110484,718758,665871,0.4362108254693662,Strikeout,86.6,1.67,3.49,Changeup,2.0,13
641820,"{'breakAngle': 22.8, 'breakLength': 10.8, 'breakY': 24.0, 'breakVertical': -43.1, 'breakVerticalInduced': 1.6, 'breakHorizontal': -18.2, 'spinRate': 2832, 'spinDirection': 64}","{'aY': 25.204544594305972, 'aZ': -31.433611830575447, 'pfxX': 8.894240106898517, 'pfxZ': 0.5624204047153833, 'pX': 1.793409947588292, 'pZ': 1.962748637730302, 'vX0': 7.387358765339144, 'vY0': -114.84474253204608, 'vZ0': 0.505652132028402, 'x': 48.64, 'y': 185.79, 'x0': -2.6434985631239076, 'y0': 50.0003414638027, 'z0': 4.846550561837207, 'aX': 11.642741829478895}",Ball,71.8,6.7522534689158284,718758,657265,0.4805931567216777,Strikeout,79.1,1.79839805718787,3.61894486907666,Sweeper,2.0,14
641820,"{'breakAngle': 26.4, 'breakLength': 10.8, 'breakY': 24.0, 'breakVertical': -41.5, 'breakVerticalInduced': 2.2, 'breakHorizontal': -20.6, 'spinRate': 2957, 'spinDirection': 68}","{'aY': 23.53292065080507, 'aZ': -30.956234035844094, 'pfxX': 10.624945335868963, 'pfxZ': 0.9075600264491452, 'pX': 1.0500991191925588, 'pZ': 2.1704433501603217, 'vX0': 5.359231753514986, 'vY0': -115.5211435452431, 'vZ0': 0.6879906358175565, 'x': 76.97, 'y': 180.18, 'x0': -2.68747285892447, 'y0': 50.00075757659414, 'z0': 4.868258131549466, 'aX': 14.213935684978603}",Called Strike,72.7,6.556687884945222,718758,657265,0.47596355057136597,Strikeout,79.4,1.67643258803714,3.58549376719371,Sweeper,2.0,14
641820,"{'breakAngle': 27.6, 'breakLength': 7.2, 'breakY': 24.0, 'breakVertical': -29.9, 'breakVerticalInduced': 4.0, 'breakHorizontal': 15.8, 'spinRate': 2224, 'spinDirection': 235}","{'aY': 26.79058020406182, 'aZ': -28.035489025169905, 'pfxX': -9.866444115852703, 'pfxZ': 2.390892634131318, 'pX': 0.10374590676856339, 'pZ': 1.9428771595047802, 'vX0': 9.43160762694718, 'vY0': -130.62883470337616, 'vZ0': -2.4924358862062443, 'x': 113.05, 'y': 186.32, 'x0': -2.2668556149714427, 'y0': 50.00471577186831, 'z0': 5.010972720575949, 'aX': -17.101209581904925}",Foul,82.5,6.642207850519538,718758,657265,0.418836506599634,Strikeout,89.9,1.68,3.6,Sinker,2.0,8
641820,"{'breakAngle': 28.8, 'breakLength': 4.8, 'breakY': 24.0, 'breakVertical': -19.3, 'breakVerticalInduced': 13.4, 'breakHorizontal': 10.6, 'spinRate': 2338, 'spinDirection': 232}","{'aY': 26.04162687365569, 'aZ': -18.596736458595043, 'pfxX': -6.908475934648959, 'pfxZ': 7.580432249104517, 'pX': 0.8765815903555623, 'pZ': 2.961291037816325, 'vX0': 10.221692805517764, 'vY0': -132.42464365187135, 'vZ0': -2.2522802342828987, 'x': 83.59, 'y': 158.83, 'x0': -2.1208788820771436, 'y0': 50.003156108902836, 'z0': 5.170820486735345, 'aX': -12.375077748764811}",Foul Tip,83.8,6.732545504822373,718758,657265,0.4122947868966662,Strikeout,91.1,1.68,3.6,Four-Seam Fastball,2.0,12
621458,"{'breakAngle': 36.0, 'breakLength': 4.8, 'breakY': 24.0, 'breakVertical': -17.2, 'breakVerticalInduced': 14.9, 'breakHorizontal': 12.2, 'spinRate': 2412, 'spinDirection': 227}","{'aY': 29.028944021731352, 'aZ': -16.34770293746561, 'pfxX': -7.736070742122729, 'pfxZ': 8.6211553376483, 'pX': -0.0568927846591877, 'pZ': 2.2012863129389437, 'vX0': 8.5645979190765, 'vY0': -134.58476626944983, 'vZ0': -4.529149982056452, 'x': 119.17, 'y': 179.35, 'x0': -2.2743302718955687, 'y0': 50.000840246708904, 'z0': 5.062562680290366, 'aX': -14.199303469266322}",Swinging Strike,84.7,6.633831683339676,718758,657265,0.40685921985285445,Flyout,92.6,1.55,3.4,Four-Seam Fastball,2.0,5
621458,"{'breakAngle': 27.6, 'breakLength': 10.8, 'breakY': 24.0, 'breakVertical': -40.7, 'breakVerticalInduced': -1.1, 'breakHorizontal': 21.4, 'spinRate': 1655, 'spinDirection': 284}","{'aY': 25.287228666270043, 'aZ': -32.87112953253397, 'pfxX': -12.933179332035952, 'pfxZ': -0.46632118890679575, 'pX': -0.801722543358789, 'pZ': 1.1442162109097755, 'vX0': 8.026285256714305, 'vY0': -121.3311019719573, 'vZ0': -1.9635764484903215, 'x': 147.56, 'y': 207.89, 'x0': -2.4840235723844746, 'y0': 50.005226557277304, 'z0': 4.847557475218186, 'aX': -19.15068431943118}",Ball,76.3,6.643415499218521,718758,657265,0.4526299451206808,Flyout,83.5,1.46588276722119,3.30691293895588,Changeup,2.0,13
621458,"{'breakAngle': 31.2, 'breakLength': 9.6, 'breakY': 24.0, 'breakVertical': -38.8, 'breakVerticalInduced': 0.0, 'breakHorizontal': 23.2, 'spinRate': 1753, 'spinDirection': 277}","{'aY': 24.88160135576263, 'aZ': -32.1405171637992, 'pfxX': -14.258904232567641, 'pfxZ': 0.02177824560346675, 'pX': 0.18063130269752198, 'pZ': 1.617643718405918, 'vX0': 10.664514190623295, 'vY0': -122.3230151234087, 'vZ0': -1.2703219726880397, 'x': 110.11, 'y': 195.1, 'x0': -2.390240052893075, 'y0': 50.003598860665235, 'z0': 4.907797601706283, 'aX': -21.537535746899568}",Called Strike,77.0,6.600852927578436,718758,657265,0.448352963824977,Flyout,84.3,1.44372815168057,3.32918783253668,Changeup,2.0,8
621458,"{'breakAngle': 36.0, 'breakLength': 4.8, 'breakY': 24.0, 'breakVertical': -15.5, 'breakVerticalInduced': 17.0, 'breakHorizontal': 11.0, 'spinRate': 2350, 'spinDirection': 235}","{'aY': 28.788147970146362, 'aZ': -14.660264459807488, 'pfxX': -7.147010486279789, 'pfxZ': 9.718696516044337, 'pX': 0.35017402882129806, 'pZ': 2.899000506810402, 'vX0': 9.017050292928163, 'vY0': -133.41934550594138, 'vZ0': -3.337296310016025, 'x': 103.65, 'y': 160.51, 'x0': -2.145240762639139, 'y0': 50.003775994204716, 'z0': 5.223032551647615, 'aX': -12.881806962469772}","In play, out(s)",83.8,6.817739496238893,718758,657265,0.4105744501396109,Flyout,91.8,1.55,3.4,Four-Seam Fastball,2.0,3
543333,"{'breakAngle': 28.8, 'breakLength': 9.6, 'breakY': 24.0, 'breakVertical': -39.4, 'breakVerticalInduced': 2.0, 'breakHorizontal': -21.6, 'spinRate': 2968, 'spinDirection': 72}","{'aY': 24.223957572908983, 'aZ': -30.913923717140413, 'pfxX': 11.627518019437252, 'pfxZ': 0.887489127516508, 'pX': -0.23984369422839727, 'pZ': 2.302110750736042, 'vX0': 2.358616080384903, 'vY0': -118.67905174376094, 'vZ0': 0.5318626967096163, 'x': 126.14, 'y': 176.62, 'x0': -2.7581994762424396, 'y0': 50.00175918198114, 'z0': 4.906938979184733, 'aX': 16.465287583403857}",Called Strike,74.6,6.624047531836044,718758,657265,0.46279397320027504,Groundout,81.5,1.79839805718787,3.7304822776447,Sweeper,2.0,8
543333,"{'breakAngle': 30.0, 'breakLength': 4.8, 'breakY': 24.0, 'breakVertical': -17.6, 'breakVerticalInduced': 13.6, 'breakHorizontal': 10.1, 'spinRate': 2361, 'spinDirection': 224}","{'aY': 25.689968858041055, 'aZ': -17.846870329188803, 'pfxX': -6.477747644930588, 'pfxZ': 7.588108637662584, 'pX': 0.43831850391762817, 'pZ': 2.9802236302160146, 'vX0': 9.289772598778729, 'vY0': -135.56446129264515, 'vZ0': -2.4194293027714555, 'x': 100.29, 'y': 158.31, 'x0': -2.1688940675119674, 'y0': 50.000321289457595, 'z0': 5.110201402438839, 'aX': -12.227258296727467}",Foul,86.2,6.624932105356623,718758,657265,0.4018593480435011,Groundout,93.2,1.78,3.79,Four-Seam Fastball,2.0,6
543333,"{'breakAngle': 24.0, 'breakLength': 9.6, 'breakY': 24.0, 'breakVertical': -39.5, 'breakVerticalInduced': -1.3, 'breakHorizontal': 16.9, 'spinRate': 1638, 'spinDirection': 280}","{'aY': 22.92512872830624, 'aZ': -32.82666581424894, 'pfxX': -10.297570781797297, 'pfxZ': -0.42265527025385374, 'pX': -0.5433699338589925, 'pZ': 0.5802740688832775, 'vX0': 8.100568216723703, 'vY0': -122.90052563393134, 'vZ0': -3.6504677469133915, 'x': 137.71, 'y': 223.11, 'x0': -2.5341266566984877, 'y0': 50.003464956839686, 'z0': 4.8544436542886125, 'aX': -15.852536372754434}",Foul,78.3,6.767481409696055,718758,657265,0.44459631449233505,Groundout,84.5,1.78,3.79,Changeup,2.0,13
543333,"{'breakAngle': 31.2, 'breakLength': 4.8, 'breakY': 24.0, 'breakVertical': -16.9, 'breakVerticalInduced': 14.5, 'breakHorizontal': 10.2, 'spinRate': 2374, 'spinDirection': 228}","{'aY': 30.9881489837916, 'aZ': -17.26109070798004, 'pfxX': -6.746968454008222, 'pfxZ': 7.983143586473526, 'pX': 0.416316042643219, 'pZ': 3.8616699018389675, 'vX0': 9.216828257258312, 'vY0': -136.08187422226428, 'vZ0': -0.6562979834944662, 'x': 101.13, 'y': 134.51, 'x0': -2.144285439572249, 'y0': 50.00254816851468, 'z0': 5.306218611326783, 'aX': -12.604092903261487}",Ball,85.1,6.5805123577985025,718758,657265,0.40312466690863324,Groundout,93.7,1.82057906827202,3.70817062193758,Four-Seam Fastball,2.0,3
543333,"{'breakAngle': 26.4, 'breakLength': 9.6, 'breakY': 24.0, 'breakVertical': -37.0, 'breakVerticalInduced': 4.6, 'breakHorizontal': -18.6, 'spinRate': 3053, 'spinDirection': 65}","{'aY': 25.539631191533402, 'aZ': -29.10068885492708, 'pfxX': 9.69472175563438, 'pfxZ': 2.1838960869428377, 'pX': 0.2799510717872539, 'pZ': 2.8217450611598878, 'vX0': 4.166000467218115, 'vY0': -118.63478750654485, 'vZ0': 1.1364957158837499, 'x': 106.33, 'y': 162.59, 'x0': -2.7653495594062014, 'y0': 50.00120172055762, 'z0': 5.016191260854854, 'aX': 13.631515839306454}",Foul,74.1,6.716063492955883,718758,657265,0.46407606173373095,Groundout,81.5,1.78,3.79,Sweeper,2.0,6
543333,"{'breakAngle': 26.4, 'breakLength': 9.6, 'breakY': 24.0, 'breakVertical': -36.2, 'breakVerticalInduced': 1.3, 'breakHorizontal': 17.9, 'spinRate': 1844, 'spinDirection': 276}","{'aY': 24.130415896234055, 'aZ': -30.605932429133194, 'pfxX': -11.1084233851713, 'pfxZ': 1.004788122082914, 'pX': 0.14514452487329138, 'pZ': 1.0144495161274905, 'vX0': 9.723235630478253, 'vY0': -124.02384829810174, 'vZ0': -3.2254299486305165, 'x': 111.47, 'y': 211.39, 'x0': -2.3773785663956617, 'y0': 50.002979937989515, 'z0': 4.876514933458673, 'aX': -17.355806208542514}",Ball,78.6,6.682483502168496,718758,657265,0.44113616306103953,Groundout,85.4,1.82057906827202,3.78994376224219,Changeup,2.0,14
543333,"{'breakAngle': 40.8, 'breakLength': 4.8, 'breakY': 24.0, 'breakVertical': -14.3, 'breakVerticalInduced': 17.5, 'breakHorizontal': 12.4, 'spinRate': 2478, 'spinDirection': 223}","{'aY': 30.312099864261302, 'aZ': -14.13079118348231, 'pfxX': -7.924531122605156, 'pfxZ': 9.760183731081465, 'pX': 0.21263242367109128, 'pZ': 3.6897988271687763, 'vX0': 8.995275892451694, 'vY0': -135.2937876819225, 'vZ0': -1.7462632197240695, 'x': 108.89, 'y': 139.16, 'x0': -2.130193453440338, 'y0': 50.00087745648245, 'z0': 5.337105504669048, 'aX': -14.647488901578821}",Foul,84.7,6.5468101373349645,718758,657265,0.4052968346308967,Groundout,93.1,1.78,3.79,Four-Seam Fastball,2.0,2
543333,"{'breakAngle': 27.6, 'breakLength': 10.8, 'breakY': 24.0, 'breakVertical': -42.0, 'breakVerticalInduced': 0.8, 'breakHorizontal': -22.0, 'spinRate': 2993, 'spinDirection': 66}","{'aY': 22.96674579545976, 'aZ': -31.848747567729365, 'pfxX': 12.010175635913004, 'pfxZ': 0.23615417823219786, 'pX': -1.023100901753013, 'pZ': 2.0463513013354397, 'vX0': 0.9907292646897468, 'vY0': -116.48467681472242, 'vZ0': 0.36135415866360443, 'x': 156.0, 'y': 183.53, 'x0': -3.0137181296856212, 'y0': 50.00194659897513, 'z0': 4.913402020958586, 'aX': 16.41465875613607}",Ball,73.4,6.357751998887569,718758,657265,0.4711779343106679,Groundout,80.0,1.75404110514084,3.61894486907666,Sweeper,2.0,13
543333,"{'breakAngle': 24.0, 'breakLength': 9.6, 'breakY': 24.0, 'breakVertical': -39.4, 'breakVerticalInduced': -0.2, 'breakHorizontal': 17.8, 'spinRate': 1738, 'spinDirection': 275}","{'aY': 24.822216664583163, 'aZ': -32.395146066278805, 'pfxX': -10.997034003182057, 'pfxZ': -0.1468837304802264, 'pX': -0.20017072067417901, 'pZ': 1.6111196370433152, 'vX0': 8.647580608364802, 'vY0': -121.8368786751062, 'vZ0': -1.1077656154711917, 'x': 124.63, 'y': 195.28, 'x0': -2.3736173614426512, 'y0': 50.00256245081823, 'z0': 4.8811892213607315, 'aX': -16.46729595493066}","In play, out(s)",76.7,6.748278991595162,718758,657265,0.45024105914637813,Groundout,83.9,1.78,3.79,Changeup,2.0,13
605119,"{'breakAngle': 8.4, 'breakLength': 4.8, 'breakY': 24.0, 'breakVertical': -23.8, 'breakVerticalInduced': 9.7, 'breakHorizontal': -3.5, 'spinRate': 2102, 'spinDirection': 192}","{'aY': 25.12662201300348, 'aZ': -22.096638512485466, 'pfxX': 1.5513565462093226, 'pfxZ': 5.736533413716996, 'pX': -0.47508894482594727, 'pZ': 2.445762281043015, 'vX0': 3.2217229611167157, 'vY0': -131.08046268019874, 'vZ0': -4.7096304410709156, 'x': 135.11, 'y': 172.74, 'x0': -1.9169750044948897, 'y0': 50.005949453177095, 'z0': 5.894675351316183, 'aX': 2.726529838338434}","In play, no out",83.3,6.258513419227655,718758,665871,0.41628303417792134,Single,90.0,1.58,3.38,Cutter,2.0,4
669003,"{'breakAngle': 12.0, 'breakLength': 12.0, 'breakY': 24.0, 'breakVertical': -52.8, 'breakVerticalInduced': -6.2, 'breakHorizontal': -11.2, 'spinRate': 2386, 'spinDirection': 43}","{'aY': 21.500316393371698, 'aZ': -36.27611381407568, 'pfxX': 5.5751890377295235, 'pfxZ': -3.2617869151633956, 'pX': 1.1133322502921565, 'pZ': 1.3847139748064528, 'vX0': 4.120988809272859, 'vY0': -111.79149340858024, 'vZ0': -2.4346799594094373, 'x': 74.56, 'y': 201.39, 'x0': -1.4831485602108365, 'y0': 50.005122964342135, 'z0': 6.23745008778511, 'aX': 7.005662065293349}",Ball,70.9,6.244323791050599,718758,665871,0.4913077521256164,Walk,76.8,1.33297899372927,2.75067082749482,Curveball,2.0,14
669003,"{'breakAngle': 31.2, 'breakLength': 6.0, 'breakY': 24.0, 'breakVertical': -24.4, 'breakVerticalInduced': 12.2, 'breakHorizontal': 14.3, 'spinRate': 1472, 'spinDirection': 229}","{'aY': 23.264657198267376, 'aZ': -20.1697606771873, 'pfxX': -8.832538299900836, 'pfxZ': 7.471700429750077, 'pX': 0.608157512411409, 'pZ': 1.3803669571520785, 'vX0': 8.511158918462566, 'vY0': -125.39583959475029, 'vZ0': -7.074139361059971, 'x': 93.82, 'y': 201.51, 'x0': -1.6682374073707378, 'y0': 50.00256219225254, 'z0': 5.861222256250966, 'aX': -14.190052922339765}",Ball,79.8,6.571097477552219,718758,665871,0.4353412085814785,Walk,86.3,1.55451736197284,2.90629878126072,Changeup,2.0,14
669003,"{'breakAngle': 10.8, 'breakLength': 6.0, 'breakY': 24.0, 'breakVertical': -27.6, 'breakVerticalInduced': 8.2, 'breakHorizontal': -5.2, 'spinRate': 1974, 'spinDirection': 185}","{'aY': 25.541838830103202, 'aZ': -24.12043916157142, 'pfxX': 1.873712373909827, 'pfxZ': 4.920105101153289, 'pX': 1.779368851255191, 'pZ': 2.3831468841041867, 'vX0': 8.122217091833873, 'vY0': -127.0320970843807, 'vZ0': -4.137899670441593, 'x': 49.17, 'y': 174.44, 'x0': -1.7004261506790488, 'y0': 50.0050946021994, 'z0': 5.946260740628041, 'aX': 3.0676897258337608}",Ball,80.5,6.499126592826947,718758,665871,0.430853181255368,Walk,87.4,1.46588276722119,2.92853882296765,Cutter,2.0,12
669003,"{'breakAngle': 32.4, 'breakLength': 2.4, 'breakY': 24.0, 'breakVertical': -10.9, 'breakVerticalInduced': 21.7, 'breakHorizontal': 6.8, 'spinRate': 2275, 'spinDirection': 210}","{'aY': 30.618524149595316, 'aZ': -7.998808414633384, 'pfxX': -4.864219719725387, 'pfxZ': 13.509950107460046, 'pX': 0.8994091385568388, 'pZ': 0.6055084589927588, 'vX0': 8.607098111735304, 'vY0': -133.40646483904638, 'vZ0': -11.852213203401059, 'x': 82.72, 'y': 222.43, 'x0': -1.7473031485314277, 'y0': 50.002766341616436, 'z0': 5.699255507809463, 'aX': -8.70473611674514}",Ball,83.7,6.25573235549388,718758,665871,0.41168619628179526,Walk,92.1,1.4880389904315,2.92853882296765,Four-Seam Fastball,2.0,14
608385,"{'breakAngle': 9.6, 'breakLength': 4.8, 'breakY': 24.0, 'breakVertical': -22.6, 'breakVerticalInduced': 11.3, 'breakHorizontal': -3.8, 'spinRate': 1959, 'spinDirection': 191}","{'aY': 25.571337268274625, 'aZ': -21.01029360707083, 'pfxX': 1.6194464002284814, 'pfxZ': 6.449281533376505, 'pX': -0.027892703353477346, 'pZ': 3.3546451699397912, 'vX0': 4.669025637679406, 'vY0': -130.28765779357548, 'vZ0': -2.763301983108027, 'x': 118.06, 'y': 148.2, 'x0': -2.048589013583401, 'y0': 50.004433254035, 'z0': 6.004539586442206, 'aX': 2.802970201070509}",Foul,82.5,6.463604406645698,718758,665871,0.419281411922273,Single,89.5,1.59,3.41,Cutter,2.0,2
608385,"{'breakAngle': 8.4, 'breakLength': 6.0, 'breakY': 24.0, 'breakVertical': -25.0, 'breakVerticalInduced': 9.0, 'breakHorizontal': -3.8, 'spinRate': 2056, 'spinDirection': 187}","{'aY': 23.71560280656562, 'aZ': -22.34487493156311, 'pfxX': 1.7288941262651842, 'pfxZ': 5.684248110072551, 'pX': -0.34794046317066035, 'pZ': 1.098821171141769, 'vX0': 3.7184274119591314, 'vY0': -129.82046698145098, 'vZ0': -7.851324808527316, 'x': 130.26, 'y': 209.11, 'x0': -2.0159751386527827, 'y0': 50.006017792547254, 'z0': 5.827243872182536, 'aX': 2.9914330647781853}",Ball,83.1,6.306739423620106,718758,665871,0.41973432917224596,Single,89.2,1.68751826773763,3.40992998228599,Cutter,2.0,13
608385,"{'breakAngle': 25.2, 'breakLength': 6.0, 'breakY': 24.0, 'breakVertical': -23.9, 'breakVerticalInduced': 13.0, 'breakHorizontal': 11.3, 'spinRate': 1479, 'spinDirection': 230}","{'aY': 24.720053665390665, 'aZ': -19.406821724178414, 'pfxX': -6.813493101586848, 'pfxZ': 8.020350400977296, 'pX': -0.7195022241234896, 'pZ': 1.0221699519136689, 'vX0': 4.639762895168204, 'vY0': -125.21927812541688, 'vZ0': -7.848291242463802, 'x': 144.43, 'y': 211.18, 'x0': -1.7090038499829612, 'y0': 50.001487427533164, 'z0': 5.778348178632687, 'aX': -10.8450687756281}",Ball,79.3,6.379175812117973,718758,665871,0.4370153501101237,Single,86.1,1.6431780375087,3.40992998228599,Changeup,2.0,13
608385,"{'breakAngle': 28.8, 'breakLength': 3.6, 'breakY': 24.0, 'breakVertical': -14.0, 'breakVerticalInduced': 17.4, 'breakHorizontal': 7.7, 'spinRate': 2071, 'spinDirection': 212}","{'aY': 31.852467403321793, 'aZ': -13.342569658647644, 'pfxX': -4.615052360264727, 'pfxZ': 10.111701274806016, 'pX': -1.3840307905018316, 'pZ': 3.2680431312261744, 'vX0': 3.0319816130823023, 'vY0': -136.08431439661584, 'vZ0': -4.594289441765037, 'x': 169.76, 'y': 150.54, 'x0': -1.9171372143839167, 'y0': 50.001545859248, 'z0': 5.9130629539062065, 'aX': -8.593464218416058}",Ball,84.9,6.4414221443522965,718758,665871,0.4035881541430757,Single,93.5,1.59884441722974,3.40992998228599,Four-Seam Fastball,2.0,11
608385,"{'breakAngle': 21.6, 'breakLength': 3.6, 'breakY': 24.0, 'breakVertical': -14.0, 'breakVerticalInduced': 17.4, 'breakHorizontal': 5.3, 'spinRate': 2070, 'spinDirection': 212}","{'aY': 32.291838726506754, 'aZ': -12.955192773690271, 'pfxX': -3.9676111544171233, 'pfxZ': 10.294527293112893, 'pX': 0.8027353324418693, 'pZ': 2.5930905231122545, 'vX0': 8.008529201213872, 'vY0': -136.3308388736966, 'vZ0': -6.145655097678301, 'x': 86.4, 'y': 168.77, 'x0': -1.6683806703277242, 'y0': 50.00104855408203, 'z0': 5.784809925158899, 'aX': -7.406493552191438}",Foul,85.1,6.567715030134676,718758,665871,0.40303653765111225,Single,93.9,1.59,3.41,Four-Seam Fastball,2.0,12
608385,"{'breakAngle': 14.4, 'breakLength': 3.6, 'breakY': 24.0, 'breakVertical': -16.6, 'breakVerticalInduced': 14.3, 'breakHorizontal': 4.2, 'spinRate': 2026, 'spinDirection': 208}","{'aY': 27.96293884645366, 'aZ': -16.06443865994767, 'pfxX': -3.075926235310563, 'pfxZ': 8.448092491481676, 'pX': 0.6733921887617171, 'pZ': 2.3852095187106754, 'vX0': 6.919542221042422, 'vY0': -136.6843765060482, 'vZ0': -6.3059379144848435, 'x': 91.33, 'y': 174.38, 'x0': -1.4826187839046485, 'y0': 50.00135532250087, 'z0': 5.810791719574142, 'aX': -5.865015997660062}","In play, run(s)",86.6,6.373874886246058,718758,665871,0.3995647192042835,Single,94.0,1.59,3.41,Four-Seam Fastball,2.0,6
670712,"{'breakAngle': 0.0, 'breakLength': 3.6, 'breakY': 24.0, 'breakVertical': -17.4, 'breakVerticalInduced': 14.9, 'breakHorizontal': 0.0, 'spinRate': 2114, 'spinDirection': 198}","{'aY': 28.025247631708638, 'aZ': -16.212907477335392, 'pfxX': -0.7188753949838382, 'pfxZ': 8.76710349375304, 'pX': 0.42291475791157485, 'pZ': 2.3858204477319607, 'vX0': 6.245744991527477, 'vY0': -133.86721945880694, 'vZ0': -5.896441695571715, 'x': 100.88, 'y': 174.36, 'x0': -1.8438967281355205, 'y0': 50.00468684377177, 'z0': 5.771641538628226, 'aX': -1.3097401314628956}",Called Strike,84.5,6.38678622878944,718758,665871,0.40865836015443335,Groundout,92.0,1.4880389904315,3.19556814406845,Cutter,2.0,6
670712,"{'breakAngle': 15.6, 'breakLength': 8.4, 'breakY': 24.0, 'breakVertical': -34.7, 'breakVerticalInduced': 5.9, 'breakHorizontal': -10.1, 'spinRate': 2481, 'spinDirection': 52}","{'aY': 24.35045152294355, 'aZ': -26.167242038923753, 'pfxX': 4.9017173919692025, 'pfxZ': 4.16017062483185, 'pX': 0.9471189379940474, 'pZ': 0.297523998824168, 'vX0': 4.858660693588243, 'vY0': -119.71866431905278, 'vZ0': -7.294317152094743, 'x': 80.9, 'y': 230.75, 'x0': -1.749583879694147, 'y0': 50.000380361681046, 'z0': 5.744339309168018, 'aX': 7.073376623770465}",Ball In Dirt,75.8,6.236136702372803,718758,665871,0.45850543665866006,Groundout,82.4,1.46588276722119,3.26992596380838,Slider,2.0,14
670712,"{'breakAngle': 18.0, 'breakLength': 8.4, 'breakY': 24.0, 'breakVertical': -36.4, 'breakVerticalInduced': 4.4, 'breakHorizontal': -11.9, 'spinRate': 2360, 'spinDirection': 61}","{'aY': 22.132388911923783, 'aZ': -28.729061423959468, 'pfxX': 6.08994551844814, 'pfxZ': 2.3899886927832323, 'pX': 0.6656281419742632, 'pZ': 3.018282910360736, 'vX0': 3.846515269186077, 'vY0': -119.0412256414833, 'vZ0': -0.8958638894571544, 'x': 91.63, 'y': 157.29, 'x0': -1.760389586520434, 'y0': 50.00201232589133, 'z0': 5.99257412863052, 'aX': 8.76729018406656}","In play, out(s)",75.5,6.221383391604568,718758,665871,0.45953605965451105,Groundout,81.7,1.48,3.27,Slider,2.0,3
642715,"{'breakAngle': 12.0, 'breakLength': 6.0, 'breakY': 24.0, 'breakVertical': -25.7, 'breakVerticalInduced': 7.6, 'breakHorizontal': -5.6, 'spinRate': 2535, 'spinDirection': 154}","{'aY': 27.874404101256893, 'aZ': -23.224424461503865, 'pfxX': 2.437424677068612, 'pfxZ': 5.0803497067635615, 'pX': 1.6182219245265133, 'pZ': 0.9165303166936486, 'vX0': 5.876758463858084, 'vY0': -131.8810914742801, 'vZ0': -8.380091879357481, 'x': 55.32, 'y': 214.03, 'x0': -0.9552647410072942, 'y0': 50.0053434855256, 'z0': 5.846572549164497, 'aX': 4.297004572119784}",Ball,83.6,6.812443697905407,718758,605242,0.41520912993259174,Walk,90.7,1.70969087563574,3.57434443095231,Cutter,2.0,14
642715,"{'breakAngle': 13.2, 'breakLength': 6.0, 'breakY': 24.0, 'breakVertical': -25.0, 'breakVerticalInduced': 7.8, 'breakHorizontal': -6.2, 'spinRate': 2483, 'spinDirection': 155}","{'aY': 24.828496009440773, 'aZ': -23.55327257810447, 'pfxX': 2.8595405201206683, 'pfxZ': 4.804938415911342, 'pX': 1.4411370385243094, 'pZ': 2.142496049443475, 'vX0': 5.2532553227739225, 'vY0': -132.25821062385012, 'vZ0': -5.525074627679829, 'x': 62.07, 'y': 180.93, 'x0': -0.9325155270718269, 'y0': 50.00224353280099, 'z0': 5.956553736659013, 'aX': 5.130446256914132}",Ball,84.5,6.747985521995772,718758,605242,0.4121257334115529,Walk,90.8,1.70969087563574,3.39992969823872,Cutter,2.0,14
642715,"{'breakAngle': 37.2, 'breakLength': 4.8, 'breakY': 24.0, 'breakVertical': -17.9, 'breakVerticalInduced': 13.0, 'breakHorizontal': 13.3, 'spinRate': 2208, 'spinDirection': 206}","{'aY': 28.279025132583993, 'aZ': -17.51089424024169, 'pfxX': -8.194089555544313, 'pfxZ': 7.703940235996935, 'pX': 0.6417828522908661, 'pZ': 2.3649527137839232, 'vX0': 7.697890143274613, 'vY0': -136.6344685355129, 'vZ0': -6.0300500898386336, 'x': 92.54, 'y': 174.93, 'x0': -1.1386753931760751, 'y0': 50.000421822261906, 'z0': 5.79119328074483, 'aX': -15.591552232602416}",Called Strike,86.5,6.9065526219908575,718758,605242,0.39987185269387115,Walk,94.0,1.70969087563574,3.46287923153535,Sinker,2.0,6
642715,"{'breakAngle': 12.0, 'breakLength': 6.0, 'breakY': 24.0, 'breakVertical': -25.7, 'breakVerticalInduced': 8.5, 'breakHorizontal': -5.6, 'spinRate': 2523, 'spinDirection': 163}","{'aY': 27.501514566172684, 'aZ': -22.645560910520633, 'pfxX': 2.470795003534228, 'pfxZ': 5.558640316792853, 'pX': 1.4603499362410601, 'pZ': 1.096576183711321, 'vX0': 5.429386470975445, 'vY0': -130.12389858394457, 'vZ0': -7.672438848278288, 'x': 61.33, 'y': 209.17, 'x0': -0.9747174063385584, 'y0': 50.00134962834464, 'z0': 5.801059158535187, 'aX': 4.232207829514185}",Ball,82.3,6.720355528035043,718758,605242,0.4210516267676163,Walk,89.5,1.68751826773763,3.39992969823872,Cutter,2.0,14
642715,"{'breakAngle': 15.6, 'breakLength': 6.0, 'breakY': 24.0, 'breakVertical': -25.6, 'breakVerticalInduced': 7.8, 'breakHorizontal': -7.4, 'spinRate': 2531, 'spinDirection': 159}","{'aY': 25.933456265257618, 'aZ': -23.215999966207455, 'pfxX': 3.500587646239955, 'pfxZ': 5.083635391517476, 'pX': 1.670133010536759, 'pZ': 1.0338208709644647, 'vX0': 5.158054909323224, 'vY0': -131.4192652318671, 'vZ0': -8.081352960944333, 'x': 53.34, 'y': 210.87, 'x0': -0.767250601670477, 'y0': 50.002044097313636, 'z0': 5.853118905967944, 'aX': 6.167567475106166}",Ball,83.8,6.773350313515821,718758,605242,0.41561636320111806,Walk,90.4,1.70969087563574,3.39992969823872,Cutter,2.0,14
592885,"{'breakAngle': 12.0, 'breakLength': 6.0, 'breakY': 24.0, 'breakVertical': -25.6, 'breakVerticalInduced': 7.7, 'breakHorizontal': -5.6, 'spinRate': 2438, 'spinDirection': 160}","{'aY': 25.89980813859309, 'aZ': -23.493945972575915, 'pfxX': 2.536366858302646, 'pfxZ': 4.914369841656039, 'pX': 1.1558608128330559, 'pZ': 1.3702123230382313, 'vX0': 4.972213581115711, 'vY0': -131.54247321624968, 'vZ0': -7.143450745572851, 'x': 72.94, 'y': 201.78, 'x0': -1.082700259696411, 'y0': 50.0030372894924, 'z0': 5.843199141547484, 'aX': 4.477540183808677}",Swinging Strike,83.8,6.737606213212553,718758,605242,0.4151730683344934,Strikeout,90.4,1.64,3.26,Cutter,2.0,14
592885,"{'breakAngle': 10.8, 'breakLength': 6.0, 'breakY': 24.0, 'breakVertical': -28.0, 'breakVerticalInduced': 6.0, 'breakHorizontal': -5.6, 'spinRate': 2538, 'spinDirection': 141}","{'aY': 27.182974953273252, 'aZ': -25.98817247282573, 'pfxX': 2.6651873638439527, 'pfxZ': 3.579223980010058, 'pX': 0.7929136200743123, 'pZ': 2.87954028262299, 'vX0': 3.953106262187089, 'vY0': -130.53089832479202, 'vZ0': -3.056874224979669, 'x': 86.78, 'y': 161.03, 'x0': -1.0866507975140576, 'y0': 50.00112303243546, 'z0': 6.020038931028161, 'aX': 4.603321006612063}",Foul,82.4,6.724842284046665,718758,605242,0.41942338535232615,Strikeout,89.6,1.64,3.26,Cutter,2.0,3
592885,"{'breakAngle': 25.2, 'breakLength': 7.2, 'breakY': 24.0, 'breakVertical': -29.5, 'breakVerticalInduced': 8.4, 'breakHorizontal': -14.3, 'spinRate': 2619, 'spinDirection': 73}","{'aY': 25.39643146714534, 'aZ': -24.79466163567549, 'pfxX': 7.75993002437724, 'pfxZ': 4.775821606460344, 'pX': 0.2438719805430597, 'pZ': 3.0176674816538176, 'vX0': 1.1124178847050978, 'vY0': -123.69434012771521, 'vZ0': -2.0528434783509515, 'x': 107.7, 'y': 157.3, 'x0': -1.2197914640452696, 'y0': 50.0013283425291, 'z0': 5.9437381523549515, 'aX': 11.985331092383662}",Foul,77.8,6.675846579754373,718758,605242,0.44334277823023704,Strikeout,84.9,1.64,3.26,Sweeper,2.0,3
592885,"{'breakAngle': 25.2, 'breakLength': 7.2, 'breakY': 24.0, 'breakVertical': -30.2, 'breakVerticalInduced': 5.0, 'breakHorizontal': 13.9, 'spinRate': 1543, 'spinDirection': 225}","{'aY': 26.02972453637036, 'aZ': -26.586883891442522, 'pfxX': -8.503285745127066, 'pfxZ': 3.3589297130276687, 'pX': 0.12955453527557736, 'pZ': 1.3467182528719635, 'vX0': 6.5821812023259785, 'vY0': -128.05259653009176, 'vZ0': -5.629219945109846, 'x': 112.06, 'y': 202.42, 'x0': -1.3673420962103946, 'y0': 50.00252253870895, 'z0': 5.649046072978819, 'aX': -14.144856210379313}",Swinging Strike,81.0,6.6659831945777785,718758,605242,0.4274526761194726,Strikeout,88.1,1.64,3.26,Changeup,2.0,14
661388,"{'breakAngle': 12.0, 'breakLength': 7.2, 'breakY': 24.0, 'breakVertical': -29.8, 'breakVerticalInduced': 4.6, 'breakHorizontal': -6.5, 'spinRate': 2411, 'spinDirection': 149}","{'aY': 27.622396064840355, 'aZ': -27.3332704007558, 'pfxX': 3.301258575184333, 'pfxZ': 2.830644402803033, 'pX': 0.1833920052750146, 'pZ': 2.564682644977734, 'vX0': 2.2647740316258886, 'vY0': -130.0647048576397, 'vZ0': -3.513991752568973, 'x': 110.01, 'y': 169.53, 'x0': -1.1279759522346615, 'y0': 50.00375849325725, 'z0': 6.009069452712236, 'aX': 5.648584328799955}",Foul,82.0,6.7169146127395125,718758,605242,0.42133542687638004,Single,89.3,1.68,3.49,Cutter,2.0,5
661388,"{'breakAngle': 27.6, 'breakLength': 9.6, 'breakY': 24.0, 'breakVertical': -37.4, 'breakVerticalInduced': 0.5, 'breakHorizontal': -19.8, 'spinRate': 2699, 'spinDirection': 61}","{'aY': 21.932786138654148, 'aZ': -31.34434101487994, 'pfxX': 10.558937693495498, 'pfxZ': 0.5369973754987258, 'pX': 1.287054189862689, 'pZ': 1.7705700205688004, 'vX0': 3.0157611674205933, 'vY0': -123.07776718744526, 'vZ0': -3.520481397775395, 'x': 67.94, 'y': 190.97, 'x0': -1.323129365069864, 'y0': 50.00571635316902, 'z0': 5.84381824400094, 'aX': 16.37640631574776}","In play, run(s)",78.9,6.741412044097667,718758,605242,0.44320289878496455,Single,84.5,1.68,3.49,Sweeper,2.0,14
572228,"{'breakAngle': 6.0, 'breakLength': 7.2, 'breakY': 24.0, 'breakVertical': -31.9, 'breakVerticalInduced': 2.8, 'breakHorizontal': -3.2, 'spinRate': 2387, 'spinDirection': 126}","{'aY': 25.18012471450738, 'aZ': -29.30538448380051, 'pfxX': 1.2234816602403562, 'pfxZ': 1.6932270539353453, 'pX': 0.2686344693494669, 'pZ': 2.5193219330228858, 'vX0': 5.137248438572178, 'vY0': -128.78755946405607, 'vZ0': -2.4043525894436013, 'x': 106.76, 'y': 170.76, 'x0': -1.905658901733049, 'y0': 50.000314932309216, 'z0': 5.717448431662764, 'aX': 2.0662947294293517}","In play, out(s)",81.7,6.2774387837530305,718758,621074,0.4242919542194392,Forceout,88.4,1.67,3.46,Cutter,2.0,6
663611,"{'breakAngle': 9.6, 'breakLength': 13.2, 'breakY': 24.0, 'breakVertical': -57.6, 'breakVerticalInduced': -12.2, 'breakHorizontal': -10.0, 'spinRate': 2521, 'spinDirection': 43}","{'aY': 20.33879559125962, 'aZ': -41.20339065166226, 'pfxX': 5.355435125842245, 'pfxZ': -6.972397086044957, 'pX': 0.18077261319153923, 'pZ': 1.3533228974608829, 'vX0': 1.0874969875097824, 'vY0': -113.03941319375876, 'vZ0': 0.13378548714518623, 'x': 110.11, 'y': 202.24, 'x0': -1.002087999467014, 'y0': 50.00092676493201, 'z0': 5.425335655355492, 'aX': 6.938730480739376}",Called Strike,72.0,6.6096711270657895,718758,456713,0.4843003069029561,Lineout,77.6,1.00096488269017,2.61734728646418,Curveball,2.0,8
663611,"{'breakAngle': 6.0, 'breakLength': 2.4, 'breakY': 24.0, 'breakVertical': -10.6, 'breakVerticalInduced': 19.8, 'breakHorizontal': 1.0, 'spinRate': 2445, 'spinDirection': 202}","{'aY': 31.370035519162723, 'aZ': -10.199580229352385, 'pfxX': -1.0268712172424554, 'pfxZ': 11.368364875013366, 'pX': 0.7176250332892216, 'pZ': 2.958497017716513, 'vX0': 4.030100010482241, 'vY0': -138.27645427511007, 'vZ0': -4.830262120474602, 'x': 89.65, 'y': 158.9, 'x0': -0.626430516447336, 'y0': 50.000450069090114, 'z0': 5.4146303742914945, 'aX': -1.9848074671202807}",Foul,86.7,6.533481573758923,718758,456713,0.39639793279017876,Lineout,95.0,1.31,2.97,Four-Seam Fastball,2.0,3
663611,"{'breakAngle': 9.6, 'breakLength': 13.2, 'breakY': 24.0, 'breakVertical': -56.9, 'breakVerticalInduced': -13.1, 'breakHorizontal': -9.8, 'spinRate': 2524, 'spinDirection': 41}","{'aY': 23.857193071458408, 'aZ': -41.851732481668265, 'pfxX': 5.195050181244418, 'pfxZ': -7.234126027555568, 'pX': 0.5617581890622138, 'pZ': 0.796631666441559, 'vX0': 1.6104238494554486, 'vY0': -115.54942619750516, 'vZ0': -1.163789027763861, 'x': 95.59, 'y': 217.27, 'x0': -0.8214225355751128, 'y0': 50.00540431663772, 'z0': 5.36949306740765, 'aX': 6.944803940484647}","In play, out(s)",72.9,6.641600826188633,718758,456713,0.47613134279157787,Lineout,79.4,1.31,2.97,Curveball,2.0,14
620443,"{'breakAngle': 34.8, 'breakLength': 2.4, 'breakY': 24.0, 'breakVertical': -9.7, 'breakVerticalInduced': 20.3, 'breakHorizontal': 6.8, 'spinRate': 2469, 'spinDirection': 199}","{'aY': 32.74027605903194, 'aZ': -9.172620438089478, 'pfxX': -4.097414171181898, 'pfxZ': 11.768373744939836, 'pX': -0.1771213424748981, 'pZ': 2.6200722987952836, 'vX0': 2.7417413130407082, 'vY0': -139.2707782476714, 'vZ0': -5.774829897104744, 'x': 123.75, 'y': 168.04, 'x0': -0.6445091193741369, 'y0': 50.00409862546066, 'z0': 5.334136843699804, 'aX': -8.009390474831166}",Called Strike,87.0,6.556619817218872,718758,456713,0.39403893596592754,Groundout,95.7,1.57668007177917,3.39602448854494,Four-Seam Fastball,2.0,5
620443,"{'breakAngle': 37.2, 'breakLength': 2.4, 'breakY': 24.0, 'breakVertical': -10.0, 'breakVerticalInduced': 20.6, 'breakHorizontal': 7.6, 'spinRate': 2467, 'spinDirection': 200}","{'aY': 33.30864054163474, 'aZ': -8.719689715409482, 'pfxX': -5.0556716531424355, 'pfxZ': 12.239929738770222, 'pX': 1.2509018417451234, 'pZ': 1.9876253964049981, 'vX0': 6.681144136826952, 'vY0': -138.1519561969149, 'vZ0': -7.493328923101714, 'x': 69.32, 'y': 185.11, 'x0': -0.55192104587545, 'y0': 50.0009130382362, 'z0': 5.335666893837599, 'aX': -9.686435650077765}",Ball,86.2,6.501246782885773,718758,456713,0.39780841239823816,Groundout,95.1,1.53235628221523,3.30992694855523,Four-Seam Fastball,2.0,14
620443,"{'breakAngle': 8.4, 'breakLength': 13.2, 'breakY': 24.0, 'breakVertical': -58.9, 'breakVerticalInduced': -14.4, 'breakHorizontal': -8.9, 'spinRate': 2596, 'spinDirection': 43}","{'aY': 24.43585546390282, 'aZ': -42.664826727018045, 'pfxX': 4.589945743203213, 'pfxZ': -7.988673288031958, 'pX': 0.7526551532393495, 'pZ': 0.5247174027685396, 'vX0': 2.0751616218321844, 'vY0': -114.78881602156346, 'vZ0': -1.3141888619345174, 'x': 88.31, 'y': 224.61, 'x0': -0.7640145363136747, 'y0': 50.00370397469296, 'z0': 5.318808709311131, 'aX': 6.026503179205351}",Ball,72.3,6.553330012080996,718758,456713,0.4801370411825543,Groundout,78.9,1.55451736197284,3.30992694855523,Curveball,2.0,14
620443,"{'breakAngle': 24.0, 'breakLength': 2.4, 'breakY': 24.0, 'breakVertical': -10.0, 'breakVerticalInduced': 20.2, 'breakHorizontal': 4.3, 'spinRate': 2447, 'spinDirection': 199}","{'aY': 30.58747204073795, 'aZ': -9.746608453025633, 'pfxX': -3.197145555868298, 'pfxZ': 11.50692315614956, 'pX': 1.5817834774335022, 'pZ': 3.176638215540677, 'vX0': 7.149387767276655, 'vY0': -138.62801111260043, 'vZ0': -4.082366605200445, 'x': 56.71, 'y': 153.01, 'x0': -0.6136279561253086, 'y0': 50.0041679660359, 'z0': 5.317467833765101, 'aX': -6.233382638773012}",Ball,87.1,6.584622990766902,718758,456713,0.394912916000274,Groundout,95.3,1.59884441722974,3.41830738531868,Four-Seam Fastball,2.0,12
620443,"{'breakAngle': 34.8, 'breakLength': 4.8, 'breakY': 24.0, 'breakVertical': -17.2, 'breakVerticalInduced': 13.8, 'breakHorizontal': 11.6, 'spinRate': 2411, 'spinDirection': 197}","{'aY': 26.378733341096986, 'aZ': -17.51008730782527, 'pfxX': -6.863163102341957, 'pfxZ': 7.703294674791701, 'pX': -0.0038937736245445663, 'pZ': 3.365389923402891, 'vX0': 4.368483005682147, 'vY0': -136.23109155513725, 'vZ0': -2.2195509668047184, 'x': 117.15, 'y': 147.91, 'x0': -0.7262181544114962, 'y0': 50.001442028090125, 'z0': 5.384118476375265, 'aX': -13.062365586988244}","In play, out(s)",86.4,6.689372762520212,718758,456713,0.4001347657412353,Groundout,93.5,1.55,3.31,Sinker,2.0,2
663538,"{'breakAngle': 10.8, 'breakLength': 14.4, 'breakY': 24.0, 'breakVertical': -60.8, 'breakVerticalInduced': -14.8, 'breakHorizontal': -12.0, 'spinRate': 2504, 'spinDirection': 36}","{'aY': 19.6741599319146, 'aZ': -43.157530947450866, 'pfxX': 6.505965969260718, 'pfxZ': -8.619192563826285, 'pX': 0.5096747692218893, 'pZ': 2.163515533236604, 'vX0': 0.8390882851877476, 'vY0': -112.00532403349894, 'vZ0': 2.342851751800711, 'x': 97.57, 'y': 180.37, 'x0': -0.715021652790369, 'y0': 50.003303168510385, 'z0': 5.507726264686759, 'aX': 8.29001125683822}",Called Strike,71.3,6.555417216653207,718758,456713,0.48846596996601477,Groundout,76.9,1.55451736197284,3.08427226568307,Curveball,2.0,6
663538,"{'breakAngle': 13.2, 'breakLength': 13.2, 'breakY': 24.0, 'breakVertical': -58.4, 'breakVerticalInduced': -14.0, 'breakHorizontal': -13.7, 'spinRate': 2535, 'spinDirection': 38}","{'aY': 22.23438208163021, 'aZ': -42.938507378344084, 'pfxX': 7.145969143607147, 'pfxZ': -8.180781295940626, 'pX': 1.4262135619039997, 'pZ': 1.9861048345292827, 'vX0': 2.8918949889936516, 'vY0': -114.33468318488832, 'vZ0': 1.773567197812881, 'x': 62.64, 'y': 185.16, 'x0': -0.7855454938001992, 'y0': 50.002353199253754, 'z0': 5.432869182494096, 'aX': 9.403872138520935}",Ball,72.4,6.609187230053548,718758,456713,0.480130559457252,Groundout,78.6,1.46588276722119,2.95078075128194,Curveball,2.0,14
663538,"{'breakAngle': 12.0, 'breakLength': 13.2, 'breakY': 24.0, 'breakVertical': -59.9, 'breakVerticalInduced': -13.0, 'breakHorizontal': -12.8, 'spinRate': 2515, 'spinDirection': 43}","{'aY': 19.923038383358577, 'aZ': -41.602737446621845, 'pfxX': 6.782921871194093, 'pfxZ': -7.537027612502223, 'pX': 1.051571847162557, 'pZ': 1.8036220205199789, 'vX0': 2.1347713159793447, 'vY0': -111.10763418040611, 'vZ0': 1.6981835851100087, 'x': 76.92, 'y': 190.08, 'x0': -0.8030767469389695, 'y0': 50.00447017630209, 'z0': 5.352752757080528, 'aX': 8.480748419551896}",Swinging Strike,70.7,6.691369767369461,718758,456713,0.4929870163793528,Groundout,76.3,1.54,3.18,Curveball,2.0,14
663538,"{'breakAngle': 13.2, 'breakLength': 14.4, 'breakY': 24.0, 'breakVertical': -61.4, 'breakVerticalInduced': -14.6, 'breakHorizontal': -14.4, 'spinRate': 2567, 'spinDirection': 38}","{'aY': 22.794530442735187, 'aZ': -42.35147989773935, 'pfxX': 7.863093715729626, 'pfxZ': -8.148333261121557, 'pX': 0.34182502781377566, 'pZ': 0.3937184931544231, 'vX0': 0.6843855852175453, 'vY0': -111.86003374622967, 'vZ0': -0.9463353608767083, 'x': 103.97, 'y': 228.15, 'x0': -0.9889810114181738, 'y0': 50.00207191885709, 'z0': 5.21778948309515, 'aX': 9.824510797109177}",Ball,70.6,6.675367723701067,718758,456713,0.49229133898984667,Groundout,76.8,1.57668007177917,3.17992305448094,Curveball,2.0,14
663538,"{'breakAngle': 18.0, 'breakLength': 2.4, 'breakY': 24.0, 'breakVertical': -12.0, 'breakVerticalInduced': 18.5, 'breakHorizontal': 4.0, 'spinRate': 2462, 'spinDirection': 195}","{'aY': 32.59640687294247, 'aZ': -11.80327291185127, 'pfxX': -2.8156614591035254, 'pfxZ': 10.619962463819588, 'pX': 1.1040391198507449, 'pZ': 3.07758935275633, 'vX0': 5.285130370720029, 'vY0': -138.07726267761467, 'vZ0': -4.019497612164807, 'x': 74.92, 'y': 155.69, 'x0': -0.4746922876383114, 'y0': 50.00426989120729, 'z0': 5.354639167389155, 'aX': -5.4019846777221705}","In play, out(s)",86.2,6.557462800530517,718758,456713,0.3976547932734853,Groundout,94.9,1.54,3.18,Four-Seam Fastball,2.0,12
642133,"{'breakAngle': 37.2, 'breakLength': 6.0, 'breakY': 24.0, 'breakVertical': -21.0, 'breakVerticalInduced': 12.1, 'breakHorizontal': 16.0, 'spinRate': 1873, 'spinDirection': 208}","{'aY': 26.86342701480083, 'aZ': -19.56515153449965, 'pfxX': -9.377974389802354, 'pfxZ': 7.0970776540785225, 'pX': -0.8688008727576106, 'pZ': 2.242290677700152, 'vX0': 4.875019800304118, 'vY0': -132.1396836519761, 'vZ0': -4.76394376400579, 'x': 150.12, 'y': 178.24, 'x0': -1.5143318328967221, 'y0': 50.00481150948548, 'z0': 5.496470455866978, 'aX': -16.667432254905492}",Called Strike,83.5,6.7240016823545234,718758,643410,0.4137309792614552,Strikeout,90.8,1.70959208040774,3.51860544915069,Sinker,2.0,13
642133,"{'breakAngle': 27.6, 'breakLength': 7.2, 'breakY': 24.0, 'breakVertical': -26.6, 'breakVerticalInduced': 7.0, 'breakHorizontal': 13.7, 'spinRate': 1975, 'spinDirection': 211}","{'aY': 26.567508585849303, 'aZ': -25.227284785358176, 'pfxX': -7.97669228099698, 'pfxZ': 3.9769468537496184, 'pX': -1.0946902487131764, 'pZ': 2.8542629900435648, 'vX0': 3.9001084158280452, 'vY0': -131.02774208943748, 'vZ0': -2.3065768856075, 'x': 158.73, 'y': 161.71, 'x0': -1.5627269153077799, 'y0': 50.00098331745155, 'z0': 5.622590820146604, 'aX': -13.927987749458064}",Foul,82.8,6.657617144237331,718758,643410,0.4173403877522328,Strikeout,90.0,1.67,3.49,Sinker,2.0,11
642133,"{'breakAngle': 21.6, 'breakLength': 8.4, 'breakY': 24.0, 'breakVertical': -32.2, 'breakVerticalInduced': 7.7, 'breakHorizontal': 12.6, 'spinRate': 801, 'spinDirection': 241}","{'aY': 28.34696441246665, 'aZ': -25.839213424016485, 'pfxX': -7.437765766565528, 'pfxZ': 4.32666282451075, 'pX': -1.0793403160833803, 'pZ': 2.835617286393827, 'vX0': 2.8282260396526224, 'vY0': -121.51099184164045, 'vZ0': -1.5594717820834894, 'x': 158.14, 'y': 162.22, 'x0': -1.305528220818937, 'y0': 50.00346534156747, 'z0': 5.775179634312422, 'aX': -10.895345882156183}",Swinging Strike,75.2,6.486506620007782,718758,643410,0.45432313547408,Strikeout,83.5,1.67,3.49,Splitter,2.0,11
605119,"{'breakAngle': 39.6, 'breakLength': 6.0, 'breakY': 24.0, 'breakVertical': -19.1, 'breakVerticalInduced': 13.0, 'breakHorizontal': 16.0, 'spinRate': 1998, 'spinDirection': 212}","{'aY': 31.19241142107787, 'aZ': -18.605143526832745, 'pfxX': -9.376568372250821, 'pfxZ': 7.439376862766524, 'pX': -0.9552890808243066, 'pZ': 3.1802067119053814, 'vX0': 4.245312427603472, 'vY0': -134.6976660572483, 'vZ0': -2.946143601934598, 'x': 153.41, 'y': 152.91, 'x0': -1.3396647424914194, 'y0': 50.00516198021275, 'z0': 5.614720504922475, 'aX': -17.1102141356803}",Ball,84.1,6.647852574045734,718758,643410,0.4077428684269879,Walk,92.6,1.59884441722974,3.46287923153535,Sinker,2.0,11
605119,"{'breakAngle': 8.4, 'breakLength': 14.4, 'breakY': 24.0, 'breakVertical': -65.8, 'breakVerticalInduced': -15.1, 'breakHorizontal': -10.3, 'spinRate': 2377, 'spinDirection': 25}","{'aY': 19.876513384865994, 'aZ': -42.38232608910403, 'pfxX': 5.550798761045475, 'pfxZ': -8.843372841583953, 'pX': -0.16885380184808713, 'pZ': 1.9626443863480745, 'vX0': 1.0907144684498076, 'vY0': -107.20306409725345, 'vZ0': 1.7159212476100727, 'x': 123.44, 'y': 185.79, 'x0': -1.4060292836311787, 'y0': 50.001820769597394, 'z0': 5.911035760666342, 'aX': 6.409395329551173}",Foul,67.9,6.494536483706789,718758,643410,0.5124508063466893,Walk,73.7,1.58,3.38,Curveball,2.0,8
605119,"{'breakAngle': 34.8, 'breakLength': 4.8, 'breakY': 24.0, 'breakVertical': -18.6, 'breakVerticalInduced': 13.8, 'breakHorizontal': 13.2, 'spinRate': 1993, 'spinDirection': 203}","{'aY': 26.834833518954575, 'aZ': -18.464902256035685, 'pfxX': -7.718913179541687, 'pfxZ': 7.572632794881553, 'pX': -0.640980484235057, 'pZ': 4.130156869161698, 'vX0': 4.027209917831055, 'vY0': -133.25203554241583, 'vZ0': -0.7136744990418391, 'x': 141.43, 'y': 127.27, 'x0': -1.1636575294713942, 'y0': 50.00328587874743, 'z0': 5.727405550720058, 'aX': -13.974251293834422}",Ball,84.1,6.6905229940541195,718758,643410,0.410001149825844,Walk,91.5,1.59884441722974,3.37992966461187,Sinker,2.0,11
605119,"{'breakAngle': 30.0, 'breakLength': 4.8, 'breakY': 24.0, 'breakVertical': -21.0, 'breakVerticalInduced': 12.1, 'breakHorizontal': 11.9, 'spinRate': 2064, 'spinDirection': 205}","{'aY': 26.001407104946587, 'aZ': -19.67657788753588, 'pfxX': -7.510465591064789, 'pfxZ': 7.040188185151646, 'pX': 1.3083890996810177, 'pZ': 2.5303806530892694, 'vX0': 8.53448335795722, 'vY0': -131.86342992385346, 'vZ0': -4.115496976723861, 'x': 67.13, 'y': 170.46, 'x0': -0.9824874155802937, 'y0': 50.001181031903585, 'z0': 5.548654608730502, 'aX': -13.328380973728118}",Ball,83.5,6.836452166346275,718758,643410,0.41415878920291727,Walk,90.7,1.59884441722974,3.37992966461187,Sinker,2.0,14
605119,"{'breakAngle': 42.0, 'breakLength': 6.0, 'breakY': 24.0, 'breakVertical': -19.4, 'breakVerticalInduced': 13.9, 'breakHorizontal': 17.5, 'spinRate': 1985, 'spinDirection': 204}","{'aY': 27.93410618462811, 'aZ': -18.843978664008677, 'pfxX': -10.384491754725993, 'pfxZ': 7.580198007835218, 'pX': -0.21665621341801794, 'pZ': 4.296661733704949, 'vX0': 5.789236680757252, 'vY0': -131.76362502194195, 'vZ0': -0.02016363005141797, 'x': 125.26, 'y': 122.77, 'x0': -1.092783621550345, 'y0': 50.00367584121457, 'z0': 5.696502063089908, 'aX': -18.264876081568737}",Ball,82.7,6.773029087791074,718758,643410,0.4156591837730379,Walk,90.5,1.68751826773763,3.37992966461187,Sinker,2.0,11
669003,"{'breakAngle': 37.2, 'breakLength': 6.0, 'breakY': 24.0, 'breakVertical': -20.3, 'breakVerticalInduced': 13.3, 'breakHorizontal': 15.7, 'spinRate': 1985, 'spinDirection': 214}","{'aY': 28.121349122558765, 'aZ': -19.20999588687411, 'pfxX': -9.5804876977721, 'pfxZ': 7.422833121550687, 'pX': 0.0988584979181624, 'pZ': 3.4346510517396625, 'vX0': 7.483817408057204, 'vY0': -131.41083388764986, 'vZ0': -1.642715655581339, 'x': 113.23, 'y': 146.04, 'x0': -1.5426522872948156, 'y0': 50.00569964043576, 'z0': 5.496479383848083, 'aX': -16.741096735371823}",Called Strike,82.4,6.677060363311471,718758,643410,0.41696372075852084,Flyout,90.4,1.49911770666073,3.20670041021441,Sinker,2.0,12
669003,"{'breakAngle': 25.2, 'breakLength': 7.2, 'breakY': 24.0, 'breakVertical': -29.3, 'breakVerticalInduced': 8.8, 'breakHorizontal': 14.2, 'spinRate': 899, 'spinDirection': 234}","{'aY': 24.65705287960596, 'aZ': -24.47446279939772, 'pfxX': -8.154406255651384, 'pfxZ': 4.996272055507603, 'pX': -1.464491745576326, 'pZ': 2.5854620586980293, 'vX0': 2.7534588077125144, 'vY0': -123.40039743889861, 'vZ0': -2.4659262319627, 'x': 172.82, 'y': 168.97, 'x0': -1.535558307589133, 'y0': 50.00461348648047, 'z0': 5.660567908765381, 'aX': -12.5714107480203}",Ball,77.7,6.620709929827463,718758,643410,0.4439394934012597,Flyout,84.7,1.53235628221523,3.30691293895588,Splitter,2.0,11
669003,"{'breakAngle': 28.8, 'breakLength': 6.0, 'breakY': 24.0, 'breakVertical': -23.6, 'breakVerticalInduced': 10.1, 'breakHorizontal': 12.7, 'spinRate': 1914, 'spinDirection': 210}","{'aY': 27.094052635032927, 'aZ': -22.43607424137024, 'pfxX': -7.7847014048309795, 'pfxZ': 5.59278078320599, 'pX': -0.2735156079051124, 'pZ': 3.4744037217571946, 'vX0': 6.208929108632, 'vY0': -130.96992821217583, 'vZ0': -1.1783247242021608, 'x': 127.43, 'y': 144.97, 'x0': -1.6609751185065231, 'y0': 50.001822395319714, 'z0': 5.604590290396308, 'aX': -13.55283628834019}",Ball,82.4,6.702315263024117,718758,643410,0.41785953969364353,Flyout,90.0,1.55451736197284,3.39602448854494,Sinker,2.0,2
669003,"{'breakAngle': 32.4, 'breakLength': 6.0, 'breakY': 24.0, 'breakVertical': -23.5, 'breakVerticalInduced': 10.9, 'breakHorizontal': 15.2, 'spinRate': 1834, 'spinDirection': 220}","{'aY': 24.648701888258053, 'aZ': -21.99571543887951, 'pfxX': -8.620893352673487, 'pfxZ': 5.976357178380976, 'pX': -2.260822162552039, 'pZ': 3.5620477033792595, 'vX0': 2.020839132188206, 'vY0': -129.10563058517684, 'vZ0': -0.6009315133244283, 'x': 203.18, 'y': 142.6, 'x0': -1.9291461283172213, 'y0': 50.00196945058497, 'z0': 5.47740169217167, 'aX': -14.681383014830208}",Ball,81.7,6.679162771562905,718758,643410,0.422808420348213,Flyout,88.6,1.53235628221523,3.37374360142172,Sinker,2.0,11
669003,"{'breakAngle': 32.4, 'breakLength': 6.0, 'breakY': 24.0, 'breakVertical': -20.8, 'breakVerticalInduced': 12.4, 'breakHorizontal': 13.3, 'spinRate': 1948, 'spinDirection': 209}","{'aY': 26.688804900025534, 'aZ': -19.06914799552035, 'pfxX': -8.237827917881397, 'pfxZ': 7.38341985916672, 'pX': 0.4941064463744034, 'pZ': 1.8664116090702334, 'vX0': 7.835273982529543, 'vY0': -132.01762879228355, 'vZ0': -5.668882056556722, 'x': 98.17, 'y': 188.39, 'x0': -1.4343118513508066, 'y0': 50.00176478797486, 'z0': 5.434029049225751, 'aX': -14.618778202405812}",Called Strike,83.5,6.81109407397376,718758,643410,0.41403933784770475,Flyout,90.8,1.60992720507402,3.40992998228599,Sinker,2.0,9
669003,"{'breakAngle': 32.4, 'breakLength': 6.0, 'breakY': 24.0, 'breakVertical': -24.1, 'breakVerticalInduced': 9.7, 'breakHorizontal': 15.2, 'spinRate': 1923, 'spinDirection': 213}","{'aY': 25.946235471590782, 'aZ': -22.165680101080053, 'pfxX': -9.20782883365279, 'pfxZ': 5.767962211772396, 'pX': 0.1207206047271833, 'pZ': 2.0031495576727627, 'vX0': 7.0802718564374505, 'vY0': -130.50231118377513, 'vZ0': -4.265163116264541, 'x': 112.4, 'y': 184.69, 'x0': -1.4233058416397326, 'y0': 50.00253683419165, 'z0': 5.316127059259132, 'aX': -15.975863703463405}","In play, out(s)",82.6,6.753209828886008,718758,643410,0.4187571018751952,Flyout,89.7,1.56,3.41,Sinker,2.0,8
668930,"{'breakAngle': 26.4, 'breakLength': 3.6, 'breakY': 24.0, 'breakVertical': -15.0, 'breakVerticalInduced': 17.9, 'breakHorizontal': 7.2, 'spinRate': 2004, 'spinDirection': 212}","{'aY': 28.119712237973022, 'aZ': -13.398284168611205, 'pfxX': -4.658080730760497, 'pfxZ': 10.511111679706392, 'pX': 0.060071056469005686, 'pZ': 2.0049690512301344, 'vX0': 5.5814908526622045, 'vY0': -132.73974362012058, 'vZ0': -6.53619055426814, 'x': 114.71, 'y': 184.65, 'x0': -1.4636166850710555, 'y0': 50.005227328536314, 'z0': 5.472861342071056, 'aX': -8.323063078569401}",Called Strike,83.6,6.768921179744642,718758,643410,0.4124595316479236,Strikeout,91.3,1.3219062539865,3.22896641292675,Four-Seam Fastball,2.0,5
668930,"{'breakAngle': 16.8, 'breakLength': 7.2, 'breakY': 24.0, 'breakVertical': -33.1, 'breakVerticalInduced': 5.6, 'breakHorizontal': 9.7, 'spinRate': 865, 'spinDirection': 232}","{'aY': 24.651524519546044, 'aZ': -26.243825511855803, 'pfxX': -5.987737322361642, 'pfxZ': 3.9268601701275063, 'pX': -0.16233982193306867, 'pZ': 0.19752726323412162, 'vX0': 4.778995335316087, 'vY0': -122.297133512817, 'vZ0': -7.13623033666364, 'x': 123.19, 'y': 233.45, 'x0': -1.366086337752176, 'y0': 50.004683691966314, 'z0': 5.411710285210755, 'aX': -9.049675842655406}",Ball In Dirt,77.4,6.737822419278792,718758,643410,0.4482695146184592,Strikeout,84.1,1.47696067751632,3.25123438109326,Splitter,2.0,13
668930,"{'breakAngle': 7.2, 'breakLength': 8.4, 'breakY': 24.0, 'breakVertical': -36.1, 'breakVerticalInduced': 2.0, 'breakHorizontal': 4.4, 'spinRate': 853, 'spinDirection': 234}","{'aY': 23.01317523499626, 'aZ': -29.367233248580252, 'pfxX': -3.289378761935962, 'pfxZ': 1.8235184534760316, 'pX': 0.9961263191297104, 'pZ': 0.22645532846328537, 'vX0': 6.734222839358728, 'vY0': -122.81668350655245, 'vZ0': -6.459533742268798, 'x': 79.03, 'y': 232.67, 'x0': -1.3468459033725249, 'y0': 50.00004851868472, 'z0': 5.369800855485497, 'aX': -5.053623179035944}",Ball In Dirt,78.4,6.752247722475913,718758,643410,0.4449875688306699,Strikeout,84.5,1.521276351848,3.31805013712476,Splitter,2.0,14
668930,"{'breakAngle': 21.6, 'breakLength': 3.6, 'breakY': 24.0, 'breakVertical': -17.3, 'breakVerticalInduced': 16.0, 'breakHorizontal': 6.6, 'spinRate': 1918, 'spinDirection': 207}","{'aY': 25.234181826764083, 'aZ': -16.17639625720635, 'pfxX': -4.204313969438276, 'pfxZ': 9.038489241718858, 'pX': 0.053571733929822195, 'pZ': 3.315215341404175, 'vX0': 5.074046492585759, 'vY0': -131.53455881988071, 'vZ0': -3.1480080502961663, 'x': 114.96, 'y': 149.27, 'x0': -1.3450806707096945, 'y0': 50.005126566601234, 'z0': 5.711910322507793, 'aX': -7.443765052753142}",Foul,83.3,6.596546031236017,718758,643410,0.41481349389283473,Strikeout,90.3,1.535,3.371,Four-Seam Fastball,2.0,2
668930,"{'breakAngle': 7.2, 'breakLength': 7.2, 'breakY': 24.0, 'breakVertical': -34.0, 'breakVerticalInduced': 4.0, 'breakHorizontal': 4.2, 'spinRate': 895, 'spinDirection': 225}","{'aY': 20.821682518439427, 'aZ': -27.84932148023128, 'pfxX': -2.7178820013613203, 'pfxZ': 2.783624602731992, 'pX': -0.12412060960329817, 'pZ': 0.39855329671744893, 'vX0': 3.4796299023479045, 'vY0': -122.93038207064667, 'vZ0': -6.771498537135182, 'x': 121.73, 'y': 228.02, 'x0': -1.194754760936582, 'y0': 50.005057736559756, 'z0': 5.505263125448307, 'aX': -4.225295656816918}",Ball In Dirt,79.0,6.835363418176148,718758,643410,0.4429571115780697,Strikeout,84.4,1.47696067751632,3.25123438109326,Splitter,2.0,13
668930,"{'breakAngle': 1.2, 'breakLength': 8.4, 'breakY': 24.0, 'breakVertical': -35.8, 'breakVerticalInduced': 2.9, 'breakHorizontal': -0.7, 'spinRate': 953, 'spinDirection': 232}","{'aY': 23.792633038160634, 'aZ': -28.903920335514076, 'pfxX': -0.12723983718840803, 'pfxZ': 2.1577918228464212, 'pX': 0.28468631455112586, 'pZ': 0.7997497213187897, 'vX0': 4.250488824830729, 'vY0': -122.31126006702004, 'vZ0': -5.392841452286013, 'x': 106.15, 'y': 217.19, 'x0': -1.4581113327735977, 'y0': 50.00570894451404, 'z0': 5.507568787883931, 'aX': -0.19375089027873793}",Swinging Strike (Blocked),77.6,6.71852673242653,718758,643410,0.4475770059945132,Strikeout,84.0,1.535,3.371,Splitter,2.0,14
621020,"{'breakAngle': 42.0, 'breakLength': 3.6, 'breakY': 24.0, 'breakVertical': -13.2, 'breakVerticalInduced': 18.6, 'breakHorizontal': 11.5, 'spinRate': 2284, 'spinDirection': 211}","{'aY': 27.836196485963498, 'aZ': -11.214344789274024, 'pfxX': -7.388172114404277, 'pfxZ': 11.362546643111415, 'pX': 1.04285712974118, 'pZ': 0.7508920107136743, 'vX0': 9.447865786831601, 'vY0': -134.6087376790352, 'vZ0': -10.15192248113786, 'x': 77.25, 'y': 218.51, 'x0': -1.5442920218187322, 'y0': 50.00228808737967, 'z0': 5.353899664487491, 'aX': -13.627464660839781}",Ball,85.3,7.582354457569883,718758,642207,0.4061292163605823,Single,92.8,1.63209401451303,3.42944958918194,Four-Seam Fastball,0.9,14
621020,"{'breakAngle': 32.4, 'breakLength': 3.6, 'breakY': 24.0, 'breakVertical': -14.2, 'breakVerticalInduced': 17.9, 'breakHorizontal': 8.8, 'spinRate': 2326, 'spinDirection': 212}","{'aY': 29.486578265335815, 'aZ': -12.873033288578764, 'pfxX': -5.942301741357083, 'pfxZ': 10.571928658348966, 'pX': 1.0902235415632102, 'pZ': 2.1968067309769927, 'vX0': 9.069895046454803, 'vY0': -134.3487052451379, 'vZ0': -6.220596373715351, 'x': 75.44, 'y': 179.47, 'x0': -1.5595720699988695, 'y0': 50.00234576339368, 'z0': 5.459669266122747, 'aX': -10.848734396442584}",Ball,84.4,7.5723734568338745,718758,642207,0.40791787390523515,Single,92.5,1.58776203969626,3.45173551154863,Four-Seam Fastball,0.89,14
621020,"{'breakAngle': 37.2, 'breakLength': 3.6, 'breakY': 24.0, 'breakVertical': -13.9, 'breakVerticalInduced': 18.6, 'breakHorizontal': 10.4, 'spinRate': 2322, 'spinDirection': 215}","{'aY': 29.171045866663103, 'aZ': -12.184900819526984, 'pfxX': -6.887612481051942, 'pfxZ': 11.078303836348912, 'pX': 1.0325238759870015, 'pZ': 1.7734482957021607, 'vX0': 9.087454141554133, 'vY0': -133.56575216204646, 'vZ0': -7.31006193317977, 'x': 77.64, 'y': 190.9, 'x0': -1.521342110906268, 'y0': 50.00003528854396, 'z0': 5.424710541855523, 'aX': -12.424628754048895}",Ball,84.0,7.61538780809858,718758,642207,0.41032140394345706,Single,92.0,1.60992720507402,3.49993316402478,Four-Seam Fastball,0.9,14
621020,"{'breakAngle': 31.2, 'breakLength': 3.6, 'breakY': 24.0, 'breakVertical': -13.8, 'breakVerticalInduced': 19.4, 'breakHorizontal': 8.2, 'spinRate': 2298, 'spinDirection': 212}","{'aY': 28.56819835966234, 'aZ': -12.044120364844034, 'pfxX': -5.334480892640229, 'pfxZ': 11.433458400240763, 'pX': 0.20097652041864453, 'pZ': 2.2005293650178332, 'vX0': 6.733068568947746, 'vY0': -131.97316306799135, 'vZ0': -6.3595601807654045, 'x': 109.34, 'y': 179.37, 'x0': -1.6924788793055565, 'y0': 50.003220362652854, 'z0': 5.531851731185736, 'aX': -9.392934380289956}",Called Strike,82.9,7.499282110965451,718758,642207,0.41532518990573486,Single,90.8,1.63209401451303,3.49993316402478,Four-Seam Fastball,0.86,8
621020,"{'breakAngle': 38.4, 'breakLength': 3.6, 'breakY': 24.0, 'breakVertical': -13.0, 'breakVerticalInduced': 19.1, 'breakHorizontal': 10.1, 'spinRate': 2268, 'spinDirection': 211}","{'aY': 28.664566480095043, 'aZ': -12.25494424055961, 'pfxX': -6.265623271389093, 'pfxZ': 10.874514950915215, 'pX': -0.2255118943916083, 'pZ': 3.23009144765205, 'vX0': 6.02837298686455, 'vY0': -134.37234700162134, 'vZ0': -4.008822647944263, 'x': 125.6, 'y': 151.57, 'x0': -1.6822156716244432, 'y0': 50.00112704637064, 'z0': 5.609683732414013, 'aX': -11.475747733132149}","In play, no out",84.5,7.470890288709372,718758,642207,0.40735017521950967,Single,92.4,1.65,3.5,Four-Seam Fastball,0.9,2
664023,"{'breakAngle': 37.2, 'breakLength': 3.6, 'breakY': 24.0, 'breakVertical': -13.0, 'breakVerticalInduced': 19.8, 'breakHorizontal': 10.0, 'spinRate': 2235, 'spinDirection': 213}","{'aY': 32.04098444624131, 'aZ': -11.67569516995626, 'pfxX': -6.095990876811696, 'pfxZ': 11.462118875383881, 'pX': -0.8856466976326894, 'pZ': 2.887455122760988, 'vX0': 4.080106837862417, 'vY0': -133.6837257807043, 'vZ0': -4.833486900788455, 'x': 150.76, 'y': 160.82, 'x0': -1.6490548808055363, 'y0': 50.001336184934836, 'z0': 5.574635712292656, 'aX': -10.900554147619433}",Swinging Strike,83.1,7.5887290906042875,718758,642207,0.4116102244551283,Single,91.9,1.64,3.47,Four-Seam Fastball,0.9,11
664023,"{'breakAngle': 31.2, 'breakLength': 8.4, 'breakY': 24.0, 'breakVertical': -34.4, 'breakVerticalInduced': 3.1, 'breakHorizontal': 20.5, 'spinRate': 2605, 'spinDirection': 263}","{'aY': 25.055621204783467, 'aZ': -28.45361034324937, 'pfxX': -12.585693318511254, 'pfxZ': 2.3834666934462003, 'pX': 0.5325564684354771, 'pZ': 0.5192597474824787, 'vX0': 9.554476455891905, 'vY0': -124.31019650637329, 'vZ0': -5.961494809820192, 'x': 96.7, 'y': 224.76, 'x0': -1.7266774288869102, 'y0': 50.005946751913406, 'z0': 5.312411819543453, 'aX': -19.689339219070227}",Ball In Dirt,78.7,7.293375615686239,718758,642207,0.4407109381695462,Single,85.7,1.63209401451303,3.47402345837433,Changeup,0.88,14
664023,"{'breakAngle': 31.2, 'breakLength': 10.8, 'breakY': 24.0, 'breakVertical': -39.1, 'breakVerticalInduced': 1.1, 'breakHorizontal': 23.8, 'spinRate': 2592, 'spinDirection': 272}","{'aY': 25.67210764980408, 'aZ': -31.206913661051107, 'pfxX': -14.463460552398054, 'pfxZ': 0.6660954273235351, 'pX': 0.0975989659793528, 'pZ': 1.98007815956981, 'vX0': 8.79870906473727, 'vY0': -120.49231943270817, 'vZ0': -1.4252550517783866, 'x': 113.28, 'y': 185.32, 'x0': -1.7415472531348302, 'y0': 50.00317821776011, 'z0': 5.363152467371462, 'aX': -21.047644863824818}","In play, no out",75.4,7.2135224826565985,718758,642207,0.4563718255958644,Single,83.0,1.64,3.47,Changeup,0.9,8
641355,"{'breakAngle': 26.4, 'breakLength': 10.8, 'breakY': 24.0, 'breakVertical': -41.5, 'breakVerticalInduced': -1.8, 'breakHorizontal': 20.3, 'spinRate': 2853, 'spinDirection': 269}","{'aY': 26.387585506142646, 'aZ': -32.784148516291324, 'pfxX': -12.226109756673637, 'pfxZ': -0.41452581971441815, 'pX': -0.6756505108644419, 'pZ': 0.46554645299652847, 'vX0': 6.5582597065732635, 'vY0': -121.24260434960232, 'vZ0': -4.752313747134523, 'x': 142.75, 'y': 226.21, 'x0': -1.8444519688702372, 'y0': 50.002369564909, 'z0': 5.351282847785768, 'aX': -17.980692890647305}",Ball In Dirt,76.2,7.350930202753879,718758,642207,0.4538674838781023,Grounded Into DP,83.5,1.65426247362916,3.67470706084892,Changeup,0.91,13
641355,"{'breakAngle': 28.8, 'breakLength': 9.6, 'breakY': 24.0, 'breakVertical': -39.2, 'breakVerticalInduced': 0.1, 'breakHorizontal': 21.8, 'spinRate': 2557, 'spinDirection': 265}","{'aY': 25.45565891222856, 'aZ': -32.449711469843336, 'pfxX': -12.984528690673239, 'pfxZ': -0.18559261580500142, 'pX': -0.9857764574390291, 'pZ': 2.8992845500319064, 'vX0': 6.243245727359133, 'vY0': -121.5852367244852, 'vZ0': 0.691669184579625, 'x': 154.58, 'y': 160.5, 'x0': -1.9098290172502341, 'y0': 50.0031536801361, 'z0': 5.443355573893693, 'aX': -19.299259221616296}","In play, out(s)",76.2,7.212735762908285,718758,642207,0.45174656951843195,Grounded Into DP,83.6,1.75,3.82,Changeup,0.9,11
670156,"{'breakAngle': 25.2, 'breakLength': 3.6, 'breakY': 24.0, 'breakVertical': -15.0, 'breakVerticalInduced': 17.4, 'breakHorizontal': 7.1, 'spinRate': 2203, 'spinDirection': 204}","{'aY': 27.806957757791086, 'aZ': -14.403928226783322, 'pfxX': -4.388112838204908, 'pfxZ': 9.816504797535224, 'pX': -0.7150560733482701, 'pZ': 3.4145928031362516, 'vX0': 4.0458351446350385, 'vY0': -133.47408074502113, 'vZ0': -2.8264785144187945, 'x': 144.26, 'y': 146.59, 'x0': -1.677866399846895, 'y0': 50.00401998486324, 'z0': 5.519991064122696, 'aX': -7.945233599582644}",Ball,84.0,7.561591206942865,718758,642207,0.40982948018692333,Strikeout,91.7,1.43265144503792,2.87294224340111,Four-Seam Fastball,0.86,11
670156,"{'breakAngle': 28.8, 'breakLength': 8.4, 'breakY': 24.0, 'breakVertical': -35.0, 'breakVerticalInduced': 3.4, 'breakHorizontal': 19.0, 'spinRate': 2549, 'spinDirection': 268}","{'aY': 24.93152526818441, 'aZ': -28.75448001201333, 'pfxX': -11.617931844813834, 'pfxZ': 2.234839789280744, 'pX': 0.13096469332329583, 'pZ': 1.177403456611258, 'vX0': 8.380064101164932, 'vY0': -122.94449243683235, 'vZ0': -4.013891464022053, 'x': 112.01, 'y': 206.99, 'x0': -1.8164880561058818, 'y0': 50.00055874048075, 'z0': 5.278289341710001, 'aX': -17.73991550289848}",Called Strike,77.6,7.352439464521545,718758,642207,0.4459264401630252,Strikeout,84.6,1.43265144503792,2.9174185666466,Changeup,0.89,14
670156,"{'breakAngle': 27.6, 'breakLength': 9.6, 'breakY': 24.0, 'breakVertical': -37.3, 'breakVerticalInduced': 1.6, 'breakHorizontal': 19.6, 'spinRate': 2688, 'spinDirection': 272}","{'aY': 24.995340976657353, 'aZ': -30.473265732192143, 'pfxX': -11.853074807863553, 'pfxZ': 1.1253518983571205, 'pX': -0.3565144088791021, 'pZ': 1.6054436064185207, 'vX0': 7.416405976986489, 'vY0': -122.25096530019667, 'vZ0': -2.83843071457232, 'x': 130.59, 'y': 195.43, 'x0': -1.8957252184458202, 'y0': 50.00073101361586, 'z0': 5.407819715369307, 'aX': -17.867812900894375}",Called Strike,77.0,7.286248543776397,718758,642207,0.4487241451143644,Strikeout,84.1,1.41049923053112,2.8951794660716,Changeup,0.9,7
670156,"{'breakAngle': 25.2, 'breakLength': 10.8, 'breakY': 24.0, 'breakVertical': -42.0, 'breakVerticalInduced': -2.8, 'breakHorizontal': 19.8, 'spinRate': 2684, 'spinDirection': 272}","{'aY': 26.67747872475029, 'aZ': -33.425632418761815, 'pfxX': -12.018846167390913, 'pfxZ': -0.842480308651236, 'pX': -0.30067074843013575, 'pZ': 0.0038872661721214446, 'vX0': 7.109388837516065, 'vY0': -121.98944029803938, 'vZ0': -5.443462923919204, 'x': 128.46, 'y': 238.68, 'x0': -1.7092535009100176, 'y0': 50.00233976753387, 'z0': 5.186071002806983, 'aX': -17.8971503541052}",Ball In Dirt,76.7,7.398729210208526,718758,642207,0.45107765308045344,Strikeout,84.0,1.41049923053112,2.87294224340111,Changeup,0.91,13
670156,"{'breakAngle': 30.0, 'breakLength': 9.6, 'breakY': 24.0, 'breakVertical': -38.0, 'breakVerticalInduced': 0.0, 'breakHorizontal': 21.2, 'spinRate': 2792, 'spinDirection': 268}","{'aY': 25.18459924415955, 'aZ': -31.05366950266189, 'pfxX': -13.230335748445885, 'pfxZ': 0.7254173605111294, 'pX': 1.2712108784786749, 'pZ': 0.1675814265537266, 'vX0': 11.38443782893606, 'vY0': -123.50884336148367, 'vZ0': -5.909467200218751, 'x': 68.54, 'y': 234.26, 'x0': -1.6846964236142468, 'y0': 50.000782028960614, 'z0': 5.21065423801167, 'aX': -20.38571177177097}",Ball In Dirt,78.2,7.357346963444394,718758,642207,0.4438975107892693,Strikeout,85.2,1.29976195238204,2.8951794660716,Changeup,0.9,14
670156,"{'breakAngle': 30.0, 'breakLength': 9.6, 'breakY': 24.0, 'breakVertical': -38.6, 'breakVerticalInduced': 0.1, 'breakHorizontal': 21.6, 'spinRate': 2616, 'spinDirection': 271}","{'aY': 25.9845151396627, 'aZ': -31.629683111698615, 'pfxX': -13.252953633521164, 'pfxZ': 0.35503685857589495, 'pX': 0.3537019912726401, 'pZ': 1.2949556014064945, 'vX0': 9.351775958639891, 'vY0': -122.60355318944151, 'vZ0': -2.9474359902217433, 'x': 103.52, 'y': 203.82, 'x0': -1.8029693871938186, 'y0': 50.00018629968671, 'z0': 5.23350091969558, 'aX': -20.017813098218934}",Swinging Strike,77.0,7.410553904210222,718758,642207,0.4480813882934318,Strikeout,84.5,1.513,3.319,Changeup,0.9,14
