pitcher,pitch_type,pitch_count_pt,mean_xw_pt,mean_miss_pt,mean_chase_pt,z_xw_pt,z_miss_pt,z_chase_pt,stuff_z_pt,stuff_plus_pt,total_pitches
405395,CU,4,0.39598143718547135,0.13611626581778632,0.517406158845622,-3.6446890610977847,-5.543432385377102,0.46482458347624883,-2.9077656209995455,53.39808036530561,7
405395,FA,3,0.4385362591038057,0.147139055801892,0.4798919480343387,-0.7510697549314597,-0.9675704402308144,0.253192965317826,-0.4884824099481493,89.56436124857312,7
424144,SI,17,0.3501411425740516,0.4308846941538218,0.49131153688690443,-0.31644640903996013,1.983569985547372,1.2905771409114781,0.98590023913963,118.22867182239506,23
424144,SL,6,0.3124817527729871,0.45605821353407583,0.4313235885611271,-0.8925051805296345,-2.640812089883317,-2.415493579487699,-1.9829369499668834,67.9083787518193,23
425794,CH,57,0.28535367064296974,0.5989012304332,0.5639619847041226,0.8337241583383428,1.0749708092003845,-0.09946784514683267,0.6030757074639649,110.2230085523031,1282
425794,CS,4,0.3341428498694531,0.29078579262449394,0.32277702132861574,0.5162697221425663,0.12176466882714299,-1.0282177266828674,-0.13006111190438602,97.52868866135337,1282
425794,CU,427,0.2955327482436398,0.45191557348777095,0.4614815738291006,-0.3565648440219444,-0.8182218968441146,-0.4799374703966824,-0.5515747370875804,91.16007102338352,1282
425794,FC,296,0.33178867146755714,0.5276733377407712,0.4909699159894494,-0.31357563791883925,0.3974367655413113,0.0033393251795631536,0.029066817600678387,100.4666683311096,1282
425794,FF,124,0.38216590997681965,0.35800910593698104,0.4050185903728532,-1.1874536433176095,-1.256441162846912,-1.009735017602418,-1.1512099412556465,80.43684944192249,1282
425794,SI,373,0.35847537238435967,0.36963544179018776,0.443150193093845,-0.7032319940529107,0.6149830283768459,-0.22580012637521513,-0.10468303068375996,98.06447697652123,1282
425794,SL,1,0.3150821730410907,0.466464633459951,0.3764374201666946,-0.9898513713713812,-2.404256786684406,-3.8189049394883217,-2.4043376991813696,61.08847797902028,1282
425844,CH,214,0.2989153021643823,0.561411825208117,0.6053793963117043,0.17651009168201925,0.3627399183866574,0.798671680748185,0.44597389693895384,107.55990484458917,1174
425844,CU,224,0.336169450777179,0.3367930501351024,0.35957298622622763,-1.6867815657156855,-2.5407657454230326,-2.2015303351901654,-2.1430258821096277,65.65434324833481,1174
425844,FC,140,0.3345051174144626,0.5022859982506209,0.47636976701681266,-0.4378541029375105,-0.08687907962358442,-0.42420595863323085,-0.31631304706477525,94.92158777717523,1174
425844,FF,317,0.3962018228150101,0.3087937525150291,0.3955898893964407,-1.6781749707864992,-2.177932014999474,-1.3986454656502,-1.7515841504787244,70.23435672073641,1174
425844,SI,102,0.36440101435680505,0.34621384767412094,0.47133838135642414,-0.9782367574270635,0.09163805702789074,0.6617151404544545,-0.07496118664823942,98.61401507314723,1174
425844,SL,177,0.2943205035571733,0.4933929337327497,0.46130336876505057,-0.21264260071039812,-1.7921315523543564,-1.6489258751045337,-1.2179000093897627,80.2896477267496,1174
425877,CU,8,0.39977343078224975,0.23949303389413643,0.5121509613246786,-3.7688175699704485,-3.9966367562509038,0.376045896930293,-2.4631361430970196,60.52402856649073,12
425877,FA,2,0.36671158612222327,0.10332457056555905,0.47973366709343745,0.973665866700747,-1.3443323185515133,0.2491018859642629,-0.04052152196216777,99.13432304573654,12
425877,FF,2,0.38560610576247834,0.3922486442477241,0.45851537629874406,-1.3077292151420463,-0.6153521704593503,1.196874252922,-0.24206904422646552,95.88638615082924,12
434378,CH,75,0.2714627710740185,0.5717036673731315,0.6150835349786365,1.50689497711562,0.5582663042893641,1.0091066201431553,1.0247559671827131,117.37110098595456,1736
434378,CU,291,0.2826471544439484,0.4072879098695314,0.4003237523865299,0.06523690840016168,-1.4859722657841106,-1.5131072110287793,-0.9779475228042427,84.3267175540078,1736
434378,FF,865,0.32394811996471334,0.4296149441511153,0.5047575645888914,0.8479473688141417,0.0842811989193572,3.1042494270442136,1.345492664925904,122.86470489476868,1736
434378,SL,505,0.2906416428783208,0.5402773113128218,0.5179589469618294,-0.07492521782561304,-0.7263713550198738,-0.20027160801547902,-0.3338560602869886,94.59691230307715,1736
434671,CH,104,0.2892049143910108,0.571010432992646,0.537904540899468,0.6470879441528695,0.5450961049386004,-0.6645253732822803,0.17588622526972986,102.98152680154539,289
434671,CU,8,0.3223645252224123,0.3894386433025988,0.37230383565199876,-1.2348860705157076,-1.753045497251829,-1.9864617129109776,-1.6581310935595046,73.4256119517344,289
434671,FC,74,0.3623862187295497,0.4278787259814215,0.45224881429131036,-1.7134253980028116,-1.5063512133402053,-1.1305548868659416,-1.450110499402986,76.71844726940205,289
434671,FF,37,0.39629579421021677,0.30915965934971845,0.40753164137300707,-1.6814603835937412,-2.1710809049807063,-0.9060779186147868,-1.5862064023964115,73.04471273726045,289
434671,SI,54,0.3707950081251867,0.32770666801975257,0.4246456570450158,-1.2749773893225056,-0.32189653664527007,-0.8084221131432736,-0.8017653463703498,85.17586587634032,289
434671,SL,12,0.3333482794452008,0.5121792119239914,0.4881037514309785,-1.6736392581835764,-1.3650880767726656,-0.9636537457871173,-1.334127026914453,78.40864317677119,289
444876,CU,5,0.4363417704099163,0.15942701517072155,0.5299873165880067,-4.96585900848653,-5.194640622181852,0.677364389096321,-3.1610450805240204,49.33884363293754,10
444876,EP,5,0.4369857071695695,0.11292798946941648,0.4918428185877316,-0.5617161353213649,-0.31957271864117404,-0.15482681440040202,-0.34537188945431363,91.9521628394444,10
445276,FC,441,0.3029864039953374,0.48844498941521,0.46800518075279374,1.0041393692884288,-0.35092486097289144,-0.6691513639800583,-0.005312285221506952,99.91471115576684,606
445276,SI,101,0.35179244820799765,0.4320152179326636,0.4631119446032535,-0.393082310640734,2.0088310301934076,0.4027028143682083,0.6728171779736272,112.43996405199597,606
445276,SL,64,0.27375611552353807,0.5485257670219833,0.5219059071409623,0.5571809799702335,-0.5388701821763794,-0.09934984730778403,-0.0270130165046433,99.56282447888607,606
445926,CH,102,0.29606242594792703,0.5376287688908147,0.5844498442095468,0.3147641341195599,-0.08909513435544274,0.3448128500629329,0.19016061660901667,103.22349845275664,632
445926,CU,26,0.2923256584239715,0.5216366479410608,0.5143147772000943,-0.25158278986596344,0.22499366530889583,0.4126003233968758,0.1286703996132694,102.06216332528217,632
445926,FC,318,0.3426533108753453,0.4655411444737001,0.45720645267572185,-0.8106371421683368,-0.7878629270777231,-0.9853772647692804,-0.8612924446717801,86.17193277660758,632
445926,FF,2,0.32508198680022604,0.41828217720709354,0.39094876897076997,0.8083052988533058,-0.1279095168306385,-1.5900801318578541,-0.3032281166117289,94.84707603180763,632
445926,SI,181,0.35119309229049744,0.3253249741461393,0.43279355246117346,-0.3652666354724579,-0.3751144135272313,-0.5518826893601795,-0.43075457945328954,92.0356202857805,632
445926,SL,3,0.2978042724338351,0.5629044237392578,0.5701502889625637,-0.34305676263483825,-0.2120193032405212,1.1342344141782288,0.1930527827676231,103.12434381011931,632
446321,CH,2,0.3439277356150203,0.5077228331541344,0.5329490509186492,-2.0048501960888503,-0.6572538213890481,-0.7719855270968037,-1.144696514858234,80.59573264790055,120
446321,CU,4,0.3415614069257615,0.39409001689026774,0.3916611318541807,-1.8632838354449779,-1.6834483869076018,-1.6594492029031267,-1.7353938084185687,72.18734473974956,120
446321,FC,54,0.3035966831758373,0.543185459767262,0.488511223932262,0.9762188579777633,0.6933624765625731,-0.06866009039959234,0.5336404147135814,108.56760740608901,120
446321,FF,26,0.37580480440185304,0.38623085787909045,0.41939449266545165,-0.9650576931643735,-0.7280270717520607,-0.4167648284223527,-0.7032831977795956,88.04871762302378,120
446321,SI,34,0.3777671553758362,0.29977175156641295,0.41781502683680377,-1.5985497066833145,-0.9460896628031384,-1.023486967095026,-1.1893754455271597,78.00920031315769,120
446372,CH,108,0.30958768539788734,0.5309819536776116,0.5694469101529992,-0.3406872952792849,-0.2153726010677304,0.019473154568411432,-0.17886224725953462,96.968025306296,950
446372,CU,288,0.27085622997838255,0.5402970684660797,0.5131421122260509,0.4512053534377096,0.5042039505872897,0.392789906045458,0.44939973669015243,107.20239976077858,950
446372,FC,284,0.33327663727681445,0.5303183516514386,0.4914154419540287,-0.38165065593472297,0.447895859457584,0.01638594034280751,0.027543714621889495,100.4422148826797,950
446372,FF,13,0.37396758430663013,0.389360127502264,0.41692105073640356,-0.900825099647033,-0.6694357352853569,-0.518788151810456,-0.6963496622476153,88.16654304708497,950
446372,SI,257,0.3415395497733056,0.37389455970356394,0.4767420908550353,0.08274729922145772,0.7101510998284228,0.8318528815840123,0.5415837602112976,110.01354116502273,950
448179,CH,30,0.31300685758224256,0.5441919972921186,0.5910355035703962,-0.5063847670274501,0.03559433411729529,0.48762334319806255,0.005610970095969281,100.09511408695107,1180
448179,CS,16,0.3302007141078469,0.3704758219589871,0.45628512605943256,0.5679604634621652,0.6212894463577406,0.4931161830825104,0.5607886976341387,110.65563293097904,1180
448179,CU,467,0.31786561263426655,0.4200942485650457,0.4635332419698527,-1.0876170161614405,-1.2943548541747518,-0.44527761183984255,-0.9424164940586782,84.89616308778147,1180
448179,FC,138,0.3397382467540805,0.509896176140762,0.47522320645349175,-0.677271817953255,0.05830075452756236,-0.4577814079229833,-0.3589174904495586,94.23757259651902,1180
448179,FF,368,0.38743287496636963,0.3455139944162207,0.3946711476005641,-1.371596426277307,-1.490395206908922,-1.4365412780604625,-1.432844303748897,75.65088014272226,1180
448179,SI,21,0.33066853607327085,0.44976904007833,0.5088433595988872,0.5872631920339106,2.4055321896496933,1.8425728976906386,1.6117894264580808,129.80096700995892,1180
448179,SL,17,0.30614301291940305,0.50869302005932,0.4635121189573804,-0.6552157750239697,-1.4443350396504933,-1.5924492580988963,-1.230666690924453,80.08303323584798,1180
448179,ST,123,0.274359914707019,0.5162842742577795,0.4851642800986555,-0.3246295837190055,-0.8662120724736835,-0.827412018451692,-0.6727512248814603,89.0234690139163,1180
448281,CU,2,0.3133662983467982,0.4470278970959567,0.4109801931660242,-0.9403348124342497,-0.8913547352963469,-1.3330826140677823,-1.0549240539327929,83.09303692600136,17
448281,FF,15,0.31232163252197304,0.4947180734320203,0.4601565109691514,1.2544307530781218,1.3032491409864124,1.2645669734326583,1.2740822891657309,121.65118867818579,17
450203,CH,158,0.28314698962919244,0.5978566620660813,0.6099230650627226,0.9406627520162533,1.055125899574265,0.8972014618105187,0.9643300378003457,116.3467937800575,1886
450203,CU,818,0.26091917996421393,0.5913028741547804,0.5774335064963674,0.7764883923910886,1.2673885496750965,1.4788966635517422,1.174257868539309,118.81949164845875,1886
450203,FC,104,0.32429705499104255,0.5520338843001084,0.4992650988141071,0.029168747357980578,0.8621644184779894,0.2462523462517577,0.37919517069590924,106.08798596064202,1886
450203,FF,639,0.36548578627153677,0.3939486999499673,0.3992756392012813,-0.6042858407411879,-0.5835209294168318,-1.2466174597161335,-0.8114747432913844,86.21015854000402,1886
450203,SI,167,0.351161000600762,0.34108732208948017,0.45344644385628774,-0.36377728333424036,-0.022911848154398232,0.09838103978031564,-0.09610269723610765,98.22312191475602,1886
453178,CH,3,0.35174671860459994,0.4192421488435962,0.4480241178770467,-2.383768145568944,-2.338226785028894,-2.613588759605144,-2.4451945634009937,58.550403167769645,302
453178,FC,9,0.3177698929065219,0.5532408365188959,0.5110708999584435,0.327788966809205,0.88518952058223,0.591968996838861,0.6016491614100985,109.65948917855305,302
453178,FF,232,0.35517739628149675,0.43318729777566994,0.3911221550489144,-0.24388556764918004,0.1511686833484105,-1.5829283876774956,-0.5585484239927551,90.5082761006833,302
453178,FS,50,0.26591671149194035,0.595647072726729,0.5553764274972037,0.10898848391437231,0.218764637350007,-1.0499641441714873,-0.24073700763570266,95.70531672558886,302
453178,KC,6,0.3026328643488074,0.511536099598873,0.5183728809775344,-1.1831956629457658,-0.591555280059585,-0.18413008079840898,-0.6529603412679199,89.40037170444779,302
453178,SL,2,0.2928043259949553,0.5354673646802266,0.530769134255074,-0.15588480962100462,-0.8357094743874182,0.12727835396909068,-0.2881053100131107,95.33733713082263,302
453268,CH,4,0.33284088678619467,0.4715305792763148,0.5377801182275763,-1.4675672745102915,-1.3448411828100097,-0.6672234877999671,-1.1598773150400894,80.33839605123588,472
453268,FF,25,0.3200728733574587,0.4227880995955557,0.45797558929126,0.9834331175006855,-0.04354222140804249,1.1746093823469146,0.7048334261465192,111.97762626947979,472
453268,SI,204,0.3310522762516112,0.3434337493249886,0.451701910084303,0.5694540875634803,0.02951801158333784,0.043453765217166825,0.21414195478799497,103.95934929546526,472
453268,SL,227,0.2844277504958768,0.5747390332078179,0.5279058352680117,0.15769054861455642,0.05700113328011328,0.05406525779076293,0.08958564656181088,101.44984369713977,472
453268,SV,12,0.2938831185394173,0.5209223416894605,0.47304401577215627,-0.84411445891517,-0.12270065538233316,-1.439740131665269,-0.8021850819875906,86.93784626762542,472
453286,CH,229,0.29817313318179156,0.5337681189476698,0.6337259972973263,0.2124765529757433,-0.1624405003759816,1.4133697456871643,0.48780193276230865,108.26895076147142,1399
453286,CU,146,0.29026030526111174,0.4705887793631908,0.4507841355550362,-0.1839747620942316,-0.5388203081956789,-0.660654658588571,-0.4611499096261605,92.609283611876,1399
453286,FC,156,0.3185444252860945,0.5451474132953238,0.4889877629874549,0.292353807368541,0.7307907853259302,-0.054705299528473174,0.32281309772199934,105.18277066460566,1399
453286,FF,559,0.34592835327262134,0.47253420577125377,0.4329066502871771,0.07947798664582797,0.8878862573859183,0.14057804287071538,0.36931409563415385,106.27595975086071,1399
453286,SL,309,0.30678791529090405,0.5654173006256555,0.5039340354086616,-0.6793575609116078,-0.1548974152139457,-0.5588814503945716,-0.4643788088400417,92.48454730281526,1399
453343,FC,156,0.35462833372976965,0.39096409445252106,0.425051888688301,-1.3584991235954846,-2.2105739214662985,-1.92697945058559,-1.8320174985491242,70.58692284939002,243
453343,FF,3,0.37075799040279317,0.3070184541979899,0.38364298758026094,-0.7886117937306943,-2.2111720721208314,-1.8914254307521547,-1.6304030988678933,72.29365370253896,243
453343,FS,6,0.3371462179881492,0.4021310243016536,0.45213029980605945,-2.307629388180253,-4.202095530766588,-4.53952018149887,-3.68308170014857,34.294816026566,243
453343,KC,71,0.2546329164825557,0.5432593597459416,0.5372347930113416,0.34959753090675294,-0.10471325960153385,0.13092329179269316,0.1252691876993041,102.03351833576914,243
453343,SI,3,0.3959560244259646,0.28545110124994094,0.40034119242059124,-2.4426819800190565,-1.2660781440496498,-1.5736569414821406,-1.760805688516949,67.44381655998762,243
453343,SL,4,0.29707048719233814,0.5613270052446552,0.4726163463191357,-0.3155876650309672,-0.2478766598454059,-1.3596588032852954,-0.6410410427205562,89.62546623185852,243
455117,EP,9,0.43985725719741275,0.13627281294907498,0.5575100746286715,-0.6415197225814837,0.011391942130745852,0.9672542136868933,0.11237547774538514,102.61856732799946,10
455117,FA,1,0.3611085325829691,0.3898893906774342,0.39700357029488853,1.108212751885203,1.119845893371252,-1.889218678745821,0.11294665550354466,102.41292310841237,10
455119,CU,9,0.2589783035367791,0.5971247347059722,0.57629839192859,0.8400217530613885,1.3544993060039718,1.4597206040402122,1.218080554368524,119.52182517508169,528
455119,FC,175,0.3163174582475792,0.47130042875768546,0.4528054601385394,0.39423842079482596,-0.6779927046928423,-1.1142542787568883,-0.46600285421830157,92.5183149645774,528
455119,FF,181,0.355685271730937,0.3922265333525985,0.4236929734912517,-0.2616418274387151,-0.6157661670310393,-0.23946319290874482,-0.3722903957928331,93.6734623258399,528
455119,FS,74,0.26129261845319024,0.5849249056630348,0.6283291497443023,0.2658710235998975,-0.02618249583894922,1.4157226379843721,0.5518037219151067,109.84402954303056,528
455119,SI,62,0.3479142268572461,0.30190540055277915,0.48476927649302115,-0.21309685930306485,-0.8984142372063575,1.0845917144960227,-0.008973127337799924,99.83409255118544,528
455119,SL,3,0.272405750722396,0.5451202291290359,0.4412926473698782,0.6077316049020335,-0.6162837455881792,-2.1605898252271856,-0.7230473219711104,88.29828613481848,528
455119,ST,24,0.26405621151090203,0.5704105020425126,0.531789092844683,0.16401802954344782,0.3884112658260418,0.3442643768955843,0.2988978907550246,104.87678333120193,528
456034,CH,19,0.2998911136292375,0.5869863683996734,0.6098380764524137,0.12922101587319987,0.8486099814115383,0.8953584777319251,0.6243964916722211,110.58442678985637,163
456034,FC,20,0.3254066202661231,0.47896385063124064,0.47267263272401755,-0.02159429815084643,-0.5317971317780037,-0.5324714519148129,-0.3619542939478877,94.18881665632831,163
456034,FF,58,0.3710814631672,0.3384737758510563,0.4152751581341668,-0.799920996500737,-1.6222137666443877,-0.5866771251669928,-1.002937296104039,82.95652893459736,163
456034,KC,7,0.33196844916427143,0.41715381209504054,0.41644848619991637,-2.119975529209774,-2.039996056032745,-1.886588679186536,-2.015520088143018,67.28168250609154,163
456034,SI,59,0.35993569131858416,0.3209836985908291,0.4257653899475846,-0.7710043408846367,-0.4721182604837117,-0.7731669191398823,-0.6720965068360768,87.57336070150012,163
456501,CH,179,0.3375385949246764,0.48990457536138976,0.591664207587546,-1.6952242392922487,-0.9957684909145113,0.5012568346687806,-0.7299119651793264,87.62693278786645,863
456501,CU,3,0.35962824394782517,0.30727571488230576,0.28281055520524684,-2.4546903034040684,-2.9824247951503153,-3.4983165691914775,-2.9784772225819536,52.26480595337031,863
456501,FC,123,0.357005412819366,0.43907439435993406,0.430343749960048,-1.4672514220977064,-1.2927707554498102,-1.7720145708732433,-1.5106789161402534,75.74602014149829,863
456501,FF,189,0.3750739579508613,0.3751185472898518,0.40948943472020594,-0.9395059570755908,-0.9360900407704666,-0.8253238158228048,-0.9003066045562873,84.7005893345956,863
456501,SI,226,0.365335323541164,0.30345630744045937,0.480490549789424,-1.0215973717466111,-0.8637599213354697,0.9498744621256218,-0.31182761031881967,94.2345047216705,863
456501,SL,143,0.3444558659400024,0.48728709390253266,0.4263021315137682,-2.0894494439358637,-1.9309274881910035,-2.5438896776335027,-2.188088869920123,64.58822391099775,863
456713,CU,110,0.2957677048024839,0.525117982557858,0.5429735496986942,-0.3642559981747222,0.27708383284838195,0.8967473360077955,0.26985839022715175,104.32494246554533,287
456713,FC,28,0.3215101964323418,0.48803841597632314,0.49376043091218647,0.15666861691880526,-0.3586810876051651,0.08505571703703581,-0.03898558454977468,99.37408566946974,287
456713,FF,144,0.2924628261273089,0.5413898268548665,0.4574723169957534,1.948731148662057,2.177114527349558,1.153850652758911,1.7598987762568417,129.90693833770786,287
456713,SI,4,0.33088848557834644,0.39190673445747803,0.40753898416955914,0.5770554943905424,1.1126250319530118,-1.3470318740899896,0.11421621741785482,102.11178561628336,287
456713,ST,1,0.26981845890084344,0.5802624058287217,0.5383922624741432,-0.10925347105488051,0.6167742780429704,0.5102013004700748,0.33924070248605487,105.53501197004154,287
458677,FC,34,0.3337572499457664,0.42451778580848165,0.48798815961121017,-0.4036388736034447,-1.5704680768279116,-0.08397730969753055,-0.6860280867096289,88.98580550794091,139
458677,FF,67,0.32586294882297406,0.48206658471403596,0.4726997831922295,0.7810014302040967,1.0663671456509105,1.781945733504302,1.209771436453103,120.55831860379847,139
458677,FS,1,0.29975850899329465,0.5869386507196236,0.5741789592571114,-1.0391690239567917,0.019821364729038487,-0.4144682695358582,-0.47793864292120375,91.47370354019453,139
458677,SL,37,0.27356415410932394,0.609322227305649,0.5532641925004704,0.5643670155090073,0.8431348876040089,0.702465531521594,0.7033224782115366,111.38248928513508,139
458681,CH,96,0.3302302960510729,0.47829080947845376,0.5511968645597266,-1.3410546974139634,-1.216409036445793,-0.3762803862854986,-0.977914706715085,83.42292636489812,1793
458681,CU,218,0.2905132887149165,0.5568646987713127,0.5473078741487369,-0.1922560152368845,0.7521004424004815,0.9699692520642911,0.5099378930759626,108.17262730537493,1793
458681,FC,433,0.31960897619746476,0.5605662686919528,0.5047431335422341,0.243650186613621,1.0249372430825991,0.4066690595991993,0.5584188297651398,108.9654253495085,1793
458681,FF,715,0.34693920745785817,0.4843810888390345,0.4385502432700434,0.04413666518170489,1.1097031014078438,0.37336220699434486,0.5090673245279644,108.65086406661482,1793
458681,SI,305,0.36091890237248164,0.358604313278156,0.4596298571249623,-0.8166344556437207,0.36849743023749204,0.2930680351254962,-0.05168966342691084,99.04429081786056,1793
458681,SL,17,0.29420740365109965,0.5829878637921905,0.5262503079706518,-0.2084087292951211,0.2445108276631793,0.01173426832891202,0.015945455565656727,100.25805940055297,1793
458681,ST,9,0.2738991388214619,0.5467711673006959,0.5353514856791314,-0.30277753378697514,-0.15953863356318362,0.43378691541630054,-0.009509750644619397,99.8448400110472,1793
459429,FF,134,0.3454390419864354,0.42643047854237764,0.4303775142597997,0.09658520914505508,0.024656392361790232,0.03625747654436778,0.05249969268373769,100.89215646548752,161
459429,SI,3,0.2680829054559617,0.41564818744401166,0.45097415761198656,3.4918170983564845,1.643117105696903,0.020540216335016185,1.718491473462801,131.7738203681488,161
459429,SL,24,0.3236190079050813,0.5343687908463092,0.5064403309159818,-1.3094260055364009,-0.8606818922044777,-0.4947967512912433,-0.8883015496773738,85.62383091056208,161
461325,CH,7,0.29644217550152535,0.5447605537108279,0.533281621754414,0.29636098343394984,0.04639587770391384,-0.7647737047938956,-0.14067228121867728,97.61540066002996,28
461325,FF,6,0.3989594615940896,0.3681533417039305,0.39488865745429463,-1.774587094312058,-1.066504084041881,-1.4275695379574758,-1.4228869054371382,75.82009174814604,28
461325,FS,9,0.26247093125683896,0.5512144631621667,0.5182933567876716,0.22589416681278818,-0.7962951232646421,-2.303313360949767,-0.957904772467207,82.91123726594243,28
461325,SI,5,0.3874012158805687,0.3389946743913671,0.4241001799617625,-2.045659495252412,-0.06967111843229828,-0.8255966557063963,-0.9803090897970355,81.87470499244888,28
461325,SL,1,0.3511828168538602,0.5284468886830077,0.4269678473773632,-2.341271449584599,-0.9952966177039638,-2.526867662199891,-1.9544785764961512,68.36894576217092,28
468504,CH,4,0.2895740533608153,0.5934593097722184,0.5744666633328792,0.6291989959740684,0.9715841596433169,0.12832686043983643,0.5763700053524072,109.77030814055915,218
468504,CU,47,0.2930072509727649,0.48044238422533486,0.48504945179615144,-0.27389429028946705,-0.39138376886950993,-0.08179349155446743,-0.24902385023781476,96.0089666883414,218
468504,FC,62,0.3097390582376825,0.5612789132326618,0.5336800688814618,0.6952027953814504,1.0385324070488555,1.254047415496089,0.9959275393087982,115.98963632896842,218
468504,FF,14,0.37125408130532395,0.3645940716427671,0.4435545597028487,-0.8059560440863077,-1.1331465964623981,0.5797778045325436,-0.45310827867205405,92.30007911058831,218
468504,SI,91,0.3721678291440605,0.2957538348614078,0.4220687389902543,-1.3386890211095772,-1.0358682018916003,-0.8895573068515531,-1.0880381766175768,79.88286231768528,218
471911,CH,417,0.25894271689987725,0.6276528397344594,0.6260062338281086,2.113632868906372,1.6211993818335726,1.2459661240423097,1.660266124927418,128.14392054623806,1460
471911,CU,62,0.29225835454311855,0.5215734696350504,0.5093325338643028,-0.24937963995064727,0.22404834723201067,0.3284327887530945,0.10103383201148597,101.6192400397684,1460
471911,FC,1,0.33374058485750585,0.5624380254980536,0.5351402109570819,-0.4028764392944611,1.0606448634041983,1.2968056681206335,0.6515246974101235,110.46024189486639,1460
471911,FF,398,0.37179349661450267,0.37578005136178044,0.4124969460294253,-0.8248149953799488,-0.9237042727415806,-0.7012714597555834,-0.8165969092923709,86.12311472543144,1460
471911,SI,207,0.34452191525902537,0.35009915233861155,0.4532719620239862,-0.05566212856871735,0.17845343980002035,0.09288741640482437,0.07189290921204246,101.32925441779709,1460
471911,SL,358,0.29549070430482527,0.5926706618727744,0.5392821902723006,-0.25644882184370604,0.4646169979005619,0.3449528587193514,0.18437367825873574,102.98388219096533,1460
471911,ST,17,0.27937448002292453,0.5619132672876035,0.5106605307579382,-0.5624426618450686,0.19144891557839422,-0.18669405503458034,-0.1858959337670849,96.96694349751513,1460
472551,CH,5,0.3281112419696498,0.4671771299974189,0.476224939377485,-1.2383626173262647,-1.427548844865578,-2.0020519332039224,-1.5559877984652548,73.62374843801834,32
472551,FF,4,0.36732872826373203,0.3986015648337998,0.42007467938103005,-0.6687184823003107,-0.49640233473777456,-0.3887088193312259,-0.5179432121231037,91.19830304084522,32
472551,KC,5,0.31972403204382227,0.4101238573757148,0.38364800581764336,-1.7289717873471406,-2.1478814796436416,-2.4344600693468457,-2.1037711121125424,65.84908699965939,32
472551,SI,18,0.38107955274369587,0.3216552705113721,0.4146746782553455,-1.7522756757150701,-0.4571122883977106,-1.122361974003899,-1.1105833127055598,79.46601701161484,32
472610,FC,2,0.3034702339948314,0.5831381820951973,0.5020843106359975,0.9820039574884619,1.455543030708457,0.3288090873355321,0.9221186918441503,114.80463382402804,721
472610,FF,42,0.33952206576318145,0.39080249862457284,0.42330182444476283,0.3034535803262035,-0.6424292890810356,-0.255597117539932,-0.19819094209825466,96.63203113474991,721
472610,FS,101,0.25424273007982245,0.5891333517663465,0.5874904423776307,0.5050540121870707,0.06995915183943273,0.03543883427287888,0.20348399943312742,103.63009965754071,721
472610,SI,411,0.3278696449223139,0.33823902533094985,0.472726333850577,0.7171577084859874,-0.08655575634012751,0.7054153249686284,0.44533909237149605,108.23403813311538,721
472610,SL,35,0.29248065617214675,0.5748598893885412,0.5193187956027855,-0.14376829725286525,0.059748396092692765,-0.1655009711423696,-0.08317362410084736,98.65392772950875,721
472610,ST,130,0.2724937548994641,0.5679086912636143,0.5077608066222871,-0.23612795293914451,0.330420337588826,-0.25956380233561677,-0.055090472561978424,99.10115023689315,721
475479,CH,22,0.3042195343114671,0.526496204913554,0.5982027099880073,-0.0805398048861568,-0.3005937140464375,0.6430447257531845,0.08730373560686341,101.47992503214914,270
475479,FC,70,0.3627184090339659,0.3502918140990921,0.41211118899726884,-1.7286232344162193,-2.9864815285551396,-2.3059300443437643,-2.340344935771707,62.42571579725181,270
475479,FF,82,0.3577531043409304,0.4180377934153889,0.433587681216929,-0.33393705861159784,-0.13248527241933566,0.16866887369532044,-0.09925115244520435,98.31336998685883,270
475479,KC,63,0.31820598945209905,0.4467308076193082,0.4385093606896887,-1.6804957898511605,-1.5860917538469628,-1.518102552337131,-1.594896698678418,74.10974127009338,270
475479,SI,33,0.366611623755379,0.3061404478287515,0.48474867648757763,-1.0808295427141945,-0.8037840133060632,1.083943115900129,-0.2668901467067096,95.0653700001198,270
476595,CU,34,0.2620067019624662,0.49185705669212193,0.449643318361082,0.7408890485198426,-0.22058944236770606,-0.6799270554232604,-0.053209149757041246,99.14723232749562,315
476595,FC,186,0.3120877231744078,0.5722294936556822,0.5482496360291759,0.5877504554915615,1.2474373068584226,1.6806971526236694,1.171961638324551,118.81586726813191,315
476595,FF,2,0.3269510646376962,0.534570803627626,0.5218717658864125,0.7429589000747081,2.049437550804365,3.8101676347856284,2.200854695221567,137.40034742239075,315
476595,SI,2,0.3459200912474165,0.4627222909148722,0.45986223597273534,-0.12055046617515786,2.6949667453990696,0.3003845668999296,0.958266948707947,117.71774976085702,315
476595,SL,1,0.2955032152378594,0.4691915248478564,0.46788194175827236,-0.25691716601471787,-2.342269991643341,-1.480715115611669,-1.3599674244232425,77.99044518526755,315
476595,ST,90,0.2826546755080216,0.4731138962120307,0.47955561922056106,-0.7180041783521635,-1.8668833927591055,-0.9683570469318515,-1.1844148726810402,80.67522425893378,315
477132,CH,7,0.3421951532505552,0.45157425824630254,0.44704778485620295,-1.9208870313494697,-1.7239751866501283,-2.6347606108247352,-2.0932076096081107,64.51709291233837,1083
477132,CU,169,0.25813269431304353,0.4924744408552678,0.4499813966897141,0.8677022354652725,-0.21135170798293126,-0.6742157287136564,-0.005955067077105081,99.90455986020942,1083
477132,FF,383,0.3597369971105026,0.36272789662333593,0.4274722277740332,-0.4032975985824293,-1.168088196783293,-0.08357835998425237,-0.5516547184499915,90.62542467159386,1083
477132,FS,5,0.3153047794222781,0.5301010038108842,0.5050791336632139,-1.5666104848224112,-1.2786305792481414,-2.749933230515081,-1.8650580981952112,66.72786665087662,1083
477132,SI,4,0.3741879292580304,0.36104249093170715,0.39738440154618127,-1.4324404081183906,0.4229774117416573,-1.6667525678280604,-0.8920718547349311,83.50615565713915,1083
477132,SL,515,0.3060245521690211,0.5720352153683257,0.5317383791699827,-0.6507812215191436,-0.0044611614736635285,0.1520614525893191,-0.16772697680116266,97.2855260916414,1083
488984,CH,10,0.33124393938945795,0.5205261005562072,0.49848478923411543,-1.3901771543622514,-0.41401489848921136,-1.5193455007945007,-1.107845851215321,81.22040488211096,199
488984,CU,39,0.29593044891955383,0.5523595224396568,0.5231944391504241,-0.3695833237790836,0.6846908378256755,0.56260890476431,0.29257213960363393,104.68896916542823,199
488984,FC,67,0.35726583397538225,0.42295372966512784,0.45984255530713714,-1.4791657918884837,-1.600305672581009,-0.9081826245077051,-1.3292180296590659,78.65937826068448,199
488984,FF,12,0.376081489441994,0.4043894697218943,0.43073252713628235,-0.9747311110427829,-0.3880316528942255,0.05090087410263174,-0.4372872966114589,92.56893385457226,199
488984,SI,71,0.36760592136492626,0.28996439945962577,0.4414310480166857,-1.1269741765122763,-1.1652305283608229,-0.27992802873137584,-0.8573775778681583,84.1476308916635,199
489119,CH,198,0.2869482132974702,0.5989843366487777,0.6134782914665824,0.756450575084985,1.0765496769790996,0.9742968000481097,0.935765684037398,115.8625865251548,675
489119,CU,5,0.31650825849940334,0.42308118837780684,0.44882083645186066,-1.0431848881863675,-1.2496621680634035,-0.6938216546876043,-0.995556236979125,84.04450777859746,675
489119,FC,274,0.32333691911095785,0.5187533449873535,0.49641677562607917,0.07309533957389062,0.22726951225695893,0.16284311884604388,0.15440265689229782,102.47893770830737,675
489119,FF,124,0.38520993833339046,0.33729686949160714,0.41205297207735536,-1.2938784731957886,-1.644249744620091,-0.7195842802653256,-1.2192374993604016,79.28081932646838,675
489119,SI,33,0.3790050886482547,0.3180482159787606,0.42559393229125586,-1.656001295597646,-0.5377102972979133,-0.7785653252449182,-0.9907589727134924,81.68149326705893,675
489119,SL,41,0.2958912212811435,0.49686297738989865,0.45229608868265553,-0.2714420913895034,-1.7132516652003402,-1.8792374373819034,-1.287977064657249,79.15552880487992,675
489265,CH,10,0.289886236431105,0.5591781504635168,0.5687785567886774,0.6140702037751066,0.3203041383687249,0.004979864175236737,0.31311806877302273,105.30780572875008,77
489265,FF,2,0.31219475076028835,0.4993612795950434,0.43690285477989976,1.2588667728257001,1.3901868891968263,0.3054115319847863,0.9848217313357709,116.73562320177166,77
489265,SI,23,0.2991913046260648,0.540933597008616,0.5773466458202229,2.0480987649667854,4.442563153395756,3.999423553826962,3.496695157396501,164.6516817388778,77
489265,SL,42,0.2580162617859446,0.5311313539861905,0.4461006069991174,1.146399124650499,-0.9342742384184233,-2.0376527472805472,-0.6085092870161571,90.15195638709082,77
489334,CH,3,0.3401302691969257,0.4387571906395304,0.5208642125784153,-1.8208201003229945,-1.9674762884783155,-1.0340461087732482,-1.6074474991915193,72.75143182152623,176
489334,FC,48,0.3476062721381708,0.5102505952216917,0.45330293710019864,-1.0372370580408092,0.06506202924835897,-1.0996863500897525,-0.6906204596274008,88.91207486997388,176
489334,FF,7,0.3818817272351173,0.36387456077012786,0.4078934137836712,-1.1775180920029509,-1.146618463289745,-0.8911557070954377,-1.0717640874627112,81.78691700411795,176
489334,KC,7,0.2922276421733834,0.5266642223107586,0.5243983265528614,-0.8509233493287995,-0.35939106387727476,-0.08348615103834924,-0.43126685474814114,92.99916385787581,176
489334,SI,87,0.37076983643670164,0.30039200481117906,0.4260278266631822,-1.273809189443447,-0.9322303834132466,-0.7649040045637556,-0.9903145258068163,81.68971080924285,176
489334,SL,24,0.2923722283028184,0.5573232591609772,0.5353000507333795,-0.13970932255955562,-0.3388884944150393,0.24313157970661495,-0.07848874575599332,98.72974725641775,176
489446,FF,245,0.35138302756228673,0.4225152617218182,0.4084384978604151,-0.11122745867810563,-0.04865074115419384,-0.8686723455973381,-0.3428501818098792,94.17375624962443,433
489446,FS,184,0.27634036134838585,0.571085672297742,0.6309851788614759,-0.24465679280649766,-0.34233878385648286,1.5054922269114857,0.306165550082835,105.46191082150277,433
489446,SL,2,0.3673103571236015,0.49172177582923426,0.49985151271421513,-2.945002558806846,-1.8301197622647016,-0.6632694755464174,-1.8127972655393216,70.66189964012868,433
489446,ST,2,0.3144630755860409,0.4416967045467636,0.414524537286698,-2.2265005397068793,-2.595120764922654,-2.602580954293151,-2.4747340863075613,59.622525569598416,433
491624,CH,5,0.35738050176816055,0.40258696288486107,0.48100540210201875,-2.656788507295889,-2.65464519339888,-1.8983872579303571,-2.403273652875042,59.26102344566029,5
493603,CH,66,0.2933522312812947,0.5678149944015177,0.5991428255504365,0.44610364555484844,0.4843885514141953,0.6634311988028947,0.5313077985906461,109.00643833215925,685
493603,FC,44,0.31187082315502057,0.5731897687417339,0.5126530608135146,0.5976737162517004,1.2657565340492967,0.6383004016133366,0.8339102173047779,113.38844502178195,685
493603,FF,50,0.35523014746020515,0.43032223807363346,0.39476273861143985,-0.24572984587602256,0.0975243198982037,-1.43276337682402,-0.5269896342672795,91.04457215990321,685
493603,SI,265,0.3347211372740198,0.32920376277992563,0.45048673667041383,0.3991848978264304,-0.28844462852634406,0.005193592316878425,0.038644620538988254,100.71451459036155,685
493603,SL,6,0.28588193938105905,0.5949352614891711,0.5698874667085939,0.10325329073234042,0.5160951289674096,1.1275141830585869,0.5822875342527789,109.42367381226586,685
493603,ST,254,0.2702300384777893,0.5638422655258079,0.5151824003463351,-0.12877241236308562,0.2361622885260814,-0.07305997164590607,0.011443301505696571,100.18670758062538,685
500743,EP,13,0.40473732157260556,0.11874242556579583,0.5210296385740094,0.3345025720080052,-0.2371401882819277,0.3438993232713718,0.14708723566581644,103.42741884090526,14
500743,FA,1,0.4538262809834596,0.19350241549064828,0.482538824593511,-1.1182311257620252,-0.5688907253517543,0.32160664785598586,-0.4551717344192645,90.27599010010606,14
500779,CH,284,0.2952170325741117,0.5702481096495013,0.6112816960135353,0.35573298187598523,0.5306133402610554,0.9266634709189252,0.6043365976853219,110.2443824716252,1489
500779,CU,339,0.31620959285367867,0.44918717612711956,0.5050365008874748,-1.0334082574223307,-0.859046089653645,0.2558577497520034,-0.5455321991079907,91.2569130340603,1489
500779,FF,405,0.37772278255882275,0.3559998550860552,0.42776331745133334,-1.0321137370494287,-1.2940616643789011,-0.07157163529289932,-0.7992490122404097,86.41791718476685,1489
500779,SI,377,0.38533651358011367,0.31576634860224084,0.4141378939921832,-1.9498381529885658,-0.5886975960645521,-1.1392628199934542,-1.2259328563488574,77.33327691027188,1489
500779,SV,84,0.3078180501129157,0.48131063225604287,0.4872789387481542,-1.6468229311780131,-1.1962588369470146,-1.018462623480253,-1.2871814638684267,79.04054495646625,1489
500871,EP,12,0.43278344178057865,0.1311983345820019,0.5009743096145447,-0.44493047969676447,-0.06055004589997105,0.001206396930194248,-0.16809137622218043,96.08314380748483,16
500871,FA,4,0.3764228422065383,0.4099033215487564,0.41607317788000747,0.7404681561632329,1.291946196432831,-1.3963275104989774,0.21202894736569544,104.52965645127031,16
501303,FA,4,0.4713389905686223,0.16147574680853133,0.49685362420845086,-1.5387661981677854,-0.8442888678597271,0.6916005386024886,-0.5638181758083411,87.95493412987199,4
501381,CH,36,0.29477445563725974,0.5298396677618107,0.6075785916040497,0.3771808281780707,-0.23707396737349712,0.8463613875780547,0.32882274946087603,105.5740228603574,200
501381,FF,122,0.3977116537320855,0.3083926654631225,0.3887883523148668,-1.7309614365064112,-2.185441826949416,-1.6791919418218262,-1.8651984017592178,68.30364658378323,200
501381,SL,42,0.3028939949607351,0.5140783620505238,0.4581410376168507,-0.5335894647955057,-1.3219172228957168,-1.7297850712789504,-1.1950972529900574,80.6586848874148,200
501625,CH,31,0.3086740015238589,0.5824129972340637,0.6299043808620481,-0.29640900224791644,0.7617242012891936,1.330497720611001,0.5986043065507594,110.14721181698326,73
501625,FF,3,0.35939964611532277,0.36804142261969286,0.4405780326369693,-0.39150318733992223,-1.0685996173487753,0.4570034713859701,-0.33436644443424246,94.31792511546462,73
501625,SI,34,0.3606454605814962,0.3503360077573494,0.43957602750606134,-0.8039442196530505,0.18374586745114152,-0.33833401808142194,-0.3195107900944436,94.09244758736598,73
501625,SL,5,0.32813241727974374,0.5103272784560374,0.47213222636520447,-1.4783845449394313,-1.4071856171502921,-1.3720375038363612,-1.4192025553086949,77.03179070813246,73
501925,FF,39,0.3347148025137487,0.42291359862758526,0.4793083563632157,0.4715243449746811,-0.041192421966844694,2.0545329286348353,0.8282882838808905,114.0755633028842,121
501925,SI,61,0.3015853783898967,0.4077088179828957,0.5617226054479829,1.9369915310190762,1.4657154710102949,3.5074950116036763,2.3034006712110155,142.58842146912545,121
501925,SL,21,0.29015272025877004,0.46074780856656905,0.45440934197752003,-0.056622501448024096,-2.534209763368202,-1.8252026273864506,-1.4720116307342255,76.17713476607085,121
501985,CH,128,0.3074367795392694,0.5751305948708776,0.5572950865117425,-0.2364516371945438,0.6233717283370287,-0.2440400081401979,0.047626694334095665,100.80734159487675,451
501985,FF,181,0.3618819594594333,0.3734150157882529,0.4426253455016433,-0.47828942728444895,-0.9679863614494699,0.5414500314673877,-0.30160858575551036,94.87459762004121,451
501985,KC,36,0.30025795755958745,0.44305814665200466,0.42484053344360834,-1.1073572271896752,-1.64245436215047,-1.7464150434315742,-1.4987422109239064,75.67063519386211,451
501985,SI,1,0.36734239215646697,0.34139238430568775,0.4439610104609451,-1.1147439763159899,-0.016095370334415743,-0.2002712493431541,-0.4437035319978532,91.79620234367248,451
501985,SL,105,0.29602268281200445,0.5763289219187224,0.5404175054117584,-0.2763633264023625,0.0931419587262773,0.3739822883644588,0.0635869735627912,101.0290841934885,451
502042,CH,66,0.33354786944951015,0.4883997379135557,0.5340446755412767,-1.5018285616186653,-1.0243576805686492,-0.748226828980927,-1.0914710237227472,81.49798197471682,434
502042,CU,12,0.3082321845660729,0.47535459334324387,0.46829413027637096,-0.7722728493219028,-0.46751086052432117,-0.3648495386874528,-0.5348777495112256,91.42766881997184,434
502042,FF,116,0.3867943553106803,0.38815784223732824,0.42965531490409853,-1.3492726047583892,-0.6919468989016678,0.0064685506140400246,-0.6782503176820055,88.47411527179435,434
502042,SL,240,0.30328425884340565,0.5504809243537259,0.5229872001460576,-0.548198911917218,-0.4944261909953257,-0.07170173611272598,-0.3714422796750899,93.98862129474523,434
502043,CH,280,0.28703896120561884,0.594877644174718,0.6187195689865185,0.7520528150027458,0.9985299478973321,1.087954277039692,0.9461790133132565,116.03910757040252,2013
502043,CU,110,0.29713014713610136,0.5211686870234198,0.49871084186730075,-0.4088546851135952,0.2179917062084295,0.1489952203969101,-0.013955919502751865,99.77633250960855,2013
502043,FC,349,0.35675267533200844,0.4357720797384039,0.4466475503676244,-1.4556885831546922,-1.3557692156684285,-1.29458019773441,-1.3686793321858435,78.02582626863042,2013
502043,FF,217,0.3932680564106108,0.34106285076456855,0.3905177138828255,-1.575605101548407,-1.5737368446585944,-1.607860081376365,-1.5857340091944554,73.05274037757287,2013
502043,SI,617,0.3487686581708323,0.31572879853040403,0.45307828387911,-0.25275039934225013,-0.5895366355070513,0.08678939020932507,-0.2518325482133254,95.34377547206574,2013
502043,SL,127,0.30460586450064836,0.5766574307006725,0.531348177408542,-0.5976729442901868,0.10060951193585822,0.14208419236662093,-0.11832641332923588,98.0850190721995,2013
502043,ST,313,0.2811095947937102,0.574008224760888,0.5271254311216997,-0.6447295518440336,0.4718049747901454,0.22706707282341584,0.01804749858984253,100.29446089455669,2013
502083,CH,2,0.2627005562063388,0.5524714043486814,0.6320964245887867,1.9315231538222282,0.19288809292464315,1.3780323452304133,1.1674811973257615,119.79050078986558,29
502083,FC,10,0.32150851362451754,0.5243947871257697,0.4592053451853305,0.15674560603524915,0.33489165274458105,-0.9268424466017667,-0.14506839594064547,97.67092403577116,29
502083,FF,11,0.35101155893763875,0.4049406344224561,0.41050757067317445,-0.09824023236074675,-0.3777118401877595,-0.7833282418160451,-0.41976010478818376,92.86678316963729,29
502083,SI,2,0.3253091158240467,0.31349957022365266,0.4483078767814761,0.8359900142607852,-0.6393477379685516,-0.06340859657520412,0.04441122657234317,100.82113548843822,29
502083,ST,4,0.28286232848458226,0.5305540430701439,0.494395630451468,-0.7278520097048227,-0.535444795372143,-0.5954292035396314,-0.6195753362055323,89.89108064831608,29
502085,CH,10,0.3299874092643405,0.47141181046317326,0.535019961962089,-1.3292840920414868,-1.3470975754381886,-0.7270776733576937,-1.1344864469457896,80.76880811802259,748
502085,FC,366,0.3152302381948797,0.4857616266187632,0.4364434764962076,0.4439791636360123,-0.40211553895430685,-1.593392467909055,-0.5171762810757831,91.69672458489367,748
502085,KC,257,0.22578072669669683,0.630958100214329,0.617365238960834,1.270941034335836,1.241158249295108,1.4693542630732315,1.3271511822347253,121.54389529442912,748
502085,SI,3,0.31777196217470377,0.34674852801621386,0.48088139946283864,1.1857838704354615,0.10358524844990907,0.9621805049602858,0.7505165412818855,113.87657613334743,748
502085,SL,112,0.2923342235478838,0.5802825271408072,0.5229110719616,-0.13828662247828954,0.1830140077787673,-0.07364829500013435,-0.009640303233218867,99.84398245235019,748
502154,FF,1,0.36091045534996763,0.40961665727596225,0.430067844711632,-0.4443238568413699,-0.2901596438839064,0.023484378423435114,-0.23699970743394705,95.9725322092914,9
502154,SI,6,0.326377771974625,0.3337566313464598,0.40348469643314694,0.7863944542886003,-0.18671283103635758,-1.4746825846879081,-0.29166698714522177,94.60726189220046,9
502154,SL,2,0.3102358016582595,0.45142128946450333,0.4352321439640041,-0.8084284685776256,-2.7462171174529506,-2.315553809340694,-1.9567331317904233,68.33245830119135,9
502171,FF,6,0.3668518078731599,0.3753576601879476,0.41205320136129514,-0.6520444683008974,-0.9316129755274749,-0.7195748228734778,-0.7677440889006166,86.95329786254732,1271
502171,FS,579,0.2803347762580201,0.5587245491677657,0.6158871429800395,-0.38017611526168216,-0.6247277501630926,0.995202461667626,-0.003233801252382873,99.9423098580157,1271
502171,KC,118,0.2778740936527879,0.5256075652067337,0.4995190448563086,-0.3925682373335777,-0.3756070857196067,-0.4990485601988875,-0.42240796108402395,93.14297194852819,1271
502171,SI,544,0.3541569471732344,0.3041410122771681,0.45459703477963553,-0.5028169995498961,-0.8484605001528607,0.13460780968955632,-0.40555656333773343,92.50151566556734,1271
502171,SL,24,0.2588411620086046,0.5944501141653872,0.5531689635541132,1.115519156714002,0.5050669201221673,0.7000305758847154,0.7735388842402947,112.51886344353736,1271
502179,CH,30,0.30209745843048313,0.5583457796027272,0.5867561605438264,0.022298715486021914,0.30449059755344143,0.39482548433036774,0.2405382657899437,104.07747272505365,559
502179,CU,156,0.2688985325918233,0.5558039372507825,0.5574079999483192,0.5152893375520197,0.7362285853669008,1.1405957411472116,0.7973712213553773,112.77923822617036,559
502179,FF,265,0.39911843798185215,0.3037453928684738,0.374131056097022,-1.7801452012152847,-2.2724557135858157,-2.2837689300529225,-2.1121232816180076,64.10751482006356,559
502179,ST,108,0.2805705058400742,0.5180108138245009,0.4701924962274409,-0.6191635465431752,-0.8261916069145157,-1.2036512937426747,-0.8830021490667885,85.593039311496,559
502202,CH,97,0.330489553338036,0.527975716798746,0.578813383319955,-1.3536186382352624,-0.27248566427522436,0.2225857935035342,-0.46783950300231747,92.06944139665299,347
502202,FF,181,0.36863449431730017,0.40187174235033996,0.43398271567446733,-0.7143704650788942,-0.4351726887659018,0.18496306186184452,-0.32152669732765043,94.53611807642874,347
502202,SL,69,0.3293319043582664,0.5173376009040735,0.48375548299816595,-1.523287093765984,-1.247829280962671,-1.0748367540650325,-1.2819843762645624,79.25251377767982,347
502624,CH,194,0.2730707798778313,0.5669213771926953,0.5250500700715335,1.428968806985988,0.4674114407648049,-0.9432754903687638,0.31770158579400964,105.38550299482338,694
502624,CU,16,0.3338341975064449,0.3463970848876476,0.3781841542200985,-1.6103385288438647,-2.397063448924062,-1.8871225430953444,-1.9648415069544236,68.5100527564095,694
502624,FC,189,0.3344341160424124,0.5027998661356496,0.48768792647050974,-0.4346057623833137,-0.07707599020819535,-0.09276922432739833,-0.20148365897296913,96.76517587269095,694
502624,FF,139,0.3807351628050581,0.36828672167570153,0.42451840309754707,-1.137432090783538,-1.0640067246753107,-0.20541627607265825,-0.8022850305105023,86.3663244383994,694
502624,SI,72,0.38134339965412983,0.3066491141347376,0.4397428440304545,-1.7645206202304995,-0.792418093804031,-0.3330817396881017,-0.9633401512408774,82.18844993319921,694
502624,SL,4,0.285475906351994,0.5509358798749953,0.4723416028169433,0.11845305256324036,-0.48408429224027905,-1.366683854647821,-0.5774383647749532,90.65480458325412,694
502624,ST,80,0.3055546825248111,0.4647471663283551,0.45390476990492107,-1.8040247633263793,-2.060820694635331,-1.6129600575102883,-1.8259351718239993,70.20825343627176,694
503285,FF,41,0.29971213408789127,0.5399266047707544,0.4918634166253778,1.6952820095388477,2.1497176751189797,2.572397915979273,2.1391325335457,136.351468413999,92
503285,SI,8,0.3047960905053972,0.43758484953649335,0.5477779275579112,1.7879847010938854,2.1332819397978473,3.0684418023951037,2.3299028144289453,143.0784293341518,92
503285,SL,43,0.3209405090671144,0.46121153924112973,0.46182119609402544,-1.209156959702408,-2.5236683907247075,-1.6356852941483335,-1.7895035481918162,71.03888245574004,92
503449,FF,43,0.37310478406087866,0.3840493578341031,0.4552597043573142,-0.8706600162059597,-0.7688727062066455,1.0625858884266581,-0.19231561132864905,96.73187389696488,166
503449,FS,42,0.2987594805385708,0.5556173093025483,0.5649702352274123,-1.0052747835334752,-0.6957124207613156,-0.7257085964374783,-0.8088986002440897,85.56946718212978,166
503449,SI,45,0.3766627630619777,0.31975922148246216,0.45628975672274574,-1.5472956571883945,-0.4994786499610508,0.18790377014694676,-0.6196235123341662,88.54355317974559,166
503449,SL,36,0.2810310183600976,0.5597225774900744,0.47863402873285044,0.28484650828141433,-0.28434798203392436,-1.205789730122959,-0.40176373462515635,93.497902390159,166
503556,EP,1,0.4249299967750241,0.12499397542320587,0.4966663280781527,-0.2266744584830065,-0.14851060067081054,-0.07240569900270344,-0.14919691938550683,96.52342142272141,1
506433,CH,9,0.292027233243982,0.5345311560551438,0.5643490545456883,0.510314750762875,-0.14794417546719152,-0.09107420801455927,0.0904321224270414,101.53295572932657,1667
506433,CU,62,0.2818845177785826,0.5546295421908866,0.5071231520710261,0.09020133665339052,0.7186564637063284,0.29110859439047415,0.36665546491673096,105.87628121959754,1667
506433,FC,95,0.3353896146209242,0.49510826833338095,0.47845350592632874,-0.478320196237683,-0.22380907705723274,-0.3631865303294167,-0.3551052678747775,94.298777905309,1667
506433,FF,368,0.32636634889873206,0.48971827340688057,0.42894234977486717,0.7634016377095352,1.2096346555583064,-0.022939486457606822,0.6500322689367449,111.04635973777981,1667
506433,FS,161,0.2644926844767342,0.5955068932128038,0.559660261614802,0.1573017364493445,0.21556224646541952,-0.9051773173696896,-0.17743777815164186,96.83455790382801,1667
506433,KC,106,0.278284089315474,0.5556094771270571,0.5513274110259057,-0.4056607215801306,0.08481820944806001,0.3663144242594668,0.015157304042465403,100.2460513735043,1667
506433,SI,220,0.34780774229182937,0.3247591376518196,0.4453005718458975,-0.20815498754442688,-0.3877577751379091,-0.15809467634292945,-0.2513358130084218,95.35295979181063,1667
506433,SL,371,0.28580360322022447,0.607675220342444,0.5556023407771071,0.1061857885889173,0.805695668897975,0.7622507916114689,0.5580440830327871,109.03132061398908,1667
506433,ST,275,0.25171253467597765,0.5927362631350608,0.5566190174021296,0.7494103015706484,0.9059130770258879,0.9682376389585521,0.8745203391850294,114.2685724618581,1667
506702,FA,11,0.3738723575977264,0.3074039296006302,0.4642150121736863,0.8017132892718872,0.41055130547832297,-0.15200799104152826,0.35341886790289395,107.55022403726747,11
517008,FC,190,0.33390404952657843,0.46904626486529366,0.48040971200460364,-0.4103550118684038,-0.7209955286440285,-0.30590172559900913,-0.47908408870381375,92.30829548635063,226
517008,FF,36,0.3760058428170881,0.3747656905456569,0.4567991770893911,-0.9720863659079061,-0.9426968055153662,1.1260853070090435,-0.2628992881380762,95.53240623526332,226
518397,CH,30,0.29374161784517216,0.5917768313201262,0.6260258551517041,0.4272334729842989,0.9396201122140767,1.2463916138444833,0.8710817330142863,114.76609967230716,353
518397,SI,275,0.31725779426989054,0.34989683404831773,0.42458575701132784,1.2096460314730775,0.17393272872832785,-0.8103080872926741,0.1910902243029104,103.5331373794223,353
518397,SL,48,0.2809825305165126,0.563653654380063,0.5412995625227323,0.28666164060176386,-0.19498803959134733,0.3965360392623927,0.16273654675760307,102.63370936825252,353
518489,CH,3,0.31513977967131696,0.49987270164239767,0.5014275803600473,-0.6097489085622201,-0.806392121291131,-1.455530865256806,-0.957223965036719,83.773664467119,552
518489,FC,40,0.347478021096674,0.45008730070151265,0.4754209092456828,-1.0313695227075812,-1.0826768602382681,-0.45199195354437893,-0.8553461121634094,86.26740126256385,552
518489,FF,198,0.33811344139775573,0.46451794672114016,0.4293539034167137,0.35270167886283177,0.7377926611897763,-0.005963923053205629,0.3615101389998008,106.14334277708784,552
518489,SI,85,0.3331243805060738,0.3231200849148466,0.45203914051947336,0.4732892259611689,-0.4243816703100191,0.054071587010653316,0.03432638088726772,100.634673070564,552
518489,SL,226,0.28260555588168845,0.6013760556013351,0.5670340123415972,0.22590402427437536,0.6625051349922813,1.0545528087992617,0.647653989355306,110.48155692827797,552
518516,CH,78,0.3257056776743738,0.523979643868745,0.5653648923165938,-1.1217858846075366,-0.3484038221015056,-0.0690456934711655,-0.5130784667267358,91.30257530118902,787
518516,CU,150,0.3148977213351562,0.4823669938655162,0.48896006942597714,-0.9904649740884512,-0.3625864110626966,-0.015729467247906227,-0.456260284133018,92.68764822717702,787
518516,FC,328,0.3372303812078374,0.476852358110578,0.47263377086488534,-0.562535987882585,-0.5720782051492733,-0.5336094680147386,-0.5560745536821989,91.07221204933981,787
518516,FF,221,0.39414571835653817,0.34238147294379806,0.39196670734276357,-1.6062897773610514,-1.5490474298496073,-1.5480927075745474,-1.5678099715950686,73.35733351354162,787
518516,SI,8,0.39475283954980545,0.29265514662406517,0.395766904249179,-2.3868430390735638,-1.1051069948941223,-1.7176800531908212,-1.736543362386169,67.89241162379638,787
518516,SL,2,0.3066182686951363,0.5528572267264071,0.5216379613238926,-0.6730068759512486,-0.4404088697392226,-0.10620108532530946,-0.40653894367192683,93.42062096166356,787
518553,FF,86,0.3470783514364592,0.47351631811042877,0.42095971967127793,0.03927193577824067,0.9062749810953015,-0.35220311014798616,0.19778126890851866,103.36100706097508,285
518553,SI,92,0.3541179562807936,0.3631148054378799,0.44347992674434505,-0.5010074603979711,0.4692823460037971,-0.21541834354901054,-0.08238115264772816,98.47682459507611,285
518553,SL,107,0.30514086919637995,0.5441628298684237,0.49990647997856663,-0.6177007335866834,-0.6380470295984092,-0.6618639906041148,-0.6392039179297357,89.65519804606151,285
518585,FC,110,0.32923134345248334,0.5410803065447656,0.5166319926507112,-0.19657688054445627,0.6532023383743827,0.7548179484407225,0.403814468756883,106.48324927763258,527
518585,FF,160,0.3665455784959255,0.41582798194486825,0.41288010029729455,-0.6413381260601878,-0.17386099998158625,-0.6854672998441363,-0.5002221419619701,91.49944703829401,527
518585,FS,246,0.23509397423805037,0.6619518496129552,0.5801001076669913,1.1547177242059903,1.7334924828065323,-0.21434280581466456,0.8912891337326193,115.90035770943177,527
518585,SI,2,0.3629883885849492,0.2906204552231907,0.39146845772149585,-0.9126778158082648,-1.1505712578139615,-1.8530181913298456,-1.3054224216506907,75.86356512639357,527
518585,SL,9,0.2976051702160889,0.5916090710405532,0.5343899953568808,-0.33560341260389387,0.44048526547211475,0.2198619274250129,0.10824792676441125,101.75187187201405,527
518586,FA,7,0.36705359890901085,0.3813508645124535,0.42660525253083387,0.9654530672275422,1.046422888658169,-1.1241055177003558,0.29592347939511854,106.32192780362465,8
518586,SL,1,0.32266204758821865,0.5111516647094648,0.4724605849575796,-1.2736023954930802,-1.388445940919503,-1.363641541936062,-1.341896626116215,78.28290088585403,8
518617,CH,57,0.3063497217976089,0.4995268336948344,0.56099634652234,-0.18377142405360072,-0.8129629867107849,-0.16377792072081757,-0.386837443828401,93.44254386694043,654
518617,FC,5,0.3315796644254988,0.5284542872088778,0.4773476984614443,-0.3040134839600263,0.4123349868308584,-0.3955685811771441,-0.095749026102104,98.46274749336878,654
518617,FF,265,0.3026139765263943,0.4745529930489562,0.42657678136056937,1.5938282608625796,0.9256853155963793,-0.1205132958502008,0.7996667602029193,113.58918183861105,654
518617,SI,154,0.31608412178534434,0.40707548525708975,0.4278841587973536,1.2641153236429825,1.4515639365076154,-0.7064567182736049,0.669740847292331,112.38308464353224,654
518617,ST,173,0.23764659394979656,0.6331214091402878,0.5542946990951412,1.416480017508292,1.8420238826839752,0.9098277765874927,1.38944389225992,122.67000545335769,654
518626,CH,1,0.3030739981081326,0.5714249049356852,0.5775108707659782,-0.025025650449296565,0.5529703221857339,0.1943407158346312,0.24076179585702284,104.08126188412467,3
518626,FA,2,0.35637281082056294,0.45726535031457516,0.43925331883820995,1.221932281382472,1.6992134922286886,-0.7971915971868071,0.7079847254747844,115.12495165868353,3
518748,CU,17,0.2658171065586657,0.5260654422736277,0.5110224252949932,0.6161578672410508,0.29126038890054395,0.35698097196106465,0.42146640936755314,106.75472039294496,71
518748,FF,29,0.3955474747187832,0.37964692213905543,0.40031422178110415,-1.6552977578749521,-0.8513023534225251,-1.2037785132415346,-1.236792874846337,78.98249107075479,71
518748,SL,25,0.26214668783310957,0.567689201872745,0.5567799601376291,0.9917774863034527,-0.10325330588803579,0.7923619186341531,0.5602953663498567,109.06775512166969,71
518813,CU,1,0.32452246306707244,0.41954532570219916,0.422318273795611,-1.3055247992111148,-1.3025682226208553,-1.1415427333619923,-1.2498785850646539,79.96855697252305,20
518813,FF,4,0.36428307129089416,0.412362924227733,0.4589353124970458,-0.5622367130021076,-0.23873951382959507,1.2141955759167127,0.13773978302833667,102.34068871076737,20
518813,SL,15,0.30657752803864274,0.5312935603440518,0.5076125061447562,-0.6714817579652498,-0.9305870170264366,-0.4648248279434278,-0.6889645343117048,88.84987801103325,20
518876,CH,417,0.29362412166334545,0.56818540762624,0.5981721911391076,0.4329274887340266,0.49142573270392786,0.6423829223372359,0.5222453812583968,108.85281720508432,1697
518876,CU,164,0.2889423131134283,0.5202051277758483,0.5162721756919154,-0.14083112384103946,0.20357425768220955,0.445667637509879,0.16947025711701635,102.71605085554432,1697
518876,FC,270,0.3535313451227007,0.42788425568181615,0.4375509541632523,-1.3083114655694488,-1.5062457229038728,-1.56096150748801,-1.4585062319871105,76.58365361681504,1697
518876,FF,476,0.3673004073390999,0.4202583504406507,0.4062411622037189,-0.6677283306877412,-0.09090834889471125,-0.9593069724557903,-0.5726478840127476,90.26867613783216,1697
518876,SI,295,0.3512083479710552,0.3228049641596478,0.4461932032934159,-0.36597464058674084,-0.4314229016533564,-0.1299898535020609,-0.30912913191405267,94.28439788053944,1697
518876,SL,75,0.3066986272067815,0.5729745037981665,0.501291927203324,-0.6760150800889877,0.01689043310880637,-0.6264388109863093,-0.42852115265549684,93.06486344506129,1697
518886,FF,504,0.2939730043540246,0.5359559263728525,0.4179339209594157,1.8959325403583525,2.075372098665711,-0.4770097760584471,1.164764954321872,119.79349843115268,729
518886,KC,198,0.24251081478292355,0.6308601981782408,0.6087651042497217,0.7366953467660098,1.2396557925855782,1.325704910843334,1.100685350064974,117.86763275453112,729
518886,ST,27,0.24190309956148662,0.6127308917880322,0.5842497322536468,1.214617515415411,1.3693802125599477,1.6625944518092908,1.415530726594883,123.09563521784753,729
519008,CH,43,0.316583214128786,0.5382423999125109,0.6410873181053804,-0.6796995946760009,-0.07743725484016008,1.5730005126493527,0.27195455437773053,104.61002441456729,318
519008,FF,1,0.2766746171341831,0.3114324168747922,0.5105343364495886,2.5007159725049637,-2.1285265977798526,3.3425268884075456,1.2382387543775522,121.04207956396984,318
519008,SI,204,0.3044415886846887,0.4669439940905898,0.5345612906291518,1.804436874507835,2.7892988013894042,2.652311225248692,2.4153489670486437,144.65827464989084,318
519008,SL,18,0.33108235270521513,0.4193588004556984,0.4290197437633836,-1.5888147628627014,-3.475051035631759,-2.474401717100737,-2.5127558385317323,59.33385140628814,318
519008,ST,52,0.3043634482461279,0.4492386561668003,0.4355991873388208,-1.7475311147773462,-2.4203014784861727,-2.072977325839322,-2.08026997303428,66.05855630741704,318
519043,CH,191,0.2543312315909708,0.6391909846768586,0.592558129409291,2.337111364720614,1.8404032662730259,0.5206415931557707,1.5660520747164701,126.54685565184222,691
519043,FC,2,0.36967840360414794,0.40429603827738614,0.45403207266711576,-2.0470457094541943,-1.9562396047989072,-1.078334617756073,-1.6938733106697246,72.80483051633264,691
519043,FF,311,0.3453212244600054,0.4509028836254211,0.4374771003108274,0.10070432655731967,0.48286904037129796,0.3290977308876057,0.3042236992720744,105.1698424578434,691
519043,KC,187,0.23195800888669313,0.5947040907653024,0.570703365380169,1.0736804847261576,0.6847849406236688,0.6899539235605225,0.8161397829701162,113.24855093021084,691
519151,CH,41,0.3113837515572123,0.5008971352819186,0.5213771582545595,-0.4277269661839275,-0.7869297350709473,-1.0229228451867387,-0.7458598488138711,87.35659301332524,687
519151,CU,184,0.2295813212115684,0.6271727203144769,0.5970049149612671,1.8023133519935626,1.8040983181239396,1.8095262793642195,1.8053126498272403,128.93322433388772,687
519151,FC,2,0.34565175350417493,0.4350730444282813,0.4916062467091922,-0.9478170657305954,-1.3691047555013227,0.02197339519358267,-0.7649828086794451,87.71818588610742,687
519151,FF,177,0.33741803619006405,0.4540404631628704,0.4679959050883487,0.3770143239028273,0.5416159687306703,1.587922469268969,0.8355175873008223,114.19841487510038,687
519151,SI,2,0.3390843644842436,0.348715592427138,0.4419507267503986,0.19669067490933315,0.14753841673876006,-0.2635657565015855,0.026887778382169242,100.49713801529207,687
519151,SL,281,0.26265641148114893,0.6335554980539337,0.5891451783289233,0.9726960877590639,1.3939976002558547,1.6199240569153996,1.3288725816434392,121.50631949135125,687
519242,CH,149,0.308780903587773,0.4537467434771985,0.5528821220537401,-0.3015896134485688,-1.682701896716858,-0.33973545728256616,-0.7746756558159977,86.86812326105644,924
519242,FF,321,0.32900663722885914,0.41987718065227053,0.41789847404676217,0.6710923017085845,-0.09804523705434337,-0.4784718729810742,0.03152506389105564,100.53572293736538,924
519242,SI,79,0.3197721398924975,0.33262029156749906,0.43342187801573456,1.0929570674416393,-0.2121038315855013,-0.532099632818284,0.11625120101261799,102.1494111757875,924
519242,SL,375,0.27802480363009396,0.5750821163245721,0.5443900330345247,0.39738353024195283,0.06479998545831568,0.4755577955786238,0.3125804370929641,105.0587654826573,924
519293,CH,28,0.32264275936439285,0.5290053308605595,0.5118840557060852,-0.9733529327786676,-0.25292485940150244,-1.228781451295257,-0.8183530811584757,86.12772750760054,635
519293,CU,25,0.3218586452662528,0.37418176213069687,0.36903037782725695,-1.2183264105310496,-1.9813296422288338,-2.041761877174259,-1.7471393099780475,71.99910297920636,635
519293,FF,289,0.3823975933571938,0.3660580163151754,0.4202470118394344,-1.1955537204041773,-1.1057362147444023,-0.3816005343427758,-0.8942968231637851,84.80271689099459,635
519293,SI,1,0.3484662003771582,0.34437816272649086,0.4514058190483582,-0.23871355162738728,0.05062050367253838,0.03413123223546113,-0.05132060523979592,99.0511144703045,635
519293,SL,292,0.28196758424274315,0.5594079036183394,0.5152940669531023,0.24978635963306797,-0.29150104463059734,-0.2684112320170982,-0.10337530567154252,98.3269860617195,635
519326,CH,24,0.3196820062002252,0.44958864789012837,0.5615615909332277,-0.8298710350205775,-1.7616981919711274,-0.15152055533981593,-0.9143632607771736,84.50021561282114,473
519326,FC,86,0.25725780058693953,0.5612913519204068,0.4786471530951681,3.096240868866348,1.0387697006640575,-0.3575158393031722,1.2591649100757443,120.2159175197451,473
519326,FF,197,0.33671340987811693,0.445118102494475,0.4311441232730014,0.4016493557069132,0.3745568466505896,0.06787819031475786,0.28136146422408687,104.78133178719187,473
519326,SI,39,0.3519037828888177,0.3171791721332535,0.45449806249598196,-0.39824927275161126,-0.5571286906051357,0.13149163166785086,-0.27462877722963197,94.92228761657131,473
519326,SL,117,0.3085865653113892,0.5399655247900327,0.4914801863208079,-0.7466896496125438,-0.7334587833532543,-0.8773200260303248,-0.7858228196653743,87.28233477252026,473
519326,ST,10,0.27316645719384813,0.46596348530979903,0.49234620249328087,-0.2680304994634677,-2.0326269289990915,-0.6469311018025304,-0.9825295100883631,83.96916242831537,473
520980,CH,8,0.281078748311946,0.5752319662307054,0.5046701044619192,1.0408923803458523,0.6252976008196586,-1.3852164987495261,0.09365782747199497,101.58763611166272,16
520980,FF,6,0.4168965664485953,0.2832144548071727,0.39416461074154946,-2.401701269686667,-2.656869728606607,-1.4574346627679553,-2.17200188702041,63.089964388369715,16
520980,SL,2,0.31497568146594135,0.5872773355086196,0.4907939320618815,-0.985864881447163,0.3420176830150417,-0.8948671977677467,-0.5129047987332893,91.6992083194587,16
521230,CU,13,0.23128847886780562,0.603473733223144,0.5691133479580206,1.7464306272813401,1.4494974698896623,1.3383400538439598,1.5114227170049874,124.22313527721872,249
521230,FF,175,0.29201698647911145,0.5187367480471862,0.44177052162345265,1.9643185227448048,1.7529663003644076,0.5061906740754477,1.40782516572822,123.92395573526017,249
521230,SL,61,0.29731817303458313,0.5990130686298577,0.5314687992623671,-0.3248597329208101,0.6087904950417021,0.14516843170914467,0.14303306461001225,102.31483050205291,249
523260,CH,52,0.316688133281092,0.4939397719117292,0.5490125350129816,-0.6847841114355304,-0.9191070550661277,-0.42364772836133413,-0.6758462982876641,88.54342431319034,423
523260,FF,55,0.31225529646288863,0.48047787546265425,0.4389532183739596,1.256749983708023,1.0366207161306988,0.3899839270603677,0.8944515422996965,115.19991233729951,423
523260,KC,85,0.2235562254377741,0.6362547351867772,0.5883639854291093,1.3419765362679215,1.3224432263012864,0.9849419342402445,1.216453898936484,119.74692542944408,423
523260,SI,129,0.329334596978404,0.3477245684095651,0.4449755992117134,0.6491703418153546,0.12539443142705878,-0.1683265568544948,0.20207940546263953,103.73632038821472,423
523260,SL,102,0.21768483280783313,0.6467485755728045,0.5954774797695696,2.6561977638861483,1.6938982841445802,1.781837778290286,2.043977942107005,133.0795015740815,423
527048,CH,481,0.3115093553146829,0.5641015272416395,0.595878409685701,-0.4338138854535011,0.4138393920608219,0.5926421078559128,0.19088920482107785,103.23584908043212,1809
527048,CU,63,0.32175857929114243,0.4508448641029419,0.44307839117755043,-1.2150508142088692,-0.8342426007927504,-0.7908316618250285,-0.946708358942216,84.82737860909407,1809
527048,FC,401,0.36015674828225214,0.3864481025271007,0.44812200594287943,-1.6114262526451542,-2.2967257786534754,-1.2514027939576915,-1.7198516084187736,72.38774843248822,1809
527048,FF,82,0.37647932185904803,0.36120647132037986,0.40237279371875967,-0.9886400640305593,-1.196574825475918,-1.1188675444224965,-1.1013608113096578,81.28396342120143,1809
527048,SI,757,0.3575786315911923,0.31923646647646864,0.4173354435522817,-0.6616149016298979,-0.5111593751191446,-1.0385868196561325,-0.7371203654683917,86.3711106841265,1809
527048,SL,25,0.3202938675613625,0.530889654645101,0.5089990004573919,-1.1849500696865016,-0.9397684680691264,-0.42937287482209113,-0.8513638041925731,86.22162709257367,1809
527054,CH,38,0.3107460511808701,0.5209581722866593,0.6114874106371353,-0.39682318760961693,-0.4058063171146142,0.9311244072096888,0.04283163416181923,100.726058365353,303
527054,CU,30,0.3097155130417434,0.4902373313362847,0.45506568480057424,-0.8208286675621469,-0.24482490791199055,-0.5883243005219423,-0.5513259586653598,91.16405812329124,303
527054,FC,71,0.3320619396758185,0.5036595824943751,0.4484129736310342,-0.3260777653768919,-0.06067512807611674,-1.242882205363312,-0.5432116996054401,91.27872542578756,303
527054,FF,22,0.35014276074925704,0.47157928566721025,0.4227180103654123,-0.06786544981399216,0.8700066714593813,-0.27967799524989756,0.17415440879849717,102.95950269154369,303
527054,SI,142,0.32958863136547933,0.4117887746331594,0.5192197394917022,0.6373807894206258,1.556880264732533,2.1692769583955016,1.4545126708495535,126.89301927908019,303
527055,CH,1,0.29421007410318806,0.5239517814203383,0.5021843363052105,0.40453148156865537,-0.34893315822539994,-1.4391205585904494,-0.4611740784157313,92.182430017667,29
527055,FF,15,0.32794569712357646,0.4099952595323692,0.4520982908203883,0.7081847190548026,-0.28307082928387317,0.9321854485160075,0.4524331127623123,107.68844741974237,29
527055,SI,5,0.3344381775469863,0.3503193672255861,0.44895954264161125,0.41231685435352283,0.18337404226384874,-0.04289066210016602,0.18426674483906852,103.40697556010701,29
527055,SL,8,0.2508953154205056,0.6241386546161601,0.5592392349519706,1.4129702679255052,1.179937023182623,0.8552443225762066,1.1493838712281117,118.6014950524959,29
528748,CH,35,0.30434358149530794,0.5498157389124911,0.6295502903806502,-0.08655129060014236,0.14243525303654903,1.3228192432570847,0.4595677352311638,107.79034013389021,241
528748,CU,41,0.31963741620501956,0.44586939100205636,0.4300659851861377,-1.1456158839442558,-0.9086891151159754,-1.010656760333023,-1.0216539197977514,83.62624775496211,241
528748,FC,64,0.33546987821683977,0.5067683881318155,0.45608009528783416,-0.48199228715803744,-0.0013682507117337647,-1.0183610918508825,-0.5005738765735512,91.96327651733783,241
528748,FF,19,0.3479357701434149,0.4347136537396471,0.44121725727762245,0.009295000831114552,0.1797476319922313,0.483369896837526,0.22413750988695724,103.80889331692921,241
528748,SI,82,0.3295026579697142,0.3972829001190148,0.5101380578980971,0.6413707526125992,1.232753032214707,1.8833369402670335,1.2524869083647796,123.15769071559609,241
541640,CH,35,0.32293786555054266,0.49997989796058917,0.5426950560214374,-0.9876541572580916,-0.8043555851354066,-0.5606427110530725,-0.7842174844821902,86.70637541604823,684
541640,CU,54,0.32593263551504065,0.5060778874671417,0.4927665851542693,-1.3516859012151687,-0.007807409279789099,0.048575911441958,-0.43697246635099996,92.99676851105232,684
541640,FC,284,0.3448180219719342,0.4792054096468781,0.4595619564450856,-0.9096735218906811,-0.5271888955009792,-0.9163995762893771,-0.7844206645603458,87.4061107257336,684
541640,FF,34,0.35930578956286824,0.4354192359552304,0.41818324916596095,-0.3882217896465123,0.19295870357648104,-0.4667256080950075,-0.22066289805501293,96.25015269367509,684
541640,SI,262,0.3473587077568227,0.3108281825933806,0.4576713561826616,-0.18731561914847053,-0.6990386913638909,0.2314039270884536,-0.21831679447463592,95.96346055938851,684
541640,SL,13,0.32809948456987253,0.5252376670683627,0.45680179119095704,-1.477151715808163,-1.0682475842700185,-1.764028920010247,-1.4364760733628095,76.75223809854216,684
541640,ST,2,0.3168668397832416,0.5109218600855376,0.4569741593347043,-2.3404977711343626,-0.9905105917956123,-1.5358266401045126,-1.622278334344829,73.53109478451577,684
542194,EP,12,0.4216257820157052,0.1435915645123338,0.5205834551846433,-0.13484663437592426,0.11515148139299543,0.3362752203860123,0.10552668913436115,102.45897722477572,23
542194,FA,11,0.3576934523541074,0.40639156211042243,0.44029655664234807,1.1902195369764492,1.2617484872720262,-0.7702270832215502,0.5605803136756417,111.97589416843387,23
542208,FA,10,0.42773577325060436,0.1081005287417589,0.4214173143913628,-0.4917162221039901,-1.3032637321344802,-1.2581978884501177,-1.0177259475628626,78.2579267534997,10
542585,CH,34,0.2771420407744437,0.5406327657870194,0.598031449779095,1.2316702794410643,-0.032024626766967275,0.6393309359032883,0.6129921961924618,110.39110742915315,432
542585,FC,34,0.31722581545989526,0.5488633220776921,0.5199993484841388,0.3526807228903696,0.8016794069235806,0.8534263330674602,0.6692621542938034,110.74501711572998,432
542585,FF,181,0.3267735738483676,0.48784937505881715,0.4260991251071918,0.7491643045081018,1.17464206459633,-0.14021542745651933,0.5945303138826374,110.10318415869571,432
542585,SI,96,0.3482149452040261,0.31770312707543485,0.43144938072293665,-0.22705298054411574,-0.54542115341338,-0.5942044209951941,-0.45555951831756325,91.57699265574158,432
542585,SL,87,0.28883732163864556,0.5653044498732407,0.5447277776938843,-0.007380828216108357,-0.15746270127234732,0.4841937544292839,0.10645007498027606,101.72277564758907,432
542881,CH,657,0.28912245454905,0.6167547467377429,0.5797224518750769,0.6510840539118861,1.4141553266766513,0.24229900998454063,0.7691794635243593,113.03870830236566,1867
542881,FC,427,0.3274620907156994,0.4945499491920162,0.4773173155818601,-0.11563287552640227,-0.23446016583818624,-0.39645830202172155,-0.2488504477954367,96.00470114190085,1867
542881,FF,678,0.38636572054907914,0.3536514208189742,0.39890417097034997,-1.334286745154024,-1.3380329161027884,-1.2619395996894367,-1.3114197536487495,77.71431502972911,1867
542881,SI,90,0.35312702111180067,0.4066837856721134,0.4758835327006027,-0.4550188750370545,1.4428115857042927,0.8048208686563976,0.5975378597745452,111.04809707399194,1867
542881,SL,15,0.3289870616713183,0.5083052011387809,0.44364531891410575,-1.5103779796409378,-1.4531508113556415,-2.1004332125849734,-1.6879873345271843,72.68180906494422,1867
542882,CU,5,0.2773931684313883,0.49962646473863936,0.5231768403735142,0.23722281310500828,-0.1043381159732179,0.5623115998023847,0.23173209897805835,103.71390340932716,25
542882,FC,7,0.293755479091096,0.6218374450606963,0.5387055282704385,1.4264577957267044,2.193811263095152,1.4012110824406245,1.6738267137541603,126.87332097394977,25
542882,FF,11,0.3682952200018622,0.40522222316387013,0.40316175512934643,-0.702508811022821,-0.3724394722935882,-1.086324849893175,-0.720424377736528,87.75742802221055,25
542882,SI,2,0.3358134705495889,0.3541651724067325,0.5178587105348459,0.3484904995873114,0.2693068268713689,2.1264244711566955,0.9147405992051252,116.91297508973389,25
542888,FC,187,0.3266282951891001,0.5008170216855989,0.4979867124123004,-0.07748640391954136,-0.11490283638202989,0.20881655857539824,0.005475772757942338,100.08791363986215,695
542888,FF,211,0.34751830913844295,0.44653091673840134,0.4276470431834757,0.023890205353113793,0.4010098803290653,-0.07636765944533279,0.1161774754122821,101.97426842967393,695
542888,SI,246,0.3444983682263188,0.3087282974126042,0.46309274357070424,-0.05456932779071792,-0.7459596799321125,0.4020982629380978,-0.13281024826157753,97.54442251446879,695
542888,ST,4,0.2249017933949695,0.6120288734561519,0.5313569322775669,2.020895367415616,1.353107721031548,0.33340422956913696,1.2358024393387668,120.1632093207559,695
542888,SV,47,0.27766103141170445,0.5801749298622969,0.5630225951056839,0.09034343250108445,1.4831654312290912,1.223144083133153,0.9322176489544428,115.17950223220936,695
542914,FF,37,0.36585690405717436,0.41899495558093003,0.43429174929751235,-0.6172608010814852,-0.11456370692714739,0.19770992965423015,-0.1780381927848008,96.97449800794966,363
542914,FS,17,0.2897128662241681,0.5576244890295976,0.5595371676460142,-0.6983484701341774,-0.649858544673105,-0.9093376990861525,-0.752514904631145,86.57533710165973,363
542914,SI,118,0.3486077632086783,0.33611291953430456,0.4667653309690304,-0.2452833803760348,-0.13406263276007602,0.5177310008217098,0.046128329228532966,100.85288363045343,363
542914,SL,191,0.28358113709144367,0.5716008656873939,0.5393664140336165,0.18938334498598025,-0.014334655066949815,0.34710641738213277,0.17405170243372106,102.81683253327714,363
542947,CH,16,0.3058067589859229,0.5647348412292396,0.6181181512041796,-0.15745874943566326,0.42587121232697445,1.0749124895177546,0.44777498413635525,107.59043588670312,346
542947,FC,88,0.3283299320687509,0.4893342155278295,0.5002638955440907,-0.15533695701560987,-0.33396103944117406,0.27550073489439825,-0.07126575385412856,98.85582691324298,346
542947,FF,23,0.37381381716931217,0.35526514897645606,0.4156244069590817,-0.8954491177201255,-1.3078180414430192,-0.5722714803896686,-0.9251795465176044,84.27790960349388,346
542947,FS,7,0.27625748412680257,0.46363402698805156,0.5626471750276061,-0.2418450005490519,-2.797063870557093,-0.8042243618864138,-1.2810444109975194,77.14651328550869,346
542947,SI,181,0.32770836423971367,0.40128837535678974,0.49471750317995866,0.7246426284594764,1.3222535723215942,1.3978152172019587,1.1482371393276762,121.23017842591837,346
542947,SL,31,0.3067945356990434,0.45921474783662447,0.4675723756232674,-0.6796053945106957,-2.5690587939068084,-1.488630563952229,-1.579098250789911,74.44405734692634,346
543037,CH,127,0.3314568156226253,0.4685234198692673,0.5140030126527976,-1.4004934097975577,-1.4019717723843492,-1.1828317187155457,-1.3284323002991507,77.48114440851461,1828
543037,FC,144,0.33064149661871767,0.48182832508893697,0.4804027964978205,-0.2610919396938814,-0.47715137543671005,-0.3061042367046054,-0.3481158506117323,94.41099313761904,1828
543037,FF,932,0.29537208767970047,0.5282751941943609,0.46529087693750376,1.8470180141191206,1.9315607888162742,1.4763467906300176,1.7516418645218041,129.76662404608427,1828
543037,KC,201,0.24970047433223708,0.55746503797892,0.5386388697701429,0.5071063219193226,0.11329463305697676,0.15437579848683228,0.2582589178210439,104.19236569191791,1828
543037,SI,1,0.36293518116974677,0.30772763537997433,0.4496190945278736,-0.9102084981047088,-0.7683190223492639,-0.022124433250289673,-0.5668839845680874,89.51867368945852,1828
543037,SL,423,0.2772850630851742,0.6075787077518229,0.5517553167210669,0.425075563388446,0.8035017765411873,0.6638843466513549,0.6308205621936627,110.20912669856779,1828
543056,CH,16,0.3179679426842843,0.5042599620129121,0.5517563324863473,-0.7468053174452179,-0.7230421096501725,-0.3641482843779869,-0.6113319038244591,89.63703693625129,357
543056,FC,122,0.2897730084917769,0.5976514837659469,0.5591278896911861,1.6086573839898877,1.7324141840457057,1.9992518508002721,1.7801078062786218,128.57966601516733,357
543056,FF,51,0.3614761407610572,0.3841111506992832,0.44938674292580366,-0.4641012592134023,-0.7677157184775609,0.8203408466748764,-0.1371587103386956,97.66918578050065,357
543056,KC,51,0.16746341415537686,0.5135073788471203,0.5091906151295396,3.1332009683711717,-0.5613029804013987,-0.3375028575483896,0.7447983768071277,112.09045243690676,357
543056,SI,46,0.3433257872348173,0.41681305988446304,0.47242854254138206,-0.00015069102454538599,1.669145655715837,0.6960392582708419,0.7883447409873778,114.57599561889822,357
543056,SL,11,0.27262537811668625,0.5821666712945334,0.5293724313045832,0.5995098991643499,0.22584375083448674,0.0915653711793508,0.30563967372606243,104.94643697460889,357
543056,ST,60,0.25364351125052664,0.5529617404830023,0.535278309673073,0.6578347702825708,-0.01604373451232553,0.4319480104651659,0.35791301541180365,105.83966726286162,357
543063,CU,1,0.34667702393026084,0.4171852434137465,0.32611091336728454,-2.0307403183018122,-1.3378814272807313,-2.7668219090430837,-2.0451478848752087,67.22300563576455,15
543063,FF,13,0.366329361495781,0.3973030528012846,0.4412459156590691,-0.633778782071989,-0.5207152142799361,0.484551983743944,-0.22331400420266037,96.20510097299996,15
543063,SL,1,0.343358532029187,0.48484027410570874,0.41978994676037756,-2.0483709776550043,-1.9865477882590028,-2.710402923660317,-2.248440563191441,63.611499117916544,15
543101,CH,41,0.297467812224119,0.5563286568848874,0.5986750879391723,0.24665731169625713,0.2661689143583599,0.653288275328962,0.38870483379452636,106.58911110333595,507
543101,FF,55,0.3745819244449616,0.39631358402506844,0.3968062989175891,-0.9223035607685041,-0.5392416773118377,-1.3484716004419492,-0.9366722795074303,84.08260720230152,507
543101,KC,30,0.3022962868048458,0.5238386786226962,0.5227626795803061,-1.1724476560932295,-0.4027533599216148,-0.11080661007497103,-0.5620025420299385,90.87690680400979,507
543101,SI,159,0.3664398543721828,0.2949154397850375,0.4306124808101359,-1.0728578497228785,-1.054601762256783,-0.6205545163791216,-0.9160047094529277,83.06365231135626,507
543101,SL,222,0.33039729082598296,0.5222771879477277,0.4786759170498008,-1.5631696141718805,-1.1355442185577194,-1.2047186672016605,-1.3011441666437533,78.94243395590144,507
543135,CU,203,0.3137441190706152,0.47372713796494315,0.4467420435557965,-0.9527025345497203,-0.49186198808031395,-0.7289397453356052,-0.7245014226552131,88.38862498752775,1627
543135,FC,227,0.3465934596091656,0.457521808965748,0.4460028666813886,-0.990900488524366,-0.9408482864022611,-1.3134588728847618,-1.0817358826037964,82.63270902335464,1627
543135,FF,641,0.35091206675032866,0.3933568933620783,0.3973369261993202,-0.09476180250780919,-0.594601706431837,-1.3265845457564018,-0.6719826848986826,88.58062464023251,1627
543135,FS,445,0.2716012892818313,0.6155885068595017,0.6354174180701022,-0.08387333639170849,0.6743252617538703,1.6552949113822157,0.7485822789147925,113.35450591643537,1627
543135,SI,5,0.3539156138981187,0.3241528962309328,0.40161839383498277,-0.4916168965861798,-0.4013039666341957,-1.5334437946303532,-0.8087882192835762,85.0460173982658,1627
543135,SL,106,0.31921798621755837,0.5463420097408129,0.49458738397293595,-1.1446746757812645,-0.5885106319602319,-0.7978705652586002,-0.8436852910000322,86.3458952580987,1627
543238,FF,66,0.2833390265460109,0.5268478095982455,0.47388605741219214,2.267715962383077,1.9048349450222297,1.830876592542823,2.00114249998271,134.00652705676703,91
543238,SL,25,0.2625639119190431,0.5905980871892422,0.5650646541289945,0.9761587895907562,0.4175039142312894,1.00419732273918,0.7992866755204084,112.93556270659381,91
543243,CH,65,0.3018229429865251,0.5270196057902188,0.5481367100654484,0.03560208617551103,-0.2906500440841773,-0.44264005483980823,-0.23256267091615812,96.0577251839241,1728
543243,CS,1,0.2728647866326206,0.5552440744616624,0.5363614421504493,1.3197703387856035,1.7794810168327495,1.4055912368178454,1.5016141974787327,128.532404022734,1728
543243,CU,256,0.2605136931998115,0.5651219910705426,0.5578480989520965,0.7897617448238663,0.8756518347929487,1.1480305542726597,0.9378147112964914,115.03008546921673,1728
543243,FC,144,0.26651094486640353,0.6161570821840692,0.5955106498015406,2.6729058973171758,2.0854466292781932,3.064670945251134,2.6076744906155005,141.86626548976426,1728
543243,FF,425,0.350398452692115,0.43329407012612114,0.45897737389683263,-0.07680491040119072,0.15316785103415395,1.2159305039706985,0.4307644815345539,107.3202203224036,1728
543243,SI,415,0.34710807080024103,0.3451566939034722,0.4218093616910365,-0.17568373904871545,0.06801643216880045,-0.8977238946003111,-0.3351304004934087,93.8036508707683,1728
543243,SL,19,0.27392659728495594,0.5853676859374621,0.5814283436050461,0.5507990307577993,0.29860815922813416,1.422608524941864,0.7573385716425991,112.25667946638363,1728
543243,ST,403,0.22780783729836815,0.614474818130183,0.610787523533829,1.883077789560034,1.4098036963068645,2.3294862160082035,1.8741225672917006,130.57796652131077,1728
543272,FF,134,0.3701381918095826,0.37614438050183124,0.3988783316400726,-0.7669424949875379,-0.9168827029186222,-1.263005407751499,-0.9822768685525529,83.30762306634463,451
543272,SI,80,0.3607919978778872,0.3143060114494482,0.42538514902164026,-0.810744909722899,-0.6213281720023278,-0.785138941736917,-0.7390706744873812,86.33505070397025,451
543272,ST,237,0.30952486069766366,0.4468559880248449,0.43728495945648355,-1.9923083397712251,-2.4755307301940426,-2.0306140586888644,-2.1661510428847106,64.65733072882762,451
543281,CS,2,0.5389702109626904,0.13478390070376428,0.29647365031173656,-2.169502351098458,-0.8561093639324969,-1.3279464236769567,-1.4511860462359705,72.42578909224449,33
543281,FA,31,0.4383742380230121,0.13196352870440997,0.48479140185466046,-0.7471791207259725,-1.0980651855853194,0.37982889668089853,-0.48847180321013106,89.5645878444219,33
543294,CH,589,0.3073046086293029,0.5356567508136785,0.5854101004903914,-0.23004646528763978,-0.12655991095957425,0.3656360760285464,0.0030098999271108012,100.05102217236676,1300
543294,CU,53,0.2896951184536611,0.40565536121482315,0.37708821501052525,-0.16547372989234332,-1.5103996025100328,-1.905636793639187,-1.1938367086805208,80.86672393638347,1300
543294,FF,202,0.3961287574018815,0.32322476174771053,0.38098963722641815,-1.6756204695626844,-1.907730907608591,-2.000869528886378,-1.8614069686858843,68.36807651388234,1300
543294,SI,456,0.35691534027107963,0.38765607127166896,0.5090973496423139,-0.6308320306120531,1.0176458775808805,1.850569865749179,0.7457945709060021,113.78926988782692,1300
543305,FA,6,0.49637371603044583,0.17659204578896595,0.38549823333879,-2.1399284588419385,-0.7143034265974146,-2.1865965323829495,-1.6802761392741008,64.10361062137733,6
543339,CH,6,0.34562253068784715,0.43030989860880814,0.47888087865860757,-2.0869821401844386,-2.1279595581349815,-1.9444577003881585,-2.053133132902526,65.1964134570392,276
543339,FF,125,0.31283761551936407,0.5120837497221505,0.43973957528760915,1.236391038500944,1.6283979153048758,0.4224191925733983,1.0957360487930727,118.62045186221297,276
543339,SI,20,0.3323883252712905,0.33521776578311874,0.4399898063199908,0.5074490176956599,-0.1540644401496886,-0.32530604299369403,0.009359511517425756,100.17305144790102,276
543339,SL,125,0.328010495125412,0.5584673423767624,0.4966596965945135,-1.4738204144990592,-0.3128815723493713,-0.7448825874188211,-0.8438615247557505,86.34304311146855,276
543351,CH,10,0.31363252612208237,0.5160806030494527,0.5588756293807136,-0.5367054673648542,-0.49847131038308534,-0.2097658232528321,-0.4149808670002572,92.96547199650007,232
543351,FF,76,0.3840229688362508,0.3791753132585243,0.3994622984106437,-1.2523798365188354,-0.8601325911224841,-1.2389182319087209,-1.1171435531833467,81.01575851397358,232
543351,SI,9,0.37367444448514164,0.3120938462982054,0.44088713508621713,-1.4086099507399084,-0.6707580059392986,-0.29705332338033225,-0.792140426686513,85.35382455336294,232
543351,SL,137,0.3201026166190434,0.5373489590358435,0.4607167104862799,-1.1777906305150632,-0.7929376925007793,-1.6639264283759607,-1.2115515837972675,80.39238990906661,232
543475,CH,150,0.2967631265555746,0.5680291434797935,0.5727275027624815,0.2808072834903789,0.4884569965621392,0.0906130393794601,0.2866257731439927,104.85872286662551,1538
543475,CU,154,0.2842823743469257,0.49491700869084004,0.4942330147825678,0.011709020481805851,-0.17480429677815298,0.0733490423839603,-0.029915411304128944,99.52055434476365,1538
543475,FC,77,0.3304293117046919,0.5492193075363566,0.5041851605958328,-0.2513843968490554,0.8084705635292749,0.3903295892159802,0.31580525196539994,105.07025956246734,1538
543475,FF,478,0.400284427222564,0.3386406644566138,0.3881434430645661,-1.820910329540942,-1.619089003482957,-1.7057928432728375,-1.7152640587655785,70.85156423172478,1538
543475,SI,283,0.37676501402730905,0.3027329329610335,0.4282799596007059,-1.5520410506253388,-0.8799233982676402,-0.6939947873284019,-1.0419864120737936,80.73433031554622,1538
543475,ST,396,0.2720324949330825,0.5518028285233224,0.5238211341184568,-0.214252945732918,-0.04290682937701433,0.1440304540383593,-0.03770977369052435,99.38473170455367,1538
543507,CH,70,0.3122490863578142,0.5061965771634628,0.4983554081765365,-0.4696622010725061,-0.6862499246165941,-1.5221511382596016,-0.8926877546495672,84.86764690175472,315
543507,FF,140,0.3370718040655029,0.4609284160307628,0.4102129036388799,0.3891192357625479,0.6705835594620164,-0.7954825235796823,0.08807342388162737,101.49668065729378,315
543507,FS,8,0.2387161309451436,0.6574929468455801,0.6186377029513561,1.0318280810725675,1.631629170702858,1.0881670441520308,1.2505414319758188,122.30932179730314,315
543507,SL,72,0.28097291659681767,0.6018880130767892,0.5682710766430397,0.287021535682125,0.6741427833568125,1.0861839126726311,0.6824494105705228,111.0446819831761,315
543507,ST,25,0.26472576106468326,0.5789054682156738,0.5589124409920071,0.1322650000560069,0.5853210312969114,1.0258711205004383,0.5811523839511188,109.48201491747542,315
543510,EP,10,0.4154412155266517,0.11555152521568095,0.5333514804036221,0.037029386132026686,-0.28237827940962384,0.5544472550972587,0.10303278727322049,102.40086445797071,10
543518,FF,196,0.36908484251416296,0.41736762814574124,0.43413754234928853,-0.7301154663150391,-0.14503320964770475,0.19134927684788494,-0.22793313303828627,96.12660554864675,423
543518,FS,174,0.31299239936189804,0.5547438374296882,0.54061469495499,-1.4881578988665185,-0.7156668226939912,-1.5488873877452238,-1.2509040364352444,77.68420943695779,423
543518,SI,8,0.3591634525126824,0.36300594932448016,0.472699269250055,-0.7351652957528373,0.46685000517908537,0.7045631862667665,0.14541596523100486,102.68864921895752,423
543518,SL,45,0.31555392682380357,0.5449301664314874,0.5023204624991796,-1.0075113759197123,-0.6206041881001712,-0.6001396875351682,-0.7427517505183505,87.97939195219689,423
543521,CS,4,0.3083609716529691,0.45476299497633776,0.4463974645569043,0.8543312396075784,1.1496307169255873,0.3804456095438708,0.7948025220256788,115.10216586577377,548
543521,CU,18,0.2948596958122393,0.5030859073062479,0.4577190519848252,-0.3345328989327332,-0.05257551261113622,-0.5434996383464177,-0.31020268329676237,95.02847120377845,548
543521,FC,236,0.3444438001809114,0.5009257564308125,0.47429273609656014,-0.892552728518066,-0.11282849692446975,-0.48502895269662216,-0.4968033927130526,92.023811710245,548
543521,FF,8,0.380659058004517,0.381070243452325,0.3758346411339062,-1.1347713269857844,-0.8246525890978286,-2.213500287358708,-1.3909747344807737,76.36239301108816,548
543521,ST,282,0.27116422673396934,0.5671463186454709,0.5372457709306173,-0.1730757907729193,0.31274885892958093,0.4813900945928144,0.20702105424982534,103.3777315190252,548
543543,FA,9,0.37213326967477806,0.3565698900361082,0.4415075247521323,0.8434742436256721,0.8333306558049369,-0.7389272526572868,0.3126258822577741,106.67874769929698,9
543548,CH,61,0.2931337241395022,0.5895357950078306,0.6220280496624637,0.4566927820480589,0.8970444757250707,1.1596989165618377,0.8378120581116557,114.20213039473141,109
543548,CU,10,0.35959698875392804,0.36684901534778713,0.35234923039709837,-2.4536671844261586,-2.091047336874859,-2.3235648642222277,-2.2894264618410816,63.30802344805717,109
543548,FF,31,0.3763671750727165,0.353139899455836,0.3760709857367066,-0.9847192061216784,-1.347610460995562,-2.203751660734666,-1.5120271092839688,74.30528270581688,109
543548,SL,7,0.3232229249550746,0.4366078673516431,0.38341686301705385,-1.2945987228415796,-3.082950939870406,-3.640444142001448,-2.672664601571144,56.745906561238186,109
543594,CH,3,0.2830911156237179,0.6363520443604257,0.615266600438289,0.943370478022546,1.786468535156321,1.0130764076976695,1.2476384736255122,121.14928296430863,18
543594,CU,5,0.2987709565593757,0.4638254456694887,0.5001473880564694,-0.46256554243895887,-0.6400180452734521,0.17326351541888252,-0.3097733574311761,95.03535188540583,18
543594,FC,1,0.31148124425262097,0.5385323881452947,0.49496532974275614,0.6154971034790577,0.6045955415286677,0.12033952225348238,0.44681072242040254,107.17355498005837,18
543594,FF,6,0.3884432878835691,0.3511514183397275,0.39454751490603646,-1.4069223201992693,-1.3848420773666188,-1.4416408189985392,-1.4111350721881424,76.01979718409177,18
543594,ST,3,0.3120793375786393,0.4776086631861411,0.45805819107771106,-2.1134530396198463,-1.7626965728616302,-1.5085850421166174,-1.7949115515326979,70.71443122805202,18
543606,CU,6,0.3411739899603679,0.33756671407699224,0.3663875910858196,-1.8506019864389216,-2.5291896434999788,-2.086407798624564,-2.1553998095211546,65.45602988819567,464
543606,FC,102,0.3645440402620919,0.41460100812898226,0.4433276705659117,-1.812146577474129,-1.7596510577788114,-1.3917983120637782,-1.6545319824389062,73.43645631869367,464
543606,FF,165,0.3966539944777239,0.35827127441012124,0.41145944228136155,-1.6939837237424882,-1.251532413179908,-0.7440659071052392,-1.229860681342545,79.10029368898486,464
543606,FS,92,0.288201096290928,0.5655977374454849,0.5664387493837334,-0.6470583458742578,-0.4677102597160445,-0.6760751374914866,-0.5969479143605962,89.35061024195079,464
543606,SI,71,0.39695158158372357,0.3322090957691872,0.41435674435673353,-2.488885068539769,-0.2212918164946368,-1.1323722373891263,-1.2808497074745109,76.31789906883584,464
543606,SL,28,0.33470400026787844,0.5033876052856322,0.4692724137428125,-1.724390384665433,-1.5649359772760396,-1.4451614554464576,-1.5781626057959763,74.45919971681792,464
543766,CH,10,0.34364716864412775,0.4884898612845536,0.5347491367644246,-1.9912535606384172,-1.0226454995291372,-0.7329505370927664,-1.2489498657534401,78.82848703575385,472
543766,CU,39,0.2880238274171398,0.4610016042298727,0.46691884681687257,-0.11076507626173393,-0.6822703392600226,-0.3880828917015041,-0.3937061024077535,93.69018602751486,472
543766,FC,313,0.31916275543671563,0.4503708580736006,0.44492146678477085,0.26406496102447935,-1.0772674187184585,-1.3451261816623017,-0.7194428797854269,88.4493303446368,472
543766,FF,2,0.36272081568830156,0.4044676087688517,0.4133392864960889,-0.5076173838577991,-0.3865686050451165,-0.6665270120189916,-0.520237666973969,91.15931209394006,472
543766,FS,3,0.2560764415317311,0.47612722051660955,0.5099607610409199,0.44284131291499507,-2.511657765521014,-2.584941935744054,-1.5512527961166909,72.32606858706404,472
543766,SI,40,0.36317512561380555,0.28141790599715183,0.4331163158842357,-0.9213441464223369,-1.3561980754068292,-0.5417203666570124,-0.9397541961620595,82.62453932407381,472
543766,SL,1,0.2861801255439906,0.602483636733043,0.5237224835292358,0.09209075386122527,0.6876823037299253,-0.05290091464972453,0.2422907143138087,103.92120477448353,472
543766,ST,64,0.28146008112703497,0.5340569716799388,0.482409249012216,-0.6613511787485027,-0.45424837422627157,-0.89664564540506,-0.6707483994599447,89.05614688128526,472
543829,FA,8,0.40651666565026484,0.13245215498024523,0.5141858915092251,0.01782108893864676,-1.0938634757515158,1.1395867617123807,0.021181458299837197,100.45250769023389,8
543859,FF,309,0.33941983650377283,0.42618362105860536,0.4253352813873666,0.30702770325368844,0.020034320238660853,-0.17172207975770695,0.05177998124488078,100.87992600887648,546
543859,SI,32,0.322816551460376,0.3659016560716978,0.5074876756586534,0.9516681257993438,0.5315532682083941,1.799888700226605,1.0943700314114477,120.2342096724435,546
543859,SL,194,0.26992939014144385,0.5534549976374372,0.5655602694202323,0.700433647207736,-0.42682053867921893,1.0168699532080185,0.4301610205788452,106.96167598691312,546
543859,ST,11,0.2955200592011215,0.4583446984848248,0.46212122127940075,-1.3281381190996164,-2.2092272233731856,-1.406481541844469,-1.6479489614390903,73.11225580910995,546
543901,CH,10,0.29414394250256437,0.5111590743463928,0.5278780774215563,0.40773630379906045,-0.591971453991669,-0.8819499492016232,-0.3553950331314105,93.97553836411898,97
543901,SI,62,0.31313193900514047,0.4879839075280636,0.5849347483453868,1.401123993873556,3.2594261906931825,4.238337696680625,2.9662959604157875,154.844936073555,97
543901,SL,25,0.3022870607398158,0.44450871913687606,0.46003159286573586,-0.5108690087128114,-2.9033513847017467,-1.6814445368490893,-1.6985549767545491,72.5107835707385,97
544150,CH,74,0.2891149205115677,0.5775208644047343,0.5719110223573367,0.6514491630364249,0.6687825261120923,0.07290760353698707,0.46437976422850136,107.87191100962748,327
544150,CU,24,0.3125521269858438,0.4704934999616926,0.45259255675415,-0.9136834285585074,-0.540245945353095,-0.6301040925747624,-0.6946778221621215,88.8665992174172,327
544150,FC,54,0.3412800230046264,0.5081928772686696,0.4739063224086649,-0.7478086847141665,0.025806816628874317,-0.4963445461313152,-0.4061154714055357,93.47980807936206,327
544150,FF,174,0.35243183854241994,0.40490877641381995,0.43644414541018284,-0.14789581950138847,-0.3783083382617306,0.28649091217229944,-0.07990441519693985,98.6421398489246,327
544150,SV,1,0.3585616764123523,0.5188309370705413,0.4250246433605003,-4.569861234528034,-0.17938198955643295,-2.8608564656489834,-2.536699896577817,58.69436522068023,327
544365,CH,15,0.31163051599016317,0.5699982144860907,0.6174847906851645,-0.4396854872681871,0.5258657841508043,1.0611780214718398,0.382452772784819,106.48312959491054,173
544365,CU,55,0.2713483391940554,0.5861592992187621,0.5417949041178218,0.43509646992169815,1.1904267779234374,0.8768358852666907,0.8341197110372753,113.36819565467987,173
544365,FF,22,0.3626830949628903,0.38094332176945384,0.41597055782419795,-0.5062985979220149,-0.8270290257496765,-0.5579936187434815,-0.630440414138391,89.28657554309007,173
544365,SI,50,0.3278056087058191,0.3724513128248131,0.4532206636341601,0.7201295830350102,0.6779023983665867,0.09127226811255622,0.496434749838051,109.17876452076709,173
544365,SL,31,0.2991080482545282,0.5744905343500063,0.536800760776036,-0.391863338792084,0.05135233925940954,0.2815039708488758,-0.019669009561266243,99.68167903413293,173
544727,FF,74,0.36332999159704266,0.37043524468128103,0.4233627505025511,-0.528915294014816,-1.0237785406306594,-0.253084069295905,-0.60192596798046,89.77113737953438,265
544727,FS,31,0.2870982666343074,0.5283602119278025,0.5705233877362761,-0.6096424210818094,-1.3183988442552492,-0.538020812916204,-0.8220206927510875,85.33537259165304,265
544727,SI,114,0.33051226949526075,0.3775256239082239,0.4549123523529269,0.5945154110354616,0.7912855940365014,0.14453569712910697,0.5101122340670233,109.43165255291068,265
544727,SL,46,0.3175727540789245,0.5390245083599199,0.4902068860028145,-1.083085753517085,-0.7548496582675942,-0.9098776663837671,-0.9159376927228153,85.17657078189804,265
544931,CH,7,0.26104717875306305,0.6440364566416807,0.6495227541527155,2.011647946924707,1.9324584694217057,1.755923545214826,1.9000099871870795,132.20792697844732,23
544931,CU,6,0.26670460775639265,0.5252205523313379,0.4964000795449252,0.5871060775992794,0.27861855365898014,0.10995835392655987,0.3252276617282731,105.21232978524266,23
544931,FF,5,0.39706333574229374,0.32498997705649957,0.3752757290394113,-1.70829504720632,-1.874679641163693,-2.2365540201722856,-1.9398429028474329,67.03517107745763,23
544931,SI,5,0.35303317589846517,0.3388217335476622,0.455840841444375,-0.45066358647808763,-0.07353540369167418,0.17376951081265454,-0.11680982645236909,97.84026019317194,23
545121,CS,2,0.37160487333576986,0.2688862110744237,0.3759033300763915,0.025053822587360542,-0.01550951331545302,-0.42283983474429326,-0.1377651751574619,97.38230256183292,18
545121,EP,13,0.41030010745052586,0.17597926079778098,0.5567757075552093,0.17990653017919592,0.5743189248151809,0.9547058081273526,0.5696437543739097,113.27380807387684,18
545121,FA,3,0.41010645928941775,0.25511054850832837,0.4524440723813596,-0.06838111298914147,-0.039120815004285,-0.4562508675509873,-0.18791759851480458,95.98544362458348,18
545341,CU,1,0.39283189733969875,0.10647490588500122,0.27356818848992404,-3.5415908688901467,-5.986947179257348,-3.654452504005041,-4.394330184050846,29.57333954066948,3
545341,SL,2,0.4355162163329641,0.36357068165633155,0.5464118930465949,-5.498274685070492,-4.743208139754317,0.527255725900138,-3.238075699641557,47.59535903167771,3
545343,CH,5,0.2810524317488615,0.552829563351004,0.6095012336015124,1.0421677147639767,0.19969246615344313,0.8880540164759677,0.7099713991311292,112.03504567565727,136
545343,FF,62,0.34139888780040206,0.493020855137552,0.44476744194124757,0.23783643008131042,1.271471026562451,0.6298061781064802,0.7130378782500806,112.11704908542025,136
545343,SL,69,0.2842433732719943,0.5452978562039028,0.5295734900420712,0.16459267156871651,-0.6122459855467073,0.09670634065257518,-0.11698232444180517,98.10677165061608,136
547001,CH,64,0.310588093103774,0.5424789021744991,0.5803503348473799,-0.3891683364919144,0.003048625420523065,0.25591469703917363,-0.04340167134407255,99.26427867704949,195
547001,CU,9,0.3293386428882507,0.3929420471850595,0.38035449958520345,-1.463179395509318,-1.700625113897886,-1.8504578106857181,-1.6714207733643072,73.21262209252374,195
547001,FF,52,0.35336713139835596,0.42010510720624816,0.446331998153877,-0.18059537792186273,-0.09377762095795339,0.6943402278310223,0.13998907631706872,102.37891220213918,195
547001,SI,42,0.3583133004630183,0.29799955540538675,0.447293956494954,-0.6957103532610208,-0.9856885878174163,-0.09533224222614772,-0.5922437277681949,89.04978807817356,195
547001,SL,16,0.2815510274434299,0.5837883672250875,0.5437235955135873,0.2653800766101879,0.2627076075000076,0.45851732773446824,0.32886833728155457,105.32236696720734,195
547001,ST,12,0.29967527073229183,0.47502057592767355,0.4720184475408478,-1.5251968035997863,-1.822687353836494,-1.1577653388837028,-1.5018831654399942,75.49544840169656,195
547179,CH,329,0.29676187140157595,0.5661473919002129,0.5576761089001757,0.2808681098638439,0.452707120143238,-0.2357775104605959,0.16593257318216198,102.81279795181977,1460
547179,CU,20,0.30349696224035755,0.4884650550871493,0.48100707256906156,-0.6172683453662651,-0.271342946798079,-0.1500834305855835,-0.3462315742499758,94.45104657622142,1460
547179,FC,104,0.336259865104448,0.4944441445734116,0.4842056149355868,-0.5181344963886949,-0.23647860708925617,-0.19474392857963319,-0.31645234401919475,94.91935136181871,1460
547179,FF,393,0.3501977887472884,0.42438419637344665,0.4216932365946842,-0.0697893298318584,-0.013657470457119198,-0.3219473627182792,-0.13513138766908558,97.70363720173502,1460
547179,SI,319,0.36272390404369753,0.2960455803989573,0.4438657838431782,-0.9004032793071979,-1.029349279258351,-0.20326949372443176,-0.7110073507633268,86.85392380908061,1460
547179,SL,195,0.29591878318078996,0.5788320013230748,0.5232022584110132,-0.27247386535921786,0.1500411336245769,-0.06620280585525636,-0.06287851252996576,98.98238145756761,1460
547179,ST,100,0.293056281399698,0.5277565301419002,0.4948574411121162,-1.2112947745894302,-0.6002899758441458,-0.583823952637099,-0.7984695676902249,86.97226310849018,1460
547184,FF,52,0.36677146479942463,0.3491610038935988,0.43862569706786425,-0.6492355266773051,-1.4221098927244549,0.37647448835641495,-0.564956977015115,90.3993719962772,213
547184,SI,4,0.3650806841188592,0.3159608033630786,0.43916350519877667,-1.009779740103948,-0.5843525920167925,-0.3513224316045777,-0.6484849212417727,88.0099239843943,213
547184,SL,24,0.27947665399300825,0.5860803527318551,0.5503966142773525,0.34303381445351877,0.314808265588271,0.6291430174576995,0.42899503249982973,106.94280577129064,213
547184,ST,133,0.25373272941475833,0.5509896178952047,0.5445163826022119,0.6536036465611595,-0.06175671186000522,0.6640997629779083,0.4186488992263542,106.8306269014339,213
547943,CH,105,0.3114374920120111,0.56270638267042,0.598139356923006,-0.4303312975865689,0.38733416865682846,0.6416709100183108,0.19955792702952344,103.38279650374508,334
547943,CU,58,0.2892460407144751,0.46829607538691015,0.44757121675630523,-0.1507734545067454,-0.573125351343981,-0.7149321067326974,-0.4796103041944746,92.31342420082704,334
547943,FC,62,0.3389719344233234,0.48817456151163596,0.48699993926400414,-0.6422127289624131,-0.356083830810059,-0.1129159835156974,-0.3704041810960565,94.05315355114516,334
547943,FF,84,0.39062609050350217,0.35539862869346384,0.4232804396648235,-1.483237114370806,-1.305318814481952,-0.2564791864875443,-1.0150117051134342,82.75134178941605,334
547943,SI,25,0.34770966030982337,0.4430038829653439,0.49819670166081115,-0.20360307361201999,2.254367801012364,1.507359035319081,1.1860412542398082,121.92915259887398,334
547973,FF,213,0.27220743331090785,0.5203929464841479,0.4372598910573815,2.6568969349458653,1.7839763735000174,0.32013838979819076,1.5870038994146913,126.96883957294732,614
547973,FS,74,0.20062489479768264,0.667001410389505,0.6032400867199427,2.324157153281293,1.8488493345261254,0.5677519362700958,1.580252808025838,128.1912838022803,614
547973,SI,156,0.20816921136771058,0.5687069992823091,0.4424712491917715,6.272368360519792,5.06314731795602,-0.24717691983203655,3.696112919547925,168.33879002580454,614
547973,SL,171,0.2657468832794793,0.5997341896196967,0.5391384527450751,0.8570049200038209,0.6251827793824783,0.3412775633859801,0.6078217542574265,109.83691666260992,614
548384,CH,90,0.3062021077577429,0.5382649589390086,0.5828131907726632,-0.17661785825418333,-0.07700867414004228,0.3093219035068236,0.018565123704199327,100.31470579241319,478
548384,FC,73,0.3151734929579988,0.5047934615732869,0.4636673042078822,0.4465752804277771,-0.03904404677943415,-0.7961801129342629,-0.12954962642863999,97.92007818702827,478
548384,FF,3,0.36624867453194443,0.3826320669775969,0.43324351231873015,-0.6309578174179782,-0.7954095583940649,0.15447276325153103,-0.423964870853504,92.79532924220887,478
548384,SI,94,0.3519569703980814,0.3587659461394375,0.42292095648310574,-0.40071766663493047,0.37210904372277553,-0.8627249319390786,-0.29711118495041117,94.50660211833367,478
548384,SL,3,0.21020601027000552,0.6071747416906351,0.5617357708938929,2.9361659270976506,0.794318953364051,0.9190794745650467,1.549854785008916,125.0826697999739,478
548384,ST,215,0.22850283169836333,0.5856008284664909,0.5142344670774491,1.8501180518497706,0.7405166836229495,-0.09688143000903304,0.831251101821229,113.56259660168534,478
548389,CH,353,0.2804212766427504,0.5967124109383061,0.5700948290157516,1.0727543011435912,1.033387197795536,0.03352332133702597,0.7132216067587176,112.09014141233239,1209
548389,FC,39,0.3360358019834695,0.4796416570415319,0.4829542078216299,-0.5078835209278273,-0.5188665769797842,-0.23138966491457003,-0.4193799209407272,93.26684707989129,1209
548389,FF,340,0.38231615989863993,0.3696308541124376,0.4644704129324778,-1.1927066569219067,-1.0388396648370006,1.4425046924873393,-0.26301387642385604,95.53045897281659,1209
548389,FS,1,0.218086790476767,0.6453865343832035,0.7040313113870305,1.731723887146378,1.35505905122549,3.9743361289363794,2.3537063557694156,141.98948644528627,1209
548389,KC,45,0.33232194301128404,0.28738252083737637,0.24210067971963095,-2.131263728194478,-4.031535303273998,-4.798746488905029,-3.653848506791168,40.68638847952089,1209
548389,SI,147,0.3690295913101124,0.2977178755143017,0.48280299269905547,-1.1930456702372416,-0.9919825981140242,1.0226825605692695,-0.3874485692606654,92.83632102242657,1209
548389,SL,284,0.3119531091061063,0.5039709339019249,0.5005230037046766,-0.8727155150226082,-1.5516759436934409,-0.6460997930613979,-1.0234970839258155,83.43584208942538,1209
552640,FC,2,0.25858281117570714,0.5779439572931855,0.5450546702168542,3.035621115952393,1.3564524829990825,1.5871369726856859,1.9930701905457204,131.99878130396058,324
552640,FF,45,0.3421777556637771,0.4466110396547253,0.4618197751909158,0.21060577709532763,0.40251007344578077,1.3331724828582392,0.6487627777997825,111.02478656910351,324
552640,SI,127,0.34048437423505334,0.3120192671474626,0.4579370800830625,0.13171723371372024,-0.6724244434719154,0.2397703398628573,-0.10031228996511263,98.1452892078384,324
552640,SL,150,0.2727388947096861,0.6177310710057806,0.5737357217297656,0.5952604291608234,1.0342819473234548,1.2259121031699063,0.9518181598847281,115.40411453055589,324
553902,EP,7,0.4076607554828762,0.07107534772977249,0.5391565997752735,0.25325707362025685,-0.912926760827001,0.6536415066227232,-0.0020093935280069697,99.95317722026995,7
554340,CH,49,0.3148847365649928,0.5100608552735086,0.5807778687710923,-0.5973891923425807,-0.6128356299873342,0.26518580067996267,-0.3150130072166507,94.66007231429568,652
554340,CU,124,0.2916044679699286,0.5188601078297798,0.4885719807915377,-0.227975077091976,0.1834491269359111,-0.02228564312743117,-0.022270531094498697,99.64307663148895,652
554340,FF,280,0.28873185775419297,0.5628467322189177,0.46037733145823206,2.0791726649286923,2.5788660262965752,1.2736752690039503,1.9772379867430727,133.60030437334012,652
554340,SI,113,0.33966405887021506,0.32899947786620304,0.484572963586009,0.16978747721620416,-0.29300928291277784,1.0784107318650706,0.3183963087228323,105.88694635700205,652
554340,SL,68,0.3240703288935767,0.5130900830080245,0.4775069136089204,-1.3263211126911365,-1.344382455916178,-1.2346094895491315,-1.3017710193854821,78.93228904394834,652
554340,ST,18,0.2221382772003621,0.568324648495462,0.48417518605284304,2.1519536449110257,0.3400620523760869,-0.8522678425934351,0.5465826182312258,108.91797862802397,652
554430,CH,11,0.3065274930257737,0.5054224521057264,0.5131201187697191,-0.1923864458975593,-0.700956900525187,-1.2019773355656962,-0.6984402273294809,88.16042442285166,2143
554430,CU,243,0.25964137695186423,0.6137091544977356,0.6016974892151685,0.8183164647514215,1.6026470138772486,1.8888002889747952,1.4365879225344884,123.02377964394238,2143
554430,FC,366,0.30886446807847917,0.55024557866533,0.5223987479762693,0.7352156373929198,0.8280488013115326,0.9236894474210088,0.828984628708487,113.30936459950999,2143
554430,FF,855,0.30926482476560535,0.4919172300837065,0.41523995355076365,1.3613023742768853,1.2508071418066955,-0.5881292266111804,0.6746600964908,111.4648741034852,2143
554430,FS,40,0.3008746643044424,0.5492176320767614,0.5671156328711764,-1.0770370509253133,-0.8419125853809329,-0.6531975447623939,-0.8573823936895467,84.7045293861707,2143
554430,SI,457,0.319825138716075,0.32695885133495006,0.4547523763621944,1.0904974303247132,-0.3386061636477194,0.1394987954035087,0.29713002069350086,105.49374614264211,2143
554430,ST,171,0.24270870156982283,0.6142206814137664,0.565010799673504,1.1764122710367413,1.403912913435329,1.1791222007008584,1.2531491283909761,120.44623588814875,2143
554431,FF,176,0.3298375432810169,0.45884557398431175,0.45626417599871094,0.6420422979348827,0.6315851624409099,1.1040178435903827,0.7925484346553917,113.46821617507986,230
554431,SI,2,0.27300484309789436,0.516190102116183,0.5171631724544095,3.26339352790519,3.8896809045880074,2.104525204013364,3.0858665455021868,157.05572056129773,230
554431,SL,52,0.23823576021781084,0.6053627688783676,0.5780182444295676,1.8868780788471127,0.7531297854227926,1.3354140265538008,1.3251406302745685,121.44592202392374,230
570257,CH,143,0.2696592064806833,0.6097747962384256,0.6544420440820923,1.594298031754854,1.2815488920822093,1.8625986983309077,1.5794818740559902,126.77451024280721,314
570257,FF,21,0.35201455143730687,0.38441154518935844,0.3919558880310335,-0.1333066948382905,-0.7620912384038712,-1.548538977255073,-0.8146456368324115,86.15627378317235,314
570257,SI,136,0.3417602302363287,0.3248965688272066,0.42583289311250555,0.07250567834777549,-0.3846869374234076,-0.7710415576633457,-0.3610742722463259,93.3239650920135,314
570257,SL,10,0.26378122827746914,0.5959681156213411,0.5590837688839743,0.9305888053864182,0.5395736282146117,0.8512691344313041,0.7738105226774447,112.52325960844901,314
570257,ST,4,0.2825175349891129,0.5772307428695413,0.5174451970788684,-0.7115003625908989,0.5465015977155359,-0.016196139646836787,-0.06039830150739996,99.01454831521174,314
570488,CH,33,0.2902973863007681,0.5404193879806101,0.5740836732849214,0.5941453534781586,-0.0360784191444757,0.1200216939230474,0.2260295427522434,103.83152881144265,72
570488,SI,34,0.34687438379580326,0.30421503953445117,0.3855275308784599,-0.16483849398364755,-0.8468063944310272,-2.0400704141685955,-1.0172384341944234,81.1919047730031,72
570488,SL,5,0.304151082320661,0.5577079333703331,0.5240747949602265,-0.5806482681532178,-0.33014420724662397,-0.04389249087058252,-0.3182283220901414,94.84982980264128,72
570560,EP,3,0.39613626220029463,0.13278375345675536,0.5318075824234959,0.5735356327216359,-0.0380732162712787,0.5280660913750851,0.35450950260848074,108.26076132996928,6
570560,FA,3,0.3361603752068945,0.4022057212983197,0.49055507369544205,1.7072962413657018,1.2257543351505837,0.5288022268511087,1.153950934455798,124.65230035638423,6
570632,CH,163,0.33665519255877396,0.46185047673005575,0.5290758864080527,-1.6524134270037805,-1.5287456224322595,-0.8559753758642663,-1.345711475100102,77.188237316452,945
570632,FF,45,0.35994131462819623,0.3946962377671641,0.4183609101588025,-0.41044091477879063,-0.5695242960028832,-0.4593975343232893,-0.47978758170165436,91.84670288158932,945
570632,SI,489,0.3466154495317873,0.3154290918008412,0.45457853198121057,-0.1528215418396785,-0.5962334473900879,0.13402524241250177,-0.20500991560575488,96.20949633283844,945
570632,SL,248,0.3386955862521194,0.5175642953718028,0.4586823048563279,-1.8738145741894323,-1.2426761371409543,-1.7159451437544142,-1.6108119516949335,73.9308064955369,945
570663,CH,19,0.331199182680737,0.44409884372644026,0.43965757180109416,-1.388008186823043,-1.8659945414709704,-2.795017908225801,-2.0163402121732714,65.82010686505441,110
570663,FF,55,0.31058527071482644,0.49006913388313916,0.40083875684365816,1.3151371553472249,1.216204042889171,-1.18214274743403,0.4497328169341219,107.6425597914783,110
570663,SI,2,0.32347615274493047,0.4200273424895966,0.42445310036831285,0.9210565066661471,1.7409673528025065,-0.814484829509146,0.6158463433198358,111.38660935430549,110
570663,SL,34,0.3135478332913835,0.5326624014173412,0.5203402490211971,-0.9324136825781006,-0.8994709735235253,-0.13938292768907978,-0.6570891945969018,89.36574480614323,110
570666,CH,94,0.30514509462551054,0.543752836009446,0.5873731535524357,-0.12539364544123785,0.02725106407364168,0.40820502174529033,0.1033541467925647,101.75200279749207,465
570666,FF,97,0.39137195013647297,0.31994750278603745,0.4101538307728432,-1.5093137389136013,-1.9690931440518578,-0.7979191322763933,-1.4254420050806174,75.77667151937199,465
570666,SI,99,0.36450530850128987,0.28926768050184326,0.4420126128827329,-0.9830769733325684,-1.18079839966762,-0.2616172493204884,-0.8084975407735588,85.05139186005673,465
570666,SL,175,0.3076638997268068,0.5051885000320997,0.4817752717533477,-0.7121498557255447,-1.52399863227032,-1.1254697466289802,-1.120539411541615,81.86532033232155,465
570731,CH,3,0.4238759821220268,0.167012586270195,0.4454064328445515,-5.879244816378549,-7.130132257058501,-2.6703534463099348,-5.22657683991566,11.401936651676834,5
570731,FA,2,0.35933300463063866,0.4822176575572701,0.5036050765184631,1.1508487456108303,1.9137790199185385,0.8661049798497007,1.3102442484596897,127.99125490416634,5
571439,CH,2,0.27993583779733255,0.5997393640022836,0.6168387890411908,1.0962792905378456,1.090893831050032,1.0471694297292382,1.0781141837723718,118.27560020185825,13
571439,FF,5,0.3675746549861497,0.43957803079863567,0.41930417451986146,-0.6773165328208667,0.2708265057503417,-0.4204902271338185,-0.2756600847347812,95.315554924207,13
571439,SI,2,0.3592861498609431,0.30881425661546735,0.4210035450342232,-0.740859591051469,-0.7440389602604858,-0.9230953224666723,-0.8026646245928757,85.15923879081517,13
571439,SL,4,0.3220188230026635,0.5156228487287338,0.48426585177800363,-1.2495234171726952,-1.2868084614721855,-1.0617868844099574,-1.1993729210182793,80.58948797273379,13
571446,CH,2,0.2715343390466817,0.5937694551153769,0.5702792913449668,1.5034267013198883,0.9774763601920667,0.03752340010767781,0.8394754872065442,114.23032793220926,40
571446,SI,32,0.335286627959399,0.342095235576152,0.4354744451685399,0.3729408836173138,-0.0003904752627617346,-0.46747381624084217,-0.03164113596209668,99.4149754096376,40
571446,SL,6,0.2946492408043743,0.5659466634220004,0.53217668044598,-0.22494881105468112,-0.14286411483941272,0.16326859289135173,-0.06818144433424736,98.89655942526811,40
571466,EP,26,0.41222668593666995,0.0796290934706387,0.5696700353791231,0.12636475906544511,-0.7916584393971207,1.1750360228104735,0.1699141141595993,103.95932953372977,27
571466,FA,1,0.3846940252490995,0.17262764776668682,0.49546808974994316,0.5418511150497484,-0.7483933865097169,0.65578870058475,0.1497488097082605,103.1991417699922,27
571479,CH,17,0.3100112203970755,0.5209005139935495,0.5735789784123172,-0.3612123448463855,-0.4069017203950294,0.10907734960000934,-0.21967890521380184,96.27612371221987,365
571479,FF,145,0.3353454992536508,0.469813079829896,0.42513570484470253,0.44947402697947664,0.8369368587090866,-0.17995411541367692,0.36881892342496214,106.26754501421412,365
571479,SL,203,0.32195918025220155,0.5518733782681737,0.5007468678589838,-1.2472907032379477,-0.4627733881804302,-0.6403757007000239,-0.783479930706134,87.32025181527229,365
571510,CH,61,0.31820229034868264,0.5451910378300922,0.5981119481587028,-0.7581621059914533,0.05457429733751255,0.6410765490087463,-0.020837086548398137,99.64678113982549,355
571510,CU,10,0.3143282682227698,0.44783960769597525,0.4560209707439097,-0.9718242870963976,-0.8792093526191016,-0.5721861761246866,-0.8077399386133952,87.05458533757101,355
571510,FF,142,0.3652014002636057,0.4053089633003753,0.4064158393559647,-0.5943431828653283,-0.37081538068911085,-0.952101974682124,-0.6390868460788544,89.13964191805816,355
571510,SI,48,0.3565339034853839,0.3658410448015878,0.43328290796049745,-0.613129824930334,0.5301989366773319,-0.5364751550940037,-0.2064686811156686,96.18252468125506,355
571510,SL,94,0.30352748375746325,0.5388640906018107,0.5206069897755853,-0.5573039858899668,-0.758496221800327,-0.13256250251031218,-0.48278757006686857,92.18662204959458,355
571539,FC,11,0.3280925960524276,0.4964788256439411,0.48079365356237785,-0.14447874139902145,-0.19766287050146553,-0.29465852509511337,-0.21226671233186678,96.5920537378775,151
571539,FF,11,0.37742602527608804,0.34237961856648463,0.40673509608483016,-1.021738556653366,-1.5490821505538581,-0.9389334292190801,-1.1699180454754348,80.11893222596383,151
571539,FO,42,0.2547518728640692,0.5812894712446175,0.5527282289030314,1.3223696746053821,-1.3910997748177145,-1.1012401604403188,-0.38999008688421705,87.69645416623955,151
571539,SI,87,0.3494746249466317,0.3210917118692469,0.4233859641018128,-0.2855138074306063,-0.46970475242705484,-0.8480839994694139,-0.5344341864423583,90.11864993173339,151
571578,CH,106,0.2937747601986305,0.6449174340838407,0.5939975738678006,0.42562735200537843,1.9491954473665194,0.5518560489447315,0.9755596161055431,116.53715143106544,2020
571578,CU,1,0.3367569559152086,0.2986220726380012,0.4223385533792338,-1.7060131743345914,-3.1119066531014767,-1.1412001401881755,-1.9863733225414144,68.1649685679428,2020
571578,FC,90,0.31533380984248105,0.5699543146762562,0.5229723532146098,0.4392407202305724,1.2040335767925128,0.9404866879753633,0.8612536616661495,113.8274445614705,2020
571578,FF,234,0.3986943924459214,0.31532998566271486,0.4143158519923735,-1.7653197893807944,-2.0555498997784496,-0.6262461158851387,-1.4823719350147941,74.80922956925441,2020
571578,FS,1,0.2856550865130307,0.5129014506119876,0.5546745239508508,-0.5606793572437273,-1.6715531314872345,-1.0736873753722191,-1.1019732880343935,80.34109381250244,2020
571578,SI,1025,0.3774585265737571,0.3087323732782333,0.43659125115596237,-1.5842264669261905,-0.7458686065504165,-0.4323107772157317,-0.9208019502307796,82.97495436371322,2020
571578,SL,563,0.32300805729307297,0.5614399858625853,0.5289543545093809,-1.2865551966902533,-0.24530842172697317,0.08087536054637808,-0.48366275262361613,92.17245819676273,2020
571616,CH,5,0.31338211821109196,0.577585750079001,0.5768320303434962,-0.5245703786592605,0.670015236562061,0.1796200128369877,0.10835495691326273,101.83677378726932,23
571616,FC,5,0.3292538205031067,0.5318980240545318,0.5123377076864248,-0.19760521440576514,0.4780313675632905,0.629065718975815,0.3031639573777801,104.86730332799702,23
571616,FF,3,0.37791391212397657,0.3521160021214224,0.42448257240986215,-1.038795978169909,-1.3667815521612852,-0.20689420276014833,-0.8708239110304474,85.2016051368693,23
571616,SI,7,0.36583992984692265,0.3259476128010529,0.4252972098493696,-1.045015785879215,-0.3612018332219921,-0.787907738270258,-0.7313751191238216,86.47733665506792,23
571616,SL,3,0.31170189971213946,0.4680748419209397,0.46178011572530275,-0.8633115437083219,-2.3676540593856994,-1.6367356982451202,-1.6225671004463804,73.74056253369346,23
571656,CH,169,0.27430356763075975,0.5939725503017159,0.6145064187901949,1.3692263304891903,0.9813348013867916,0.9965918144188285,1.1157176487649367,118.91303351156952,698
571656,FF,286,0.3716659688410111,0.3719028413179869,0.4088012430196359,-0.8203563898714666,-0.9962997808261812,-0.8537100106211151,-0.8901220604395875,84.87366095496665,698
571656,SI,49,0.34154337089936826,0.34823498466415037,0.44243512776865646,0.08256996352119515,0.1367994527423551,-0.24831421585743502,-0.009648266531294927,99.82160965453517,698
571656,SL,194,0.2775208326400656,0.5730285907201637,0.5166076019766193,0.41624957923248096,0.018119919168687493,-0.23482481074398645,0.06651489588572734,101.07646934823752,698
571670,CH,89,0.2772283920463499,0.501238968300965,0.6362673270929184,1.2274855859931693,-0.7804355259949894,1.4684786636316702,0.6385095745432834,110.82366402840631,663
571670,FF,145,0.3443363167009088,0.41170179901334736,0.4194685508050267,0.13513851324329249,-0.25111818826398513,-0.41371011448924827,-0.17656326316998028,96.99956230689571,663
571670,SI,303,0.3194774907833748,0.29434271242131116,0.5063033576921581,1.106631519747311,-1.0673990972406773,1.7626000222082083,0.6006108149049474,111.10491407065474,663
571670,SL,126,0.2938856019672857,0.5272734831418674,0.47570333123115593,-0.1963621503209484,-1.0219700851920046,-1.2807261719792413,-0.8330194691640648,86.5185096796849,663
571704,FF,5,0.3747161795186934,0.36562361679508265,0.42872762992494495,-0.9269973650661381,-1.11386975755396,-0.03179614584758097,-0.6908877561558929,88.25936025390122,17
571704,SL,12,0.28547855760129986,0.6070044937233039,0.5205290516780611,0.1183538035979618,0.7904489327596643,-0.1345553399526396,0.2580824654683288,104.17677664070189,17
571710,CH,55,0.3208033997305803,0.4832935749602562,0.5235301522911578,-0.8842152045434798,-1.1213655409770422,-0.976235015884262,-0.993938587134928,83.15129833454353,280
571710,FF,146,0.324030684709013,0.5049832998634751,0.4293062920953164,0.8450607535015556,1.495451606155363,-0.007927771560342866,0.7775281960321919,113.21296890950865,280
571710,SI,2,0.3457739530189219,0.31179525495450433,0.4390095666069057,-0.1137682965580997,-0.6774298950276288,-0.35616924365106567,-0.38245581174559806,92.92863395087295,280
571710,SL,77,0.3160594448992986,0.5404939807577182,0.5102347399738351,-1.0264353397322927,-0.7214460967085149,-0.39777564502614216,-0.7152190271556499,88.4249783487293,280
571760,CH,268,0.31936078886446334,0.5006594311617275,0.56726466625119,-0.8143044307235036,-0.7914456834104135,-0.0278489601481788,-0.5445330247606986,90.769374889018,1474
571760,CU,7,0.3180938773873221,0.46781442471106593,0.45268853550980087,-1.095089118289736,-0.5803321461976494,-0.6284826753342035,-0.7679679799405296,87.69199903020218,1474
571760,FC,1,0.32943172077109517,0.4793012529950994,0.50660715268355,-0.20574422127877295,-0.5253604860209211,0.46125429666082385,-0.08995013687962342,98.55584877445574,1474
571760,FF,766,0.32623198234520634,0.4505087117109422,0.41272220883833455,0.7680993395457959,0.4754887050061609,-0.6919799295479173,0.18386937166801315,103.12459445671311,1474
571760,SL,430,0.2841028938701504,0.6072611799535763,0.5666585912466171,0.16985148870261002,0.7962838394289693,1.0449534826868485,0.6703629369394759,110.84907589796994,1474
571760,SV,2,0.26642579452926235,0.6252845201745321,0.6067101700375117,0.7375385612211963,2.705727406953265,2.5160624035876658,1.9864427905873754,132.3456789384931,1474
571771,EP,4,0.38558330851697464,0.10185227121101767,0.4811148852586274,0.8668140196391552,-0.47659559522837136,-0.33813903398923983,0.01735979680718129,100.40451704991183,4
571800,CH,45,0.3369620073066753,0.4484285752039637,0.5291571700081326,-1.667282063410838,-1.7837374747422219,-0.854212735196847,-1.4350774244499689,75.673354768239,461
571800,FF,177,0.3736513627676991,0.36458442789355655,0.414821564233355,-0.8897694130559719,-1.1333271626081243,-0.605386744619109,-0.8761611067610684,85.1109072025532,461
571800,SI,69,0.3737460391093972,0.2917720718162333,0.4523562330130814,-1.4119326055330619,-1.124838903734892,0.06405535845607985,-0.8242387169372913,84.76034746936098,461
571800,SL,170,0.3109481876769154,0.556733133765089,0.5052139113347662,-0.8350964907337692,-0.3523030301481794,-0.5261556750921582,-0.5711850653247023,90.75600725513547,461
571863,FC,97,0.3216841332678597,0.5413998028011865,0.4854883949346127,0.14871093863222004,0.6592973882127302,-0.15717948045100089,0.2169429487979831,103.48302333101589,186
571863,FF,66,0.3826010835816102,0.36112835149715666,0.404999804353191,-1.2026681129060213,-1.198037513386635,-1.0105098941566901,-1.1370718401497821,80.67710605422873,186
571863,SL,23,0.3017570115263251,0.5415384097959907,0.489189332389194,-0.4910267268613425,-0.6977044805159968,-0.9358959938155931,-0.7082090670643107,88.5384267285277,186
571875,EP,3,0.4105844400274574,0.28160461536833076,0.5120980789466244,0.1720046098246707,2.0717926441952668,0.19128241473371296,0.8116932229178835,118.91403174905412,4
571875,FA,1,0.4190735817075418,0.16039880869958864,0.4808389975408334,-0.2837098407933192,-0.8535494861819966,0.27767130529206013,-0.28652934056108514,93.87876281953031,4
571882,CH,24,0.3235200711302479,0.49630723044591835,0.5251227056480036,-1.0158685867730017,-0.8741296250256554,-0.9417003827103699,-0.943899531503009,83.99953295474641,599
571882,CU,29,0.28953405820395284,0.4773737554291356,0.4281911359557511,-0.16020152461965292,-0.43729874278188985,-1.0423295283844776,-0.5466099319286735,91.23964052147042,599
571882,FC,221,0.33545639886094103,0.454898323998292,0.5010574231512149,-0.48137560135118607,-0.9908966713377453,0.29873809957040787,-0.3911780577061745,93.71962855155616,599
571882,FF,83,0.35991353738491666,0.39846474652211816,0.4636993174683291,-0.409469771266237,-0.49896407236344353,1.4106989237817766,0.167421693384032,102.84508991538732,599
571882,SI,77,0.35832312022211316,0.2977608972389667,0.46202234635634326,-0.696166081187013,-0.9910212970535317,0.3683964208591421,-0.4395969857938008,91.87212978552247,599
571882,SL,165,0.26439846839285636,0.5847790228663854,0.5441176060570874,0.9074825502919349,0.28522686457997964,0.468591976573758,0.5537671304818907,108.96210291074233,599
571901,CH,90,0.28886856465977456,0.5663191677854132,0.6617968189936783,0.6633878837534637,0.4559705512646979,2.022087517061125,1.0471486506930954,117.75068947244542,483
571901,CU,19,0.2967722022552122,0.4745553789051736,0.4359575606312884,-0.39713758612874467,-0.4794692668717575,-0.9111274224494514,-0.5959114251499845,90.44949973145029,483
571901,FC,119,0.3132003886828302,0.5864743779341367,0.5623244775927676,0.5368455730942219,1.5191878450064824,2.092859531391451,1.382964316497385,122.20351943684645,483
571901,FF,6,0.3147583135846262,0.45768086181771483,0.4020530565650504,1.1692399016195703,0.6097775042146637,-1.1320559062146107,0.21565383320654108,103.66472548251666,483
571901,SI,249,0.33581126107640624,0.3137752755189342,0.3943052076885674,0.34859303964163757,-0.6331872273241932,-1.7637020962157492,-0.6827654279661016,87.37609909808683,483
571912,FA,23,0.46569824467560295,0.22660628370182184,0.4532953547724713,-1.4033142013760882,-0.28422971656327145,-0.43424781529151424,-0.7072639110769579,84.89044737823032,25
571912,KN,2,0.3929513722197693,0.26517600297398747,0.45975666516684055,-0.500933543468114,-0.2644101107692216,0.10755352214561317,-0.2192633773639075,96.61691387469965,25
571917,FF,10,0.3455192157833767,0.41950593682065973,0.4277996603835336,0.09378218574951142,-0.10499627511383704,-0.07007257979408336,-0.027095556386136328,99.53955014629328,13
571917,SL,3,0.24731801685618912,0.578156185675322,0.5675725924843829,1.5468856942168931,0.13467871536743747,1.0683240286305367,0.9166294794049556,114.83462501340358,13
571927,CH,283,0.2933514099968159,0.5697244101331772,0.5945664307705831,0.44614344605461237,0.5206639966854284,0.5641917514702287,0.5103330647367564,108.65088615037384,781
571927,CU,106,0.3026140289644531,0.49397124454020397,0.5178676814666696,-0.5883660837524306,-0.18895548259688247,0.4726213165095101,-0.10156674994660098,98.37221903843077,781
571927,SI,371,0.34360731651144183,0.38562771510970734,0.4080391855237909,-0.013216261381484741,0.9723231727211336,-1.3312828541730577,-0.12405864761113633,97.70623407495361,781
571927,SL,21,0.3325349557180835,0.5022954869531717,0.5122723521402334,-1.6431926539453239,-1.5897616507645664,-0.34567494014456523,-1.192876414951485,80.69462667224492,781
571945,CH,150,0.30132226183626093,0.5385224382445704,0.5666473168855467,0.059865737222492325,-0.07211703304663687,-0.041236225190810036,-0.017829173671651526,99.69776962880455,2186
571945,CS,7,0.3249515883961955,0.28450858340316526,0.3124776261775765,0.6367889401365654,0.08241694156460577,-1.1455800330757342,-0.1421247171248543,97.29946622945369,2186
571945,CU,338,0.3118401632638964,0.3920010472990058,0.3853439626386996,-0.8903777470162598,-1.7147050134521173,-1.7661683097309677,-1.4570836900664483,76.64774061048327,2186
571945,FF,542,0.36486670876575894,0.3662987324100674,0.4295270702413488,-0.5826417525408942,-1.1012291318122318,0.0011787774655955146,-0.5608973689625102,90.46835917289354,2186
571945,SI,607,0.3614445646934294,0.2783546719112764,0.45799504353155185,-0.8410300642307997,-1.4246446613635002,0.24159533992931023,-0.6746931285549966,87.52535080832635,2186
571945,SL,516,0.31268034363857744,0.5317965018869993,0.4885986571682206,-0.8999393881991822,-0.919154315864008,-0.9509992582524128,-0.9233643207718676,85.05637909627471,2186
571945,ST,26,0.28855536192969533,0.47866565682465495,0.4607153394311826,-0.997841075987924,-1.7381959020853843,-1.4418111974331613,-1.3926160585021565,77.27823785001638,2186
571946,FF,192,0.34050231105275564,0.4573314967948865,0.3904994836095223,0.26918240214987993,0.6032361172243431,-1.608612034776534,-0.245397838467437,95.829818099617,350
571946,FS,85,0.2991043140408178,0.5244949209321763,0.5456517329598014,-1.0169740195020878,-1.4067011382500516,-1.3786434592511907,-1.26743953900111,77.38922053184076,350
571946,SL,32,0.3189289711282568,0.5391031309477393,0.5145267740874111,-1.1338554561403513,-0.7530624355500424,-0.2880305196383437,-0.7249828037762458,88.26696252212159,350
571946,ST,41,0.2612748032767962,0.5898473365866082,0.5502521131388947,0.29592482744272636,0.8389489670432471,0.8082380379455933,0.6477039441438556,110.56786245756204,350
571948,CH,134,0.30286064711031313,0.5000958248895849,0.5989126275863459,-0.014686387309699778,-0.8021531831657774,0.6584393395266741,-0.052800076982934346,99.10496206052031,729
571948,FF,98,0.31328747350374364,0.35487055062638145,0.4292174690937894,1.2206631759948041,-1.3152063612372655,-0.0115914993004885,-0.03537822818098332,99.39879809965181,729
571948,SI,285,0.31203812809526554,0.34309381147526874,0.498214118642972,1.451886968053396,0.021922253440640492,1.5079074152797176,0.9939055455912512,118.37668487518796,729
571948,ST,212,0.252779853014274,0.45549771275143897,0.42749384808833946,0.6987933002194915,-2.2752191627915037,-2.2766636060996093,-1.2843631562238738,79.04447965269824,729
571976,EP,3,0.46647330827741135,0.1108248377256534,0.37498348256920266,-1.381209553609011,-0.3493895602220471,-2.151646109233127,-1.294081741021395,69.8453769916149,16
571976,FA,13,0.38828649239004165,0.16605164731295188,0.46020496307673464,0.4555847139606,-0.8049405824752287,-0.2556555241803906,-0.20167046423167306,95.69163583233697,16
572008,EP,11,0.3955760639339093,0.1509579261270886,0.5317173598796902,0.5891041691569998,0.2195859987529136,0.5265244249371408,0.4450715309490181,110.37103283517435,11
572020,CH,44,0.2836038633673274,0.6089672381549077,0.580025706722532,0.918522064377449,1.266206749155308,0.2488751129892203,0.8112013088406591,113.75103957145058,817
572020,FC,92,0.29382452071600723,0.6022242928051691,0.5498355197790208,1.4232991143709657,1.8196499448259096,1.7271375772516855,1.6566955454828534,126.59827972874164,817
572020,FF,467,0.3558095579619723,0.3860677322530797,0.42383388814002654,-0.26598710266112796,-0.7310813782167889,-0.2336508143712744,-0.4102397650830637,93.0285675951715,817
572020,KC,167,0.2971926223779069,0.5416128036984045,0.5190350761232361,-1.0094711853871146,-0.12998218433575565,-0.1730693350164952,-0.4375075682464551,92.89785717935271,817
572020,SI,47,0.3620279496838966,0.3297344438672195,0.41821105085613614,-0.8681045402125582,-0.27658679865153096,-1.011018008114242,-0.7185697823261104,86.71409923285613,817
572070,CH,67,0.3005927068240819,0.5166731095820852,0.6046184751556103,0.09522090932303486,-0.48721475795137376,0.7821710511856003,0.13005906751908708,102.20468996362557,185
572070,CU,1,0.28460604571538706,0.4732189146366237,0.4448423233811787,0.0011138432204269378,-0.49946638157696405,-0.7610326707176273,-0.41979506969138813,93.27206568524112,185
572070,FF,44,0.3297180492681147,0.4189776075684765,0.4322300206997241,0.6462200283975849,-0.1148885249700431,0.11266875646137355,0.2146667532963051,103.64795148482537,185
572070,SL,73,0.24928281784241665,0.6469348254589584,0.5775366346626747,1.4733337787371532,1.698132055086338,1.3230995102063023,1.4981884480099312,124.24650780386003,185
572125,FF,30,0.3802395236615762,0.3545166384769885,0.4267461532384644,-1.1201036347551425,-1.3218328870154141,-0.1135271274391304,-0.851821216403229,85.52452849140181,75
572125,SI,1,0.38406656586678656,0.3201796352283158,0.4110223532293957,-1.8909007969982672,-0.4900846941658928,-1.2373567437904245,-1.2061140783181947,77.69971358033204,75
572125,SL,44,0.2866042701748847,0.5318054439065586,0.48966923846560917,0.07621298799008283,-0.9189510488266294,-0.9236250399655387,-0.5887877002673616,90.4711282560532,75
572143,CH,1,0.3419992029255396,0.497139113647794,0.4981346233751104,-1.9113910271435735,-0.8583253488476897,-1.5269388724318014,-1.4322184161410214,75.72181910867211,164
572143,CU,30,0.26961672505029965,0.5137376421177212,0.5304198606479946,0.4917797622642335,0.10680320618213933,0.6846715727684755,0.42775151373828274,106.85544994510184,164
572143,FC,38,0.31081277078214886,0.5800018490319324,0.514268594412496,0.646080026327428,1.3957110109395847,0.6856090812973668,0.909133372854793,114.59615427098791,164
572143,FF,87,0.33752442009927136,0.4595926646538242,0.4276750036517325,0.3732949467772088,0.6455734236199343,-0.07521435972095003,0.3145513368920644,105.34534574567009,164
572143,ST,8,0.26571664366073405,0.5696041204167348,0.5283457623187411,0.08527292290009708,0.36971967676314543,0.2577338610391188,0.23757548690078711,103.87625409966353,164
572191,CH,1,0.3935641860102964,0.3073416487716726,0.4622407360558332,-4.410296278822891,-4.464133887854939,-2.3053003800245033,-3.726576848900778,36.82911361604826,13
572191,FA,4,0.42223887236223684,0.15749629204833515,0.4993064399052358,-0.35971839493420604,-0.8785083010461855,0.7549983399933238,-0.16107611866235594,96.55886854550046,13
572191,FF,1,0.3997561408089189,0.36373084553584917,0.39555306892782965,-1.8024404649032582,-1.1493093364521778,-1.4001642183374121,-1.4506380065642825,75.34850185819893,13
572191,SL,7,0.42181402322135686,0.2456635867670657,0.4742885311242149,-4.9853359413013045,-7.423433306478741,-1.3169018898384715,-4.575223712539506,25.9551109222282,13
572193,CH,20,0.29226451115164387,0.5764328041107263,0.5843201344741138,0.4988159588678185,0.6481113485405191,0.3420000851951144,0.49630913086781725,108.41316011680173,282
572193,CU,2,0.31437281185661764,0.5317694482388513,0.5080804204931308,-0.9732823947403547,0.3766077223459204,0.3072802097955452,-0.09646482086629635,98.45398618199461,282
572193,FF,85,0.37968825980809695,0.4029625264826491,0.4019007787967925,-1.1008304365610855,-0.41474923287850207,-1.1383369851489267,-0.884638884862838,84.96683960596694,282
572193,SI,50,0.36606776283396125,0.3074095547748281,0.454020536445054,-1.0555893502256146,-0.7754263902065486,0.11645655184790905,-0.5715197295280847,89.43296169733865,282
572193,SL,103,0.32380238681058054,0.5588973469934332,0.48941767025325794,-1.3162907566499193,-0.3031068493228135,-0.9300575109752034,-0.8498183723159787,86.24663818253765,282
572193,ST,22,0.293677693273086,0.499119535187168,0.4646386656116526,-1.2407649003300887,-1.2640835502249648,-1.3432184437862014,-1.282688964780418,79.07179556618314,282
572362,CH,1,0.329385333942461,0.5446958285916088,0.6182814271652877,-1.3001067493227232,0.04516621750944969,1.0784531403843296,-0.058829130476314606,99.00276085317222,9
572362,CU,1,0.29870781317834083,0.3896324322486768,0.4585306525027338,-0.46049858385029085,-1.750145891273192,-0.5297888638811782,-0.9134777796682203,85.35995550372314,9
572362,FF,3,0.39331489164137085,0.31641351776121246,0.38212194806420574,-1.57724254735445,-2.035262228404462,-1.9541645250523416,-1.855556433603751,68.46749790919469,9
572362,SL,4,0.32184863246859924,0.5410143090127875,0.47878024524727625,-1.2431523699955558,-0.7096181665444792,-1.2020510483499807,-1.0516071949633385,82.98091131783652,9
572383,FF,2,0.34234026073525337,0.4429779866224677,0.4580095883535942,0.2049243009195656,0.334486074798292,1.176011759047446,0.5718073782551012,109.71704068054078,4
572383,ST,2,0.2328166083424421,0.5708161259109449,0.5441375284335721,1.6455395016765864,0.3978134575681022,0.6545791995583372,0.8993107196010085,114.67304943451727,4
572403,CH,43,0.2879362378828938,0.5583163421291977,0.5514936087056916,0.7085696357807868,0.3039313388010182,-0.3698454683071774,0.21421850209154253,103.631314529568,370
572403,CU,9,0.31769797384577236,0.3292392035861824,0.35262370826053846,-1.0821294665878647,-2.653791689669325,-2.318927972058795,-2.018283042771995,67.6535606996429,370
572403,FC,31,0.2971590798784679,0.531694220411744,0.5227443325635255,1.2707417278723852,0.4741433928685508,0.9338094167936977,0.8928981791782111,114.33549791560779,370
572403,FF,103,0.36897194773881953,0.3663322359723514,0.45493484124515393,-0.726168457334612,-1.1006018229743864,1.0491860936065103,-0.2591947289008294,95.59535986996745,370
572403,SI,78,0.3673404658173421,0.2967528550096941,0.4528177852041498,-1.1146545763087536,-1.0135455466405956,0.07858749554116022,-0.683204209136063,87.36798631179107,370
572403,ST,106,0.2704742984230279,0.5029118749295098,0.5048847827831408,-0.14035630962649182,-1.1761786999844006,-0.33183796380280456,-0.5494576578045657,91.0351125596308,370
572703,CH,3,0.30466066323866153,0.5108215252584786,0.549670259879547,-0.10191747878206321,-0.5983842761246191,-0.40938491770036495,-0.3698955575356824,93.72973342924419,58
572703,CU,13,0.2726602530775826,0.5093128773991354,0.48813698636094993,0.3921517997962176,0.04059677649800164,-0.029634222138682907,0.13437145138517875,102.15353243515437,58
572703,FC,9,0.32297413972412287,0.5132333193197893,0.4936218758797618,0.08969263847749229,0.12196364129101993,0.08099832346025004,0.09755153440958741,101.56619181313606,58
572703,FF,20,0.3284174164396011,0.4890693288356533,0.39951143265317446,0.6916925441873097,1.197484047173703,-1.2368915666952478,0.21742834155525492,103.69488068944146,58
572703,SL,13,0.3024596539375566,0.578088101426806,0.5384480953824942,-0.5173299991039965,0.13313104670083598,0.3236254773787441,-0.02019115834147213,99.67322863893007,58
572816,EP,2,0.43084919814028166,0.16485297984828626,0.5311522862816849,-0.39117568537520875,0.416579209913877,0.5168688004749362,0.18075744167120147,104.21200016720206,6
572816,FA,4,0.4205426494337909,0.2757312571629711,0.4842163090115403,-0.31898676351180866,0.13819718572357928,0.36496450148919546,0.061391641233655356,101.31153338835607,6
572888,FC,10,0.3365735554913007,0.49558701528375393,0.4745193317923677,-0.5324859543345367,-0.21467599188381536,-0.4783934093705659,-0.40851845186297264,93.44122818062094,25
572888,FF,3,0.36303069548871547,0.40507963051117263,0.4219888889144723,-0.5184513516066694,-0.37510932663595914,-0.3097524403803251,-0.4011043728743179,93.18381039388451,25
572888,SI,5,0.3507333530538195,0.3754034176158526,0.49591014565575786,-0.343930469604802,0.7438658502832037,1.4353659953960474,0.6117671253581497,111.31118719437124,25
572888,ST,7,0.2777627698091751,0.5053113207203199,0.43016840724714545,-0.4860081669620846,-1.1205605493882034,-2.209452229800841,-1.2720069820503763,79.24608155793258,25
572955,CU,358,0.2594081168514369,0.5991129925100536,0.5474370205416866,0.8259520864123159,1.3842490122305948,0.9721509868311631,1.0607840284913579,117.00087919346419,512
572955,FC,2,0.32730935770420994,0.4976059597389519,0.48220847319992377,-0.108645280486193,-0.17616046367970614,-0.2532274777398999,-0.17934440730193302,97.1206219958708,512
572955,FF,121,0.3512357110820015,0.419538286400557,0.43542358619819993,-0.10607700358501727,-0.10439057303361933,0.24439538476248004,0.011309269381281142,100.19218470209397,512
572955,SL,31,0.24924314319709923,0.6279074290146779,0.5574683653421769,1.4748189908169165,1.2656075589557298,0.8099640889551546,1.1834635462426002,119.15303655402691,512
572971,CH,170,0.29264964531862436,0.6044108619608854,0.6232101225774106,0.48015186290783757,1.1796438427536964,1.1853322520648555,0.9483759859087965,116.07634944460739,550
572971,FC,87,0.33155297039877923,0.5129211857899076,0.48354856465876883,-0.3027922217922095,0.1160090506421021,-0.21398474232803377,-0.13358930449271372,97.85522107586183,550
572971,FF,12,0.3811743588732291,0.3566525047482652,0.4252525412871931,-1.1527871930897857,-1.2818416831825712,-0.1751349029568408,-0.8699212597430659,85.21694439203351,550
572971,SI,239,0.3170240805688886,0.5039490135880407,0.5289049320456372,1.220492515506404,3.6161592948592296,2.4742187366229977,2.4369568489962106,145.05779071973475,550
572971,SL,42,0.31028955454163887,0.4506881315060661,0.42203343925348397,-0.8104406965655117,-2.762883022191195,-2.6530379637258754,-2.0754538941608605,66.41109527431803,550
573009,CH,182,0.28867930428548366,0.5873010913607304,0.6895084563005293,0.672559684362279,0.8545891484206524,2.623016349320497,1.3833883940344762,123.4504411441848,592
573009,CU,153,0.26130871397003386,0.6420693527342879,0.5930055041539234,0.7637372434074242,2.0269921688839605,1.7419622273911677,1.5108972132275174,124.2147131799807,592
573009,FF,15,0.35649794183914013,0.36574561317451604,0.40862640940635303,-0.290054269072482,-1.1115855405398147,-0.8609214620231425,-0.7541870905451463,87.1836794727464,592
573009,SI,242,0.33845364024132707,0.38149852669185225,0.48033763307627164,0.22596213140032104,0.8800583173262394,0.9450598242988867,0.6836934243418157,112.64105896792604,592
573124,FC,5,0.3229234171704326,0.5104238801185769,0.4966241051852795,0.0920132151566028,0.06836779594052515,0.16891447985730612,0.10976516365147801,101.76228187202751,656
573124,SI,282,0.3395097731977415,0.311810011687108,0.4038831512521486,0.17694776382277108,-0.6771001624840886,-1.4621370911034457,-0.6540964965882543,87.90616950565828,656
573124,ST,369,0.2876944681691457,0.499482986287327,0.45846028419591706,-0.9570136498326695,-1.255658905625608,-1.4984804864608163,-1.2370510139730313,79.81641908027174,656
573131,EP,7,0.4464004098611807,0.1505479907147882,0.4141745724578025,-0.8233612539830709,0.2137742548865004,-1.4819732603075477,-0.697186753134706,83.7541918405991,7
573186,CU,9,0.3225222746745918,0.4161137109852963,0.4585652219283355,-1.2400498989280648,-1.3539144461846464,-0.5292048652422429,-1.0410564034516514,83.31528975428195,1625
573186,FC,193,0.3140736279993589,0.5412362922116281,0.5353878262683656,0.4968945326637017,0.6561780865857862,1.3040567419786875,0.8190431204093918,113.14975348726554,1625
573186,FF,96,0.35704085074463904,0.42737034958338543,0.4310541319044457,-0.309035362918848,0.04225420496035784,0.0641662703426446,-0.06753829587194851,98.85228418967802,1625
573186,FS,148,0.30471529684875387,0.5157622955321517,0.5618474403295131,-1.2073389679718032,-1.6061973356364883,-0.8312541314903549,-1.214930145032882,78.32597395517014,1625
573186,SI,726,0.33030674464591003,0.38352964048711685,0.44740179725438006,0.6040536708267255,0.9254426402600929,-0.09193683704843426,0.47918649134612795,108.85985513107926,1625
573186,SL,196,0.2866016284313966,0.5596574374629717,0.5636844719349544,0.07631188110705502,-0.28582872363107475,0.9689067672741537,0.2531299749167113,104.0966261089261,1625
573186,SV,257,0.2703551885702892,0.5377339178604411,0.5380524003225859,0.5111895568536419,0.3329273748517791,0.4841600046906409,0.44275897879868725,107.20954051292998,1625
573204,CH,1,0.27682801511009275,0.5871267603591022,0.6185854574917989,1.2468883661127668,0.8512771747085955,1.0850460597076743,1.0610705335096788,117.98668559256205,505
573204,CU,112,0.24775659495952354,0.5261496142093137,0.48004139729934275,1.2073572764867762,0.2925198283726508,-0.16639706708238194,0.4444933459256816,107.123766453317,505
573204,FF,269,0.3297857282964242,0.46640180394727027,0.4562876487549144,0.6438538450936047,0.7730653368882928,1.1049860363620954,0.8406350727813309,114.2853791509863,505
573204,SL,7,0.32455876671623596,0.5515753266096971,0.5145469094083321,-1.344605680798119,-0.46954860011134286,-0.287515669741831,-0.7005566502170977,88.66227255383146,505
573204,ST,116,0.2757696676968298,0.5392917168245918,0.5211607921208097,-0.39148636527112535,-0.33290916960530564,0.07717635342945794,-0.215739727148991,96.4800156247989,505
573668,CH,23,0.24974230981213238,0.6468441032284047,0.6523616999010844,2.5594964029128366,1.9857986762760567,1.8174862863305679,2.12092712183982,135.95279305239742,45
573668,FF,17,0.37489108582233843,0.39328828311729774,0.3912173327852095,-0.9331124111266856,-0.5958863403627807,-1.5790025429445578,-1.036000431478008,82.39466869341706,45
573668,SL,5,0.3071567193356051,0.5782207760670902,0.5154756723744673,-0.6931636634708919,0.13614696283556751,-0.26376767392519773,-0.27359479152017396,95.57217367648175,45
579328,CH,183,0.32703174524957723,0.4919622689443846,0.5258431756309623,-1.1860488209942464,-0.9566760346634967,-0.9260769397234674,-1.0229339317937367,82.65978515841101,1648
579328,CU,250,0.2661344500624159,0.6180829376937998,0.5972074537643403,0.6057698286234745,1.6680906223040592,1.8129478689124274,1.3622694399466537,121.83269879206128,1648
579328,FC,26,0.34917998703779823,0.4483096914161638,0.4760752235617306,-1.1092351304948225,-1.1165884224852978,-0.4328312586445032,-0.8862182705415411,85.77174814958815,1648
579328,FF,640,0.31009027911230047,0.5120482759526929,0.42218715506952015,1.3324429721528537,1.6277337170054884,-0.3015744549520806,0.8862007447354204,115.05970194717892,1648
579328,SI,4,0.3559244663244833,0.4226815077608473,0.4653232088434748,-0.5848462865383393,1.800273480342528,0.4723252659393945,0.562584153247861,110.40182514914966,1648
579328,SL,545,0.2938401680529198,0.604935315820122,0.561826263648324,-0.19466134120451434,0.7434130635802353,0.9213933281875778,0.49004835018776627,107.93088557242544,1648
592094,CH,240,0.3001091511661476,0.5206651805307589,0.5499202786710827,0.11865463703521249,-0.41137263053178125,-0.4039632423667559,-0.2322270786211082,96.06341396040759,641
592094,FC,4,0.2692411565902395,0.6561181931424208,0.5877864153687479,2.5479976426173727,2.847787213845202,2.8384773626380864,2.744754073033554,144.0670808949821,641
592094,FF,203,0.3241638421713878,0.4867822452951719,0.4339097736963099,0.840405323715674,1.1546615047326632,0.18195438680918696,0.7256737384191747,112.33177728230254,641
592094,SL,27,0.26200657331602023,0.6249948121352572,0.5772860490779551,0.9970226440525981,1.1993989133387615,1.316692164484506,1.1710379072919552,118.95194145668789,641
592094,ST,167,0.2718301787088129,0.548022479861528,0.5289644511748748,-0.20465820700336232,-0.1305337313820941,0.27328144366952883,-0.02063683157197585,99.66329184871526,641
592155,FC,33,0.3009814176910931,0.5289204857327414,0.4978390733144519,1.0958682772605521,0.4212286848958821,0.20449315063553258,0.5738633709306555,109.21338776319551,145
592155,FF,69,0.3218321156017352,0.4734714972138669,0.4679225502253874,0.9219267730681561,0.9054357704974837,1.5848967637457878,1.137419769103809,119.32880649592148,145
592155,ST,43,0.2706126345750988,0.5533134361722203,0.5371775248112283,-0.1469168276510061,-0.007891575425473947,0.47967507714925345,0.10828889135759112,101.76682899632728,145
592169,CU,12,0.294247897003623,0.4906666234184856,0.48883111916120603,-0.3145060523926626,-0.23840153901854258,-0.017907888723123648,-0.19027182671144297,96.95056839756393,27
592169,FF,9,0.3659575089417992,0.3510814340387078,0.38694735261924723,-0.6207781328790024,-1.386152438640083,-1.7551285971755586,-1.2540197228982146,78.68974566437616,27
592169,SI,6,0.3411835138112435,0.26229532322845556,0.3742490397910427,0.09927067102739276,-1.783483574489757,-2.3951777709678823,-1.3597968914767486,74.85821557212131,27
592222,CH,6,0.29634438138533886,0.5028895728146239,0.554081338648033,0.3011002117998367,-0.7490770257444218,-0.3137303598697067,-0.2539023912714306,95.69598595119479,16
592222,SI,8,0.3064725244402078,0.4498231475278815,0.5629441494247911,1.7101826132021776,2.406741196239721,3.545955763973502,2.5542931911384668,147.22726546863836,16
592222,SL,2,0.29181139244382315,0.48243556070000804,0.4084327874106134,-0.11871454904917186,-2.041210939740868,-3.000799701483363,-1.7202417300911343,72.1598076740051,16
592229,CH,2,0.33955567835588685,0.4977195117791493,0.5013149939356731,-1.792974690815564,-0.8472988341393362,-1.4579723099025435,-1.366081944952481,76.84292828652768,187
592229,FC,51,0.35230045010542843,0.37240940590985405,0.45147450447102655,-1.251997536878914,-2.564542862039992,-1.1532294850835851,-1.6565899613341637,73.40341542685258,187
592229,FS,10,0.2869480040607122,0.569763358389942,0.5867338101266486,-0.6045444323588862,-0.372546949702754,0.009865859300397923,-0.3224085075870808,94.24831919836183,187
592229,SI,83,0.3565074060226511,0.28680922316829555,0.47096114264189864,-0.6119000968261493,-1.235731521487264,0.6498376435659778,-0.39926465824914514,92.61784901091436,187
592229,SL,38,0.2981625188770296,0.5369670289170327,0.49543919754297344,-0.35646764358179384,-0.801619601908588,-0.7760901262925862,-0.6447257905943227,89.56583270031234,187
592229,ST,3,0.29307683680710506,0.52116662164296,0.5002376246897425,-1.212269603791893,-0.7530413006346393,-0.448620533486061,-0.804643812637531,86.8715248437747,187
592254,CH,18,0.29468811811015466,0.5387570661654908,0.596022918976798,0.3813648555352648,-0.06765952692927843,0.5957758021442714,0.30316037691675257,105.1390083990816,70
592254,FC,6,0.3166295121919211,0.5140100745147319,0.49086411761878895,0.37996183073419365,0.1367818481720834,0.00024116539395250462,0.1723282814334098,102.76673396463033,70
592254,FF,37,0.2923264859238558,0.5242892866604676,0.4191772548621211,1.9534978529296871,1.8569300674127713,-0.4257253471234501,1.1282341910730027,119.17271086163288,70
592254,ST,9,0.28626458447941816,0.5378410912753486,0.5053793197499828,-0.8892021806036667,-0.36653406355602797,-0.31941030443971374,-0.5250488495331361,91.43336384541915,70
592288,CH,6,0.29701831310027965,0.5885757387948979,0.6575303869983213,0.26844061606273223,0.8788051441682494,1.929569634826501,1.0256051316858275,117.38549555676914,42
592288,SI,31,0.3208452208390459,0.4366934384456903,0.5022780146130943,1.0431561558848663,2.113363760468779,1.6358606445789285,1.5974601869775247,129.53602843546025,42
592288,ST,5,0.3289621679004559,0.40253412204047,0.3847665777943029,-2.9141122380505284,-3.502893059638955,-3.3503951900492064,-3.255800162579563,46.87874202629965,42
592332,CH,14,0.3191482879654652,0.5468098598537101,0.5289017805908333,-0.8040063644636884,0.08532898776345943,-0.8597508729333397,-0.5261427498778563,91.08111674013168,2010
592332,FF,1037,0.342014337315087,0.45530735018545526,0.4258551734106711,0.21631918312217213,0.5653367127841316,-0.15027782776311793,0.21045935604772859,103.57645284423705,2010
592332,FS,787,0.29408899888971096,0.5793339252072875,0.6136264570128472,-0.8468184080912918,-0.15390804107764877,0.9187948467601097,-0.027310534136276987,99.51278743836596,2010
592332,SI,26,0.3648000997682898,0.31456306932544426,0.43406457815198873,-0.9967580230826311,-0.6155843295430353,-0.5118639873909998,-0.7080687800055553,86.90825612369395,2010
592332,SL,144,0.32776156945032076,0.5633594828808123,0.4776676910451126,-1.4645019337249814,-0.20167504902335207,-1.2304984924257325,-0.9655584917246887,84.37351353510721,2010
592332,ST,2,0.3390290512580695,0.49668296396853834,0.41082423987480554,-3.3915287971322394,-1.3205622527216576,-2.6955690196156956,-2.469220023156531,59.712492384667655,2010
592346,CH,20,0.3008485283045021,0.571271440888432,0.5901153785464921,0.08282347209584465,0.5500547828639757,0.46767036640261894,0.3668495404541464,106.2186321602007,118
592346,CU,5,0.2750973997283033,0.5543497859877564,0.45214832506292,0.31237334766091296,0.7144705553995118,-0.6376087212613748,0.12974506059968327,102.07938660647159,118
592346,FF,33,0.36677814189421465,0.3754483177912208,0.41697344409884385,-0.6494689701915793,-0.9299155346622617,-0.5166270560123863,-0.6986705202887424,88.12710341608859,118
592346,SI,28,0.3626049141260036,0.3187680292656926,0.43426470948222357,-0.894881043182995,-0.5216263936080444,-0.5055627803286736,-0.6406900723732376,88.15404580959408,118
592346,SL,32,0.2879973011264852,0.5521259542340566,0.48687729565775806,0.024065164606959247,-0.4570319146846675,-0.9950135949991551,-0.4759934483589544,92.29657732606873,118
592351,CH,159,0.30750173416250365,0.5240421574247122,0.552062774770951,-0.2395994215902861,-0.3472161776086913,-0.3575030615713108,-0.31477288692342936,94.66414270177904,1581
592351,CU,33,0.3046249879257788,0.47972730961697724,0.4750636135025489,-0.6541935517854855,-0.40208321613690556,-0.2504892644979738,-0.435588677473455,93.01894609565441,1581
592351,FF,735,0.3595370385936511,0.3798299536106648,0.40947175266784425,-0.39630668107251893,-0.8478753369527253,-0.8260531564736106,-0.6900783914996182,88.27311423747942,1581
592351,SI,4,0.34084743470571244,0.38870622871220084,0.4288094165992352,0.11486785953816413,1.041111172594683,-0.6773246429066556,0.15955146307539714,102.95000563314854,1581
592351,SL,418,0.30955733529433227,0.5702667432288084,0.5148927924494203,-0.783030221627824,-0.044661486479013496,-0.2786716166170741,-0.36878777490797054,94.03158149153278,1581
592351,ST,232,0.2590586484884966,0.5895686105780839,0.5189236849391364,0.4010247829937436,0.8324882146576107,0.02095809700650339,0.4181570315526192,106.8226016454966,1581
592390,CU,2,0.2688221576989702,0.5681337255040643,0.5482925055624862,0.5177894213003714,0.920715515391084,0.986603124206333,0.8083693536325961,112.95550211512112,109
592390,FF,57,0.35985358103708726,0.4286917805643789,0.40991486971503777,-0.4073735870752824,0.06699621077908126,-0.8077756811572587,-0.38271768581781995,93.49626558929239,109
592390,SL,50,0.2581896629340584,0.5940114764641629,0.5385135378522247,1.1399078888054677,0.49509595266681866,0.3252988079852144,0.6534342164858334,110.57510345269189,109
592426,CU,24,0.221161137462857,0.6172133895252377,0.5938405847323952,2.077942734397939,1.6550798334055983,1.7560696622918175,1.8296974100317849,129.3240318416032,290
592426,FF,70,0.35449494309326435,0.4209176406753551,0.43685519392574373,-0.2200257490306458,-0.07856403197017525,0.30344564037463434,0.001618619791271092,100.0275061060004,290
592426,SL,196,0.2263764946101518,0.6557276902430502,0.5975628315700949,2.3308272155487937,1.898008555343264,1.835159161291981,2.0213316440613465,132.71299651724303,290
592454,CH,246,0.26061238402805503,0.60335462215828,0.6113060456569885,2.0327186572542173,1.1595771969638802,0.9271914946745861,1.3731624496308945,123.27709654449464,318
592454,FF,56,0.35820700130271954,0.40195898362118415,0.4285900743407388,-0.349806131196405,-0.4335392140994935,-0.03746997133201571,-0.27360510554263806,95.35047632810469,318
592454,SI,8,0.3652103727638858,0.31179340445102716,0.43117755208848135,-1.01579849643511,-0.6774712436943526,-0.602763043521524,-0.7653442612169956,85.84926870384686,318
592454,SL,8,0.33122674332338775,0.5474739939324934,0.48074067177217983,-1.594219995564814,-0.5627787409173254,-1.151923940993452,-1.102974225825197,82.14959325747665,318
592473,CH,6,0.30129733027474903,0.49964357944103943,0.5975132038031096,0.0610739526870886,-0.8107450286952046,0.6280927349365407,-0.040526113690525056,99.31302355289347,100
592473,FF,11,0.32480701144127483,0.36799132378721616,0.43599612685849004,0.8179189431329015,-1.0695376501499418,0.26801126199477737,0.005464184992579002,100.09285593344546,100
592473,SI,66,0.3075461654814696,0.3561397630527991,0.49496383778608294,1.6603557080543552,0.313428165494633,1.4055711510579136,1.1264516748689672,120.82737896776749,100
592473,SL,17,0.2816215978857751,0.4692957385137249,0.4483137428772123,0.26273828680698313,-2.3399010409857097,-1.9810639905245118,-1.3527422482344127,78.10737659738692,100
592527,CH,3,0.33858115207778966,0.4697623391697226,0.5047284640892807,-1.7457478968062696,-1.378434546554498,-1.3839509660661575,-1.5027111364756416,74.52686518508202,13
592527,FF,6,0.39946287066397196,0.3405119599375129,0.3921602493371516,-1.7921872012577482,-1.5840515294545006,-1.5401095820154898,-1.6387827709092462,72.1512532767804,13
592527,SI,1,0.3922055549929847,0.28539203572381355,0.40285046331668367,-2.2686254028997004,-1.26739793662763,-1.494651642945454,-1.6768916608242614,68.99533385492231,13
592527,SL,3,0.2963545911423945,0.561505576045122,0.511884719540965,-0.2887882455850134,-0.2438174473450664,-0.35558650819956766,-0.2960640670432158,95.2085335315853,13
592662,CH,6,0.3491749015310462,0.4509990143478713,0.4897182996029856,-2.2591345898689745,-1.7349037802555747,-1.7094474539456548,-1.9011619413567347,67.77254572641792,849
592662,FF,365,0.33996772554369703,0.460321106548844,0.4397882683348787,0.28787249474842386,0.6592125117481936,0.42442765958044343,0.4571708886923536,107.768959080134,849
592662,KC,17,0.32082302028558857,0.54968588958073,0.5156554175409753,-1.7640660274866742,-0.006088315166515133,-0.22952028403159322,-0.6665582088949275,89.17963495621203,849
592662,SI,163,0.3582876111880498,0.33718393487898213,0.44039759070859363,-0.6945181325671594,-0.1101312772726169,-0.312466804547842,-0.3723720714625394,93.11507593056305,849
592662,SL,298,0.32612545867480697,0.5066714111768335,0.4903930145114618,-1.4032544677884258,-1.4902895855512546,-0.9051184552546825,-1.2662208361981209,79.5076290789259,849
592712,FF,2,0.36921494795834686,0.3619292488220751,0.42748866801164326,-0.7346641919317398,-1.1830417954427175,-0.08290024110118127,-0.6668687428252128,88.66752870103264,13
592712,SI,1,0.34750043670913444,0.32017534815986537,0.45636398397597905,-0.19389315744305488,-0.4901804867795052,0.19024084196744562,-0.16461093408503819,96.95644794808788,13
592712,SL,10,0.3388741228253748,0.5159874973190473,0.45892541954008487,-1.880498053604485,-1.2785193900665448,-1.7097288251636247,-1.6229154229448848,73.73492532284094,13
592716,CH,56,0.3002528865622011,0.5647027978069946,0.617097965710145,0.11168903529226382,0.4252624452624342,1.0527896942880912,0.5299137249475964,108.98280676053557,427
592716,FC,20,0.28407911277259346,0.6274432589567589,0.5484431176184997,1.8691553411690554,2.3007537214004836,1.686362994881516,1.9520906858170182,131.34085454554605,427
592716,FF,126,0.38849519905794094,0.35653167942619834,0.40609071295967697,-1.4087372303295829,-1.2841039737332134,-0.9655126293172372,-1.2194512777933446,79.27718647070519,427
592716,SI,160,0.3823499269898595,0.3125707972452499,0.43437170970944905,-1.8112328267861917,-0.6601007518480999,-0.5021938396102335,-0.9911758060815082,81.67378628173877,427
592716,SL,65,0.2866031369118933,0.5917522076144075,0.551605399312072,0.07625541145400794,0.44373899882788453,0.6600510348899401,0.39334848172394415,106.36590613445506,427
592717,CH,28,0.29387738539806507,0.553956632347338,0.5755564305058406,0.42065400314574436,0.22110473851274087,0.15195853934176773,0.2645724270000843,104.48488664101441,262
592717,CU,74,0.2808409689650313,0.5221514010980562,0.5222431474207132,0.12436124617222731,0.23269576267695652,0.5465382566204129,0.3011984218231989,104.82722009866684,262
592717,FF,41,0.3847526333137571,0.34361960854478496,0.38327873434247484,-1.2778902486406976,-1.525865017234341,-1.906449970215718,-1.5700684120302522,73.3189545796247,262
592717,SI,119,0.3577730395405647,0.2984848861600248,0.4266496048221889,-0.6706372341237988,-0.9748440906998368,-0.745327095130655,-0.7969361399847634,85.26515484785156,262
592741,FF,125,0.3726039648004916,0.3899488365073206,0.39445398555367267,-0.8531504537633651,-0.6584129563145671,-1.4454986719969976,-0.9856873606916432,83.24966667732892,302
592741,FS,122,0.2944634740186551,0.5892784144096466,0.6300801623241336,-0.8595233015234746,0.07327309746237266,1.4749040974349854,0.22955129779129452,104.09513322827162,302
592741,SI,1,0.38871877566905944,0.34077291135475923,0.3937676128587696,-2.1068064932570296,-0.02993721440995374,-1.7806284631879628,-1.3057907236183153,75.85675545596968,302
592741,SL,16,0.31235306657832473,0.5050673803099686,0.532569330163305,-0.8876878396490242,-1.5267518858192046,0.1733084460987189,-0.7470437597898366,87.9099305727332,302
592741,ST,38,0.28731707353939423,0.5795058556433927,0.5317056174882987,-0.9391159113617467,0.5992377609429111,0.34216665040815664,0.0007628333297736989,100.01244630016535,302
592743,CU,2,0.4416327771498627,0.10251802379100777,0.4831864672270014,-5.1390567632566695,-6.046152821316466,-0.11326582393500775,-3.766158469502714,39.64086614829795,9
592743,FA,7,0.4293542257295099,0.055502554139268016,0.5275516097776841,-0.5305803411651806,-1.7555550599957468,1.485049795620839,-0.26702853518002934,94.29536607109915,9
592761,CH,71,0.3097839802896149,0.5860583075762662,0.5231367572188205,-0.35019999763021115,0.830978504384466,-0.9847658160971331,-0.16799576978095945,97.15222787128411,300
592761,CU,13,0.3199962734755968,0.40715513647358753,0.3960696066944116,-1.1573628494277175,-1.4879589143544987,-1.5849746271280316,-1.4100987969700824,77.40075391950262,300
592761,FF,116,0.3372123484782534,0.44437630108422366,0.4236083584790873,0.3842055446055619,0.36066761968924127,-0.24295335156100728,0.1673066042445986,102.84313414165601,300
592761,SL,100,0.32548343424156573,0.5181042476262527,0.49431032337913783,-1.3792204169198157,-1.2304021206997435,-0.8049548634728702,-1.1381924670308097,81.5796253329713,300
592767,FC,143,0.36164770223132486,0.41848332983845044,0.4575913682022064,-1.679637979226855,-1.6855877664814856,-0.9741055429311523,-1.4464437628798308,76.77731679675752,1214
592767,FF,2,0.3889948409369569,0.3979630008549636,0.4446026440733946,-1.4262056293540226,-0.5083585805858284,0.6230086762253254,-0.43718517790484185,92.5706692145277,1214
592767,KC,626,0.26566847724245446,0.5731098162178565,0.5365250229939772,-0.0028035273246392388,0.35338771971174815,0.11906789572606441,0.15655069603772442,102.54131695684255,1214
592767,SI,443,0.3835949096848046,0.37015519157035104,0.42212138732045745,-1.869011574307619,0.626596603117328,-0.8878996551999782,-0.710104875463423,86.87061000654427,1214
592773,FF,401,0.2994319709049202,0.5218611600681927,0.4990478682441379,1.7050770296875482,1.8114666848080319,2.8687386637683403,2.1284274594213066,136.16955113781347,640
592773,FS,155,0.23367873813969445,0.6304135184345367,0.598905399052959,1.202732725527141,1.013001581869589,0.42124633982293025,0.87899354907322,115.68100779599537,640
592773,SI,4,0.3422837507215388,0.33279278637831156,0.4753022570075123,0.04820947081005865,-0.20824951273021114,0.7865191939602767,0.20882638401337472,103.86106775403483,640
592773,SL,80,0.2423591833350056,0.6296190815830317,0.5640059418677017,1.7325185937241785,1.3045162802222399,0.9771265896577097,1.3380538212013762,121.65490760580796,640
592779,CH,13,0.2867845648402877,0.5742527406132222,0.6222039181801965,0.7643811893239244,0.6066940852487833,1.1635126379173135,0.8448626374966737,114.32164794859679,183
592779,FC,31,0.30682541669466196,0.5042402725451539,0.4811247265625639,0.8285030360852011,-0.04959726807306767,-0.28496350759271816,0.1646474201398051,102.64341758474268,183
592779,FF,74,0.29514345901661165,0.5256026084821896,0.4558353914984252,1.8550112926712012,1.8815202402044475,1.0863315501614959,1.6076210276790481,127.31919789583574,183
592779,SI,17,0.3279353474456363,0.3533013037597171,0.45067363069462907,0.7141085018408041,0.2500040710435144,0.011078018028283738,0.3250635303042007,106.01021906690626,183
592779,ST,48,0.24368483068198096,0.5875737247882195,0.5382210944742188,1.130119869963715,0.786247595799773,0.5058998675347278,0.8074224444327386,113.17381099044009,183
592789,CH,234,0.28962573194668256,0.5676815581366852,0.561489278091428,0.6266945853857676,0.48185350373344565,-0.15308866447385389,0.31848647488178644,105.39880800405795,984
592789,CU,118,0.29748975429958385,0.48119626954776334,0.4404795735613855,-0.4206261978663943,-0.3801036085076235,-0.834734790797086,-0.5451548657237012,91.26296044720912,984
592789,FC,53,0.3458847798764125,0.4497395168499317,0.4846686061480548,-0.9584781134438926,-1.0893115542785194,-0.18118586765104552,-0.7429918451244859,88.07125124065263,984
592789,FF,142,0.3882992394615298,0.33871187511617085,0.41821729223801085,-1.4018861224330228,-1.6177556803064477,-0.46532141610323974,-1.1616544062809033,80.25936084104677,984
592789,FS,1,0.28281621350692,0.5725078050116886,0.520621436665529,-0.4643643386420018,-0.30985026458364096,-2.2246279383113525,-0.9996141805123318,82.16715267805034,984
592789,SI,322,0.3621553585052161,0.2863686942513095,0.43029766374405193,-0.8740174915723712,-1.2455749417214268,-0.6304666451688598,-0.9166863594875526,83.05104903337173,984
592789,SL,114,0.3028520071747312,0.5457755220145715,0.5149193795033938,-0.5320176607761737,-0.6013878439883868,-0.2779917991937255,-0.47046576798609535,92.38603666309393,984
592791,CH,118,0.3412244547024309,0.48133436709335553,0.5066819842745404,-1.8738457340466417,-1.158586946756996,-1.341588741462671,-1.4580071407554362,75.28466279641606,1822
592791,CU,295,0.2769322285932717,0.5219600919980859,0.5087140977749846,0.25231138678667964,0.2298332618931476,0.3179852378278473,0.2667099621692248,104.27448351855472,1822
592791,FC,297,0.34012817100094056,0.4929429436818768,0.4967879023137251,-0.6951110048248125,-0.2651171093170326,0.17371105350187976,-0.2621723535466551,95.79081768174609,1822
592791,FF,550,0.370597880655711,0.397046326199463,0.42168172798015235,-0.7830140625011941,-0.5255220722751339,-0.3224220644237626,-0.5436527330666968,90.76140685799349,1822
592791,SI,195,0.3620027229816836,0.3068339101274656,0.44609661672754264,-0.8669337871861257,-0.7882889105793385,-0.13303091633960962,-0.5960845380350246,88.97877392572013,1822
592791,SL,155,0.312967541460134,0.5695724046959088,0.5331133311939799,-0.9106905788007567,-0.060444960847981885,0.18721827527124682,-0.2613057547924972,95.7710580193128,1822
592791,ST,212,0.25679644252942097,0.568844717498023,0.5470538005372456,0.5083086906888902,0.3521170344955555,0.7278647954683203,0.5294301735509219,108.63812132928236,1822
592804,CH,11,0.31161287674966415,0.5327485588412902,0.5218185900219152,-0.43883066703783447,-0.1818102982814184,-1.0133503658149172,-0.5446637770447234,90.76715844802847,87
592804,CU,12,0.29864114641149037,0.47636333459812535,0.4720015906976805,-0.45831628945835406,-0.45241736715047565,-0.3022175509623006,-0.4043170691903767,93.52012712810458,87
592804,FF,58,0.35624658045556157,0.4429081302930027,0.43698661315724624,-0.2812662128023925,0.3331781096189089,0.3088663565829005,0.12025941779980563,102.04363514606052,87
592804,SL,6,0.2856731363562131,0.5756202833468778,0.5320955066133194,0.1110697884555373,0.07703342059162566,0.16119301935027308,0.11643207613247866,101.88432319466601,87
592826,CH,42,0.3068667590473546,0.5246750952344152,0.5555443261402456,-0.2088277126706206,-0.33519150404217385,-0.2820053717150712,-0.2753415294759552,95.33256144162446,478
592826,FF,218,0.3518014543828781,0.4489164027918108,0.4234911232455329,-0.125856429890472,0.44567487658151184,-0.2477890131566699,0.0240098111781233,100.40801206983697,478
592826,KC,43,0.2951417268992669,0.5270855746122357,0.5270395193972135,-0.9439794761102269,-0.35292476738615824,-0.039369907054963384,-0.44542471685044954,92.76933661376975,478
592826,SI,24,0.37787607365916936,0.3071829832277577,0.40621018996814645,-1.6036045255323834,-0.780489029377155,-1.3888694384358364,-1.257654331115125,76.74676690623608,478
592826,SL,151,0.30460117350878857,0.5635349776468006,0.5216751396915096,-0.597497337987459,-0.19768575992355636,-0.10525045340863119,-0.3001445171065488,95.14249600177035,478
592836,CU,86,0.3415977453458997,0.3133482902847058,0.30194631619030055,-1.864473350614618,-2.891562667568282,-3.1750465646787935,-2.643694194287231,57.630276838292346,1601
592836,FC,161,0.355557480720921,0.4307080329596793,0.4383966994972374,-1.4010079620167148,-1.4523763491785826,-1.5361950184932944,-1.4631931098961972,76.50840569934448,1601
592836,FF,292,0.37523468000046317,0.3832019016012878,0.4317512483575478,-0.9451250955273172,-0.7847401766572517,0.09292058896995752,-0.5456482277382038,90.72749630762598,1601
592836,FS,571,0.27361354413799294,0.5641374656568111,0.6187346166680917,-0.15214351384784774,-0.5010700634000882,1.091442574701188,0.14607633248441731,102.60596236560976,1601
592836,SI,323,0.3686289698902685,0.29283308672998515,0.47516172682823077,-1.174453119543307,-1.101131003372237,0.7820945506167305,-0.49782985743293784,90.79544082223362,1601
592836,SL,109,0.3307551196035848,0.5093649777947844,0.46172361486296637,-1.5765648598944109,-1.4290603181822206,-1.6381803965064905,-1.547935191527707,74.9483966779343,1601
592836,ST,59,0.3115437077394955,0.5249669646039011,0.4724866666215616,-2.088051080973716,-0.6649509391318437,-1.14599904509263,-1.2996670217327297,78.79478355739286,1601
592848,FC,2,0.3430491642124536,0.42281112991109315,0.4490972738338458,-0.8287475872388084,-1.6030260569057395,-1.2228434150076415,-1.2182056863840631,80.44168362621923,111
592848,FF,31,0.32369686348586196,0.49449493181920984,0.45065597839595645,0.8567317574220297,1.2990711164342676,0.8726936508002938,1.009498841552197,117.1549750551579,111
592848,SL,5,0.29648225735088735,0.5822037546955795,0.5308594951315788,-0.2935674034959197,0.22668671846798605,0.12958883554024272,0.02090271683743635,100.33828714110966,111
592848,ST,73,0.2670165018829762,0.5787184813473006,0.5274779603070152,0.023627841924009185,0.5809867538381245,0.23592609231921727,0.2801802293604503,104.57138813802221,111
592858,FC,43,0.34246393236106254,0.45963634744442455,0.4646752619069726,-0.801973001035918,-0.900509105101627,-0.7666634579099499,-0.8230485213491648,86.78593972147624,287
592858,FF,171,0.33311958054635715,0.46611252621040083,0.45662546729668785,0.5272962388636168,0.7676490029656012,1.1189202104088312,0.804621817412683,113.67338588058863,287
592858,KC,49,0.28531921951253725,0.5085981241334222,0.504315798443513,-0.6303151256634858,-0.6366430139502782,-0.41892765875323523,-0.5619619327889998,90.87756602147235,287
592858,SI,1,0.38836783836370614,0.3174096462721613,0.41914894678975173,-2.09051974642578,-0.5519788497776644,-0.9814880166147049,-1.2079955376060496,77.6649265881558,287
592858,SL,23,0.29790764227103,0.524817292469003,0.4889350642534212,-0.34692639094926153,-1.0778034009213728,-0.9423975004914699,-0.789042430787368,87.23022896013163,287
592866,CH,179,0.30056707910280733,0.5351041100222614,0.5867921248469936,0.0964628615830856,-0.13705908641482017,0.3956053728106472,0.11833638265963754,102.00597344082271,1246
592866,CU,54,0.3111378314513698,0.49237997615448,0.4697719071076467,-0.8673873599288903,-0.21276515501754367,-0.3398847137563521,-0.4733457429009287,92.41382451502021,1246
592866,FF,653,0.3523940544716678,0.4251904901368533,0.42029230159965136,-0.146574818895982,0.001439288490373552,-0.3797324444561611,-0.17495599162058983,97.0268755659127,1246
592866,SI,162,0.31880643624254046,0.4588089287273907,0.5482548112288806,1.1377746762308503,2.6075244299129228,3.0834566566505304,2.2762519209314345,142.08645824851956,1246
592866,SL,146,0.3322366221763188,0.5060640774628089,0.48148521866086263,-1.6320245999783,-1.5040952950928015,-1.1328862564146802,-1.4230020504952605,76.97030011940568,1246
592866,ST,52,0.28224269501376986,0.5127035482469445,0.46092804950259114,-0.6984662237551541,-0.9492118048606781,-1.4364658168290694,-1.0280479484816338,83.22648886491916,1246
593140,CH,1,0.34102085827649425,0.4390386848244271,0.44067500209358895,-1.8639791899781608,-1.9621284081141395,-2.7729548597381153,-2.199687485943472,62.71210446237726,14
593140,FF,5,0.3794658632757787,0.37759395761964915,0.43088481274478985,-1.0930550447627874,-0.8897413342057631,0.05718227642772849,-0.6418713675136073,89.09232299723574,14
593140,SL,8,0.3094318105788376,0.54354646189438,0.4909748421858192,-0.7783312300610457,-0.6520581029570243,-0.8902414180767912,-0.773543583698287,87.48106050098045,14
593160,CU,1,0.42568790153026,0.27480274862102516,0.4557240724138957,-4.617111357941935,-3.4683080667245836,-0.5772018284710135,-2.887540417712511,53.72222385588507,6
593160,FA,5,0.4232304533229998,0.23351917594941146,0.5025509814011428,-0.38352936314005787,-0.22478557945240832,0.838859837468024,0.07684829829185258,101.64173993434235,6
593334,CH,173,0.3037574219060885,0.5251944321442427,0.531327365980492,-0.05814524471014355,-0.325325042099178,-0.8071518806900096,-0.39687405583311036,93.27240872621032,746
593334,CU,316,0.29070401922887507,0.6002009701012234,0.532508690189228,-0.19849945781925277,1.4005280951805075,0.7199592174954426,0.6406626182855657,110.2677147135517,746
593334,FF,166,0.3495198562054864,0.4345075012235782,0.4031982488853109,-0.04608756132683839,0.17588770527226963,-1.0848195732894732,-0.3183398097813473,94.59027462828408,746
593334,SI,91,0.35545989450182913,0.30649013553394433,0.4190706350089733,-0.5632858438464917,-0.795970399034194,-0.9839536912570781,-0.7810699780459212,85.5585101464734,746
593423,FC,96,0.3191884556763952,0.5315388715217758,0.5128135441210175,0.262889165002612,0.4711797924893324,0.642999934568936,0.4590229640202934,107.36962276033009,1016
593423,FF,335,0.33926215647858926,0.4403680767590946,0.460586064146673,0.3125404869369039,0.2856190465881828,1.2822849728843548,0.6268148354698139,110.65181298291917,1016
593423,FS,248,0.2839653500764911,0.5862647440994503,0.614106286056434,-0.503351327435064,0.0044260165995125425,0.9350123105369804,0.14536233323380965,102.59322481158911,1016
593423,SI,242,0.34385657884178994,0.30819340054726685,0.4737416932654903,-0.024784346070743066,-0.7579117094685052,0.7373842820956501,-0.015103924481199377,99.72073798984135,1016
593423,SL,77,0.307375993893185,0.5410258056187042,0.5113295398304661,-0.7013721608398482,-0.7093568294931439,-0.36978217051938533,-0.5935037202841258,90.39480473594361,1016
593423,ST,18,0.2803628121192083,0.5666320161292412,0.52002873745514,-0.6093137829136333,0.30082754155319963,0.04872794469840247,-0.08658609888734373,98.58727124938568,1016
593576,FF,339,0.35918087623021866,0.4305210035266658,0.4219414586635813,-0.38385458979830733,0.1012459338653514,-0.311708820179746,-0.1981058253709006,96.6334775706193,748
593576,FS,257,0.26053600242377667,0.6143048034093903,0.5893628846840915,0.29154088864510075,0.6449991490285546,0.09872442668370057,0.34508815478578525,106.15627958954542,748
593576,SI,131,0.3459132936332226,0.3164095585561712,0.4889439069526244,-0.12023499381088058,-0.5743253593481737,1.216031459106663,0.17382370198253622,103.21389030309861,748
593576,SL,21,0.33422062117439244,0.5295592598674363,0.45920114794896216,-1.706295189030877,-0.9700105630687892,-1.7026785902389994,-1.4596614474462217,76.37700869773107,748
593619,CH,23,0.3379202825896273,0.4792056190890257,0.5323967421126479,-1.7137213133411096,-1.1990293084946362,-0.7839623829628729,-1.2322376682662062,79.11178303943177,161
593619,FF,57,0.31073057776852847,0.49306391254382304,0.4619337199608938,1.3100569535031925,1.2722772181924489,1.3378724210210555,1.3067355309055655,122.20608336895691,161
593619,SI,58,0.321863242522873,0.34844933013052093,0.49468602484444113,0.9959105049372601,0.14158890564639665,1.3968241104629957,0.8447745070155508,115.61934629993647,161
593619,SL,23,0.290427275679143,0.5714295444649922,0.5113100773446163,-0.06690042639580732,-0.018229072551379406,-0.370279816365953,-0.1518031051043799,97.54323618136782,161
593643,FA,59,0.42443153893386076,0.2183980809936626,0.4795855285043787,-0.41237119494642027,-0.35481226142901956,0.24527295545807917,-0.17397016697245354,96.28340800185079,59
593833,CH,13,0.30292323843708285,0.4585536363163183,0.5629955580113305,-0.01771964332604227,-1.5913796271770422,-0.12042487693579447,-0.5765080491462928,90.22735181677618,36
593833,CU,1,0.31223985481469224,0.4066546651650261,0.39223046967860553,-0.9034613968018079,-1.4954473167005091,-1.6498310935833664,-1.3495799356952278,78.37067222692951,36
593833,FC,20,0.31169630200679066,0.47964925718444285,0.43091121395713544,0.6056581270735014,-0.5187215885835514,-1.7553971681232436,-0.5561535432110978,91.07094387089204,36
593833,SI,2,0.3021798549686132,0.24445225413425054,0.5345122323990062,1.9094023024390125,-2.1821789168139754,2.6507666091913475,0.7926633316054615,114.65584362784182,36
593934,CU,1,0.4380843947550856,0.20680901888338893,0.23140269945943873,-5.022902712799438,-4.4856778870742335,-4.366775250919108,-4.625118616930926,25.874559995295584,1
593958,CH,199,0.3014443288716219,0.5614128960874668,0.5881776206564696,0.05395021204489001,0.3627602631573639,0.4256499482960095,0.28078680783275445,104.75974392986083,984
593958,FC,176,0.34634539393045316,0.4451858039033589,0.4782131401451803,-0.9795513866549483,-1.1761830177185304,-0.37022531166737427,-0.8419865720136176,86.48188894373158,984
593958,FF,360,0.373257029013052,0.361246568853151,0.418297745816303,-0.8759827797406314,-1.1958240534693516,-0.4620029062407538,-0.8446032464835789,85.64718746714674,984
593958,SI,192,0.3622689425250021,0.3209625289564994,0.4199092535533843,-0.8792888438797812,-0.4725912864279252,-0.9575494841374835,-0.7698098714817299,85.7667023946292,984
593958,SL,57,0.2951999618628953,0.5638929909921869,0.5336448984433659,-0.24556493911710794,-0.1895475187156901,0.200810178991536,-0.07810075961375403,98.73602637907291,984
593974,CH,290,0.3180938550048756,0.4749158249365673,0.5116305559745962,-0.752907190079589,-1.2805276382832544,-1.2342786110601225,-1.0892378131409886,81.53583813538431,621
593974,FF,27,0.34949167539419446,0.4161102398641063,0.4376304166753807,-0.04510230833433498,-0.16857610263876954,0.33542164933412794,0.04058107945367448,100.68961684460055,621
593974,SI,231,0.3288517433370424,0.3509437433986225,0.4345948753421741,0.6715792305069863,0.1973254466289577,-0.49516738923214604,0.12457909596793265,102.30338868597077,621
593974,SL,73,0.3050815300390892,0.5649927832462773,0.529438439968266,-0.6154793845990353,-0.16454740417338837,0.09325317907669117,-0.22892453656524417,96.29511189350232,621
594311,FF,8,0.3271037273381193,0.42955310806434016,0.4302482278708276,0.737621531292908,0.08312340192443055,0.03092473478201911,0.2838898893331192,104.8242987207721,120
594311,SI,74,0.34460996671940247,0.322578070853313,0.4490063637081638,-0.05974853323817817,-0.43649273038980424,-0.04141648394484909,-0.17921924919094384,96.68634944179674,120
594311,SL,38,0.30203829985705527,0.5349151248526345,0.5160631731658516,-0.5015566969052937,-0.8482628078858818,-0.24874557803552266,-0.5328550276088994,91.37633613287642,120
594577,CH,32,0.3104087156699465,0.5420859211825637,0.5925705209927995,-0.3804754758603586,-0.004417302627109757,0.5209103055283081,0.0453391756802799,100.76856483356455,341
594577,CU,10,0.3238512954988687,0.41848933927587983,0.39840429663702426,-1.2835545539249409,-1.3183686313494485,-1.5455335393723053,-1.3824855748822316,77.84330305320846,341
594577,FC,30,0.33358009171688463,0.5102881085012945,0.4610539307739392,-0.3955338153099297,0.06577767240280503,-0.8727091599061857,-0.4008217676044368,93.56479859852332,341
594577,FF,138,0.36366940229937994,0.43457648397837584,0.4133398984284481,-0.5407817164077305,0.17717931394888187,-0.6665017713322229,-0.3433680579303572,94.1649556927909,341
594577,SI,19,0.374981621146008,0.3007307197555913,0.4339155239195062,-1.4692750752920463,-0.924661950538847,-0.5165570136217572,-0.9701646798175501,82.06226871645127,341
594577,SL,112,0.3121243357947919,0.5313972483055329,0.4900294580928359,-0.8791253504320754,-0.9282300165074352,-0.9144144076380608,-0.9072565915258571,85.3170647152198,341
594580,CH,10,0.3039124778843992,0.46635220063568833,0.5725293395958702,-0.06565945639654953,-1.4432210106584527,0.08631585697230053,-0.47418820336090056,91.9618217110007,535
594580,FF,109,0.2617417689779025,0.46308367297993225,0.44932079675148906,3.022795808324613,0.7109378274822079,0.8176207311187791,1.5171181223085333,125.78123170890751,535
594580,SI,204,0.29786965735174054,0.30543601385182806,0.39424767109284853,2.1094354602362175,-0.8195242732406903,-1.765513656668881,-0.15853415655778452,97.06880372089779,535
594580,ST,212,0.23727748227138504,0.521457841468597,0.5011629151101152,1.4339849414419572,-0.7462909467900516,-0.4253680874055344,0.08744196908212373,101.42669302948237,535
594798,CH,29,0.3070535742383359,0.4858003997713612,0.5042431781633646,-0.2178810165584411,-1.0737404037520677,-1.3944744259954123,-0.8953652821019737,84.8222589252433,377
594798,CU,6,0.2798051030223818,0.5950066514310873,0.5796939298026352,0.15826966177775362,1.3228070601282111,1.5170831277842614,0.9993866165634087,116.01688060850913,377
594798,FF,185,0.2724770269471235,0.5460371875548533,0.43813579349300386,2.6474714455910906,2.264130063639114,0.356267185221465,1.75595623148389,129.8399404824851,377
594798,SL,157,0.27714743830864574,0.6045926420178598,0.5699489934074318,0.43022751821852506,0.7356235158039707,1.1290873893985132,0.7649794744736697,112.38033895018768,377
594835,CH,420,0.303375697539643,0.5486883069566305,0.6101503296569437,-0.03964639205975582,0.12101608510274514,0.9021297107518182,0.3278331345982692,105.55724745209821,1117
594835,CU,142,0.3073334470613163,0.4652569708501294,0.5045190598793902,-0.742853246285614,-0.6185985626024155,0.24711635937044474,-0.3714451498391949,94.04695588375763,1117
594835,FC,183,0.3568336209705029,0.4338218380661339,0.4655983739176339,-1.459391877789916,-1.3929740966346948,-0.7396313921872731,-1.1973324555372946,80.77680376004149,1117
594835,FF,232,0.39381154013651315,0.3349459357431717,0.39790136055128833,-1.5946062921732786,-1.6882677957478858,-1.3033030335664795,-1.5287257071625477,74.02151414831891,1117
594835,SI,140,0.368686857717865,0.40996957271333595,0.4631661996752244,-1.1771396518050354,1.5162310172095024,0.4044110548634309,0.2478341400892993,104.5822964907847,1117
594838,SL,3,0.4193960747180494,0.10436742030463653,0.577108629802691,-4.894820542949892,-10.635331128827369,1.3121556440154611,-4.739332009253933,23.299201312025303,3
594902,CH,71,0.29578865995959736,0.510349458862271,0.5104361305437707,0.32803118522755187,-0.6073526838087501,-1.2601798117513356,-0.5131671034441779,91.30107278018006,784
594902,CU,54,0.3125322531330976,0.49437704364397855,0.4820016609813343,-0.9130328705752263,-0.18288363210569406,-0.13328134987529458,-0.4097326175187383,93.43333369944806,784
594902,FC,16,0.3468880244326318,0.45119726481542033,0.4568869689191395,-1.0043769444614246,-1.0615020062076412,-0.9947329072108463,-1.0202039526266373,83.62060537536951,784
594902,FF,216,0.38594199814879127,0.3508883922192562,0.3757567662152985,-1.3194726307359141,-1.3897668853185896,-2.2167124339272717,-1.6419839833272585,72.09685329441605,784
594902,SI,250,0.36436475191869355,0.3004762644035054,0.3580270050124292,-0.9765538438695798,-0.9303476407735537,-2.9059343826006456,-1.604278622414593,70.33790300608908,784
594902,SL,19,0.303270311204552,0.50886434842714,0.47709938942213515,-0.5476767849632433,-1.440440459738774,-1.2450296753616912,-1.077715640021236,82.55837527593616,784
594902,ST,158,0.30217779274260115,0.4918402823444152,0.4949701565721374,-1.6438775714945026,-1.4328135887974713,-0.5809914255743759,-1.2192275286221166,80.1072250007943,784
594943,CH,32,0.300929097299223,0.5758454898817595,0.6052599572182694,0.078918995220526,0.6369534404869476,0.7960816354849185,0.503984690397464,108.5432719912217,122
594943,CU,9,0.2947544713479843,0.491916695428499,0.4380533568305462,-0.3310884427353407,-0.2196970858114778,-0.8757220864755689,-0.4755025383407958,92.379258177544,122
594943,FC,29,0.3334169740303828,0.5222074961264395,0.472653490074118,-0.38807111732437255,0.29316456710911326,-0.5330320180911973,-0.2093128561021522,96.63947795803108,122
594943,FF,16,0.3624592247906424,0.41114836888409,0.40455455277073415,-0.4984716849614796,-0.2614804180552434,-1.0288754137399783,-0.5962758389189005,89.86715316392146,122
594943,SI,36,0.32781366896441744,0.4424907427921252,0.5310639419489189,0.7197555122560332,2.242901914962067,2.542195941562514,1.8349511229268711,133.92708562395632,122
595014,FC,21,0.34513485263506355,0.4495814243885234,0.4307877133139517,-0.924168648704974,-1.0923274939397378,-1.7590137146146534,-1.2585032857531218,79.79470487183224,139
595014,FF,12,0.3445741736024102,0.3807554652777716,0.402348691394205,0.12682259850386632,-0.8305463841869613,-1.1198617053217557,-0.6078618303349501,89.67026597044435,139
595014,SI,51,0.32929598896783213,0.3293685293225756,0.4572676131578092,0.6509621116963289,-0.2847629943423045,0.21869193243684454,0.19496368326362296,103.60475518557475,139
595014,ST,55,0.26866439652362156,0.5412405401142917,0.5098091533787217,-0.05452268005170166,-0.28773626024971943,-0.20808907455335715,-0.18344933828492607,97.00686186574265,139
595191,CH,2,0.32477738589501964,0.5867704398298281,0.47568313657646133,-1.0767996737383123,0.8445077291424049,-2.0138009656024343,-0.7486976367327804,87.30848838930278,27
595191,CU,7,0.33812083383609537,0.3706993041341176,0.353120580968077,-1.7506588543135486,-2.0334366185636523,-2.3105340522907922,-2.0315431750559974,67.44104439001266,27
595191,FF,6,0.36642605871698924,0.39531110673020464,0.47134599627412643,-0.6371594947695455,-0.5580117072410671,1.7261053925922485,0.17697806352721202,103.00748662618695,27
595191,SL,12,0.3413376898001152,0.5101247324442797,0.4369707624742784,-1.9727211699276763,-1.4117898262408697,-2.2710982199016287,-1.8852030720233914,69.4900924790918,27
595345,CH,13,0.34249519653826455,0.4211827836886775,0.500061263780932,-1.9354275141060637,-2.3013582330698017,-1.485159537763335,-1.9073150949797335,67.66824084175249,597
595345,FF,193,0.36227236791350304,0.4092308207892301,0.41944418140217166,-0.4919388248722496,-0.29738390965117717,-0.4147152917036625,-0.4013460087423631,93.17970414123901,597
595345,SI,12,0.3693298588135883,0.2858237518697665,0.40678517978722684,-1.206980868166228,-1.2577514337928961,-1.3707656767484304,-1.2784993262358513,76.36135613128106,597
595345,SL,379,0.2681924769538585,0.5730997017567413,0.4841173241066535,0.7654546304342421,0.019736391782538738,-1.0655846612878999,-0.09346454635703966,98.487380639171,597
595411,SI,17,0.3178582712854871,0.3865328196621728,0.48858162583010045,1.1817783269520086,0.992547326283461,1.2046249073932618,1.1263168535429104,120.82488620672558,29
595411,SL,12,0.2669353936640262,0.5581394127454412,0.5254232650200898,0.8125132814288485,-0.32033596049800017,-0.009412798518347627,0.16092150747083359,102.60433498328152,29
595881,CH,75,0.28994383693634523,0.574894838597112,0.6106045743335368,0.6112788093746158,0.6188927855565054,0.9119800389746697,0.7140505446352636,112.10419311246949,349
595881,CU,38,0.30474203351847445,0.4730723662351246,0.4882301076855946,-0.658024965135912,-0.5016591414311586,-0.02806107691275625,-0.3959150611599423,93.65478368370061,349
595881,FF,94,0.35820313941841875,0.3882266778632436,0.4066371415334394,-0.3496711126185281,-0.690658045014155,-0.9429738106634603,-0.6611009894320478,88.76554334108107,349
595881,FS,28,0.2812841100730064,0.5786905497293235,0.6109219729682537,-0.41238435559255915,-0.16860590746558957,0.827387557821403,0.08213243158775146,101.46522042327788,349
595881,SI,84,0.3518160189296557,0.3124790897710616,0.42248565056665643,-0.39417621080585863,-0.6621499140534441,-0.876430695608286,-0.6442522734891962,88.08818296411506,349
595881,SL,30,0.28915167379347745,0.5815709348253543,0.5379993810982083,-0.019148535625224835,0.2123016660351883,0.3121520817604563,0.16843507072347325,102.72593361814077,349
595897,FF,44,0.3002362365764664,0.5081246014997406,0.44891375148453194,1.6769584226166234,1.554268225775113,0.8008311269576072,1.344019258449781,122.83966647936532,60
595897,SI,1,0.31724987683384975,0.407601910611386,0.5016828952648514,1.2100134739603303,1.463326673945395,1.6171230974109032,1.4301544151055428,126.44265053739998,60
595897,SL,15,0.23459253433790786,0.6378242422813131,0.5744412574533798,2.023261480459063,1.4910332851675798,1.2439522921350168,1.5860823525872196,125.66897254524535,60
595928,CH,2,0.31307826376392245,0.5409361095452022,0.5237080004732473,-0.509845202224509,-0.026261644030479085,-0.9723783653659602,-0.5028284038736495,91.47632874360406,88
595928,FC,3,0.3118897530268585,0.5443184303910753,0.5022663473208719,0.596807667207839,0.7149762272051738,0.3341397813061805,0.548641225239731,108.80844571559028,88
595928,FF,54,0.3775939070164426,0.38682195982816087,0.4104131905156965,-1.0276080110618038,-0.7169594881448081,-0.7872211884078805,-0.8439295625381641,85.65863575297229,88
595928,SL,29,0.30666394018265497,0.5853616540399119,0.5154502039829997,-0.674716578569149,0.2984710441238024,-0.26441888771825767,-0.21355480738786808,96.54385380506724,88
595939,CH,5,0.26267498936230316,0.6222396034319168,0.6377405861368546,1.9327621558931596,1.5183576832043935,1.5004263911183182,1.650515410071957,127.97863177714201,25
595939,CU,1,0.3301495408192895,0.4971065304759908,0.4608495768545255,-1.489723625729877,-0.14204313786238526,-0.49061411215566314,-0.7074602919159751,88.66173826717416,25
595939,FF,10,0.3751886258573337,0.3723342545311447,0.42284365816298664,-0.943514957981404,-0.9882221525703339,-0.27449533632656314,-0.7354108156261003,87.5027551512977,25
595939,SL,9,0.31379389307473765,0.5664928033735334,0.4962411097200942,-0.941624879292214,-0.1304494417103102,-0.7555856405174726,-0.6092199871733321,90.14045449830638,25
595978,EP,10,0.5052993667879654,0.14116691951561486,0.37009767389886633,-2.46022914869532,0.08077675975371432,-2.2351317540791813,-1.5381947143402623,64.15706963934795,22
595978,FA,12,0.42537634569563654,0.21486101379419598,0.4473313576365865,-0.4350589679629644,-0.38522759267459805,-0.5883989430798502,-0.4695618345724708,89.96856882200588,22
596001,CH,119,0.3057959917403006,0.554570556124319,0.5962057812653153,-0.15693695489560655,0.23276817984891734,0.5997411839182236,0.22519080295717814,103.81731095456003,948
596001,FC,7,0.3102710690749192,0.5393407010683472,0.4741638113189162,0.6708630914015515,0.6200157771401136,-0.48880433750615937,0.26735817701183523,104.29244081648969,948
596001,FF,5,0.37553024788812367,0.377401380202665,0.40666617919844406,-0.9554586924840672,-0.8933470855768972,-0.9417760792542789,-0.9301939524384144,84.192697015874,948
596001,SI,272,0.36368639777684425,0.31557280581796465,0.4386997034128888,-0.9450719181760235,-0.5930222224068016,-0.36592539799333385,-0.6346731795253863,88.26529435255996,948
596001,SL,7,0.28793726670472936,0.5235536170252316,0.5012918836878628,0.02631254067497451,-1.1065288540431597,-0.6264399236544808,-0.5688854123408886,90.79322457188375,948
596001,ST,538,0.2805959586453833,0.5351133767695859,0.5004651419884804,-0.6203706322218274,-0.42976134576677655,-0.4429030488944045,-0.49767834229433616,91.87993786817839,948
596043,CH,5,0.30698480876344875,0.5668372320718705,0.5807760133407027,-0.21454855340127713,0.4658128356655018,0.2651455655395779,0.17213661593460086,102.91796548109026,32
596043,CU,3,0.3332859485041007,0.37829686566889337,0.34928543108650806,-1.592391944965209,-1.9197565800725185,-2.37532316208841,-1.962490562375379,68.54773066605497,32
596043,FC,15,0.32932152670495524,0.5251700473971198,0.46965423854282157,-0.20070279963383356,0.3496813408758391,-0.620860974465367,-0.15729414440778716,97.47463940247876,32
596043,FF,8,0.37776612234922924,0.3986701010560526,0.41651090213211905,-1.0336289758319486,-0.49511908677843225,-0.535705760912442,-0.6881512745076076,88.30586280792402,32
596043,SL,1,0.3280004928522462,0.4561129768986195,0.466087725604966,-1.4734459814874437,-2.6395672271547226,-1.5265923084547062,-1.8798685056989575,69.57642648079059,32
596057,CH,88,0.2896086421489454,0.5631619082022411,0.620865831259979,0.6275227789148022,0.39598832983568616,1.1344961275782055,0.7193357454428979,112.19378493715813,312
596057,CU,1,0.3413521749897441,0.3523518133946857,0.3645024885400111,-1.8564347605287,-2.307964629153289,-2.1182537810741966,-2.094217723585395,66.43657750567563,312
596057,FF,123,0.37164085203731595,0.39654954820064514,0.3981113571102031,-0.8194782602198256,-0.5348235676344486,-1.2946411981746946,-0.8829810086763229,84.99501281771673,312
596057,SI,22,0.3751284036143165,0.3274070031679274,0.4010943637659507,-1.476087143613478,-0.3285924127891205,-1.5499430702209445,-1.1182075422078475,79.32504983057723,312
596057,SL,14,0.3202025486946624,0.5240382624389571,0.46416122571535706,-1.1815315669412805,-1.0955120544517136,-1.5758519290332005,-1.2842985168087315,79.21506199593772,312
596057,ST,64,0.2951371594247048,0.5160898049553737,0.46723607484726815,-1.3099793019924564,-0.8707197896261049,-1.2779458365372423,-1.1528816427186013,81.18971678302395,312
596071,CH,36,0.32738746530787444,0.5357651914919946,0.5716622271471842,-1.2032874715014223,-0.12449973421220101,0.0675124616529771,-0.42009158135354874,92.87883797046413,162
596071,CU,19,0.2967489762634261,0.5183093527151734,0.5093585276274536,-0.3963772979969429,0.17520834305531233,0.3288719144266244,0.03590098649499793,100.57537473975327,162
596071,FF,36,0.34313826988100893,0.45576024384987057,0.43535203849488374,0.17702443349719346,0.5738165334038979,0.24144422007679334,0.33076172899262823,105.6208179509595,162
596071,SI,49,0.3593416157475488,0.35517197658737987,0.4155406877660363,-0.7434337227813761,0.291803412819524,-1.0950953524389317,-0.5155752208002613,90.46734027782723,162
596071,SL,22,0.2899000782489502,0.579412757701726,0.5549096508224359,-0.04716490045781961,0.16324269595005442,0.7445390624129977,0.2868722859684108,104.64270775127359,162
596082,CH,1,0.26885283200357735,0.48877732100458665,0.5828038526273058,1.633375973705269,-1.0171842847874522,0.30911940515845954,0.3084370313587588,105.22845535046855,84
596082,FC,1,0.39207121892667973,0.4354143710654185,0.4789404856716833,-3.0715257727888363,-1.3625932461402674,-0.34892599820546993,-1.5943483390448578,74.40270590296666,84
596082,FF,7,0.3458202389773245,0.38893459331945507,0.37960143456958184,0.0832578612516371,-0.6774032866584971,-2.058129433363352,-0.8840916195900705,84.97613958900452,84
596082,SI,31,0.35554933133283206,0.3033897762336623,0.4245928490564252,-0.5674365425659328,-0.8652465311854429,-0.8100847916967204,-0.7475892884826987,86.17754691937049,84
596082,SL,44,0.3054653239215192,0.5082950482268251,0.3908971810299486,-0.6298466286100084,-1.453381603999331,-3.4491762218166855,-1.8441348181420083,70.15473632916857,84
596112,CU,3,0.32642846884405197,0.4235813810783721,0.40906137115652225,-1.3679166912227871,-1.242177934445423,-1.3654982363236843,-1.3251976206639648,78.76144054655911,442
596112,FC,81,0.2448891602399605,0.6812660679259613,0.6058167153252016,3.6621110046007517,3.3275347759958867,3.366469900697762,3.4520385604314665,155.4225473202427,442
596112,FF,167,0.3287937728565307,0.444120934185574,0.44103792539816356,0.6785344316622287,0.35588622029481476,0.475972903151536,0.5034645183695265,108.55565246663012,442
596112,FS,20,0.31340381021619307,0.507680464038316,0.5442231937684594,-1.5021159181224288,-1.7908261931772707,-1.4269258275218784,-1.5732893129405259,71.93294307155205,442
596112,SL,171,0.2646269285499431,0.6236910360403557,0.573635167640784,0.8989301919196023,1.1697619054503852,1.223340986349415,1.0973443612398008,117.75929366807283,442
596117,CS,2,0.419058759133234,0.08868387787759469,0.5722035521843405,-0.5971790693531976,-1.1450803159914935,1.8140145119593896,0.02391837553823284,100.45447675945672,31
596117,EP,15,0.45515891142014275,0.22256608187227492,0.5077430916733111,-1.0667698091714664,1.23479046133363,0.11686711414768101,0.09496258876994824,102.21281312724338,31
596117,FA,14,0.3436446180110929,0.42838269738262336,0.4260606860423448,1.5275761030135855,1.4508508215084752,-1.1381808997710863,0.6134153415836581,113.1046293151675,31
596133,CH,246,0.318815912114653,0.5051439475927223,0.5589661427704687,-0.7878990042079744,-0.7062479825309339,-0.20780303393774624,-0.5673166735588848,90.3831589734475,973
596133,CU,11,0.32591897986551993,0.4466088399799585,0.4529478196991316,-1.351238892176405,-0.8976249614549121,-0.6241024575252287,-0.9576554370521819,84.65193295053375,973
596133,FC,129,0.3499512128160738,0.44029343415041283,0.4679835127379483,-1.1445190116322703,-1.2695150579930354,-0.6697858819958753,-1.0279399838737269,83.49640324078817,973
596133,FF,427,0.3463430157623951,0.4382273604985846,0.4481576966639775,0.06498062336214563,0.245537033274135,0.7696457473654336,0.3600544680005714,106.11860575050355,973
596133,KC,60,0.3174365228345795,0.47140286210443166,0.4599692848893424,-1.6559242382837076,-1.2074612852663704,-1.159654189173726,-1.3410132375746013,78.2310793483957,973
596133,SI,17,0.3679422928170859,0.3452260704145392,0.46275389724869614,-1.1425849326188944,0.0695666190611491,0.3914295643651393,-0.22719624973086863,95.79928504811289,973
596133,SL,66,0.3346156962230156,0.5145318785547716,0.4837823648686034,-1.7210847411474401,-1.3116080354006703,-1.074149398334918,-1.368947391627676,77.84511443919891,973
596133,ST,17,0.30412901283134786,0.5049199545938624,0.49188969107552927,-1.7364131406164036,-1.1296322526302323,-0.6584031833162872,-1.174816192187641,80.83183521698871,973
596271,CH,46,0.3023561168467675,0.5380699027040603,0.6323653158962822,0.009763796706321553,-0.08071438979869072,1.3838632724191882,0.4376375597756063,107.41859183021796,197
596271,CU,5,0.3321176156757679,0.4575787506682033,0.44426071741288153,-1.5541473097498069,-0.7334854722811958,-0.7708580319427636,-1.0194969379912553,83.66081707928242,197
596271,FC,3,0.3430864452932461,0.5230830792972694,0.4413823621024708,-0.8304532112731876,0.3098681213967603,-1.4487639951307147,-0.6564496950023806,89.46068717144317,197
596271,FF,30,0.3617347995926244,0.41386269990108665,0.4216876111438522,-0.4731444476865332,-0.21065824513632012,-0.3221793985638335,-0.33532736379556227,94.30159567852527,197
596271,SI,36,0.34099525709867706,0.43844048857068024,0.5353260422097665,0.10800752906466075,2.1524008086336965,2.6763897043905645,1.6455993473629738,130.42609106211887,197
596271,SL,55,0.3076871813558396,0.5127214883933207,0.4423845074464468,-0.7130213986567908,-1.3527612270459064,-2.132671519398737,-1.3994847150338114,77.35090194459626,197
596271,ST,22,0.30487890602411605,0.48865144162020974,0.44492982031697376,-1.771976424211959,-1.506729584026631,-1.838499549516625,-1.705735185918405,72.16942247026654,197
596295,CH,306,0.2971881561995703,0.6284181511532833,0.5493569349604823,0.2602098015178842,1.6357389145443808,-0.4161793909264107,0.4932564417119514,108.36141260490281,1578
596295,FF,606,0.40260330930020527,0.3170701907413994,0.4010619805499951,-1.9019827118293058,-2.0229669160268386,-1.1729353251323194,-1.699294984329488,71.12293559177891,1578
596295,KC,313,0.26248925615394725,0.5084732848812384,0.49347167270026165,0.0987192589041032,-0.6385588635030622,-0.6000587329566254,-0.37996611251852813,93.83193847610752,1578
596295,SI,5,0.38729040050611163,0.3344907288336758,0.40943836135608447,-2.0405166337747036,-0.1703097533247995,-1.2872292988124903,-1.1660185619706644,78.44105431647634,1578
596295,SL,348,0.29172345920464765,0.6063146590342839,0.5396937990723338,-0.11542278656481257,0.7747678382833122,0.35547748601145135,0.33827417924331693,105.47459002087638,1578
598264,CH,8,0.28436251355148556,0.5619186007901326,0.5462667854815824,0.8817569029060642,0.37236773782136146,-0.483189502862423,0.2569783792883342,104.35615651021494,331
598264,FF,153,0.3773349717540191,0.37234400778338633,0.40703856667165655,-1.0185551580575285,-0.9880395361286245,-0.9264160228247921,-0.9776702390036482,83.38590608336949,331
598264,FS,19,0.2687775298348315,0.6123145123254843,0.6129282269212589,0.011928921433550635,0.599531092774789,0.8951957725281504,0.50221859557883,108.95944426539752,331
598264,KC,151,0.2726640934083318,0.519303070893505,0.49732450544957596,-0.22619612091119565,-0.47235920814300625,-0.5357042841857225,-0.4114198710799748,93.32134368469647,331
598265,EP,1,0.46859119841999364,0.2170712593954351,0.4788448715547125,-1.4400680896477704,1.1568891630593534,-0.37692760936496533,-0.22003551198446078,94.87274435453247,7
598265,FA,6,0.3795032614798732,0.3580491892259343,0.42418896699089026,0.6664976300232061,0.8460511873449267,-1.1865591260027173,0.10866323045513843,102.32141464154921,7
598286,CH,77,0.31683341473048987,0.5544864899114618,0.6328259598865708,-0.6918246369075379,0.23117107385827287,1.3938523702161256,0.3110662690556202,105.27302474553518,222
598286,FF,3,0.38823625969819325,0.29218917534729166,0.36761985349899273,-1.3996842340753177,-2.4888302388270516,-2.5523398313959986,-2.1469514347661223,63.515660650568456,222
598286,SI,94,0.33759027844627293,0.37661339248960896,0.4540358964039333,0.2660301286332295,0.7709021938600307,0.11694016568914885,0.38462416272746963,107.11145748726159,222
598286,SL,4,0.34813208964324405,0.44172914494880183,0.41692744441091534,-2.227068112188168,-2.966535747768709,-2.783595650221118,-2.659066503392665,56.96597660252044,222
598286,ST,44,0.3069145809236591,0.4697595364962078,0.4539366285922867,-1.8685172175662224,-1.9446360490362333,-1.61215945221507,-1.808437572939175,70.493742230997,222
598287,CH,77,0.28659360212062973,0.5777672041826243,0.6135648549310793,0.773635487773783,0.6734625363282073,0.9761739349521368,0.807757319684709,113.69265895661306,211
598287,CU,55,0.309756667658245,0.47446062742385,0.44728820934164154,-0.8221758378695841,-0.48088700491766284,-0.7197130928814538,-0.6742586452229002,89.19385146768663,211
598287,FF,79,0.3551339707452251,0.44181858302533583,0.4267780440976171,-0.24236733103351243,0.3127778123471433,-0.1122117088726976,-0.013933742519688916,99.76321616676375,211
600917,CH,84,0.37942011946244963,0.34335165837315706,0.46363034188274266,-3.724856663368729,-3.7800088380524346,-2.275166678517842,-3.2600107266463354,44.73808656751981,673
600917,FC,90,0.3110369259887944,0.5286986760707034,0.4975356919819452,0.6358248379112603,0.41699720825858616,0.19560904553816882,0.4161436972360051,106.6811952845627,673
600917,FF,243,0.3090150894177122,0.5069216786095144,0.48618248221349564,1.3700335813488311,1.5317451234886241,2.338073510848356,1.7466174052286036,129.6812406159181,673
600917,SI,29,0.357342715284429,0.31708448681773027,0.48112176641740606,-0.6506661962543068,-0.5592443913338775,0.9697485451561554,-0.08005401414400959,98.51985191405369,673
600917,SL,227,0.29756630161606146,0.5339178033678837,0.4650210567657901,-0.3341483746615915,-0.870933590719216,-1.5538664871785752,-0.9196494841864609,85.1164995800348,673
600921,CH,108,0.30122058157183546,0.5041642598407778,0.5563349412543312,0.06479329331898741,-0.7248602778206935,-0.26486082655473786,-0.30830927035214795,94.77371038402724,461
600921,FF,149,0.3357215028249306,0.4648477905686184,0.42572204413674697,0.4363282505872634,0.7439685406045615,-0.15576907896512637,0.34150923740889944,105.80345633665864,461
600921,SI,129,0.33259380440175684,0.3247104543225695,0.46159602273588923,0.49791287968479203,-0.38884558220284626,0.35497346801667984,0.15468025516620854,102.85994008003259,461
600921,SL,75,0.3136959827129571,0.5538478253066118,0.5119266429088791,-0.9379596253022415,-0.41789090975318827,-0.3545145490429856,-0.5701216946994718,90.77321672180656,461
600986,CH,4,0.36195607762740056,0.3078364058020565,0.44256140707933167,-2.8785267850980585,-4.45473439916284,-2.732048033024907,-3.3551030724286015,43.12613328842216,186
600986,FF,48,0.3191450484026439,0.47780085469804484,0.4361502543829818,1.0158715843631074,0.9864971271673062,0.2743686387698527,0.7589124501000887,112.8966211892801,186
600986,SI,73,0.3389259476617232,0.364461102019199,0.4419560670615416,0.20404268520531446,0.49936473673630183,-0.26339761488053126,0.14666993568702835,102.71183433953095,186
600986,SL,61,0.31184760913791976,0.5598153752677959,0.4916681843769326,-0.8687661456984048,-0.2822385335779266,-0.8725130115248236,-0.6745058969337183,89.08387491875484,186
601713,CU,188,0.25490160331739853,0.5345611930113926,0.5150809141884484,0.9734699529166009,0.4183797635129792,0.4255430596630734,0.6057975920308845,109.70894300930972,1749
601713,FC,215,0.3064881385241878,0.5379787528994653,0.5084809610970386,0.8439336443616446,0.594033807712449,0.5161261990953275,0.651364550389807,110.45767073128975,1749
601713,FF,868,0.33905374430108765,0.4573650709449828,0.4668123811681756,0.3198269599709912,0.6038647477233926,1.5391050532515052,0.8209322536486295,113.95055819149113,1749
601713,FS,21,0.29175880982478236,0.5347782422648657,0.5206180570932577,-0.7677616124364514,-1.1717794041323173,-2.2247421625160415,-1.3880943930282699,75.23677048414767,1749
601713,KC,195,0.2798621251034522,0.4826270241154316,0.4595965264561944,-0.4560524953838964,-1.0352093261029405,-1.1658804297221157,-0.8857140837363175,85.62203633147082,1749
601713,SL,95,0.2820449118192062,0.5647248348277203,0.5265910661947175,0.24689161792226272,-0.17063831918978378,0.0204472824936253,0.03223352707536808,100.52166365774413,1749
601713,ST,167,0.22399636886540025,0.5888869567403452,0.5513423734145916,2.063834641474871,0.8166877635921899,0.8356361582721512,1.2387195211130706,120.21080408877765,1749
605121,FC,13,0.3417967171265723,0.4554863309953246,0.45216746523711593,-0.771447642976066,-0.9796792254986015,-1.1329370820427613,-0.9613546501724762,84.56543208947822,139
605121,FF,50,0.334181889364488,0.4647140238634387,0.42124028464023233,0.49015596879890994,0.7414639401785748,-0.34063050348079665,0.29699646849889605,105.04702610726582,139
605121,SI,19,0.356352638118455,0.298173646251785,0.44387519648829415,-0.604717430193696,-0.981798606265823,-0.20297313320051888,-0.5964963898866792,88.97115904548662,139
605121,SL,57,0.259203033143306,0.6173545790016798,0.5547546469499485,1.1019725861958238,1.0257236553444244,0.7405756923717569,0.956090644637335,115.47325992747412,139
605130,CU,244,0.2657187818544627,0.5822755889214766,0.56876484397175,0.6193764641628481,1.132315983550403,1.3324526012727038,1.0280483496619848,116.47623392529803,766
605130,FF,161,0.3389276554883717,0.4388261212277238,0.440379376531862,0.3242352567642412,0.25674801716770773,0.44880940148832493,0.34326422514009125,105.83327981887722,766
605130,SI,52,0.3390535134812437,0.3256936631329141,0.42408447135643096,0.19812244767240314,-0.3668762241766627,-0.8260912468068423,-0.3316150077703673,93.86864825866941,766
605130,SL,197,0.2872276784294648,0.5727499663483949,0.565414473612426,0.05287582989027737,0.011786321907397297,1.0131420286889417,0.3592680601622054,105.81435255089008,766
605130,ST,112,0.26223786877500255,0.5599920534696966,0.5237567077697746,0.25025196127444443,0.1469159822397481,0.1424114270108292,0.17985979017500725,102.93457148346975,766
605135,CH,102,0.29285456017539657,0.5592773699017045,0.5499024605796281,0.4702214259891729,0.3221891282324525,-0.4043496289512928,0.12935364175677752,102.19273197309163,2115
605135,CU,245,0.30144152098550403,0.45050627657022874,0.44655924389398144,-0.5499847776257804,-0.8393087846696784,-0.7320278716738275,-0.7071071446564288,88.66739805628843,2115
605135,FC,353,0.3412154437510867,0.4789300274236438,0.4773475687514395,-0.7448541585948052,-0.5324423792006333,-0.3955723795562508,-0.557622972450563,91.04735215540789,2115
605135,FF,204,0.3686484017788818,0.3881696134619685,0.4151015531763084,-0.7148566955141885,-0.6917264986592553,-0.5938378975907794,-0.6668070305880744,88.66857741138784,2115
605135,FS,47,0.27444925264522047,0.5706122206220081,0.6062408064042087,-0.18049676538322174,-0.35315475323894113,0.6691715219215966,0.04517333443314456,100.80588010021702,2115
605135,SI,870,0.35470350204354045,0.3024715551792051,0.4385224732114248,-0.5281822162603266,-0.8857637670770542,-0.3715055547624512,-0.5951505126999439,88.99604346337827,2115
605135,SL,92,0.3239249747337585,0.5030943532491736,0.4856678875117428,-1.3208798100083117,-1.571602085783315,-1.0259375450697399,-1.3061398136204554,78.8615849855554,2115
605135,ST,202,0.28621188483745236,0.5228770063540822,0.48008594010474015,-0.8867029282692167,-0.7133952978764316,-0.95503014167784,-0.8517094559411627,86.10360726444468,2115
605151,CH,17,0.2845476532088014,0.5894572254427475,0.5850002944497266,0.8727847975298219,0.8955517961001469,0.35674940279655026,0.7083619988088397,112.00776400429294,115
605151,FF,45,0.3820848477409776,0.39210830337663816,0.40635861037041937,-1.1846195584640926,-0.6179798632400982,-0.9544625278978252,-0.9190206498673386,84.38257115837011,115
605151,KC,22,0.2996736744891391,0.46509301064754516,0.4546375548052479,-1.088699183723421,-1.3042956212652403,-1.2487108840479602,-1.2139018963455404,80.29450170963878,115
605151,SI,31,0.37156458989631325,0.30093952946203845,0.45447442775542213,-1.3106931233897774,-0.9199961916969668,0.13074748334306283,-0.6999806105812271,87.0578012604399,115
605154,CH,2,0.3661899629024239,0.35897990008170755,0.417982142916158,-3.0837062987104873,-3.4831005129642088,-3.265051130164858,-3.2772859806131844,44.44524593928599,623
605154,FF,252,0.3489202405839525,0.4532234392118804,0.4192816728970576,-0.025123896393724574,0.5263183015500259,-0.42141836306986613,0.026592014028811728,100.45189287847941,623
605154,SL,369,0.3089380012923725,0.5697830098510761,0.524065064643893,-0.7598455823258359,-0.05565755396927307,-0.04414129010139459,-0.28654814213216784,95.36253815491767,623
605155,CU,35,0.23511812222766929,0.5682114392793544,0.5508021107215004,1.6210696772581554,0.9218783233427974,1.0289991424108478,1.1906490476706,119.08218834143764,129
605155,FC,21,0.3271329440569735,0.46317507312694406,0.4836215284211931,-0.10057428709430777,-0.8330006164551069,-0.21184809888883324,-0.38180766747941597,93.87007035186059,129
605155,FF,34,0.3538661169435563,0.3748323994619774,0.417696788754012,-0.19804083030898834,-0.9414477713853192,-0.48679088932959763,-0.542093163674635,90.78790948773052,129
605155,SI,5,0.3586576657873961,0.3140888654478562,0.43114384888373636,-0.7116920992026682,-0.626180201604521,-0.6038242010699848,-0.6472321672923913,88.03308661252939,129
605155,SL,33,0.3004402965045498,0.5717296074222812,0.5060915464478918,-0.4417357744079486,-0.011408140439676666,-0.5037149924260902,-0.3189529690912385,94.83810219975496,129
605155,ST,1,0.3162143697283285,0.48869923050335823,0.4611684989438215,-2.3095547277459763,-1.505621857688342,-1.4304233489247224,-1.7485333114530137,71.47113321607796,129
605156,CH,24,0.30017953577837836,0.5761906132849278,0.5871110036126028,0.11524370840460049,0.6435101609097819,0.4025202815952854,0.3870913836365559,106.56176078137885,162
605156,FF,32,0.39337169942344014,0.32833359850117183,0.4098339298689535,-1.5792286518956349,-1.8120748570852285,-0.8111142483558894,-1.4008059191122508,76.19532622490311,162
605156,KC,1,0.3248271049061686,0.41828715365026065,0.37989826692481543,-1.891929367487296,-2.0226031938220363,-2.49709252582337,-2.1372083623775673,65.30629381355807,162
605156,SI,60,0.3498272368417498,0.359909513896001,0.507824999096915,-0.3018782707631523,0.3976615501759448,1.8105094502559402,0.6354309098895776,111.7487156025961,162
605156,SL,45,0.29288891091266234,0.5840501875045914,0.5127392080863689,-0.15905122838893934,0.268659219681989,-0.33373767147640204,-0.07470989339445079,98.79090376406235,162
605164,CH,136,0.30704583360376153,0.571934271361109,0.5954799790712229,-0.21750589547370358,0.5626473629590414,0.5840021115524257,0.3097145263459211,105.25011074467137,594
605164,CU,37,0.3563238149696689,0.2763270406513566,0.28791790814870033,-2.3465219135411135,-3.445500541456554,-3.4120354952186336,-3.068019316738767,50.829740676553534,594
605164,FF,222,0.39638038402718445,0.3282768715017439,0.3936454149663893,-1.6844177991712863,-1.8131369933376036,-1.4788501962594938,-1.6588016629227944,71.8110611150972,594
605164,SI,48,0.39835524354381446,0.28135386982734556,0.4491772572783513,-2.5540280061298373,-1.3576289347790174,-0.03603583829527589,-1.3158975930680434,75.66988583261747,594
605164,SL,151,0.33085376353610735,0.4546143735215962,0.41818289492604327,-1.5802575749522447,-2.6736329845190974,-2.7514944202320355,-2.3351283265677925,62.20855442561442,594
605170,FA,7,0.44493436124574887,0.1887124393987476,0.4838877997146197,-0.9047082501304604,-0.6100798521841568,0.3564735385568755,-0.38610485458591387,91.75149258074924,7
605177,CH,1,0.33859852176993777,0.5425190610801366,0.5019935173211476,-1.7465896543776356,0.0038115719907487263,-1.4432584818750291,-1.0620121880873052,81.99735199561923,625
605177,FF,137,0.39387693216241426,0.3440102982505257,0.4093975309486217,-1.5968925176668398,-1.5185498815126968,-0.8291146176600384,-1.3148523389465248,77.65598319938496,625
605177,SI,254,0.37864560023034893,0.3142810661011976,0.43310025284102227,-1.6393176978099904,-0.6218855645735082,-0.5422261173619133,-0.9344764599151372,82.72212132901811,625
605177,SL,233,0.23079814029503834,0.6973089249953628,0.6312735989176134,2.165303830750131,2.8432194601772056,2.6971263059076804,2.568549865611672,141.56911264659823,625
605182,CH,130,0.3009302822297895,0.54217812971603,0.5445106939565533,0.07886157196469684,-0.0026655072722088723,-0.5212704728820262,-0.1483581360631794,97.48511426508045,1126
605182,CU,28,0.31118091107741447,0.4449237892100791,0.4420788879302754,-0.868797544204586,-0.9228378716107044,-0.8077167713071869,-0.8664507290408257,86.11364445931413,1126
605182,FC,133,0.3136973690738743,0.5633499682840217,0.5236708054526769,0.5141085257350785,1.0780420523179703,0.9609399012209089,0.8510301597579859,113.66330603625862,1126
605182,FF,483,0.3566408840845728,0.42804429491811996,0.4145288585090568,-0.2950517928700962,0.054872918789033866,-0.6174601272269292,-0.2858796671026638,95.14188787935375,1126
605182,SI,101,0.3604673637837429,0.33737500736397114,0.42313280384784213,-0.7956788759229373,-0.10586184865530729,-0.8560548413078625,-0.5858651886287023,89.16772323232422,1126
605182,ST,251,0.28924424947876115,0.5126229436674623,0.5053665601604019,-1.0305111995590392,-0.9510801853248485,-0.3197309515167907,-0.7671074454668928,87.4839638585474,1126
605194,CH,101,0.28426740269806056,0.5652474158344541,0.5359306589375573,0.8863660969152001,0.435609202713555,-0.7073291444652846,0.20488205172115684,103.47304814476206,180
605194,CU,6,0.3380279327490039,0.35923037797507784,0.3323713938585392,-1.7476177960630517,-2.205042726818765,-2.66106047325591,-2.204573665379242,64.66793470532502,180
605194,FF,64,0.3886195912692745,0.3944294926496394,0.4292132922164866,-1.4130862108181403,-0.5745187371389243,-0.011763785093339457,-0.6664562443501346,88.67453851695215,180
605194,SL,9,0.33423523053513937,0.40079844870109693,0.40006521571674913,-1.7068420874060324,-3.8969588260209655,-3.2147542462130687,-2.9395183865466885,52.42717590456166,180
605195,FF,2,0.3444059065392959,0.42232014650352434,0.43020912983762993,0.13270552450466513,-0.05230400941851027,0.029312038224270913,0.03657118443680859,100.62147446923898,66
605195,SI,17,0.3379068693251934,0.32068121628820767,0.4124813961769623,0.25133737464154393,-0.47887709129661443,-1.1914182507286133,-0.4729859891278946,91.25478823300881,66
605195,SL,47,0.2500148293605111,0.5497182694970398,0.5451882131143007,1.4459310800992338,-0.5117626094893463,0.49596685352622494,0.47671177471203746,107.71504798418441,66
605200,CH,338,0.3071680171404851,0.5663959119094467,0.5660698541151395,-0.2234270664568372,0.4574285508114206,-0.05375854656978692,0.06008097926159882,101.01845980068558,943
605200,CU,45,0.33356724757113354,0.4055557337184256,0.3992852003010838,-1.6016000917742443,-1.5118902989095824,-1.5306519921122728,-1.5480474609320332,75.18989053173809,943
605200,FC,70,0.36115548192339475,0.43202354457327785,0.43136490938322053,-1.6571187075328022,-1.4272802527872532,-1.742111321514852,-1.6088367606116356,74.17009400833591,943
605200,FF,166,0.37566319816093924,0.3555947156764988,0.4018732996546005,-0.9601068785418982,-1.3016473512386886,-1.1394704313711144,-1.1337415537172337,80.73369946308203,943
605200,SI,311,0.36376008508575436,0.3600877370749395,0.46352068124955803,-0.9484916929522812,0.40164386683693204,0.415572034991004,-0.04375859704144838,99.19093121878834,943
605200,SL,9,0.3270037967765008,0.4720658362867813,0.455990972178803,-1.4361348715907782,-2.276932092657318,-1.7847611490189101,-1.832609371089002,70.341262825408,943
605200,ST,4,0.30580155242233803,0.46051670201412337,0.4470719334723926,-1.8157324361811582,-2.1588810893406194,-1.7846684824828818,-1.9197606693348865,68.67740749705487,943
605218,CH,70,0.32669930953165316,0.4059410580396666,0.4918285007431093,-1.1699385595014655,-2.5909234521325546,-1.6636875916565563,-1.8081832010968588,69.3486703242005,394
605218,CU,60,0.2817178518826443,0.495859260904319,0.4849609597662576,0.09565703920529385,-0.16070565902361159,-0.08328843178315594,-0.04944568386715789,99.20754830815157,394
605218,FF,262,0.32586384304493454,0.45175475466350723,0.4679181666310666,0.7809701665597185,0.4988191720726779,1.584715951390445,0.9548350966742803,116.22604364760889,394
605218,SI,2,0.31410299394468477,0.4388281005195056,0.45984569190862146,1.3560580356002654,2.161061823048312,0.2998636710786122,1.2723278432423966,123.52453705174185,394
605242,CH,24,0.30449235546011943,0.5275915466873614,0.5847705325752353,-0.09376106785090829,-0.27978420152895445,0.35176700015440643,-0.007259423075152094,99.87694224246879,507
605242,CU,7,0.28513958338218776,0.4949869539015523,0.4967500698523738,-0.016351174406089127,-0.17375772753226498,0.11587091566667941,-0.02474599542389156,99.60340307977495,507
605242,FC,219,0.3186008876536951,0.5287007097276573,0.5043899727070893,0.2897706319570384,0.41703600445803646,0.39632723022632543,0.3677112888804668,105.90361201110626,507
605242,FF,101,0.3453436229687864,0.42234645601499265,0.4333373075915373,0.09992123349532606,-0.05181139944099376,0.15834158480642577,0.06881713962025268,101.16944791312244,507
605242,SI,82,0.346742375282637,0.31608275384489215,0.4671259579769494,-0.15871207424795158,-0.5816276634276263,0.5290854721406101,-0.07041808851165593,98.69801408410294,507
605242,ST,74,0.2453229510162648,0.6168395136727933,0.5879133699123775,1.052432889239527,1.4646163506734609,1.7546612615833597,1.4239035004987823,123.23224442612036,507
605280,FC,1,0.2333544469032781,0.6515576347651932,0.5850524039679635,4.189828653297693,2.7607851597013338,2.7584155987145467,3.2363431372378577,151.95955303746348,729
605280,FF,1,0.2981903793043878,0.41992082034809647,0.43768515771045935,1.7484853555592859,-0.09722814284088631,0.33767958078537336,0.6629789311679243,111.26636956689654,729
605280,SI,531,0.30074664849579685,0.40586785566979783,0.4368165631012288,1.9759163795222952,1.42457999730051,-0.4252167494137211,0.9917598758030279,118.33701279797772,729
605280,SL,92,0.2130987381122751,0.6332973304947669,0.5703042854318453,2.8278772631302034,1.3881290205070222,1.1381720254327923,1.7847261030233392,128.88379992663062,729
605280,ST,104,0.2167379189250783,0.5912876394961059,0.5811737825915293,2.4080627477988163,0.8723345865189591,1.5852961764894264,1.621897836935734,126.46269706387247,729
605288,CH,92,0.27986069239211087,0.5993505741430574,0.5926878463016995,1.0999209333061444,1.0835075269432188,0.5234545132231128,0.9022943244908253,115.2951984001369,1240
605288,CU,80,0.30394934120065836,0.44713131294460406,0.476067664624569,-0.6320766841343507,-0.8898073549163374,-0.2335273254875562,-0.5851371215127481,90.62217638344595,1240
605288,FF,224,0.3842646738539904,0.3545890425923436,0.40066631032728484,-1.260830288479347,-1.3204772179951008,-1.1892557370298191,-1.2568544145014222,78.64157417398859,1240
605288,SI,673,0.3446175569487343,0.3177281069406417,0.4294779771960919,-0.06010079029843639,-0.5448629895763591,-0.6562747715568624,-0.4204128504772193,92.22683231322199,1240
605288,SL,171,0.31072753910635603,0.5556597019121643,0.5126351060863964,-0.8268365574752521,-0.37670392875122394,-0.3363995065731831,-0.5133133309332197,91.69259668179262,1240
605347,CH,106,0.28284992133481623,0.5865113952789517,0.6209303151982787,0.9550590627782276,0.8395863512191369,1.1358944663812451,0.9768466267928699,116.55896813019724,716
605347,FF,95,0.3503261120410429,0.41626476492502595,0.42635971999146044,-0.07427574819184232,-0.16568283010966717,-0.12946653707878605,-0.12314170512676517,97.90738454295683,716
605347,KC,113,0.27018689215391495,0.5420174654662537,0.5303169647288685,-0.1470910928567225,-0.12377202964961873,0.01537375855911297,-0.08516312131574275,98.61753099938194,716
605347,SI,301,0.3281926878016916,0.356050727267988,0.47215770851441774,0.7021655218138821,0.3114387009850827,0.6875119513198347,0.5670387247062665,110.48418735782053,716
605347,SL,101,0.26301488368428255,0.6019287861169206,0.5317076875938387,0.9592767555358324,0.675069622648262,0.1512766846254258,0.5952076876031733,109.63277207320462,716
605397,CH,126,0.31158892661490856,0.5437747389604465,0.5584515199832393,-0.43767001277327666,0.02766718052597931,-0.21896266579780285,-0.2096551660150334,96.44604064020555,1421
605397,CU,276,0.2682457105725405,0.5042593756060334,0.49887185703387615,0.5366590529127363,-0.035017257784618866,0.15171533033484766,0.21778570848765505,103.49038863766395,1421
605397,FC,226,0.32774454015729504,0.49570930594678014,0.5148688663750312,-0.1285550480021225,-0.2123430453439743,0.7031872201963583,0.1207630422834205,101.93885303084589,1421
605397,FF,359,0.3514721626717954,0.3942054943930015,0.45972637018380785,-0.11434378604251842,-0.5787128011867883,1.2468247366208138,0.18458938313050238,103.13683001179254,1421
605397,SI,118,0.3541905177463253,0.32193021437978886,0.45280130359432674,-0.5043749855963237,-0.45096879149369623,0.0780685661156996,-0.29242507032477344,94.59324541371153,1421
605397,SL,264,0.27225612499623864,0.5417773961455055,0.5184363409980857,0.6133328127806238,-0.6922719216943691,-0.18806488575234293,-0.08900133155536276,98.55961278904701,1421
605397,ST,52,0.2620590445495059,0.5293366021648092,0.5266297051735214,0.2587326045266076,-0.5636645667352694,0.21460953449064835,-0.030107475906004474,99.50876991379205,1421
605400,CH,283,0.30102290463624115,0.5159595029882563,0.5830099068783278,0.0743729712892204,-0.500771992507692,0.3135877062941012,-0.03760377164145677,99.36256149214493,2337
605400,FC,167,0.3258740566976906,0.523146305557815,0.5017284654205639,-0.04297969780335603,0.31107429267849984,0.3183886495775963,0.19549441481758004,103.13866669401176,2337
605400,FF,604,0.33554743412838783,0.42093932060001177,0.38109040637028535,0.44241401236300015,-0.07815810473695584,-1.996713052507625,-0.5441523816271936,90.75291605222051,2337
605400,KC,780,0.25984031329323776,0.6040223885502641,0.607395390074677,0.18330855052403172,0.827788493847052,1.3028263675885348,0.7713078039865395,112.52078496504186,2337
605400,SI,503,0.34131556730993545,0.28821970237114203,0.4113637234902025,0.093142163545946,-1.2042149989848259,-1.226608578094728,-0.7792271378445359,85.59258309616806,2337
605441,FF,9,0.31894264650414855,0.5018764024938704,0.45451646979320653,1.0229479269891184,1.437279159843303,1.0319293125043936,1.1640521331122715,119.78138506403808,13
605441,SL,4,0.2897141839810202,0.5991860661718563,0.5486391661640255,-0.040205987275876445,0.6127230180699528,0.5842059646627193,0.38557433181893186,106.24009019548514,13
605446,CH,11,0.27149353751549066,0.5738500900390753,0.5541181310220195,1.505403995880469,0.5990444526288603,-0.31293251461462795,0.5971719779649004,110.1229317685553,61
605446,CU,9,0.3030809936717649,0.4527730969288247,0.429434456971149,-0.6036518777115807,-0.805391030343088,-1.021325483101286,-0.8101227970519849,87.01639595371765,61
605446,FC,14,0.33284965569410746,0.5132787037498118,0.494822515860443,-0.36211608144760027,0.12282944286869903,0.11615741411469485,-0.041043074821402126,99.3410526224907,61
605446,FF,27,0.414720292888271,0.30587036403641715,0.4032822182033905,-2.3256147434472045,-2.2326685058102367,-1.081356047911132,-1.8798797657228576,68.05415800370257,61
605447,FF,240,0.3063070078801223,0.49475184236166203,0.42646795369090035,1.4647130925669598,1.3038814184687066,-0.12500216636129835,0.8811974482247894,114.9746781479426,567
605447,SL,327,0.25856713589716745,0.6284824982108462,0.5628697143692034,1.125777267092073,1.2786798421260168,0.9480738314568049,1.1175103135582982,118.08565709779504,567
605452,CH,20,0.3085850393520525,0.4899795946938027,0.5469545504656654,-0.2920977812403901,-0.9943432592888846,-0.4682752701096817,-0.584905436879652,90.08500390663379,207
605452,CU,4,0.30364031713470707,0.5468857134004297,0.5316615186179221,-0.621960977044315,0.6027878720616977,0.7056475233907256,0.2288248061360361,103.66730906678457,207
605452,FF,36,0.36045974506623935,0.3920092307280247,0.4113268773412457,-0.4285661963824625,-0.6198348644348092,-0.7495338809422364,-0.5993116472531693,89.81556398511017,207
605452,SI,75,0.35088759442160156,0.3018045346074857,0.4367368458250336,-0.3510887000626426,-0.9006680413235366,-0.4277266765858499,-0.5598278059906763,89.6491379681974,207
605452,SL,72,0.3142048451478892,0.5811357165681417,0.5012446059362902,-0.9570087845134255,0.2024084282525538,-0.6276487916730229,-0.4607497159779648,92.54328012011749,207
605463,CH,4,0.30234027479772985,0.4935086967603065,0.6170811348502852,0.010531522732188317,-0.9272967032417151,1.0524247158911282,0.04521984512720045,100.76654200749218,350
605463,FF,104,0.33942559576174397,0.4103532589905447,0.4332606256098658,0.30682634900267436,-0.27636777418324376,0.1551786439173597,0.06187907291226342,101.05154548826816,350
605463,FS,56,0.2863280621909975,0.506187670257044,0.6087279556827513,-0.5835115391702742,-1.824928959436435,0.7532332390509354,-0.551735753185258,90.15718300077455,350
605463,SI,52,0.3595553321870869,0.2940487171956354,0.4095474229249226,-0.7533521483557933,-1.0739682881418404,-1.2837954560104428,-1.0370386308360253,80.82581166107362,350
605463,ST,134,0.28216218695426243,0.5362015804466617,0.5109554879690197,-0.6946481720917944,-0.4045372393407254,-0.17928181289337983,-0.42615574144196655,93.04689233132285,350
605483,CH,194,0.3369465571292238,0.5498469870113525,0.5506262705439632,-1.6665333279849088,0.1430289103953316,-0.38865375822993187,-0.637386058606503,89.19538119740562,1533
605483,CU,336,0.2064454152255226,0.637099184950265,0.5847800268991569,2.5596525821826233,1.952625036428508,1.603005116077735,2.038427578229622,132.66928995093735,1533
605483,FF,747,0.31973804724889454,0.47660931724367156,0.44275673753807965,0.9951392540633741,0.9641872017505685,0.5468696259468616,0.835398693920268,114.1963944537847,1533
605483,SI,1,0.3018950845162297,0.521474914679272,0.4158659771507815,1.9226182934215656,4.007767661010668,-1.0848534989217888,1.6151774851701481,129.86361007253814,1533
605483,SL,255,0.28866088961043,0.612424838188882,0.5485087756399688,-0.00077613200606376,0.913662414209631,0.5808719453997496,0.49791940920110556,108.05826987714697,1533
605488,CH,269,0.28331584648040997,0.6415634573869333,0.6387413332577565,0.9324797323186425,1.8854759565859998,1.5221276638396468,1.4466944509147628,124.52357069142067,618
605488,FF,212,0.36943401258129166,0.4044164540439215,0.39505144876744425,-0.7423230940503427,-0.3875264080027298,-1.420854801463691,-0.8502347678389212,85.55148789385655,618
605488,SI,1,0.38158094858165764,0.2784381676281293,0.4112216846123081,-1.775545094356399,-1.422778987177209,-1.2310807233578547,-1.4764682682971542,72.70103561141643,618
605488,SL,132,0.3144375171006301,0.5351542349755302,0.5082437196203502,-0.9657188105783876,-0.8428274354886104,-0.4486850209911904,-0.7524104223527295,87.82307712923969,618
605488,ST,4,0.25757760239052374,0.5956046567489999,0.5304792228523498,0.4712626020701737,0.9724012421681285,0.311347488642317,0.5850037776268731,109.54485381015671,618
605498,CH,17,0.3139845243917803,0.5947286664049126,0.5574688527293586,-0.5537637552204797,0.9956996397325886,-0.24027187531275354,0.0672213363997851,101.1394992177716,130
605498,CU,10,0.3199160634679737,0.35330950869759253,0.3301744745510934,-1.1547372256261959,-2.293634921075388,-2.698174132597011,-2.048848759766198,67.16369278296708,130
605498,FF,68,0.3959385791787678,0.3211486616343482,0.4136760563120727,-1.66897148910962,-1.9466030710616118,-0.6526360953008903,-1.4227368851573738,75.8226411261653,130
605498,SI,5,0.4031984889721982,0.3075560903863158,0.4057265077149622,-2.7787995277960302,-0.7721521179680495,-1.4040983485025917,-1.651683331422224,69.46141992085285,130
605498,SL,30,0.2834869271077453,0.5370942184915981,0.5154933368957194,0.1929100760935586,-0.798728370477475,-0.26331600111728787,-0.2897114318337347,95.3113438418546,130
605507,CH,53,0.30320443367805766,0.5517439792761145,0.5612462544781815,-0.03134672555089609,0.17906833226629362,-0.15835864886714504,-0.0035456807172491653,99.9398955656022,540
605507,CU,102,0.308452746083936,0.41166654663428076,0.3721476666089039,-0.7794927909247324,-1.420456034862252,-1.9890999548552328,-1.3963495935474057,77.62110843099326,540
605507,FC,160,0.29356147783993497,0.5735159130308907,0.5482404886404748,1.4353334288801862,1.2719784088191974,1.6804292839255026,1.462580373874962,123.48175681172339,540
605507,FF,82,0.36981141553750174,0.370633059081333,0.46699096625811864,-0.7555177955134483,-1.0200747338427838,1.546471243728662,-0.07637376187585665,98.70213820371069,540
605507,SI,143,0.3404294254404665,0.34782656429932607,0.46059179005550605,0.13426736757656865,0.12767348364443282,0.3233548401365562,0.19509856378585255,103.60724904111646,540
605513,CH,19,0.27705822482294234,0.5858934708694554,0.6056588022440362,1.2357321080086603,0.8278469051012612,0.8047306183267681,0.9561032104788965,116.20733711645026,365
605513,CU,25,0.2860543581878118,0.4819106623515218,0.48700919846751245,-0.04629574832964736,-0.3694143628783089,-0.04868650846717781,-0.15479887322504468,97.51908317593528,365
605513,FF,150,0.33913781478799215,0.45492841734252937,0.4704253117065396,0.3168877011275988,0.5582417083991661,1.6881294456843314,0.8544196184036987,114.51962759839888,365
605513,SI,49,0.34666948942688414,0.3281170083621494,0.4284692887986948,-0.15532949433376692,-0.31272766651325457,-0.6880336892930662,-0.3853636167133625,92.87487047625693,365
605513,SL,52,0.2989592426514224,0.5538111013875209,0.5281397393292215,-0.3862928320490243,-0.41872570576152607,0.06004606545605887,-0.24832415745149716,95.98115068265781,365
605513,ST,70,0.23547644008724916,0.5907676327870962,0.5264945964702229,1.5193984037585597,0.8602810483379748,0.21121426769734022,0.8636312399312915,114.09090718092122,365
605521,FF,63,0.3659063035315813,0.39677441721770534,0.4285962087609622,-0.6189878975615439,-0.5306131997767408,-0.037216941765846924,-0.39560601303471055,93.27724707950539,164
605521,SL,101,0.2796979885472896,0.587349604178889,0.528252413531166,0.33474820153731916,0.34366047057590704,0.06292708738951834,0.24711191983424818,103.9992306045656,164
605525,CH,20,0.2972696546645096,0.5640472247439277,0.6268663233257017,0.2562602813230278,0.41280774282321636,1.2646172261660873,0.6445617501041104,110.92625718835725,121
605525,FF,54,0.3295531488273845,0.4539155759282889,0.4486599090386398,0.6519852510879931,0.539277624368276,0.7903607578566637,0.660541211104311,111.22494403458147,121
605525,SI,14,0.35241634374700137,0.3012853129399008,0.4570840824800252,-0.4220368519160486,-0.9122698156263186,0.21291340290001834,-0.37379775488078293,93.08871594592965,121
605525,SL,33,0.29150344993175764,0.5686753874210954,0.5338180066909688,-0.10718678528132633,-0.08083566148562685,0.2052364686798557,0.005738007304300838,100.0928632436508,121
605538,FF,5,0.4201495256052811,0.31599138509057595,0.39682145391890566,-2.5154307045993414,-2.0431660910680343,-1.347846494357142,-1.9688144300081725,66.54284180941397,173
605538,SL,168,0.31889752909158803,0.47197134753639863,0.4429425761573202,-1.132678430049779,-2.2790799797457564,-2.11840198681136,-1.8433867988689652,70.166842186189,173
605540,CH,141,0.3073082325581688,0.5174627905536502,0.5130651123745865,-0.23022208553093118,-0.47221224781658905,-1.2031701531689214,-0.6352014955054806,89.23241271266714,867
605540,CU,65,0.2575299401590909,0.6106317803707955,0.5711119936967075,0.8874330109630229,1.5566011861993958,1.3721041783786057,1.2720461251803412,120.38671578932184,867
605540,FF,377,0.3195694802380531,0.4821361582515741,0.4537254590743693,1.0010326667883738,1.0676698159343807,0.9993020891102924,1.0226681906110155,117.3787691253416,867
605540,SI,211,0.34010562200360445,0.3351134430095162,0.4477019995279411,0.14929485117211225,-0.15639548553846608,-0.08248486026863901,-0.02986183154499761,99.44787362286833,867
605540,SL,73,0.3003098368646714,0.5835964040500962,0.5395076135626086,-0.43685204497524044,0.258343963962022,0.3507168173938466,0.05740291212687605,100.92900206158804,867
605612,EP,19,0.41816440780895386,0.16172356530727613,0.4914343492640703,-0.038651173433222795,0.3722128165298102,-0.16180648290292377,0.05725172006455454,101.33407649640867,29
605612,FA,10,0.4068313178508253,0.3232863749847538,0.4640884487799227,0.010265302936380014,0.5471248592464777,-0.1552792685825568,0.13403696453343364,102.86348354152037,29
606115,EP,3,0.4419741204916507,0.1554571809592319,0.5027430573231887,-0.7003497213561674,0.2833729171052517,0.03142965227841468,-0.12851571732416697,97.00533367891916,4
606115,FA,1,0.3771218256911524,0.42747604609012785,0.40586557829528735,0.723683370868692,1.4430545038728813,-1.6601628129220247,0.1688583539398495,103.60738635821892,4
606131,FS,19,0.29529280947904607,0.5643407103029676,0.60903474952366,-0.8876603334099633,-0.4964269541185128,0.7636023862886934,-0.2068283004132609,96.3102389151406,96
606131,SI,57,0.3532285680139855,0.30865603009596004,0.47431684058438184,-0.45973159341197084,-0.7475744605730539,0.7554930027213749,-0.15060435042121656,97.21542082062064,96
606131,SL,20,0.2897063598821584,0.5855438087542174,0.5192126201226538,-0.039913093765428356,0.302611724970681,-0.16821582407033353,0.031494269044973044,100.50969959165695,96
606149,CH,20,0.36092000607975533,0.3967433290876642,0.4551326001976224,-2.8283174283477495,-2.7656636659507483,-2.459440813284272,-2.6844739691942565,54.49426994678313,562
606149,FF,261,0.3566808251010851,0.3873175407108579,0.4652513145361361,-0.29644820426630125,-0.7076804071638859,1.4747149400410307,0.15686210953694785,102.66564503637088,562
606149,SL,281,0.266294272791184,0.6386055148523804,0.545458553617933,0.8365135077022103,1.508792915400287,0.5028793224590076,0.9493952485205015,115.36490241449745,562
606160,CH,216,0.3414088282481239,0.32990374224875607,0.4232887339717839,-1.8827807126705207,-4.035494920676708,-3.1499773244916387,-3.0227509859462893,48.75998353381192,788
606160,FF,314,0.30983324684780417,0.5359967166441048,0.4440198930484129,1.3414292928496288,2.076135841262325,0.598971646862222,1.3388455936580583,122.7517475172105,788
606160,SI,197,0.3329337055477489,0.32968178209315363,0.47299342703388225,0.48213831303719196,-0.2777635022739708,0.7138248501087822,0.3060665536240011,105.65897698401231,788
606160,SL,61,0.2970797444521566,0.5363728100100527,0.530244383231233,-0.3159342086231763,-0.8151271899848378,0.11386073766295618,-0.33906688698168597,94.51258088917166,788
606273,CH,11,0.31376680234841076,0.5535692526893876,0.5853899363561442,-0.5432126656043293,0.2137452256794842,0.36519881533865917,0.01191045847127134,100.20189955805994,33
606273,CU,7,0.33957457314024175,0.35990676842057806,0.3586963508118623,-1.79824608976315,-2.1949220990979432,-2.21633977676812,-2.069835988543071,66.82733652999005,33
606273,FF,14,0.3543525254861463,0.4092304244754626,0.4305380319889876,-0.215046567553418,-0.2973913300898404,0.042878433358487955,-0.15651982142825682,97.34017165575845,33
606273,SI,1,0.3698941697310284,0.31887866131545917,0.40810813170935745,-1.233170130197531,-0.5191543702851037,-1.3291120586714116,-1.0271455197180153,81.00872902807828,33
606303,CH,75,0.31123195350908434,0.5223794759074799,0.5885446458794314,-0.42037063797495317,-0.3788041190830343,0.43360891644364996,-0.12185528020477915,97.93437613842009,679
606303,FF,164,0.3398777764936232,0.4515696482694774,0.43625292955437434,0.2910172789719826,0.49535330549012935,0.27860373404008765,0.35499143950073314,106.03256689236605,679
606303,SI,170,0.35064608011064974,0.3125664955663585,0.4599377628213692,-0.33988019535654956,-0.6601968709254351,0.3027625569500062,-0.23243816977732615,95.70236526206081,679
606303,SL,58,0.2760596130941907,0.5485702395685886,0.5075798346955323,0.47095002843262684,-0.5378592469247571,-0.4656602202531811,-0.1775231462484371,97.12698602328967,679
606303,ST,212,0.2924989637246499,0.5397297860983019,0.5012015771209326,-1.1848642819250181,-0.32275490692927655,-0.4243965153432909,-0.6440052347325285,89.49248525636312,679
606424,CH,84,0.29503261869128355,0.578234056455513,0.5492322248671911,0.36466991528919596,0.6823318851002557,-0.41888373819765257,0.20937268739726636,103.54917093723068,267
606424,FF,9,0.3142352910850574,0.4081837736732949,0.4415324839376326,1.187525730139833,-0.31698844912963753,0.4963722119907851,0.45563649766699343,107.74288432038048,267
606424,SI,99,0.34959542637646884,0.3745910936871606,0.41789704512155845,-0.291120114524776,0.7257148379703499,-1.0209045918390895,-0.19543662279783852,96.38650046158021,267
606424,SL,75,0.2986180904623871,0.5537183249032331,0.5244140563345971,-0.3735218709442915,-0.4208346701822146,-0.03521775038989096,-0.276524763838799,95.52475534484063,267
606625,CH,16,0.31437588469312505,0.4794035482432315,0.5097382019762098,-0.5727295776415144,-1.1952690125664498,-1.2753144425369782,-1.0144376775816473,82.80380899886379,170
606625,FF,103,0.3333311378527085,0.47763450498544335,0.4364895207062025,0.5198998063404674,0.9833824540467814,0.288362530197885,0.5972149301950445,110.1488053362309,170
606625,SL,51,0.27725137470321454,0.5485160631796289,0.5293591638990132,0.42633668094687305,-0.5390907667181045,0.09122613037899192,-0.0071759851307465275,99.88386469025033,170
606930,CH,2,0.3302622484580273,0.5258547586096483,0.4885026078012036,-1.3426031520582895,-0.31278003361317946,-1.7358098174084422,-1.1303976676933036,80.8381188608519,333
606930,FC,153,0.3223990730632717,0.5278812856737685,0.5125403066758403,0.11600216323553562,0.40140380111662016,0.6349985517566413,0.38413483870293236,106.16729242813156,333
606930,FF,168,0.3283140123309881,0.47057232040992003,0.4538966251742645,0.6953077420037449,0.8511526105106998,1.006362264713206,0.8509408724092169,114.46051133367212,333
606930,SL,10,0.3107491026500705,0.552000854956329,0.527617552508187,-0.8276437842406331,-0.459875630177951,0.04669401450916052,-0.4136084666364745,93.30620862324434,333
606965,CH,192,0.25800757765221943,0.6187846977143932,0.5786981971496767,2.1589509168766883,1.452720723586189,0.220087973182371,1.2772532045484162,121.65129563660167,367
606965,FC,13,0.3276417298676588,0.5336426615718406,0.5002887924266435,-0.12385143702150679,0.5113139253527595,0.27622980586052626,0.221230764730593,103.55186430056631,367
606965,FF,114,0.3733335933613659,0.3813766025037365,0.45151337263653757,-0.8786596101737151,-0.8189164306895069,0.9080590292434295,-0.2631723372065974,95.52776616063767,367
606965,SI,3,0.3629678378018395,0.33935362398596186,0.44221852202205375,-0.9117240688096248,-0.06165055141333314,-0.2551341258566933,-0.4095029153598837,92.42855011281506,367
606965,SL,27,0.2907909663772703,0.5354772686121069,0.4894966386842514,-0.08051511189165907,-0.8354843414766298,-0.9280383284310469,-0.6146792605997785,90.05210225135536,367
606965,ST,18,0.28318048614897345,0.49496672139519027,0.4876512316243285,-0.7429404667757235,-1.3603440382780014,-0.7649152012553111,-0.9560665687696785,84.40092871074562,367
606993,FA,10,0.4334802310631794,0.2634918561244669,0.49412120628789025,-0.6296586672976099,0.03295026338924544,0.6209758728880928,0.008089156326576086,100.17281177685994,10
607054,EP,15,0.40447725115582805,0.11330102078805608,0.5128816635791519,0.34173021979329116,-0.31428417217011445,0.20467181918075852,0.0773726222679784,101.8029326755044,15
607067,CH,67,0.2897574039760217,0.5854684269315671,0.610387059651276,0.6203135898742602,0.8197718390739496,0.9072632175698988,0.7824495488393695,113.26365550880449,995
607067,CU,54,0.314814844251319,0.4452394650620775,0.44603052075926447,-0.9877520452361542,-0.9181145083524216,-0.7409598566771631,-0.8822754700885796,85.8600259058718,995
607067,FC,232,0.33642881481530273,0.5208375565713614,0.46902642796372473,-0.5258640117704733,0.2670301455128742,-0.6392455438778909,-0.29935980337849666,95.1937724396539,995
607067,FF,184,0.37855522663633245,0.3837165134444042,0.40338038709541946,-1.061217513018149,-0.7751047667115898,-1.077306825448902,-0.9712097017262136,83.49569358512323,995
607067,SI,326,0.3595403780945116,0.2980565993985408,0.44086948548211913,-0.752658139721916,-0.9844139654832196,-0.29760902752650015,-0.6782270442438785,87.46001094250295,995
607067,ST,132,0.2921859990478693,0.5279277617352803,0.5047353411712426,-1.170022099514142,-0.5963208990748682,-0.33559341500638257,-0.7006454711984642,88.56834972507963,995
607074,CH,64,0.28490907285742817,0.6144078581486332,0.6210774013849456,0.8552699375612055,1.369568688387074,1.1390840408339025,1.1213075555940606,119.00779054557611,1501
607074,CU,56,0.2556252531709859,0.5256728666212859,0.5106313440316428,0.9497817332560945,0.28538639695396595,0.35037424010091756,0.5285141234369927,108.470343183212,1501
607074,FC,22,0.32928485633860655,0.4431478957477106,0.467125504357616,-0.19902511602423362,-1.2150603176086656,-0.6949114774381165,-0.7029989703570052,88.71333763553815,1501
607074,FF,874,0.3111519755386591,0.4998057920107851,0.47829700908667394,1.2953241124308064,1.3985097822839159,2.012817370634244,1.568883755116322,126.66091388681535,1501
607074,SI,1,0.31642696841906803,0.39621417304007145,0.466499061242301,1.2482040590375207,1.2088728069944354,0.5093474025086314,0.9888080895135292,118.2824361365418,1501
607074,SL,484,0.2403251573184375,0.6114319436889849,0.5598938658011661,1.8086619337890963,0.8910922641348973,0.8719828998397087,1.1905790325879007,119.26819275846084,1501
607179,CU,8,0.2798124449556119,0.5151071813569028,0.4878158462073467,0.15802932824320626,0.12729521177007125,-0.03505940376514706,0.08342171208271015,101.33697568132425,576
607179,FF,311,0.3399621364879347,0.4556608086678397,0.44436291238845477,0.28806789841718394,0.5719547442618392,0.6131203408931893,0.4910476611907375,108.34464590931891,576
607179,FS,36,0.2611518367514546,0.5939224831025246,0.5718038699615178,0.270647352865865,0.17936651177829596,-0.4947425362417579,-0.014909557199198953,99.73401752160527,576
607179,SL,221,0.2980665766906823,0.559271342216468,0.5152279157860455,-0.352876067829022,-0.2946053133469329,-0.2701026836531026,-0.30586135494301914,95.04997536232777,576
607188,FF,10,0.3869966207601249,0.3723598597503089,0.4441253551649253,-1.3563441768746318,-0.9877427295125566,0.603321696682183,-0.5802550699016684,90.13940299873303,14
607188,SL,4,0.32125590991162484,0.5206225537937035,0.47518482083460495,-1.220963924591107,-1.1731568160481631,-1.293984218625323,-1.2293683197548644,80.10404592402986,14
607192,CH,1,0.3806169665488687,0.34095839485778656,0.4246371560591477,-3.7828574090451825,-3.8254765160609363,-3.120736695315536,-3.576356873473885,39.3755602304771,1021
607192,CU,215,0.15806510209498673,0.6682158833695354,0.5822623856756807,4.1433514926417585,2.4182148783571873,1.5604733406071822,2.707346570535376,143.38986140842567,1021
607192,FF,482,0.29918803471106,0.4780784057286911,0.44286629708313674,1.7136054876687836,0.991693894394664,0.551388684496142,1.0855626888531966,118.44757030077665,1021
607192,SI,42,0.30884261536709784,0.38352326897340394,0.4393171469667574,1.6001884053922095,0.9253002716559319,-0.3464849651652532,0.7263345706276293,113.42946679147335,1021
607192,SL,281,0.24560816356522258,0.6740972412418772,0.5840056646025976,1.6108936958524145,2.3155791259244762,1.4885093096411797,1.8049940438060235,129.21181392580962,1021
607200,CH,125,0.2919021712797747,0.5799484353870245,0.5976132515010236,0.5163754140356485,0.714901983938894,0.6302622764043365,0.6205132247929597,110.51859978003615,1073
607200,CU,147,0.3045331691361038,0.49097806542209743,0.46897044441572283,-0.6511879218554838,-0.23374152556602984,-0.3534242248443797,-0.41278455742196446,93.38442114024008,1073
607200,FC,316,0.3320502640688883,0.5039048727594725,0.49479692917947043,-0.32554360179116154,-0.05599571052244076,0.11540814335048889,-0.08871038965437114,98.57575294066184,1073
607200,FF,3,0.3622556881170784,0.38791587205025313,0.4487238980455937,-0.49135566851200735,-0.6964774630118487,0.7930001451303549,-0.13161099546450034,97.76346118366368,1073
607200,SI,382,0.3580318511705818,0.34037669910261176,0.4279362555071569,-0.6826484949124673,-0.03879039872869247,-0.7048164345891288,-0.4754184427434295,91.2098137042274,1073
607200,ST,100,0.26790650166918206,0.5728423823655668,0.5272953418035832,-0.018579921930978256,0.44478123532382846,0.23133690949524552,0.21917940762936522,103.57610580312078,1073
607216,CH,91,0.28953924402215375,0.572779706377036,0.6081053460865666,0.6308859011951153,0.5787090990923199,0.8577840961160317,0.6891263654678224,111.68169210035053,262
607216,FC,67,0.3192733892151678,0.5411009666792618,0.5059156425619745,0.2590034223691957,0.6535964730375926,0.4410043737495895,0.45120142305212596,107.24404776548667,262
607216,FF,91,0.37308469790441606,0.40028902882831957,0.41744007134712197,-0.869957767233862,-0.4648068563724158,-0.49737984341617186,-0.6107148223408165,89.62178349114012,262
607216,SL,13,0.3163607646921887,0.4837756705296515,0.47256736858489873,-1.0377151833878981,-2.0107480053859983,-1.360911138994381,-1.4697914425894256,76.21306603309566,262
607229,CH,9,0.2959969899807421,0.562718846465258,0.5851467231708889,0.31793524506084353,0.3875709582150293,0.35992472006282944,0.3551436411129007,106.0202001762941,64
607229,FF,1,0.38646912890773466,0.31048797755695845,0.3897377212147318,-1.3379020915597628,-2.1462099451762526,-1.6400328376002797,-1.7080482914454316,70.97418577747177,64
607229,SI,39,0.333685719163515,0.3896973838781865,0.48325777620546884,0.44723790436931005,1.0632580883585974,1.0370015831784674,0.8491658586354582,115.70053961378117,64
607229,SL,15,0.31614600370869933,0.5202448446112795,0.49178226910518114,-1.0296756507244471,-1.181742776523115,-0.8695959231524677,-1.0270047834666767,83.37907388753192,64
607237,FF,86,0.34745954745366825,0.40353345923091427,0.4393333974350606,0.025944621926469104,-0.4040592902459651,0.40566536709766005,0.009183566259388015,100.1560614471384,330
607237,SI,39,0.34666921340557,0.3464005317947558,0.43996680566412055,-0.1553166843839701,0.09580942962024211,-0.3260302269334982,-0.12851249389907538,97.62388527422598,330
607237,SL,205,0.31667378198278284,0.5281541639017787,0.5043884173408992,-1.049432920432443,-1.0019507408193766,-0.5472631359059603,-0.8662155990525933,85.98126736983443,330
607259,CH,347,0.28836313503578287,0.5858084821490264,0.5821600458207937,0.6878816519308163,0.8262322731353262,0.2951584086228161,0.6030907778963195,110.22326401800491,1254
607259,CU,148,0.26895818998269494,0.5067069387082485,0.46645370194913616,0.5133364906436219,0.001604896099324385,-0.39594081716418356,0.039666856526254235,100.63572925088853,1254
607259,FC,232,0.3558350812497072,0.4484852435146143,0.45414646915357293,-1.4137082948340192,-1.1132394042486877,-1.0749846739739117,-1.2006441243522061,80.7236348517601,1254
607259,FF,253,0.3673263237442733,0.4098254054928613,0.4335006297753753,-0.6686344158776772,-0.2862511161806426,0.16507821839481357,-0.26326910455450203,95.52612173929597,1254
607259,SI,256,0.3654845275143813,0.30624252677285513,0.5006882033114084,-1.028521820361616,-0.8015031052768099,1.5858048627570898,-0.081406687627112,98.49484183694098,1254
607259,SL,18,0.29524976207892045,0.6087210228914973,0.5171185009575305,-0.24742919982627326,0.8294685072842454,-0.22176138411760968,0.12009264111345416,101.94356535308451,1254
607359,FF,41,0.3761084398036438,0.4046430555133857,0.4028346600002728,-0.9756733452527708,-0.3832836023196067,-1.0998167098556995,-0.8195912191426922,86.07223075342935,83
607359,FS,4,0.3052138666046483,0.5267163884809204,0.5816473501571978,-1.2242540449089767,-1.35595187233163,-0.16204845353579636,-0.914084790258801,83.69297392755377,83
607359,SI,2,0.381048282101762,0.3576089025434537,0.42490699796682685,-1.7508244278122151,0.34625542570732754,-0.8001937000294524,-0.7349209007114466,86.41177739628215,83
607359,SL,36,0.2967156382019039,0.46530617894401577,0.4771988326547578,-0.30230396702010476,-2.430590392401951,-1.2424869625722883,-1.325127107331448,78.55429682981685,83
607391,CH,3,0.24919369411073963,0.6583388431856281,0.6869443183082917,2.586083023820104,2.204177944505358,2.567412834004343,2.452557934109935,141.57441665302503,35
607391,FC,16,0.3351966248208952,0.5338891790925473,0.47060908403042556,-0.4694908373692727,0.5160167553375771,-0.5928996375118791,-0.1821245731811916,97.07598637772693,35
607391,FF,1,0.3618476113330171,0.39743929553610646,0.43905905639993237,-0.47708855361236746,-0.5181642535515995,0.3943494822099612,-0.2003011083180019,96.59617190701039,35
607391,SI,7,0.29847645812670637,0.48986238534456816,0.5625233990272933,2.0812742746109802,3.301399931429465,3.532708286064478,2.971794164034974,154.94659438076297,35
607391,SL,8,0.28780936795679746,0.5217791733771752,0.4330816203108561,0.031100403651322866,-1.146864921409774,-2.370541603407297,-1.1621020403885824,81.19267557523138,35
607455,CH,70,0.3072209899008162,0.5261567194907818,0.5724508213886951,-0.22599419440042234,-0.3070433230393678,0.08461318404733566,-0.1494747777974848,97.46618556697776,291
607455,CU,12,0.2774380714886148,0.5191183092505001,0.4967066696393377,0.2357529399643759,0.18731251748715538,0.11513773410807848,0.17940106385320326,102.87520902636979,291
607455,FF,99,0.32850180432384574,0.4550498095680191,0.4425994003130871,0.6887421885491538,0.5605146134487788,0.5403798570147968,0.5965455530042432,110.13743023748088,291
607455,SI,72,0.3359471145522999,0.35711260937652206,0.4281138134509783,0.342288177963287,0.33516597842455964,-0.6992259587337656,-0.007257267448639665,99.86581771522435,291
607455,SL,38,0.24250170228217915,0.6758431527366671,0.6168106254681218,1.7271834266358839,2.3552666097998443,2.3273154440428403,2.136588493492856,134.57829997950208,291
607457,CH,4,0.28388362633551173,0.6053855726600252,0.627011472632238,0.9049643919300033,1.1981615830423453,1.2677647992349135,1.1236302580690873,119.04716372372401,83
607457,FC,6,0.3554037104665704,0.4666599039967861,0.4334442374400953,-1.3939729127097336,-0.7665202824823772,-1.6812210589646146,-1.2805714180522418,79.44040057157422,83
607457,FF,32,0.36528441419577745,0.4241727727681885,0.40329324693580676,-0.5972455026120633,-0.017616091184764208,-1.0809011401485316,-0.565254244648453,90.39432036211507,83
607457,SI,9,0.3507815489621112,0.32647148434511297,0.4877847569896484,-0.34616720689284725,-0.34949615952369395,1.1795352047499412,0.16129061277780002,102.98216141110309,83
607457,SL,32,0.2994994324472033,0.4832159749984167,0.4149746499633005,-0.406514724485358,-2.023470819478972,-2.8335276092501025,-1.7545043844048107,71.60530485675203,83
607461,FA,7,0.4043732761879037,0.1523512807789866,0.5413940299736312,0.06929059103736585,-0.9227503844431502,1.8428341197759022,0.32979144212337264,107.04546219725074,7
607481,CH,6,0.30772311898350463,0.49456788684702957,0.5648790975181347,-0.25032801411075906,-0.9071740073899521,-0.07958018833782361,-0.4123607366128449,93.0098870094531,546
607481,CU,3,0.24945202812019462,0.604004155958537,0.6136145220113371,1.1518583457116387,1.4574340264677226,2.090120698902795,1.566471023694052,125.10537858659106,546
607481,FC,29,0.2938857115945237,0.5759486266043261,0.545908561996186,1.4204996077347913,1.3183874360754648,1.6121420191289826,1.450343020979746,123.28528586910888,546
607481,FF,34,0.3254288482772404,0.4435755337262059,0.4217593987429139,0.7961783836743251,0.34567433519955576,-0.31921833877572525,0.27421146003271857,104.65982779085385,546
607481,SI,251,0.3130597399969117,0.32909810880547435,0.41500048132572426,1.4044746976903106,-0.2908054189985083,-1.1121039469094438,0.0005217772607861715,100.00964733151861,546
607481,ST,223,0.24197308635033507,0.601634166808304,0.5910179140619712,1.2112984293858766,1.1121627653432125,1.832678113215699,1.3853797693149295,122.60369569458348,546
607536,CH,197,0.3166546765681436,0.5525091388651676,0.5699428620173311,-0.6831627561923165,0.19360498048607738,0.03022790613324108,-0.15310995652433268,97.40456401141884,1693
607536,FC,341,0.3293661975070921,0.5539624119720686,0.5219581421246977,-0.20274650631132102,0.8989550601177607,0.9107869110008119,0.5356651549357505,108.60011465037667,1693
607536,FF,335,0.3760858070701387,0.36857826296684787,0.4198513156593723,-0.9748820632636414,-1.0585480087637784,-0.3979220169164349,-0.8104506963146182,86.22756073960903,1693
607536,KC,374,0.2888907021695438,0.5756728380723144,0.5722539755905773,-0.7443640892972766,0.3927212160900428,0.7158540006835494,0.12140370915877186,101.97076929402104,1693
607536,SI,446,0.3482970144513693,0.406305243445772,0.46635774287756454,-0.2308617550281043,1.4343532301535449,0.5048979428619638,0.5694631393291347,110.52901325071234,1693
607572,FF,5,0.36839690736093067,0.39172555289468913,0.40682280014823224,-0.706063988117759,-0.6251463477464493,-0.9353158548916468,-0.7555087302519516,87.16122011443026,12
607572,SL,7,0.32305054850261017,0.5317437654692688,0.4776012489340795,-1.2881458462646473,-0.920353102706623,-1.2321973833509678,-1.146898777440746,81.43872341667516,12
607609,CH,5,0.3038903904970133,0.5451603432272978,0.5602473184954407,-0.06458907325991994,0.053991155402873935,-0.1800206469282231,-0.06353952159508969,98.92291288699492,15
607609,SI,6,0.38257728895938276,0.2679768241492179,0.44532518827953455,-1.8217845315499588,-1.6565329953848213,-0.15731961905779052,-1.21187904866419,77.59312292508005,15
607609,SL,4,0.3109044718060059,0.5160199312986667,0.4837517985987526,-0.8334599962161066,-1.2777821115464112,-1.07493096228074,-1.0620576900144192,82.81178171992325,15
607625,CH,58,0.30479104035044985,0.5354598966291325,0.5514508222334871,-0.10823572092734016,-0.1302997844085606,-0.3707732960098023,-0.203102933781901,96.55711048653987,1448
607625,CU,339,0.26052867026996085,0.5540136557758099,0.5375615866957616,0.7892714799176964,0.7094411396774783,0.805320331576303,0.7680109837238258,112.3086901790101,1448
607625,FC,35,0.3414327690577624,0.46118838666999823,0.4732501796736033,-0.7547968764148056,-0.8709007568320329,-0.5155587837674791,-0.7137521390047725,88.54069530035261,1448
607625,FF,414,0.3621239108242422,0.42422969159517876,0.42870883106749547,-0.4867484919915828,-0.016550363221030956,-0.03257155192862609,-0.17862346904707993,96.96455208303475,1448
607625,FS,17,0.2926270090952592,0.5462929821823133,0.5669784613536125,-0.7972171846673985,-0.9087260012669975,-0.6578337253918145,-0.7879256371087368,85.94361918674615,1448
607625,SI,346,0.3478773708586417,0.3064747113858581,0.4169893786619022,-0.21138639903188094,-0.7963150446760866,-1.049482797455928,-0.6857280803879651,87.32132152873649,1448
607625,SL,122,0.30659340977040617,0.5556792629686966,0.526888174871144,-0.6720762872842614,-0.37625927327010195,0.02804419996571501,-0.3400971201962161,94.4959077145059,1448
607625,ST,40,0.2656214898010504,0.5456636689732084,0.5091000436345051,0.08978554380368245,-0.18520998192168878,-0.2259089241157574,-0.1071111207445879,98.25238737244324,1448
607625,SV,77,0.275645735634038,0.5250357739097165,0.5276236510975417,0.2064326279388971,-0.011218245823858686,0.17552486178042453,0.12357974796515432,102.01227584802417,1448
607644,CH,77,0.31052875295841426,0.6024116351573979,0.5231547919349676,-0.38629263689881765,1.1416621495623116,-0.9843747319906825,-0.07633507310906285,98.7060097172273,201
607644,FF,78,0.3539674081198613,0.41248112298320705,0.41595217875530505,-0.20158215612586322,-0.23652640218186777,-0.5587517095913853,-0.3322867559663721,94.35326641782208,201
607644,KC,14,0.3031176464888849,0.43764896615156834,0.42330920098371855,-1.1986763206931992,-1.7254665226801955,-1.7719931213688367,-1.5653786549140771,74.58891323834234,201
607644,SL,31,0.3354152372397932,0.5047745225490593,0.47870585202301075,-1.7510153924962686,-1.5334090317848204,-1.2039532451892827,-1.4961258898234573,75.78687239823053,201
607644,SV,1,0.30131940892964554,0.5299853556805544,0.5137898777214052,-1.2724748901780847,0.12292552331435722,-0.2338807659508674,-0.461143377604865,92.49110233262303,201
607732,CH,12,0.4405152948646584,0.09622335835431266,0.4774543295308053,-6.685607264487024,-8.47499954838623,-1.975392520010632,-5.7119997776279625,3.1733133092028964,36
607732,CS,6,0.46273057392874195,0.03694807385737944,0.3587559435036147,-1.1698200482707457,-1.4693783016916764,-0.6182354679129164,-1.0858112726251128,79.36833177590049,36
607732,FA,18,0.36116769416632116,0.38943958193838657,0.48911289258203827,1.1067920967537048,1.1159779765283508,0.49152624565242764,0.9047654396448277,119.32885420359673,36
607755,CU,9,0.2944497182760011,0.42266892389330635,0.36406186229850485,-0.32111254392797406,-1.2558307581106214,-2.1256975010909436,-1.2342136010431797,80.2196151462546,253
607755,FF,16,0.3746343205333724,0.4089617114305663,0.4331629602289035,-0.9241354243854671,-0.30242261800121684,0.1511501900334343,-0.35846928411774986,93.90833216051553,253
607755,SI,14,0.3137791796248298,0.4737015584573852,0.5182236504824854,1.3710860242676477,2.9402935335329037,2.137914736937135,2.149764764912562,139.74779073908854,253
607755,SL,214,0.27446733661958866,0.5189475869504784,0.5228314131478203,0.530556566449065,-1.2112316095188789,-0.07568513028036745,-0.25212005778339375,95.91971827264139,253
607968,CH,1,0.2738895618171322,0.561535483083281,0.6342159101400262,1.3892895834955794,0.36508919435023707,1.4239935406370126,1.0594574394942762,117.95934130773838,94
607968,CU,9,0.3083146051930125,0.5151252009008337,0.5089405735513278,-0.7749708363467382,0.1275648328107537,0.32181120666690666,-0.1085315989563593,98.26059541530361,94
607968,FF,24,0.38913638767934516,0.35654608188963977,0.3803700980515989,-1.4311543637986157,-1.283834307107111,-2.0264239778677258,-1.5804708829244842,73.14217960836453,94
607968,SI,31,0.34502899138634785,0.37053231552872007,0.5028649904002426,-0.07919516533594773,0.6350232681090271,1.654341788790848,0.7367232971879758,113.6215477745213,94
607968,SL,29,0.3376323519539942,0.5344307666652511,0.4690912142771349,-1.834012619803704,-0.8592730783429148,-1.4497946334582743,-1.381026777201631,77.64962306628533,94
608032,CH,72,0.32652671309796344,0.49802311747813044,0.5337133822158177,-1.1615743148383881,-0.8415308750014627,-0.7554109483817024,-0.9195053794071844,84.41304923871428,635
608032,CU,2,0.3164792689629524,0.5349729556389182,0.5114381761742841,-1.0422359340700897,0.424540844424541,0.36400446001202325,-0.08456354321117515,98.64472452102328,635
608032,FF,451,0.32455261264422725,0.47005965790862425,0.45873732020506486,0.8268131929642344,0.8415536993510981,1.206028886658358,0.9581319263245633,116.28206850676054,635
608032,SI,2,0.3413091024845389,0.4276130602122433,0.4224841993253992,0.0934421914225382,1.9104667986791,-0.8764763884623155,0.3758108672131075,106.94850522776596,635
608032,SL,108,0.291263736014069,0.5734278544548348,0.5194990484235782,-0.09821314472600289,0.027195850611413556,-0.1608919983579204,-0.07730309749083657,98.74893565020889,635
608328,CH,3,0.31998118326199476,0.5082555862692938,0.5196016427374849,-0.844369539356536,-0.6471324758111268,-1.0614250258597766,-0.8509756803424797,85.5747271026284,350
608328,CU,63,0.3340978380808951,0.3666274533963386,0.37238954990525835,-1.6189686360815565,-2.094362502017458,-1.9850136990556795,-1.8994482790515645,69.55809112971372,350
608328,FF,150,0.35988545279917505,0.42045898721374625,0.46178031387788604,-0.4084878824959508,-0.08715169699326406,1.331544801911589,0.27863507414079136,104.73500072474346,350
608328,FS,10,0.3022747598041013,0.5396266578740994,0.5269724015032764,-1.1245383740924908,-1.0610176992516256,-2.009975358229006,-1.3985104771910408,75.05095035255243,350
608328,SL,124,0.3016080315908396,0.5297484325445044,0.49553085294413846,-0.48544969402197746,-0.9657103522086141,-0.7737465443854651,-0.7416355302053521,87.99745673207548,350
608331,CH,227,0.29131691994809217,0.5752739024666245,0.6079345812075566,0.5447374445998765,0.6260943134505125,0.8540810475304097,0.6749709351935995,111.44173701185352,1513
608331,CU,262,0.2363935738514276,0.5411553305316029,0.4857745541282443,1.5793185761141972,0.5170458689051038,-0.0695439743102412,0.6756068235696866,110.82775539722587,1513
608331,FC,31,0.2755941696961171,0.6169218776196495,0.5672220483998929,2.2573448070837197,2.1000366790904246,2.2362781570952044,2.1978865477564495,135.28711196735054,1513
608331,FF,522,0.32826767458865636,0.4105161315053626,0.4842246666439066,0.6969277946993616,-0.2733182068828731,2.2573184914380904,0.8936426930848596,115.18616711290423,1513
608331,SI,260,0.3395151279029515,0.3536576450916402,0.4459728359626131,0.17669925582210788,0.2579663576078536,-0.13692819833558126,0.09924580503146006,101.8349921603089,1513
608331,SL,182,0.2670770282209001,0.6040851312396656,0.5631878412931853,0.8072112213071239,0.7240869482939533,0.9562081748095752,0.8291687814702174,113.41917123799735,1513
608331,ST,29,0.2667790079149429,0.5390022223402318,0.5423966684848804,0.03489086633715757,-0.3396195307601901,0.6108315812976874,0.10203430562488497,101.66477990067195,1513
608334,CH,98,0.285330589098111,0.5712704494198404,0.6266637525360083,0.8348427196218712,0.5500359467540417,1.2602244641379037,0.8817010435046054,114.94611239810342,277
608334,CU,19,0.29672604551745874,0.5582699691958899,0.5304113454808971,-0.39562667455003453,0.7731270830173644,0.6845277217814048,0.3540093767495782,105.67360601764769,277
608334,FF,49,0.36036096596192,0.44904427708309497,0.4122571193317843,-0.425112697222374,0.4480691495360024,-0.7111637141251634,-0.22940242060384503,96.10163712818054,277
608334,SI,67,0.36574962199940986,0.30406939093185403,0.4470720437359643,-1.0408246639127565,-0.8500608468553789,-0.10231924542312534,-0.6644015853970868,87.71563493173346,277
608334,SL,39,0.3200540340567297,0.5571383771616708,0.5030880266390227,-1.1759719524188432,-0.34309117100444075,-0.580513463572079,-0.6998588623317876,88.673565471908,277
608334,ST,5,0.29952824777752063,0.54560825892965,0.513580318556798,-1.5182243186032447,-0.18649436357305757,-0.1133201100928174,-0.6060129307563732,90.11236328319312,277
608337,CH,429,0.29179751338884946,0.615730400038573,0.5138731166970595,0.5214472697333972,1.394694592165886,-1.1856485217839667,0.2434977800384388,104.12764078703754,1484
608337,CU,21,0.2890913560257227,0.46363112797381184,0.45740056086307734,-0.14570994918422225,-0.6429255627740266,-0.5488800685495907,-0.4458385268359465,92.85467472081974,1484
608337,FF,645,0.38891384590628947,0.37055431813345047,0.41921491090218266,-1.4233738941170122,-1.021549051471705,-0.42417212919356945,-0.9563650249274288,83.74795743100687,1484
608337,SL,389,0.3006052513914231,0.5599160429297905,0.4962636425100718,-0.4479108262235371,-0.27995018951002676,-0.7550094885587528,-0.49429016809743886,92.00046533927997,1484
608344,CH,309,0.29448009980735107,0.6142433245917939,0.6088481278079553,0.39144568943114516,1.3664428484050084,0.873891370742758,0.8772599695263038,114.87082974834705,1485
608344,CU,65,0.32641782183761264,0.4114610646826016,0.39647823739244625,-1.3675681682098808,-1.4235305997827468,-1.578071423868916,-1.4563900639538478,76.65885715582053,1485
608344,FC,126,0.30750790033095693,0.5529442415124595,0.5207381070357071,0.7972791426682443,0.8795313593058318,0.8750598612726439,0.8506234544155733,113.6567763739473,1485
608344,FF,420,0.3911814362890005,0.35963642507395116,0.4089928231173165,-1.5026530244156795,-1.225971815499263,-0.8458078084182457,-1.1914775494443959,79.75255958880416,1485
608344,SI,336,0.3713615923647129,0.345458927824603,0.4367155596067669,-1.301272154589623,0.07476971300916772,-0.4283968808398011,-0.5516331074734188,89.8006527604901,1485
608344,SV,229,0.30810439655784877,0.4560581300075053,0.45698056937187237,-1.6633176456398528,-1.8806531936073008,-1.9151321435353406,-1.819700994260831,70.36941390745343,1485
608348,FA,42,0.4202051356604068,0.12797137297065952,0.513189950201062,-0.3108819994581483,-1.1323938347679716,1.1138447178504558,-0.10981037212522138,97.65407852704419,42
608349,FF,144,0.32478768953151704,0.4716420123984404,0.45866595895158974,0.8185944726346077,0.8711811445657398,1.2030854125645574,0.964287009921635,116.38666526430393,190
608349,KC,41,0.26693993039119607,0.5435987652515727,0.5266764824992011,-0.04340512835395468,-0.09950456221828977,-0.04543376733004179,-0.06278115263409541,98.98086171574288,190
608349,SL,5,0.26403532945343866,0.5187098636244695,0.5362120560843803,0.921076580815472,-1.2166354577070215,0.26645109184267574,-0.009702595016291282,99.84297432936913,190
608371,CU,13,0.29910480023684843,0.464857886985618,0.45797553477700376,-0.47349370379357314,-0.6245699349790906,-0.5391667459440855,-0.5457434615722497,91.25352719157351,442
608371,FC,15,0.3178078767383233,0.49597674566305877,0.5093802188822164,0.32605119164118473,-0.20724108134060182,0.5424597266302384,0.22042327897694045,103.53890010083077,442
608371,FF,197,0.3262773346073198,0.4865424585226472,0.45462298733114076,0.7665137410510924,1.1501718221034591,1.036322895831151,0.9843361529952341,116.72737149906894,442
608371,FS,1,0.36097384268997407,0.4412391852568507,0.47013144017342545,-3.1160340302516976,-3.308672414584765,-3.931110070122774,-3.4519388383197454,38.418342327922915,442
608371,SI,1,0.3730829747087822,0.4197393396566629,0.43990389141911274,-1.3811602656851827,1.7345320592181672,-0.32801110461266514,0.00845356297343973,100.15630103235117,442
608371,SL,19,0.2884545707112659,0.5504646544269018,0.5135470611055358,0.006947372989894461,-0.4947960336021294,-0.3130812813971716,-0.26697664733646886,95.67928095314673,442
608371,ST,196,0.23887599446277244,0.5857076694288987,0.5176912008627171,1.3581763557106878,0.7429932124779888,-0.010014091725877326,0.6970518254875997,111.37301676815082,442
608379,CH,543,0.25346244788943156,0.6126830829714459,0.5606651811109661,2.379213737774463,1.3368010796846665,-0.17095926629553082,1.1816851837211995,120.03127897509206,1501
608379,CU,57,0.31533891333888786,0.3665308276716372,0.3459578098879718,-1.004907114918088,-2.0958082838058667,-2.431538335381363,-1.8440845780351058,70.44538917286252,1501
608379,FC,193,0.36695404212184624,0.40542900451783875,0.43133889942537806,-1.9224051055937883,-1.9346259377779502,-1.7428729873600814,-1.8666346769106066,70.03114336655807,1501
608379,FF,419,0.3880134042243291,0.3703067538778671,0.43315705139949434,-1.3918927968364971,-1.0261843569399833,0.15090646552687717,-0.7557235627498677,87.15756934635496,1501
608379,SI,262,0.3791934968818323,0.31182004943175706,0.45665447112208263,-1.6647451856155846,-0.6768758736009429,0.19938693445778713,-0.7140780415862467,86.79714867803094,1501
608379,SL,27,0.3048984977589162,0.5648878384504394,0.49329010651638183,-0.6086276093323716,-0.1669329746361806,-0.8310412888281005,-0.5355339575988842,91.3329806411194,1501
608566,CH,19,0.3384241741513287,0.46556117492453275,0.5162518504254107,-1.738140545046137,-1.4582490684131795,-1.1340655111590168,-1.4434850415394442,75.53083345566344,874
608566,FF,245,0.3625909586964801,0.3749699370003462,0.42513448161875744,-0.5030773445926401,-0.9388725672138113,-0.1800045704394073,-0.5406514940819529,90.81240858062914,874
608566,KC,220,0.25584536501669897,0.6407982169102006,0.5654592690945675,0.3108801375835426,1.3921699130255083,0.6023609892911886,0.7684703466334132,112.47472398499946,874
608566,SI,214,0.3672437664535186,0.28490028158052577,0.44070291173201254,-1.1101668286874204,-1.2783859614714699,-0.302853662083909,-0.8971354840809331,83.41253235336647,874
608566,SL,176,0.3207080173633907,0.5488494676603449,0.4814904623932101,-1.2004536812218438,-0.5315119260999627,-1.1327521768503657,-0.9549059280573906,84.5459133880318,874
608638,CH,1,0.314708370119273,0.5062539133509713,0.5042845711509764,-0.5888422480586126,-0.6851606407599993,-1.3935768161056097,-0.8891932349747405,84.92688408222776,327
608638,FF,12,0.34444382029851933,0.4267870133119836,0.40191254051725883,0.13137998975178297,0.031332023152235086,-1.1378518434536047,-0.32504661018319553,94.47630224034481,327
608638,SI,166,0.3460248658158303,0.3273435712442534,0.4394606647824413,-0.12541297820815747,-0.33000977055363834,-0.34196625501279565,-0.26579633459153046,95.085593894274,327
608638,SL,148,0.2641520826016058,0.6299836524217751,0.5700439246938297,0.9167059510437161,1.312803584204851,1.1315147340218963,1.1203414230901543,118.1314754455796,327
608648,CH,13,0.3220713641197587,0.5270541917088001,0.5073808552661483,-0.9456623859737948,-0.2899929741879526,-1.3264336741443254,-0.8540296781020242,85.52295740799781,232
608648,CS,3,0.3233371158931149,0.39934144129043037,0.36238408242601977,0.6579585003879201,0.8022291723841801,-0.5768925787817792,0.2944316979967737,105.59454231216573,232
608648,FF,86,0.3780764558477072,0.37616381780172914,0.40354825679172207,-1.0444788056995735,-0.9165187657973566,-1.0703826182897167,-1.0104600632622156,82.82869036992318,232
608648,KC,63,0.2659246706512178,0.5653766620915444,0.5709838435450653,-0.01098460940323845,0.23471062404397489,0.694638792816108,0.30612160248561476,104.96932967366074,232
608648,SI,35,0.3569668268937643,0.3119727631033348,0.4567710098630558,-0.6332214875779265,-0.6734635553923529,0.2030561987193752,-0.36787628141696804,93.19820024483914,232
608648,SL,32,0.28112648105697446,0.5703556366077217,0.5348454404904672,0.2812728821170476,-0.04264079152810938,0.23150742743038433,0.1567131726731075,102.53622778178102,232
608652,CH,4,0.3129052446321279,0.5354828000078344,0.5200515410182188,-0.5014604730688379,-0.12986466163940555,-1.0516689495412508,-0.5609980280831648,90.49026918521326,69
608652,CU,10,0.30712203777926217,0.45047782514169177,0.44643631840609216,-0.7359328973257643,-0.8397344948763553,-0.7341045135725076,-0.7699239685915423,87.66065096512342,69
608652,FF,24,0.3964935833881189,0.32129249153632317,0.4153503192079638,-1.6883754570241651,-1.9439100509018332,-0.5835769179423439,-1.4052874752894473,76.11916864921945,69
608652,SL,31,0.29264190819395347,0.5596486687203343,0.5006239152892986,-0.14980473308631703,-0.2860280517946554,-0.6435195352595334,-0.3597841067135019,94.1772958116709,69
608665,CH,78,0.307336362889917,0.5001644760042171,0.5450112317458571,-0.23158531750603945,-0.8008489361595563,-0.5104162752069699,-0.5142835096241886,91.28214807506454,562
608665,CU,14,0.2888402174799878,0.5529508673012166,0.5472057642076488,-0.13748908793883094,0.6935389539371342,0.9682442576341169,0.5080980412108067,108.1431405310144,562
608665,FF,93,0.3366661915544306,0.4605967269179276,0.433262012971414,0.40330019514623755,0.6643731299520271,0.15523586912819884,0.40763639807548785,106.92719194190161,562
608665,SI,235,0.33937532573607554,0.31889422042132604,0.4310754843336035,0.18318737339649058,-0.5188067090723887,-0.6059766835703735,-0.3138653397487572,94.19682839341077,562
608665,SL,142,0.28350223144520476,0.5986519565997765,0.5648908671968395,0.1923371614099948,0.6005818155560491,0.9997536794326664,0.5975575521329034,109.67080200777913,562
608678,CH,19,0.2862427935584402,0.560485885231604,0.5839978692766962,0.7906361208768449,0.3451487336145215,0.33501174139508444,0.4902655319621502,108.31071234360401,516
608678,FC,149,0.3281142053974425,0.5095824773912142,0.48949180749356,-0.1454673773892111,0.05231630408629606,-0.03994504935425304,-0.04436537421905602,99.28771303999325,516
608678,FF,194,0.33010415530966675,0.47238416499587843,0.4356743832516038,0.6327210510643371,0.88507694703163,0.25474013900300224,0.5908460456996564,110.04057534115773,516
608678,SI,10,0.33735447890117287,0.34074276243959467,0.4634817272246375,0.27697341518437657,-0.0306108783401205,0.4143455534768535,0.22023603010703652,104.07202489350416,516
608678,SL,140,0.2846276579247432,0.6062865041886233,0.5658026572451944,0.15020705567312434,0.774127831624037,1.0230676863897754,0.6491341912289789,110.5055123434522,516
608678,ST,4,0.2654703236931434,0.5594573654124322,0.4924792024408961,0.09695451562177267,0.1345221365422045,-0.6435888278066639,-0.13737072521422894,97.75867517422884,516
608686,CU,1,0.4188666247751716,0.15679889607685302,0.47771230775594503,-4.39382118336563,-5.233964381309401,-0.2057435444862704,-3.2778430363871007,47.46695653401902,4
608686,FA,1,0.4211040369794088,0.21711445475723312,0.4935777951277666,-0.3324674388462604,-0.3658501962419078,0.6069303525303104,-0.030462427519285934,99.34921937288073,4
608686,KN,2,0.40826038967605294,0.14816030786318846,0.3413044065945203,-0.7123094756065441,-0.9367175224853675,-1.0749463854919246,-0.9079911278612787,85.99030889930572,4
608700,CU,1,0.37381662998699794,0.2207540151608854,0.44150514285464343,-2.919138134710667,-4.277023082986319,-0.8174093345312752,-2.671190184076087,57.18960655277732,4
608700,FA,3,0.40130173392828655,0.26386489111765543,0.43366197493296266,0.14304795224204264,0.03615800082938571,-0.9417107760543264,-0.25416827432763267,94.57010480021526,4
608703,FA,9,0.42249115744816484,0.23626707882062814,0.46607441025345825,-0.3657765509472261,-0.2011562924342439,-0.10394822433243767,-0.22362702257130254,95.22256938001307,9
608716,CH,21,0.34870005389096187,0.4832181729090902,0.5060264382246621,-2.2361228638764765,-1.12279804356674,-1.3558043043283197,-1.571575070590512,73.35952155195511,68
608716,CU,3,0.2940443299398667,0.5010238470075814,0.4543212635477791,-0.30784241348221464,-0.08342950346734405,-0.600900181979617,-0.33072403297639186,94.69958146051337,68
608716,FF,41,0.36133425283883386,0.4399777474746599,0.4558274862844727,-0.4591405964942808,0.27831065926746074,1.0860054797613559,0.30172518084484523,105.12738374513397,68
608716,SL,3,0.297389836153459,0.5350916705076828,0.4785630344227283,-0.3275424268422396,-0.8442496303228119,-1.2076050184594451,-0.7931323585414989,87.16403804446979,68
608717,CH,56,0.30545838168814815,0.5620086449587621,0.5628355466128252,-0.14057593852609188,0.3740784141591314,-0.1238947355293972,0.03653591336788077,100.61933676021657,810
608717,CU,187,0.2509543943853601,0.5525687860686941,0.5489940863524824,1.1026793374891515,0.6878219868522236,0.998455280246807,0.929652201529394,114.89926728310277,810
608717,FF,366,0.3569420947077888,0.42538744685960334,0.43418513209155757,-0.30558267023990454,0.005127036432119886,0.19331223526968996,-0.03571446617936491,99.39308422041054,810
608717,SI,33,0.34703793553743556,0.34803180350742813,0.4518808661553166,-0.17242881216624587,0.1322594613089579,0.04908826161107892,0.002972970251263654,100.05496833948972,810
608717,SL,167,0.2614888514091288,0.6252646107732932,0.5637390008695129,1.0164034557503778,1.2055318869337024,0.9703010443469885,1.0640787956770228,117.22092761933636,810
608717,ST,1,0.24365239519820422,0.6161178611956253,0.5950202799254934,1.131658105434093,1.4478887478632716,1.9332571253690987,1.504267992888821,124.54346216646053,810
608718,CH,191,0.25307364144143946,0.5967601062595416,0.5751851057715235,2.398055797184766,1.034293322630733,0.14390633598361252,1.192085151933037,120.20757353091224,774
608718,FF,370,0.3321192754825907,0.4293694304188585,0.45436397245096055,0.5622687436393461,0.07968428672383185,1.0256391766895714,0.5558640690175831,109.4461071628304,774
608718,SI,140,0.3574324974676341,0.3615094628011582,0.4268186655766454,-0.6548329225199748,0.43341168783864514,-0.7400041563449412,-0.3204751303420903,94.07461754614921,774
608718,SL,73,0.30509374151266566,0.4102726040847835,0.4143559935247239,-0.6159365185676526,-3.681595452708592,-2.849346339163922,-2.382292770146722,61.44525054964324,774
608723,CU,186,0.2662161036287637,0.4920572679604921,0.49710050252036286,0.6030969508413231,-0.21759374110349106,0.12179095042519773,0.16909805338767658,102.71008565389356,766
608723,FC,174,0.33602930472668885,0.509332597782843,0.4694413256917409,-0.5075862688877303,0.047549335347223505,-0.6270958345009241,-0.3623775893471436,94.18202064032646,766
608723,FF,300,0.3568827097440331,0.44072095526811844,0.4214364206438705,-0.30350646268704656,0.2922262188500333,-0.33254038149643816,-0.11460687511115047,98.05242165443362,766
608723,FS,3,0.37607176899035083,0.37585981571816013,0.4060539434938388,-3.6282644291945836,-4.802259395935714,-6.096828246633678,-4.842450690587992,13.611985991369167,766
608723,ST,103,0.26955053823237723,0.5507614739630357,0.48380512865836844,-0.09654747664706123,-0.06704499285621995,-0.8615673440496966,-0.34171993785099253,94.42453711318782,766
611093,CH,21,0.3428763081920673,0.49640666096707503,0.48504495758855204,-1.9538966739155135,-0.8722406249673105,-1.8107892089774988,-1.5456421692867743,73.79912186835483,49
611093,FF,18,0.3840113916254865,0.37276341853034284,0.4141817396030756,-1.2519750759378776,-0.9801866378003051,-0.6317779181494254,-0.9546465439625359,83.77716053344943,49
611093,SL,10,0.3053204056070243,0.49898199003274535,0.46442517125489713,-0.6244216417060356,-1.6650829691664089,-1.5691029760738682,-1.2862025289821042,79.18424768410554,49
612434,CH,102,0.3140006246454884,0.43548212542527487,0.513375184503915,-0.5545439941760194,-2.029696603818544,-1.1964462169203964,-1.2602289383049865,78.6372903854338,489
612434,FF,38,0.3508531846880403,0.34431862185862694,0.399897747039571,-0.09270317731517909,-1.512776939440493,-1.220957059759814,-0.942145725505162,83.98959389144673,489
612434,SI,154,0.3432417937864637,0.32917028812375343,0.4287823454088202,0.003747384238334296,-0.2891926046414003,-0.6781769890936743,-0.32120740316558005,94.06107828481838,489
612434,SL,195,0.25854751181757235,0.5953715321304256,0.5494715093717608,1.1265118904223055,0.5260122891967538,0.6054885563852916,0.7526709120014503,112.18113860497517,489
613534,FF,24,0.32954642706470566,0.48840540383718606,0.3997291995331386,0.6522202562738134,1.1850529505734686,-1.2279092248998402,0.20312132731581395,103.45175364234746,259
613534,SI,8,0.3713880060847623,0.3236262602144302,0.4083223638228773,-1.3024979962563652,-0.4130714112240931,-1.3223668833652549,-1.0126454302819043,81.27682651018957,259
613534,SL,227,0.2736439415683806,0.5992639535337093,0.5243855870390296,0.5613801886059183,0.614493527873491,-0.03594569577175081,0.3799760069025528,106.14948755537412,259
613564,FA,11,0.3971495693640863,0.14662306027084118,0.45508221341299265,0.24275444352800363,-0.9720074989896966,-0.38806297174466436,-0.3724386757354524,92.04344844792355,11
614177,CH,1,0.33354255710761466,0.5071133018284629,0.4980199194254416,-1.5015711187132823,-0.6688338140951307,-1.5294262357646404,-1.2332770561910178,79.09416390552701,3
614177,CU,1,0.32879615632840387,0.21907370382563107,0.28643621975472533,-1.4454214415363844,-4.302165078400829,-3.4370664001395723,-3.0615509733589286,50.933406947376696,3
614177,FF,1,0.38680972002821645,0.37849429875083074,0.46352995772311956,-1.349809783542017,-0.8728836656427152,1.4037132558137844,-0.27299339779031595,95.36087141802476,3
614179,CH,105,0.3351390999057179,0.4530497189957829,0.5456641196664445,-1.5789416314923377,-1.6959441011299992,-0.49625835406465524,-1.2570480288956638,78.69121141672912,605
614179,CU,202,0.272196426641584,0.564908052471444,0.5130428145720334,0.40733486443143885,0.8724507355890865,0.391112420990779,0.5569660070037681,108.92633330217446,605
614179,FF,212,0.33189436013734347,0.4627050184670846,0.4776719703477674,0.5701321977702044,0.7038480344510816,1.9870360783222414,1.0870054368478423,118.47208771955938,605
614179,SI,84,0.35702572271488425,0.3018182123163287,0.46654443296244386,-0.6359548000909225,-0.900362419079931,0.5107759474698754,-0.3418470905669926,93.6794635197327,605
614179,SL,2,0.36943551327513124,0.3529793025990493,0.45060078159646955,-3.024557336483685,-4.983967872884085,-1.9225855757752606,-3.3103702617143433,46.425352237270204,605
615698,CH,159,0.30069911058162074,0.5639300356601185,0.5740281180220969,0.09006444668878595,0.41058136219503755,0.11881697408475943,0.20648759432286098,103.50026442216334,1750
615698,CU,122,0.29625519846660864,0.5128955214320797,0.4831104929845587,-0.38021379453389526,0.094202806498673,-0.11454929490417831,-0.13352009431313352,97.86011201870578,1750
615698,FC,431,0.32869828562933057,0.510823086068782,0.4974320216806044,-0.17218927654921046,0.07598347253568295,0.19257320333595743,0.03212246644080997,100.51572683363545,1750
615698,FF,179,0.3798689016641556,0.36641369035120963,0.4258907684995462,-1.1071460080827573,-1.0990767000246013,-0.14880961894014663,-0.7850107756825018,86.65987545448094,1750
615698,FS,268,0.2511288724272578,0.6154527807596827,0.5911856906091723,0.6106984905009405,0.6712246087933168,0.1603323878052034,0.48075182903315355,108.57648294115063,1750
615698,SI,590,0.3821071379585274,0.3059376902230481,0.4348873882729566,-1.7999651632280842,-0.8083145406827127,-0.4859575141810709,-1.0314124060306225,80.92983699903905,1750
615698,SL,1,0.32069264137195175,0.5534019642190565,0.5194935018010921,-1.1998780841864882,-0.42802607684259125,-0.1610338226687498,-0.5963126612326096,90.34934516193711,1750
617228,FF,112,0.3471427230942389,0.43985783582726107,0.4420321515929981,0.03702138423085118,0.2760654760378046,0.516982259144609,0.27668970647108826,104.70194201038619,218
617228,FS,83,0.2547150530089923,0.5823462602851203,0.5658127370113205,0.4890294166482454,-0.08509146350182505,-0.6972333668841654,-0.09776513791258165,98.25589631300463,218
617228,SL,23,0.2845024249304638,0.5683393871541181,0.507538270640761,0.1548951267170012,-0.08847350866033879,-0.4667229919557807,-0.1334337912997061,97.84052302209082,218
620443,FA,11,0.4063368272055976,0.34729146513620496,0.4597712816445915,0.02213957392132185,0.7535452429605509,-0.2668648658924242,0.1696066503298162,103.62337250356552,11
620454,FF,7,0.331073414863535,0.45643128916858544,0.46248450746628905,0.5988339544130984,0.5863809483594093,1.3605910347556807,0.8486019791760628,114.42076522063078,11
620454,SL,4,0.27811723845519315,0.5928737617482234,0.5759464549948793,0.39392325182661386,0.46923379723777037,1.2824394263362018,0.7151988251335286,111.57469470409151,11
620982,FF,4,0.381335178913158,0.3822697418095172,0.4188820644273361,-1.158409757463567,-0.8021936065553674,-0.43790121785461944,-0.7995015272911845,86.41362605612085,59
620982,FS,16,0.2942214642830778,0.5696217474497479,0.574283854999804,-0.8513125882813715,-0.3757820414172057,-0.4109229591170678,-0.5460058629385482,90.2594026970665,59
620982,SI,28,0.34209311901454054,0.3617473923323589,0.48888227888859476,0.05705655062325921,0.43872811604896467,1.2140910772991496,0.5699585813237911,110.53817365981774,59
620982,SL,9,0.3231651411280025,0.546098622263449,0.4771082999494485,-1.2924355973165542,-0.5940432357675696,-1.244801837718421,-1.0437602236008483,83.10790579081487,59
620982,ST,2,0.3015687877753769,0.4953761264874031,0.4749953418194043,-1.6149958366429722,-1.350854199349048,-1.0829563144136551,-1.3496021168018917,77.98004833574198,59
621011,FA,10,0.40923427883529373,0.1272660851701269,0.46142918197713917,-0.04743732535637664,-1.1384586225898992,-0.22401320111124023,-0.4699697163525053,89.95985508570126,10
621016,CH,17,0.29662611672113104,0.42759983266176077,0.5629803811274506,0.2874469558870499,-2.1794459093331615,-0.12075398874561914,-0.6709176473972436,88.62697209928169,551
621016,FF,76,0.34670349840303427,0.504805327128928,0.4565715743719752,0.052377487250996946,1.4921193076872068,1.116697261399309,0.8870646854458375,115.07438337198725,551
621016,SI,283,0.3627425603830772,0.33526162511332064,0.4551182748455363,-0.9012691065408349,-0.15308442317073528,0.15101924102600586,-0.30111142956185477,94.43264012569337,551
621016,SL,138,0.30157063494822967,0.6051540504142953,0.5672220044937644,-0.4840497584988622,0.7483852661833685,1.0593596723435765,0.4412317266760276,107.140843008349,551
621016,ST,37,0.28749819921553216,0.5980015847466023,0.5615813380355845,-0.9477056996796692,1.027961031370069,1.0929402084688018,0.3910651800530671,106.38057413747147,551
621051,CH,30,0.3033827001800607,0.5015101635971788,0.5090842501139371,-0.03998574900062095,-0.775283305887811,-1.2894954353306523,-0.7015881634063614,88.1070623373991,578
621051,FC,4,0.27466892085892086,0.5605164411846639,0.4542716398059363,2.2996753034361515,1.0239866806451907,-1.071319223560355,0.7507809201736624,112.05380251321974,578
621051,FF,237,0.33620565529921215,0.47031760941746414,0.41294545110936787,0.41940138964022494,0.846383492071613,-0.6827717414986865,0.19433771340438377,103.30248880781527,578
621051,SL,33,0.27966818772202373,0.5785575910730748,0.5321298040337524,0.3358637892210321,0.1438033303884969,0.16206998691537142,0.21391236884163345,103.461932927964,578
621051,ST,274,0.2635868259086201,0.5682495586451861,0.4864913941750148,0.18627839068634885,0.3383215010300684,-0.7940617882711792,-0.08982063218492065,98.53449697911567,578
621053,CH,3,0.2929548888178974,0.4788980063375563,0.6236351570077714,0.46535937122563215,-1.2048733943820837,1.1945491540139725,0.15167837695250694,102.57116863702818,98
621053,FC,8,0.28974461108144994,0.5278699635018282,0.4805795851668978,1.6099565766242778,0.4011878073424613,-0.3009272236592444,0.5700723867691648,109.15252343755071,98
621053,FF,42,0.2971350037360828,0.48099339401630686,0.4410736361485335,1.7853832264585485,1.0462731030034085,0.4774458827232973,1.103034070728418,118.7444712063663,98
621053,SI,22,0.3070498802924985,0.3122883300590331,0.47935863234052734,1.6833879451678593,-0.6664123538998249,0.9142356332896326,0.6437370748525557,111.90229133896568,98
621053,ST,23,0.28240286991123115,0.5247215085083945,0.49816400769416147,-0.7060624325996122,-0.6706405088387024,-0.5007302995873795,-0.6258110803418979,89.78933896996215,98
621057,CH,13,0.30614887013285536,0.5455766074236246,0.5942497968953001,-0.17403789463430175,0.06189942222075681,0.5573255232924896,0.1483956836263149,102.51552222061163,89
621057,FC,15,0.3152549628607356,0.5469470413543174,0.49341166220025084,0.44284800049832074,0.7651224010792114,0.07484250495207664,0.42760430217653617,106.86519552341166,89
621057,FF,40,0.35078802539403614,0.4563428839525234,0.434337281801022,-0.0904250885567733,0.5847256803948522,0.19958803209750098,0.23129620797852662,103.93054505354681,89
621057,SL,21,0.3090109526602322,0.5143042656274697,0.5019253543568878,-0.7625765015795221,-1.3167820573422615,-0.6102424014163094,-0.8965336534460309,85.49060349946164,89
621074,CH,27,0.31176439334776773,0.49550749236165115,0.569297423289044,-0.4461733558174524,-0.8893232021111139,0.016231521257466075,-0.43975501222370006,92.54551427749281,398
621074,CU,49,0.2793590574946507,0.5094674480275477,0.5106980230505768,0.17287067964171463,0.0429095705315976,0.3515006821989624,0.18909364412409155,103.03054921045296,398
621074,FC,56,0.3069944165734725,0.5696044702436012,0.5113332772323339,0.8207712254998147,1.1973595729197042,0.5996523544704687,0.8725943842966626,114.00952008746253,398
621074,FF,175,0.3507252574557214,0.45651111476983797,0.4305306444653242,-0.08823060599141581,0.5878755746539951,0.04257371639428577,0.18073956168562166,103.07140785563415,398
621074,SI,2,0.3697313984931003,0.31712714077297355,0.42905643697109824,-1.2256160346280252,-0.5582913079154692,-0.6695471174692574,-0.8178181533375839,84.87905962919982,398
621074,SL,89,0.2803705409189117,0.6049663216542076,0.5522699592520159,0.3095713436570576,0.7441178779674392,0.6770434939447663,0.5769109051897543,109.33665907209199,398
621076,CH,78,0.2991455357064,0.5429338125976428,0.5816837025959569,0.16535267878584559,0.011691100647079093,0.2848288718045395,0.15395755041248804,102.60980393519257,850
621076,CU,70,0.3209267357155313,0.4319605782289508,0.4269970277818649,-1.1878209415783785,-1.116802516261239,-1.0625021964619235,-1.1223752181005135,82.01201660266108,850
621076,FF,390,0.38548717934499516,0.36095709362909467,0.4137418236817621,-1.3035713288591055,-1.2012440850722077,-0.6499233549905539,-1.0515795896406224,82.12992339737585,850
621076,SI,84,0.3544113656070959,0.309821131366384,0.5088242435276806,-0.5146243752785424,-0.7215407974514484,1.8419710212990252,0.20193528285634477,103.73365565238441,850
621076,SL,228,0.31022805305550455,0.5179750991201765,0.45552689061775925,-0.8081384012482057,-1.2333378819154324,-1.7966274780738951,-1.2793679204125108,79.29485819524592,850
621079,CH,1,0.31431314172763586,0.5118246780447473,0.5259291233830532,-0.5696889730182342,-0.5793261876247671,-0.9242131565868952,-0.6910761057432988,88.28525697210542,41
621079,CU,2,0.293457659524804,0.4700954429686409,0.4649633896928317,-0.2886381289909899,-0.5462019529595691,-0.4211174093152431,-0.41865249708860064,93.29037736628837,41
621079,FC,20,0.3343113128564676,0.526783555400612,0.4975614963855623,-0.4289874685733409,0.38046233282242736,0.19636469201059667,0.04927985208656105,100.79118899930849,41
621079,FF,4,0.39943747092448734,0.3299994232571465,0.38712283927776037,-1.7912991796505362,-1.7808845441607413,-1.7478902092831559,-1.7733579776981445,69.8643419694266,41
621079,SI,9,0.3541213101450875,0.3425338573622778,0.43540954965306555,-0.5011631108170853,0.00941033099130824,-0.4695170749347227,-0.3204232849201666,94.07557613520744,41
621079,SL,5,0.3126406195027888,0.5083298493880221,0.49891029517000457,-0.8984523234539429,-1.452590515488849,-0.6873359285785255,-1.012792922507106,83.60907699436491,41
621082,CH,7,0.2867146496581765,0.5782987440671811,0.6272567005522877,0.767769368768541,0.683560832719093,1.273082584178512,0.9081375952220486,115.39425032001925,73
621082,FF,6,0.3854228849144706,0.33466892223281275,0.40096500287044096,-1.3013234773185893,-1.6934544986357005,-1.1769354130447884,-1.3905711296663592,76.36925169208752,73
621082,SI,44,0.3737401908899863,0.301587267182658,0.41956302113244737,-1.41166119389484,-0.9055227840732417,-0.9684507366972614,-1.0952115715551143,79.75023078258909,73
621082,SL,16,0.3315023125369476,0.48913640808809006,0.4449468750902057,-1.604535871649287,-1.888889488476343,-2.0671530843367982,-1.8535261481541427,70.00274813520652,73
621097,CH,6,0.3050159405342131,0.6029765771275442,0.5264360278102542,-0.11913467243840495,1.1523950251638189,-0.91322089791477,0.04001315160354796,100.67828099521337,50
621097,CU,4,0.2573733512965455,0.5054377870223097,0.45979084792307656,0.8925588482087252,-0.0173850405860473,-0.5084997508148482,0.12222468560260988,101.95885972882184,50
621097,FC,17,0.29680105149418007,0.5734170344578373,0.5354883333113648,1.287121666550383,1.2700920961673494,1.306999952510637,1.2880712384094564,120.68000919250133,50
621097,FF,23,0.36868538098294223,0.4192455870507644,0.46949269366765733,-0.7161495564997526,-0.10987097202521878,1.6496612727868645,0.27454691475396437,104.66552835943129,50
621107,CH,69,0.28329300472781016,0.5858852436355303,0.6098255496210422,0.9335866729615864,0.8276906025375836,0.895086832499828,0.8854547026663326,115.00974236899735,1565
621107,CU,356,0.3080442898326409,0.49298644750583515,0.4785799181491804,-0.7661222342191375,-0.20369070576823467,-0.19108656711518435,-0.3869665023675188,93.79819965047564,1565
621107,FC,338,0.3482560236786119,0.4794816092283871,0.44972076675938427,-1.0669634452643533,-0.5219198190069796,-1.204585282141722,-0.9311561821376848,85.05026909067553,1565
621107,FF,151,0.3815447875691678,0.37310490245084366,0.3915089470993125,-1.1657380615868473,-0.9737928137795608,-1.5669741782908617,-1.2355016845524234,79.00443298526902,1565
621107,SI,559,0.33333854136011554,0.35334231999308957,0.47860592252056705,0.4633501754306739,0.25092056030435617,0.8905362933219692,0.5349356763523331,109.89062229950082,1565
621107,SL,12,0.32108839828918107,0.5467531115822315,0.4767445325836874,-1.214693161912229,-0.5791656005819962,-1.2541031839125636,-1.0159873154689296,83.55737930975098,1565
621107,ST,80,0.2940706735342273,0.5253666857944234,0.47500542000412177,-1.2594017790338834,-0.6556855689967465,-1.082703050744678,-0.9992634662584359,83.69613313958695,1565
621111,CH,39,0.2980743015337765,0.49795296575752557,0.5293167278562285,0.21726606146546765,-0.842863630806964,-0.8507527118762322,-0.49211676040590946,91.65790664738071,437
621111,FC,100,0.32689176291996064,0.48785988591045254,0.5006329668521992,-0.08954015570157227,-0.3620869167103775,0.2863084805871398,-0.05510619727493665,99.11526891352946,437
621111,FF,133,0.3404922420003459,0.4497646631889845,0.4475897696838967,0.26953443474097866,0.46155740392084077,0.7462201729587158,0.492437337206845,108.36826144646447,437
621111,KC,63,0.2741460111672728,0.5274163856245115,0.5325578309154261,-0.2735185359497116,-0.34784796566844384,0.05280328576372251,-0.18952107195147763,96.92346871640096,437
621111,SI,50,0.3494897054845053,0.32590841816746513,0.43411869869897785,-0.2862136842994382,-0.36207761965609936,-0.5101599824633126,-0.38615042880628336,92.86032281833135,437
621111,SL,1,0.28920457583445536,0.6001839440264182,0.5772230897578174,-0.021128912505116275,0.6354064481182078,1.3150823267478993,0.6431199541203303,110.40817862873638,437
621111,ST,51,0.24815360598367964,0.5876329769657255,0.5665707101443622,0.9181905913521,0.7876210365102504,1.2183225785665128,0.9747114021429544,115.90327822888231,437
621112,CH,134,0.3176784324136051,0.516892659162245,0.5419453627966881,-0.7327752782105265,-0.48304371303571936,-0.5768998621233185,-0.5975729511231881,89.8702711544348,1132
621112,CU,138,0.29013728069682165,0.4771319859895644,0.489513009971722,-0.17994763089522026,-0.44091626651903015,-0.006388365378072303,-0.2090840875974409,96.64906972668591,1132
621112,FC,215,0.32900235985334203,0.5255891608211323,0.49291707136531593,-0.18610079128225276,0.3576767935797076,0.060359092536917805,0.0773116982781242,101.24124084398761,1132
621112,FF,153,0.4006076740703516,0.3473703465954163,0.39801289808359896,-1.8322116338504733,-1.4556375259706962,-1.2987023879660313,-1.5288505159290666,74.01939320356081,1132
621112,SI,328,0.37358213521844313,0.2883558455370089,0.4437857197648191,-1.4043259443548266,-1.2011729412629277,-0.20579034008768204,-0.9370964085684788,82.67368013558156,1132
621112,ST,164,0.28439751841847394,0.5178454250084221,0.5168788637844972,-0.8006575712415155,-0.8300252505479019,-0.030428032791983934,-0.5537036181938004,90.96583596219862,1132
621114,FC,16,0.2746634569772121,0.5847892702887741,0.5502528127113441,2.2999252781623483,1.4870409422648923,1.7393574268927823,1.8421078824400074,129.5750784634233,93
621114,FF,37,0.3652899436034096,0.3833847072466765,0.43793735371161285,-0.5974388208724892,-0.781317388477651,0.3480820381387072,-0.34355805707047765,94.16172693177097,93
621114,SI,3,0.35400127997534286,0.3278553450082316,0.46693173573180324,-0.49559259734666616,-0.31857441630238387,0.5229703147520107,-0.09706556629901311,98.20531907481457,93
621114,SL,37,0.26794590171681176,0.5959483029380025,0.5597961126235675,0.7746851230499245,0.5391232528359768,0.869483400896149,0.7277639255940167,111.77804683030513,93
621121,CH,44,0.28519818925746443,0.5568924484506468,0.6261068491167845,0.8412589858033099,0.2768799343572953,1.2481479737562742,0.788762297972293,113.37066576900185,262
621121,FC,12,0.3019248999594766,0.5398048225022083,0.5155520323181301,1.0527035942965464,0.6288698504307312,0.723192795316234,0.8015887466811705,112.86952317205822,262
621121,FF,2,0.39559846451386615,0.29206785659684065,0.403583065086373,-1.6570804548907379,-2.4911017681560543,-1.0689468627702308,-1.7390430286056742,70.44747497708336,262
621121,KC,57,0.2635812293631463,0.5749146039319876,0.5616583961402992,0.06384903138649291,0.38108495174817947,0.5388744328441958,0.3279361386596227,105.32344915117045,262
621121,SI,55,0.35008683550832553,0.3105162537764517,0.4082749636928239,-0.3139260573499679,-0.7060086002842478,-1.3238592935435969,-0.7812646503926042,85.55491077791692,262
621121,ST,92,0.2358403190097201,0.5615877755377078,0.5314290213971211,1.5021416404766992,0.18390415285324524,0.3352158211824519,0.6737538715041321,110.99289005213193,262
621139,FC,1,0.2510018021403225,0.5795502626800237,0.47174729052610237,3.3824552457769053,1.3870960701824235,-0.559568825604155,1.403327496785058,122.53045069886083,25
621139,FF,9,0.35477733620585983,0.43784417504056,0.4563841677367571,-0.2298987316202692,0.2383624044297542,1.1089672041356273,0.3724769589817041,106.32970804615015,25
621139,FS,11,0.24171399835012372,0.6343015836262027,0.6038463741353852,0.9301188273459466,1.1018241507302364,0.5882434932730093,0.8733954904497307,115.58113994029844,25
621139,ST,4,0.2973184616477569,0.5135910083377957,0.4900904296145977,-1.4134263932770899,-0.9286408508636674,-0.7036184251300184,-1.0152285564235919,83.43564857945205,25
621199,FC,7,0.35012476937994685,0.43200660340338665,0.4750506950193234,-1.1524592923423036,-1.4276034405327482,-0.4628331680263009,-1.0142986336337843,83.71541538852348,85
621199,FF,1,0.3864017068555484,0.327939224833168,0.38671575506838435,-1.3355448926136788,-1.8194589700119332,-1.7646814197221832,-1.6398950941159316,72.13235095012233,85
621199,FS,13,0.2434491067407657,0.6507491321568758,0.6084741308903756,0.8712514540745915,1.477567210565244,0.7446543619882765,1.0311576755427039,118.39557476404038,85
621199,SI,40,0.3266521807449768,0.36472347057004634,0.45744963848020237,0.7736593414840617,0.5052272438331978,0.22442306531663908,0.5011032168779661,109.26508152344735,85
621199,ST,24,0.24881219927978668,0.573525191352921,0.5213406379103168,0.8869571565250333,0.4606084622745487,0.0816958582586985,0.4764204923527601,107.77322151681963,85
621219,CH,14,0.32931102463083495,0.5158565719255737,0.6073556563092799,-1.2965056247229962,-0.5027274965234727,0.8415270198042568,-0.319235367147404,94.58849718508925,93
621219,CU,5,0.3036198308508988,0.3518769243358295,0.34631140614136696,-0.6212903715180751,-2.3150702519564326,-2.4255648565884367,-1.7873084933543146,71.35532308100099,93
621219,FF,21,0.3781858666536942,0.370665904056155,0.4044670005238163,-1.0483040087036335,-1.019459756163396,-1.032486726015296,-1.0334168302941085,82.43857326471317,93
621219,SI,41,0.3449166540515684,0.42669420748401626,0.5423644541370314,-0.07398167077911154,1.8899354483216098,2.8979966406538757,1.5713168060654579,129.05265385854582,93
621219,SL,12,0.30120372188803873,0.42417857794006725,0.4087712196002378,-0.47031444455065813,-3.3654894445862893,-2.9921461628341435,-2.27598335065703,63.16574984511208,93
621237,CU,1,0.17786778181153556,0.7073026965375053,0.6414584939921024,3.49512331341,3.003059160972361,2.5605028778453254,3.0195617840758953,148.39364444549958,638
621237,FC,260,0.26177966059393354,0.6019263687633342,0.5850948863370026,2.889364004138477,1.8139664294590392,2.759659636467988,2.4876633566885014,139.93948436244284,638
621237,FF,2,0.2978626678763565,0.417014470161806,0.45800842098820393,1.7599427498053284,-0.15164561469884533,1.1759636081305709,0.9280869144123512,115.77149691552086,638
621237,SI,375,0.300890767237155,0.444555314572828,0.44585241969871126,1.9692279328444025,2.2890338415109337,-0.14071954780408769,1.3725140755170828,125.37691711694117,638
621242,FF,122,0.2599959297315905,0.5078398000004445,0.3902542861518797,3.083833559297706,1.5489357033398756,-1.6187258196288192,1.0046811476695876,117.07310530456714,368
621242,SL,246,0.28909818343369015,0.5836148736869472,0.5429277403880984,-0.01714613515330203,0.25876380965116313,0.43816771768336704,0.22659513072707604,103.66718927301082,368
621244,CH,416,0.3005673018843494,0.5533305445055806,0.5981422320328978,0.09645206530367086,0.20921020194740228,0.6417332569814579,0.3157985080775103,105.35324306538057,2070
621244,FC,18,0.36344786587667444,0.3998700937225059,0.42472814590732155,-1.7619961704072544,-2.040673622730618,-1.9364598126994026,-1.9130432019457584,69.28605357981424,2070
621244,FF,397,0.3630751604919008,0.42207160780397673,0.4134883730651121,-0.5200059298974128,-0.056957560030560926,-0.6603775621104875,-0.41244701734615374,92.99105853032152,2070
621244,SI,663,0.3641698464355826,0.30230650652552254,0.44100231201428214,-0.9675084211942817,-0.8894517049050531,-0.29342693628897243,-0.716795687462769,86.74690112473301,2070
621244,SV,576,0.2708453306262792,0.5498789835587878,0.545946191799367,0.48295539015678013,0.662083445937696,0.7177739700824911,0.6209376020589891,110.11086169317716,2070
621248,CH,25,0.2930463490220175,0.5539643186112823,0.5704179976637014,0.4609270923665524,0.22125076362525317,0.04053125652630819,0.24090303750603792,104.08365613507517,150
621248,CU,4,0.3213970109451778,0.46813711756176557,0.47106100108148796,-1.2032151033895593,-0.5755037896887303,-0.3181074029367602,-0.6989420986716832,88.79825688963,150
621248,FC,21,0.380574896674172,0.35744841287309076,0.4114195105016775,-2.545564531215351,-2.849954651247655,-2.3261848978564945,-2.5739013601065,58.67596278811283,150
621248,FF,16,0.3919579746344478,0.3682342574117663,0.3848931321649892,-1.5298022331704937,-1.064989046977596,-1.8398600781349195,-1.4782171194276696,74.8798346604364,150
621248,SI,53,0.316959697920194,0.3988285987771954,0.5198329685787234,1.2234804677235618,1.2672909725432318,2.188584697215944,1.5597853791609126,128.83944506891177,150
621248,SL,31,0.2694282169719871,0.49839916351292557,0.46139241277967386,0.7191949603681964,-1.6783315892576973,-1.6466490650207193,-0.8685952313034067,85.94275567791989,150
621249,CH,83,0.29619264646818233,0.5368143588121563,0.5827036856920474,0.308453480600921,-0.10456745279655846,0.3069472780203442,0.17027776860823557,102.88645532095669,357
621249,CU,56,0.2873475079678112,0.5172948956691824,0.5018708613336604,-0.08862618740969123,0.16002932601043574,0.2023790135968855,0.09126071739921,101.46260915505997,357
621249,FC,87,0.33405105656632034,0.4279753538032458,0.44385482279937233,-0.4170806414605832,-1.504507838408719,-1.3763613838728486,-1.0993166212473835,82.3504499169334,357
621249,FF,31,0.3501769371710114,0.40615742913177955,0.42759472901426754,-0.06906032037529963,-0.3549290068719863,-0.07852548871968193,-0.16750493865565594,97.1534954514309,357
621249,SI,100,0.35703007989863617,0.3008120013475707,0.46772321738605094,-0.6361570138413051,-0.9228457499756038,0.5478903998960766,-0.33703745464027746,93.76839064583808,357
621294,CH,18,0.2918056818275262,0.5820876497967116,0.6139151368441629,0.5210514167128741,0.7555431884473512,0.9837698232304117,0.7534548094635456,112.77215259309708,102
621294,FC,19,0.3268124531560563,0.5320956154800076,0.4688073427412885,-0.0859117029689659,0.48180083140426466,-0.6456611533200443,-0.0832573416282485,98.66330173450542,102
621294,FF,7,0.35512505776950615,0.3757007382109783,0.3850207611959781,-0.2420557170097623,-0.9251893040953726,-1.8345956982643552,-1.0006135731231633,82.99601725110769,102
621294,SI,36,0.35364093518791473,0.34214666715712794,0.45098127530467114,-0.47886925606810277,0.0007587402491667447,0.020764319454497273,-0.15244873212147958,97.18131936958675,102
621294,SL,3,0.2878235184494718,0.5889063035707796,0.5419539858843351,0.030570682906842877,0.3790468473761161,0.4132693111738704,0.2742956138189431,104.43916835018976,102
621294,ST,19,0.304167299419559,0.49113027468177356,0.46624862894730595,-1.7382288615851897,-1.4492712696738224,-1.30276024295578,-1.496753458071597,75.57914411237873,102
621295,CH,42,0.29916749328531833,0.584544992999188,0.5991289812555364,0.1642885863341335,0.8022282646075855,0.6631309842801771,0.5432159450739653,109.20829869866775,261
621295,FC,43,0.3428209236891222,0.5110149770361424,0.46028984470576545,-0.8183054939856759,0.079644188384727,-0.8950843696034979,-0.5445818917348155,91.25672696406741,261
621295,FF,101,0.39475432703946195,0.34478664781851875,0.3800069717948524,-1.6275678562602613,-1.5040137870780057,-2.041402032168365,-1.7243278918355438,70.69753747724104,261
621295,SI,20,0.3577240681469559,0.3195364822665726,0.43876837414600034,-0.6683645071223835,-0.5044556574175177,-0.3637632752115087,-0.5121944799171366,90.52984803837795,261
621295,SL,55,0.28458486267231536,0.5775722758077969,0.5129424009590684,0.15180908702977092,0.12140546897366193,-0.3285421332532124,-0.01844252574992651,99.70152830565979,261
621345,CH,119,0.30574990456337964,0.5308031466141283,0.5807987027462143,-0.1547035111600867,-0.2187696118590159,0.2656375869170133,-0.03594517870069644,99.39067704979107,656
621345,FC,234,0.2789545474892223,0.6147256843040463,0.5480791305393193,2.1036062081302975,2.0581397634169836,1.675704133840849,1.9458167017960433,131.24012560807859,656
621345,FF,303,0.28858971854117815,0.5313487823794505,0.4648048553658097,2.0841421132360534,1.9891095657510138,1.4562996104637045,1.8431837631502572,131.32224642308302,656
621348,CH,4,0.30141415887432005,0.5582386700153853,0.5661841694907414,0.05541228883015511,0.30245570912698533,-0.05127960949331544,0.10219612948794167,101.73237272341952,27
621348,SI,17,0.33264293592522703,0.374595393026475,0.4311005226347226,0.4956327211721852,0.7258109047708914,-0.6051883436355155,0.20541842743585365,103.79805679250913,27
621348,SL,6,0.24601698761832538,0.5379479313373622,0.5181583607768218,1.5955894526182757,-0.779322051828697,-0.1951726983723404,0.20703156747241275,103.3505748379205,27
621363,CU,47,0.24487876018380783,0.5502534263108368,0.5271798862784195,1.3015613753003858,0.6531779520274631,0.6299370613010921,0.8615587962096469,113.80795394634467,603
621363,FF,434,0.3251720881118489,0.4436941083601082,0.471078248253256,0.8051551912859556,0.34789448466188944,1.7150614531332367,0.9560370430270271,116.24646899021484,603
621363,SL,122,0.2857088375775639,0.60229401277464,0.5346080351740985,0.10973332067395444,0.6833718344913882,0.22543709445465016,0.3395140832066642,105.49465648258436,603
621366,CH,30,0.31484177494301996,0.5511073083609579,0.5602584145505666,-0.5953072170107538,0.16697273644836372,-0.17978002818110178,-0.20270483624783062,96.56385881754555,273
621366,FF,1,0.3761517553776005,0.29015816867074046,0.43950283913614935,-0.9771877373836677,-2.526858088735124,0.41265441554168775,-1.0304638035257012,82.48875569035256,273
621366,SI,89,0.3322308606295113,0.33924142559044235,0.41426962111109866,0.5147568379712762,-0.06415757402663506,-1.1351153441782682,-0.22817202674454234,95.78124354832624,273
621366,SL,118,0.3189371191819056,0.5781197544094273,0.5423476183376564,-1.1341604768307425,0.1338505718549686,0.4233342924399364,-0.19232520417861249,96.8874312372453,273
621366,ST,35,0.2603384020815805,0.6031931770409784,0.5581905942968791,0.34033315330276315,1.1482999709571082,1.0077311927682253,0.8321214390093655,113.5767969223397,273
621368,CH,43,0.3452134736477659,0.443457513632972,0.49993782440008905,-2.0671587110946765,-1.878178653249595,-1.4878363295444694,-1.8110578979629135,69.29994003995387,523
621368,FC,4,0.3273897202443755,0.49027767174353154,0.4793170042453714,-0.11232189814470263,-0.3159626668798792,-0.33790016958207947,-0.25539491153555377,95.8996296471963,523
621368,FF,237,0.32645342283794077,0.47666896571107265,0.4586461001855376,0.7603573726496825,0.9653040385348901,1.2022662878916743,0.9759758996920823,116.58530106672467,523
621368,SI,68,0.353151549069077,0.34762070985450283,0.4565753270795354,-0.4561571998157349,0.12307375879247792,0.19689505575366614,-0.04539612842319693,99.1606542993073,523
621368,SL,171,0.29470254638997634,0.5554574226006641,0.5320660133877769,-0.22694429454348236,-0.38130207529956917,0.1604388926006719,-0.1492691590807932,97.58424526945488,523
621381,CH,21,0.332487316922927,0.4821730594744871,0.5135957124179134,-1.4504328252135106,-1.142653308489181,-1.1916640533703962,-1.2615833956910292,78.61433036686587,718
621381,CU,38,0.2725692306372472,0.5906573537157793,0.5410311553543327,0.3951313617349263,1.257729820618863,0.8639334944805316,0.8389315589447736,113.44531375108356,718
621381,FC,82,0.33169359123727493,0.49812219571459015,0.48945038031697535,-0.3092256801784485,-0.1663121980533385,-0.04115818724782198,-0.17223202182653632,97.23481148526072,718
621381,FF,311,0.30994534587640926,0.5086906548871496,0.42066723810218737,1.3375101046386997,1.5648668089825784,-0.3642672469113953,0.8460365555699609,114.37716955102017,718
621381,SI,133,0.3338152493419819,0.39686036201131436,0.42434234815909555,0.4412265023567108,1.2233116085109021,-0.8179719027328608,0.2821887360449174,105.21749124011598,718
621381,SL,133,0.2505287491978361,0.602998241321804,0.5222243480053785,1.4266925980833711,0.6993801254004927,-0.09120747665806862,0.6782884156085984,110.97734092407894,718
621383,CH,119,0.3222547815300899,0.5125365103729511,0.534586486496818,-0.95455102905107,-0.5658026609061461,-0.7364776197511184,-0.7522771032361114,87.24781123679384,674
621383,FF,242,0.34603658788789277,0.4222383918137303,0.4452818884635577,0.07569390543241628,-0.05383475528392916,0.651025816738438,0.22429498896230834,103.81156944640867,674
621383,SI,17,0.3590029689976841,0.32368109032302045,0.43144092738896217,-0.7277173717518957,-0.4118462571433321,-0.59447057726207,-0.5780114020524325,89.31293477846087,674
621383,SL,208,0.3085969044359486,0.5221776708454688,0.46050888309685784,-0.7470766925858816,-1.1378064084814403,-1.669240468830345,-1.1847078566325555,80.82682567116879,674
621383,ST,88,0.281386441512749,0.5223466757567998,0.4613043138452664,-0.6578588594262645,-0.7256881394727668,-1.4270103354499835,-0.9368524447830049,84.71442413001793,674
621389,CH,188,0.34701572397180264,0.4757703371098547,0.6457773396829134,-2.154498074557156,-1.2642934525783165,1.6747039651971156,-0.5813625206461188,90.1450614790202,832
621389,CU,71,0.34858205447816093,0.40721400738657804,0.4439521870384315,-2.0931002868071946,-1.4870780465097124,-0.776070190247765,-1.452082841188224,76.72788777084764,832
621389,FC,127,0.3373161440767461,0.5233662960594938,0.4952422873175446,-0.5664596726942465,0.31527106508114305,0.12844984394533365,-0.040912921222589924,99.34314224109222,832
621389,SI,446,0.3826179076684155,0.328856622453012,0.3872592719332258,-1.8236696164940143,-0.2962013227779132,-1.9855459229177412,-1.368472287396556,74.69781298890507,832
621433,FA,23,0.4593252827714917,0.11056629253193767,0.5117282318054565,-1.250279402120626,-1.2820605662848323,1.0760637575217222,-0.485425403627912,89.62966925756001,25
621433,FF,2,0.44924387149673917,0.23908329996214728,0.4593526561294127,-3.532622546860453,-3.4831658467297855,1.2314099620192884,-1.928126143856983,67.23428047702802,25
621550,EP,2,0.450462958125031,0.0944996156937187,0.3387743591348938,-0.9362640144187404,-0.5808357982513688,-2.7703649791670064,-1.4291549306123719,66.69790880506801,3
621550,FA,1,0.35525264717185484,0.4322117703239264,0.39995929960249943,1.2488309231274857,1.4837771175909402,-1.812822095074816,0.30659531521453665,106.5499143619079,3
621593,CH,3,0.3646044198362448,0.4386335604948064,0.4592998946912908,-3.006868847056016,-1.9698250376136923,-2.36907273484735,-2.448588873172352,58.49286469060617,65
621593,FF,24,0.33249456556417134,0.47457910132413045,0.4279652283781314,0.5491479121592532,0.9261741576967758,-0.06324331210148426,0.4706929192515149,107.99874646312972,65
621593,SI,5,0.3575291203258854,0.3312811556412544,0.4165119317442074,-0.6593171195729679,-0.24202622070555366,-1.064515385737504,-0.6552862420053418,87.8841718654313,65
621593,SL,33,0.28197391678658673,0.5992884978293751,0.5528795608052848,0.24954930217390567,0.6150514607019161,0.6926306950549515,0.5190771526435911,108.40068433920727,65
622065,CH,163,0.2760524732052364,0.6050575504337166,0.6294900942109316,1.2844721220456918,1.1919297540483176,1.3215138850216632,1.2659719203718907,121.46006149602825,375
622065,CU,87,0.2947948779609428,0.5315161944831815,0.48432216141706286,-0.3324111276205127,0.372818362225468,-0.094079972573625,-0.01789091265622325,99.71326751104856,375
622065,FF,10,0.3686078037833035,0.3699316935545069,0.4199007914773444,-0.7134373149215304,-1.0332068536397156,-0.3958812625661595,-0.7141751437091352,87.86362473036024,375
622065,SI,113,0.3534473452470265,0.358772461360503,0.44219393467614926,-0.469884886757039,0.3722546234030035,-0.25590826730408917,-0.11784617688604153,97.82109872916327,375
622065,SL,2,0.3448319765149559,0.4523415443203101,0.4710620356443391,-2.1035290649325593,-2.725298187793543,-1.3994017352805446,-2.076076329335549,66.40102185575674,375
622072,CH,282,0.3027484248217183,0.47719764028705663,0.5867685675951785,-0.009247951193777899,-1.2371772738271096,0.39509453212419643,-0.28377689763223035,95.18956970818844,1158
622072,FF,1,0.34459654809198415,0.4196109613269179,0.5241857377589089,0.12604034519752755,-0.10302983344391776,3.905613215248287,1.3095412423339654,122.25376238312217,1158
622072,SI,489,0.3452234362481076,0.3957980500264491,0.402457918536978,-0.08821921090707907,1.1995747256784226,-1.5070110568126296,-0.13188518068042865,97.56152642892266,1158
622072,SL,386,0.29437797852143993,0.5328747578221551,0.5276047310634022,-0.2147941640206628,-0.8946437578158379,0.046366176698853845,-0.3543572483792156,94.26512345653593,1158
622075,CH,27,0.30358226540176003,0.5215971346100697,0.5543109775250954,-0.04965693573866999,-0.39366718868441614,-0.30875062443558476,-0.2506915829528903,95.75041381239694,412
622075,FC,9,0.3671801809948671,0.3743371963456188,0.4201034983521718,-1.9327510475228376,-2.5277662847007067,-2.0718862563066804,-2.1774678628434083,65.0407104225213,412
622075,FF,50,0.35495143523241085,0.40270996661563624,0.4125143299191757,-0.23598555378887803,-0.4194780744064263,-0.7005544175703935,-0.4520060152552326,92.31881048564439,412
622075,SI,140,0.3274770372035281,0.3292840195106361,0.4419466826672397,0.7353783491027538,-0.28665132802655435,-0.2636930859173827,0.061677978386272245,101.14038680795258,412
622075,ST,186,0.25565060196015926,0.5856530663760098,0.5350579334196511,0.5626495668468942,0.7417275365330596,0.4264099795536859,0.5769290276445465,109.41310712563524,412
622088,CU,9,0.26958729189958947,0.5451959570840799,0.5552745943026692,0.492743237812342,0.5775045542229362,1.1045550499389896,0.7249342806580893,111.61831230264364,31
622088,FF,5,0.356858361948813,0.4005541830569629,0.4076286697182077,-0.30265521898604303,-0.4598422024765159,-0.9020757408705017,-0.5548577207776868,90.57099427229916,31
622088,SI,6,0.3361722169715444,0.3924371059729235,0.45881495642856907,0.3318413372957031,1.1244759445843038,0.26741059299895686,0.5745759582929879,110.62354603940578,31
622088,SL,11,0.28980803439524533,0.5916400197216215,0.5505176481271942,-0.043719257975153324,0.4411887806757945,0.6322377913284438,0.3432357713430283,105.55488785104923,31
622098,CH,39,0.32317643196776563,0.5033557622066598,0.4998172410910145,-0.9992153919799748,-0.740220270509599,-1.4904511872055224,-1.0766289498983652,81.74957666799111,514
622098,CU,29,0.2972475045695104,0.4589122232531249,0.4448012828080064,-0.41269630637228094,-0.7135331212423918,-0.7617259896969439,-0.6293184724372055,89.91409463494999,514
622098,FC,22,0.31309407511982185,0.5372485499739921,0.5005314846189074,0.541709460202446,0.5801036813544017,0.28333671294860413,0.4683832848351506,107.51990289602743,514
622098,FF,281,0.301828097686403,0.5396360666630775,0.46173670794252086,1.6213040304855526,2.14427774245954,1.3297461656092142,1.6984426461847688,128.86258015226218,514
622098,SL,143,0.2993437620239152,0.5540714461829849,0.504302971578575,-0.4006872346293175,-0.4128076337957664,-0.5494479405118867,-0.45431426964565685,92.64743063597875,514
622103,FF,31,0.3157978763611039,0.5102270730529922,0.4532858024350899,1.1328948750052446,1.5936341587314775,0.9811673470077407,1.2358987935814876,121.00231530923844,65
622103,SI,7,0.3380062510589416,0.33424004212974073,0.4504364051525394,0.2467251401696976,-0.17591123481398938,0.003608886336481547,0.02480759723072992,100.45867678155324,65
622103,SL,27,0.2976911296757679,0.5014819879742359,0.4868319723093108,-0.33882128706411196,-1.6082538410648708,-0.9961724899255971,-0.9810825393515266,84.12227415168277,65
622110,CH,1,0.38467511414514577,0.2842885018524096,0.45366219959430554,-3.9795204492280543,-4.902101982248202,-2.491326555282138,-3.7909829955861314,35.737335949933936,10
622110,FA,9,0.40574377461720545,0.3652740356285713,0.4777280432676888,0.036380626226055784,0.9081778262077019,0.19726262990592752,0.3806070274465618,108.13105521058237,10
622250,CU,102,0.24665807486610583,0.535945054943519,0.5218717637446121,1.243316636038028,0.4390860752671468,0.5402642859775459,0.7408889990942402,111.87401396614295,414
622250,FF,174,0.32757753470205186,0.49663380395923695,0.49074974176975106,0.7210563544302474,1.3391186010893272,2.526461600026008,1.5288788518485275,125.98108832447217,414
622250,SL,138,0.2628644206567961,0.6066509199543005,0.5342717796924963,0.9649093076151947,0.7824116105368888,0.21683921312047252,0.6547200437575186,110.59591313188729,414
622251,CU,94,0.24113230394395582,0.5717302732537404,0.5398757600884165,1.4241992476334526,0.9745295825423608,0.8444148229671086,1.0810478843809739,117.32564215813954,365
622251,FF,125,0.3415273891160845,0.44939111163045714,0.4767179470196293,0.23334378774731102,0.45456315679964143,1.9476849905189015,0.8785306450219512,114.9293596784817,365
622251,SI,60,0.3429947633265685,0.39157240535720905,0.4536575800047947,0.015211889432132985,1.1051545987905922,0.10502873751221734,0.4084650752449808,107.55226087991255,365
622251,SL,86,0.2566399759321994,0.6299622581583243,0.5765548550902284,1.1979200987848775,1.3123172568690935,1.2979959067795523,1.269411087477841,120.54400157718602,365
622253,CH,84,0.28827225889671027,0.5489399899792186,0.5877175932184913,0.692285626248186,0.1257976073035999,0.4156742204799105,0.4112524846772321,106.97132651170908,437
622253,SI,262,0.3447292512950229,0.3368188246349039,0.44475433098738637,-0.06528444422389493,-0.11828950122950978,-0.17529326664532063,-0.11962240403290844,97.78825741271271,437
622253,SL,1,0.37527819072173524,0.2970132772437026,0.4376029154265837,-3.2432767491571854,-6.256169090120533,-2.254934391008571,-3.918126743428763,36.58949193791387,437
622253,ST,90,0.2813332346356043,0.5330168855229366,0.4745996769482012,-0.6553355517347432,-0.4783571366474641,-1.0928993289321693,-0.7421973391047922,87.8903942658624,437
622259,FF,55,0.35367454253981073,0.4290643268441705,0.40831957607397174,-0.19134303681319997,0.07397163541716405,-0.8735775733019846,-0.33031632489934015,94.3867510484244,90
622259,SL,35,0.26465553051814034,0.6311770376451309,0.5787908803578768,0.8978594832004264,1.3399312232348786,1.3551699335637677,1.1976535466663574,119.38268587248777,90
622268,EP,4,0.40234547044344143,0.0936845745272317,0.5390792433397295,0.4009747903042779,-0.5923908148663614,0.6523196882012203,0.15363455454637892,103.57998411271198,7
622268,FA,3,0.398518132711426,0.177158591249322,0.5405872495740212,0.20989094610251224,-0.7094316877045242,1.8219813082061063,0.4408135222013647,109.41726985609539,7
622379,FF,11,0.36352938756213665,0.397044859378136,0.3972501201554693,-0.5358865436806468,-0.5255495365183143,-1.3301650790124433,-0.7972003864038014,86.45273062256172,14
622379,ST,3,0.2885307763266387,0.5392097291197654,0.5270751688600388,-0.9966751169122816,-0.334809610336884,0.22580398773853458,-0.3685602465035437,93.98661374909035,14
622491,CH,387,0.3243475112738122,0.4919459882686237,0.585970687888556,-1.0559673979527597,-0.9569853380554987,0.37779245375636344,-0.5450534274172983,90.76055330867044,2018
622491,FF,755,0.3084896564796363,0.5130158780388853,0.45297710876690256,1.3884036832325464,1.6458507558755644,0.9684345015071146,1.3342296468717418,122.67330616719029,2018
622491,SI,481,0.33479679844795657,0.3293170533809086,0.4855719625580098,0.39567351740016715,-0.2859132010738946,1.1098645745504792,0.40654163029225054,107.51669759934944,2018
622491,SL,395,0.28539937234735946,0.5855427202372993,0.5288776603724542,0.12131808707801499,0.3025869811633538,0.07891433054270115,0.16760646626135664,102.71252357978165,2018
622503,CH,218,0.2903817789223175,0.5972410847246813,0.6109512015697045,0.5900555787400182,1.043431043504989,0.9194966753232581,0.8509944325227551,114.42559077404438,369
622503,CU,46,0.27884318246766254,0.5187157407025872,0.44760364642060796,0.18975752193994125,0.1812890048360787,-0.7143842561542085,-0.11444590979272953,98.16580846400993,369
622503,FF,67,0.3846960102179902,0.35487327674108504,0.3808923796297118,-1.2759106010723176,-1.315155318430771,-2.0048811626846867,-1.5319823607292584,73.9661720236917,369
622503,SI,30,0.3442328147132031,0.3885798638492263,0.4673517889089423,-0.042245181077645716,1.0382876066467297,0.5361958404267534,0.510746088665279,109.44337212350821,369
622503,SL,8,0.3392667392588897,0.5196469424249299,0.4291186500967472,-1.895195567976814,-1.1953340916903552,-2.471872732551825,-1.8541341307396646,69.99290861566939,369
622554,CH,19,0.33671249335822945,0.41812588307968634,0.5057445020830124,-1.6551902972773413,-2.3594338155123338,-1.3619181096764936,-1.792180740822056,69.61993525200721,663
622554,FC,2,0.35343642526830776,0.4104022010671443,0.4345990802432233,-1.3039688450887483,-1.8397519597117353,-1.6474030756722597,-1.5970412934909142,74.35947046610666,663
622554,FF,245,0.2890771972413042,0.520759838371057,0.4677452860384884,2.067098961315946,1.7908459272877773,1.5775850572315835,1.8118433152784355,130.78966076837153,663
622554,SI,198,0.31322154499056787,0.36304500396691786,0.4842344927653828,1.3969654448194693,0.46772266357399706,1.067753856088456,0.9774806548273074,118.07299903399586,663
622554,SL,172,0.2941266399836756,0.5733134230556644,0.5287610411770863,-0.20538535823522935,0.024594633812643655,0.07593243713747655,-0.03495276242836971,99.43432855318592,663
622554,ST,27,0.249026390228506,0.6015256790670234,0.5459690805016604,0.8767992653395065,1.1096480648421656,0.7006059007639385,0.8956844103152035,114.61388299264601,663
622569,CS,2,0.36667588199234596,0.4081472502236966,0.45394764923707803,0.08968457908765377,0.8574270407386194,0.46648047613192156,0.4711973653193982,108.95329414460419,21
622569,EP,12,0.4278660014571641,0.1454886814748939,0.5369191664361098,-0.30826931268210217,0.1420473228845992,0.6154096441565895,0.14972921811969553,103.48898217370417,21
622569,FA,7,0.389476608062617,0.30389533394801077,0.4394271258517093,0.42700630477132506,0.3803808017917352,-0.7926992162318872,0.004895963443724338,100.10459436163592,21
622608,CH,35,0.3592433050872686,0.4246142212004726,0.45622551157522473,-2.747062346604891,-2.236167126912634,-2.4357409520803595,-2.4729901418659614,58.07922776997673,435
622608,CU,31,0.3397104537142752,0.35153042464160106,0.339795703518375,-1.802694054299236,-2.320254823137167,-2.535637887809045,-2.2195289217484824,64.42825113165514,435
622608,FF,219,0.35773380702805074,0.35152606923435736,0.41405853437947865,-0.3332623890619898,-1.3778272466654704,-0.636859826975549,-0.7826498209010031,86.69999647167863,435
622608,SI,23,0.3910344241506516,0.28772424780927525,0.4376133578013456,-2.2142740665088723,-1.215285708015131,-0.4001293811055774,-1.2765630518765265,76.39715661945728,435
622608,SL,127,0.33037442882816004,0.5060716319312736,0.4559711602669349,-1.5623137800475309,-1.5039235694089548,-1.7852677295107244,-1.6171683596557367,73.82793512749849,435
622663,CH,211,0.3062758167849214,0.5389859131612569,0.548686905449046,-0.1801898922992575,-0.06331184793368125,-0.4307090286893596,-0.22473692297409945,96.1903829699196,1376
622663,FC,122,0.3114110776844757,0.501397484740421,0.4942567027342482,0.6187072514279461,-0.103829306794882,0.09958835484842675,0.20482209982716362,103.28842286121036,1376
622663,FF,562,0.3360396913691626,0.4515261274013297,0.4593217074941831,0.42520379387319096,0.49453843616404747,1.2301334078445714,0.7166252126272699,112.17801065290513,1376
622663,SI,175,0.3507154081245222,0.32313477235844656,0.4674952881583916,-0.34309765839917783,-0.4240534859980584,0.5407139660146228,-0.07547905946087113,98.60443993240537,1376
622663,SL,217,0.27446061486897877,0.5794497312177984,0.545673687776134,0.5308081937824186,0.1640831657145988,0.5083801932680915,0.40109051758836956,106.49120234352269,1376
622663,ST,89,0.2522394651702362,0.5885312373389278,0.5396760114040778,0.7244209047029586,0.8084423365382433,0.5424617693099184,0.69177500351704,111.28692075267631,1376
622694,CH,39,0.307374552095234,0.4926078132896244,0.5168343200263124,-0.23343601540246406,-0.9444118597236855,-1.121434616303522,-0.7664274971432238,87.00794152202918,341
622694,FC,12,0.34050525494297806,0.48593208894470535,0.4445970854792846,-0.7123627427263146,-0.3988636186225417,-1.3546252420881644,-0.8219505344790069,86.80356792237929,341
622694,FF,155,0.36888559107924923,0.4358352279713901,0.40635895433217095,-0.7231492696901283,0.2007475907998063,-0.9544483403316637,-0.49228333974066185,91.63435551809471,341
622694,SI,28,0.3780251235610626,0.32080083282349275,0.4260754993235802,-1.6105218238085355,-0.47620431369140903,-0.7634030136692898,-0.9500430503897447,82.43430491728574,341
622694,SL,107,0.3076121624476833,0.5102619436633594,0.43417052268144896,-0.7102130814629515,-1.4086707860942203,-2.3426989246136243,-1.487194264056932,75.9314207920837,341
622766,CH,27,0.26485188194296644,0.6010115922758513,0.6126110876439163,1.8272671479103237,1.1150638671218587,0.9554914232775068,1.2992741461032296,122.02458255739523,71
622766,FF,19,0.33524988911891135,0.4666143047986483,0.4418971787422031,0.45281673313473075,0.7770441275908735,0.5114149649851815,0.5804252752369286,109.8634893951563,71
622766,SI,13,0.3497505242249416,0.2929880228472431,0.4425780995487613,-0.29831809363276474,-1.0976690256159205,-0.24381269783198142,-0.5465999390268889,89.89371286149859,71
622766,SL,11,0.29745473724405413,0.5388171809723804,0.5022728730708564,-0.3299719856441022,-0.7595625560143874,-0.6013565249694142,-0.5636303555426345,90.87827180064716,71
622766,ST,1,0.2673773844106328,0.5334326376868518,0.5059706328514967,0.0065131810636330865,-0.46872017524917214,-0.3045506714996892,-0.25558588856174275,95.82989027497047,71
622772,CH,2,0.3255765738613058,0.4516080721224526,0.5061843496903895,-1.115529348152221,-1.7233327841636763,-1.3523799829268384,-1.3970807050809118,76.31745431040558,132
622772,FF,1,0.2885836384249452,0.362649152286934,0.4529083013580248,2.0843546852820176,-1.1695625778576517,0.9655963671466545,0.6267961581903401,110.65149558952525,132
622772,SI,92,0.3085596142039896,0.34580375546838404,0.46370122102990013,1.613322284937598,0.08247473139777992,0.42125639504391327,0.7056844704597638,113.04765950092222,132
622772,SL,37,0.22991355312693199,0.6432405823941583,0.5738232096706817,2.1984181670514094,1.6141557409928258,1.2281491252418848,1.6802410110953732,127.19282533649569,132
622780,CH,7,0.35812413327431436,0.343068107003124,0.4378909713095281,-2.6928258443582815,-3.785395801213295,-2.8333267659345864,-3.1038494705020545,47.38524651334928,111
622780,FF,76,0.33765535654014994,0.43735681548829747,0.4445464781328786,0.3687171679877052,0.22923725672902107,0.6206919709712564,0.40621546522932755,106.90304524006544,111
622780,SL,28,0.2685057045173947,0.6100390513287969,0.5470004469727311,0.7537290218659295,0.859429494716142,0.5423047499088228,0.7184877554969648,111.6279223710311,111
622786,CH,1,0.29511340490114324,0.5763435735088573,0.6307049272942331,0.3607549118895088,0.646416128499673,1.3478576271129306,0.7850095558340374,113.30705134298674,151
622786,CU,7,0.2782521408115169,0.5696044998579605,0.5220749821563192,0.209104896239655,0.9427222716901137,0.5436973564951455,0.5651748414749713,109.0578939209392,151
622786,FC,2,0.33276874562401837,0.4462829587260998,0.44920038832879483,-0.35841441408084107,-1.1552525273274963,-1.2198238488312398,-0.9111635967465257,85.37125044430125,151
622786,FF,10,0.3181420092005253,0.513386895668056,0.4497160174860599,1.0509396796442139,1.6527975586006591,0.8339226027492648,1.179219946998046,120.03914015809212,151
622786,SI,66,0.3374182116611127,0.3228701880618363,0.46473227959134006,0.27401562383486006,-0.4299655029360467,0.45371964545749777,0.09925658878543704,101.83519154509902,151
622786,SL,65,0.28279826778680184,0.5787724847864221,0.5110886478112919,0.21868989426518065,0.14868822335634693,-0.3759416567092952,-0.0028545130292558646,99.95380289273223,151
623149,FF,375,0.324660346387289,0.5470910176588683,0.46144090067818705,0.823046623164469,2.283861605384776,1.3175448521943915,1.474817693581212,125.06239700621097,654
623149,SI,3,0.2970552805782783,0.5476314154948022,0.47267284044313573,2.147230098002861,4.592222890746814,0.7037310657556343,2.481061351501769,145.87325507418652,654
623149,ST,276,0.24241245022384592,0.5730452245304268,0.48641705945329505,1.1904618326731793,0.44948303192854905,-0.7959298116189225,0.2813383509942686,104.59028391632646,654
623167,CH,248,0.27224663325255966,0.605092420259769,0.5379353103739914,1.4689080100428369,1.192592217672979,-0.6638581350317995,0.6658806975613388,111.2876442903147,1532
623167,CU,64,0.304083419353639,0.41974057396451553,0.3842186911190408,-0.6364656475587678,-1.2996467813302706,-1.7851780856955723,-1.2404301715282036,80.1199839668864,1532
623167,FC,466,0.31691677248721223,0.5033852416387021,0.5285194523013089,0.3668195598194118,-0.06590874554241671,1.1029258560828494,0.4679455567866148,107.51287516355612,1532
623167,FF,606,0.39057654712590506,0.35655293505041147,0.45499001898060387,-1.4815049867705554,-1.2837059909512702,1.0514620378611623,-0.571249646620221,90.292437163207,1532
623167,SI,14,0.38804097220761663,0.33701143070795636,0.435262158371411,-2.075350124243338,-0.11398580527765671,-0.4741577425593123,-0.887831224026769,83.58456223665931,1532
623167,SL,78,0.2705707138075986,0.48644908909647866,0.4654593242676519,0.6764258294089771,-1.9499767368654057,-1.5426602104639782,-0.9387370393068022,84.80758880529433,1532
623167,ST,56,0.24981557199097337,0.5073473360131896,0.5100533419033544,0.8393727423389931,-1.073366565840546,-0.20195264389603096,-0.14531548913252798,97.6290493272574,1532
623211,CH,164,0.29180931056946463,0.5594114926997507,0.602871338058378,0.5208755632219105,0.32473721880250295,0.7442842585716805,0.5299656801986979,108.98368747745016,523
623211,FC,183,0.33561386237226837,0.5159945569433507,0.47364725228550725,-0.4885796186100257,0.17463994216433884,-0.5039310584018719,-0.2726235782825196,95.62302306203433,523
623211,FF,106,0.33706696921436674,0.4582696050702415,0.4387608995982274,0.389288271050456,0.6208009244229575,0.3820512562263756,0.464046817233263,107.88580555656876,523
623211,SI,70,0.33798401224656754,0.33266295943844343,0.47074215026938493,0.24775722738709793,-0.21115043722701982,0.642942589789741,0.226516459983273,104.18814606943307,523
623352,CH,23,0.33139449639457025,0.42632458433414483,0.46820767858132123,-1.397473340034102,-2.2036733209694206,-2.1759068056104134,-1.9256844888713118,67.35685295374765,649
623352,FF,2,0.2320058033483683,0.591844000726917,0.4515939295745848,4.062419856686513,3.1218006149896738,0.911381802438557,2.698534091371581,145.85769009084999,649
623352,SI,457,0.27522271104209467,0.5730712216648212,0.4813332424495642,3.1604638787589683,5.160663901430989,0.9764069442473126,3.0991782414790894,157.30184540002807,649
623352,SL,167,0.272862484652023,0.6383029311895614,0.5833778143680561,0.5906338654240229,1.5019146834424157,1.4724554990490024,1.1883346826384802,119.23187045959683,649
623381,CH,1,0.3172533013179354,0.5351892896808482,0.568383709246552,-0.7121728797597203,-0.13544082696924525,-0.0035824329486226726,-0.2837320465591961,95.19032999897372,14
623381,CU,3,0.3088220264579428,0.5025159197965824,0.5224241900802551,-0.7915809500978773,-0.06110406506071567,0.5495967010383175,-0.10102943804009185,98.38083038114183,14
623381,FC,6,0.35225126501349385,0.480044066715172,0.4850208278209234,-1.2497472996767363,-0.5111897827545695,-0.17087154035384822,-0.6439362075950512,89.6615914591077,14
623381,FF,4,0.4022267414162988,0.31535042321785955,0.39003254922364,-1.8888172060297883,-2.055167234232096,-1.627871916034482,-1.8572854520987887,68.43811573664394,14
623433,CH,4,0.31378781912792925,0.520484189511555,0.5331677775774211,-0.5442311657098334,-0.41481113253155943,-0.7672424238949124,-0.5754282407121016,90.2456561369817,292
623433,CU,119,0.2923684833822317,0.48841222780267607,0.4387697362097006,-0.2529846377530189,-0.27213338563885886,-0.8636199304488018,-0.4629126512802265,92.58103266059359,292
623433,FF,107,0.3838494920262894,0.37141139531513445,0.4548085278752091,-1.2463147681865703,-1.0055014417809003,1.0439759814794456,-0.4026134094960083,93.1581664956086,292
623433,SI,62,0.3813008443202825,0.33053285951315037,0.45437814777089863,-1.7625456579277794,-0.258746560652632,0.1277160733298069,-0.631192048416868,88.32965826487961,292
623437,CH,21,0.292458673346838,0.5443971452030925,0.5918525254413646,0.48940660972771105,0.039491773367243556,0.5053405207655527,0.34474630128683575,105.84395017542764,304
623437,FC,45,0.3218777959628338,0.4850171812859335,0.43546434135726575,0.1398507945567697,-0.41631736859810853,-1.6220650938976364,-0.6328438893129917,89.83967884837539,304
623437,SI,171,0.3405060211072642,0.32239527729173456,0.43602744723776904,0.13071261801168899,-0.4405771701923637,-0.4500623467821676,-0.2533089663209474,95.31647743511631,304
623437,ST,67,0.26895948264877645,0.5129387245418123,0.48109507237680327,-0.06851698171385953,-0.9437605166362432,-0.9296707591233168,-0.6473160858244731,89.43846579380853,304
623451,CH,34,0.2997163845874287,0.5575664220028256,0.5990414132717559,0.1376886094624216,0.28968421280799816,0.6612320663038105,0.36286829619141003,106.15114429152511,304
623451,CU,69,0.2885442661490104,0.4377324196716124,0.43886952943041957,-0.1278013085490367,-1.03044018087729,-0.8619340735373704,-0.6733918543212323,89.20774327507574,304
623451,FC,11,0.3564298089646238,0.42363991677577073,0.4793042755477286,-1.4409173205089438,-1.5872152386439984,-0.3382729119874108,-1.1221351570467843,81.98409787364601,304
623451,FF,95,0.3834820687598054,0.33834097063324864,0.4223875411619976,-1.2334689750307886,-1.624700364521247,-0.2933090273812077,-1.0504927889777476,82.14839200525742,304
623451,SI,84,0.3575909564310772,0.3181468339547222,0.4503726126122082,-0.6621868885457342,-0.5355067230429604,0.0016003552125080326,-0.3986977521253955,92.62833074656436,304
623451,SL,11,0.30727119115539636,0.5388250147741084,0.5087068779225651,-0.6974488921902968,-0.759384480618991,-0.43684229919403716,-0.6312252240011083,89.78432430174854,304
623465,FC,171,0.3245035601346657,0.4774643743042676,0.4638008990166588,0.019721056231573292,-0.5604027343810046,-0.7922679726854654,-0.44431655027829886,92.86648900298262,619
623465,FF,107,0.31508900861132744,0.4868498056763612,0.4357326152861463,1.1576781952766348,1.1559264813894423,0.2571420654933346,0.8569155807198039,114.5620428736909,619
623465,SI,56,0.34091821377395837,0.3141357006113997,0.4569062833909522,0.11158305411027522,-0.6251336909698755,0.20731533449949666,-0.10207843412003455,98.11263431953124,619
623465,ST,285,0.24378959882756668,0.5928237577390677,0.5505077552384005,1.125151296693312,0.907941165378894,0.8146622956746171,0.9492515859156077,115.48787881913958,619
623474,CH,25,0.32815418387486117,0.48661437521738937,0.595900927611099,-1.2404436371585301,-1.0582763425447892,0.5931304106748503,-0.5685298563428229,90.36259376443276,422
623474,FF,24,0.3856490842150498,0.3471748959094345,0.4106709250786762,-1.3092318208892861,-1.4592970754132253,-0.7765902791642232,-1.1817063918222448,79.91860630264713,422
623474,SI,90,0.3602234194879028,0.34854975551765216,0.4821524762233128,-0.7843575973735537,0.14383286568986986,1.002200814876082,0.120558694397466,102.22905400390778,422
623474,SL,116,0.30108959306108896,0.517043270927939,0.4681130807548184,-0.466042055696798,-1.2545198928388952,-1.4748050092409581,-1.065122319258884,82.76218411623691,422
623474,ST,167,0.23739655050059222,0.5187162328630842,0.4739928576384934,1.4283381943540363,-0.8098402884260462,-1.108148631171697,-0.16321690841456893,97.3369718457503,422
623485,CH,13,0.3208807090673159,0.5221308115597888,0.5433797191756293,-0.8879617142098345,-0.3835282919208353,-0.5457957417028405,-0.6057619159445033,89.7314563151589,94
623485,CU,27,0.32017105183145456,0.398358546145461,0.3822963759209167,-1.1630841082173613,-1.6195796616844076,-1.8176527201382657,-1.5334388300133448,75.42401883944248,94
623485,FF,54,0.3981471988079219,0.3233786568697549,0.4049162413411357,-1.7461888934057888,-1.9048494298319516,-1.0139566604227912,-1.5549983278868438,73.57504889783291,94
623507,FA,5,0.466559473257602,0.13945744541452115,0.49454029186638915,-1.4239950002169328,-1.0336248042719027,0.631807956320314,-0.6086039493895071,86.99815831813731,5
623520,EP,1,0.5001348359978806,0.06457429361949941,0.39749036460381015,-2.316701061227639,-1.0050936247204563,-1.7670625762058443,-1.6962857540513132,60.47324074942965,5
623520,FA,4,0.4353832380928929,0.16344450976702626,0.4396133738408102,-0.6753558334121711,-0.8273594248636544,-0.7878852740192956,-0.7635335107650403,83.68833814548525,5
624133,CH,322,0.3065348146894811,0.5719560056519329,0.6190110267268975,-0.19274126311643525,0.5630602751730875,1.0942745589356877,0.48819785699744667,108.27566225190584,1798
624133,CU,249,0.3132058963135438,0.44602697569448985,0.4808273666363816,-0.9350841534603189,-0.9063312225448583,-0.15311929300640817,-0.6648448896705285,89.34472300855087,1798
624133,FC,166,0.3135511929830274,0.527110046342713,0.5090583859706113,0.5207961390901595,0.3866908207119791,0.5330352924145052,0.4801740840722145,107.70920441083379,1798
624133,FF,340,0.3601837066986363,0.3616880585911079,0.4242634909760283,-0.4189153873653291,-1.187557755930887,-0.21593076663086921,-0.6074679699756951,89.67695905849965,1798
624133,SI,694,0.3236836897284495,0.3418523199178227,0.44967877485250296,0.9114248651816567,-0.005818316237998635,-0.020245376719783735,0.29512039074129137,105.45658935595216,1798
624133,SL,27,0.29651568652558186,0.5255093473347872,0.49293794593059037,-0.2948188176843913,-1.0620718381195682,-0.8400458555723577,-0.7323121704587723,88.14834490315563,1798
624418,SI,2,0.3371364878070324,0.2904998575887813,0.4593643415842885,0.28709022439096227,-1.1532659576372093,0.2847081826321969,-0.19382251687135002,96.4163442592105,11
624418,SL,9,0.312197020518182,0.5622780096771043,0.5139233825347319,-0.8818462879056068,-0.22625874095841764,-0.3034589341975988,-0.47052132102054106,92.38513759923784,11
624431,FA,9,0.42326052193180314,0.1811530578169948,0.46249059991138175,-0.38425140472470015,-0.6750831676019154,-0.1965787862565145,-0.41863778619437664,91.05647897355132,13
624431,KN,4,0.40356689205252483,0.2188684808784191,0.38133406597352526,-0.6475050269869136,-0.5304674998534886,-0.6753333338797822,-0.6177686202400614,90.4682465767577,13
624503,FA,25,0.4172104256363063,0.2999066987322422,0.45660567368766175,-0.23896962115397355,0.3460824256331835,-0.3486861722375116,-0.08052445591943388,98.27972488769943,25
624512,SL,3,0.46303485788889304,0.13694572628837173,0.4842118828722948,-6.528429297179665,-9.894771829415733,-1.0631668418304556,-5.828789322808618,5.6675507074807285,3
624522,CH,20,0.3020099176932439,0.5495280888608892,0.5173895742947165,0.026541051950350374,0.1369704223393158,-1.1093938878750842,-0.315294137861806,94.65530674182415,679
624522,CU,115,0.2828683688554579,0.5006778576573889,0.5023106543636532,0.057995594737303986,-0.08860643852306835,0.20980865775378366,0.059732604656006424,100.9573171997244,679
624522,FC,165,0.31204000433044765,0.5421624444424055,0.521989844049627,0.5899336112751652,0.6738463499567607,0.9117152582743027,0.7251650731687428,111.64253958323647,679
624522,FF,300,0.35481837433610386,0.4320448771772397,0.4453491339259341,-0.23133350013032988,0.12977840455190487,0.653799524693268,0.18408147637161432,103.12819886986307,679
624522,SI,30,0.3615667188912923,0.34291396623949894,0.4524095480596126,-0.8466991523118321,0.01790369265033848,0.06573400191153599,-0.25435381924998585,95.29715876534631,679
624522,SL,1,0.3099878770103696,0.5571102980184771,0.4762159706306392,-0.7991474610482311,-0.34372945682022205,-1.2676182437367647,-0.8034983872017392,86.99627544081375,679
624522,ST,48,0.25533781424360125,0.5840139414708273,0.5393199995675707,0.5774833570138593,0.7037333062939016,0.5335152311742736,0.6049106314940115,109.86965172984327,679
624647,CH,36,0.3184465370904683,0.45381956999033274,0.5218539453221708,-0.7699986165309888,-1.6813183246912944,-1.01258368360623,-1.1546335416095044,80.42728562175537,231
624647,SI,132,0.3216938104914288,0.35532199689493255,0.4189489080681977,1.0037737231222237,0.2951555490220748,-0.9877863078593394,0.10371432142831971,101.91761220207137,231
624647,SL,63,0.2956979815366065,0.5724892491490216,0.562512440505404,-0.2642082018214808,0.005859784578878666,0.938938520799226,0.22686336785220793,103.67153039148388,231
625643,CH,37,0.3304631031184122,0.4868867641817443,0.5098754605000781,-1.3523368266497282,-1.05310144490196,-1.2723379816533236,-1.2259254177350039,79.21878484760627,946
625643,CU,62,0.32308035195983953,0.4497322623949988,0.4272458820915816,-1.2583182054231905,-0.8508901270293383,-1.0582981758385495,-1.0558355027636928,83.0784293988809,946
625643,FF,552,0.33094293241473105,0.46791960478972255,0.45167024111851567,0.6033958608046964,0.8014841024657313,0.9145294636928091,0.7731364756544122,113.13833796350954,946
625643,SI,2,0.21794289918872886,0.6099181586125252,0.48449519011553666,5.818778569065893,5.983992111527699,1.0759620061166992,4.292910895570097,179.37320711720463,946
625643,SL,293,0.2992503248938935,0.5655840882666752,0.5276627759050734,-0.39718943513807226,-0.15110605360522117,0.04785035372511902,-0.16681504500605812,97.3002846898778,946
628317,CU,14,0.3124533132307676,0.41811834697436145,0.4082201381435407,-0.9104488228660986,-1.3239196780798346,-1.379709607385184,-1.204692702777039,80.692738054995,779
628317,FC,2,0.32666150807105054,0.5077637898534597,0.4252461486557952,-0.07900590626500562,0.01762108947823643,-1.9212908145934902,-0.6608918771267531,89.3893678496328,779
628317,FF,177,0.3899433740069607,0.3616685000256764,0.39244426099535434,-1.459368090009515,-1.1879239635850685,-1.5283948079953202,-1.3918956205299677,76.34674388247868,779
628317,FS,250,0.2921711957939674,0.5835599082128551,0.6182856803835863,-0.7817527146124384,-0.05736576413215525,1.0762692373857448,0.0790502528803837,101.41023518659458,779
628317,SI,50,0.3650174964296707,0.3368002455978707,0.4653789733614353,-1.0068472450942516,-0.11870464144394872,0.4740810318856246,-0.21715695155085857,95.98490532142804,779
628317,SL,213,0.3147691087211407,0.5440240836509284,0.4655983211828761,-0.9781318737927003,-0.641200962822428,-1.5391061301640234,-1.0528129889263838,82.961396888411,779
628317,ST,73,0.29690206283328535,0.5009315690606054,0.4594343032935669,-1.3936789022067424,-1.2220813623679811,-1.474003494101614,-1.363254586225446,77.75729622750077,779
628452,CH,238,0.32152446139766166,0.49261442773730235,0.5490140052573795,-0.9191587782414008,-0.9442861971815983,-0.42361584600666197,-0.7623536071432204,87.0769998704185,638
628452,FF,213,0.3428140639810397,0.46635536465979144,0.4255049935874835,0.18835926803487066,0.772195824111958,-0.1647218739020159,0.26527773941493754,104.50801210960736,638
628452,SI,79,0.3437655646957107,0.32337597188415745,0.4554121612170276,-0.02056044529803093,-0.41866399123322706,0.160272359352804,-0.0929840257261513,98.28078417836036,638
628452,SL,108,0.2614509760719316,0.574611973224708,0.5058711798737767,1.017821311105615,0.05411284767919505,-0.5093496534440538,0.18752816844691872,103.03493409372602,638
628708,FF,87,0.32244150203378547,0.42066954615988966,0.4435928153983943,0.900621502629059,-0.08320926583674014,0.58135575675865,0.46625599785032296,107.92334739100983,492
628708,FS,5,0.3034639301366998,0.5132682512456718,0.5816684808650467,-1.1648835964600677,-1.6631735974677482,-0.16133426898673703,-0.9964638209715175,82.2233542424097,492
628708,SI,216,0.32488569522557426,0.34700537212846716,0.4594987610974023,0.8556406583651917,0.10932431445464956,0.28894042944908993,0.41796846742297705,107.72797259022047,492
628708,SL,184,0.2987498849860894,0.5880676855399778,0.5433065497619799,-0.37845557147477527,0.35998365907913776,0.44785368036087636,0.14312725598841297,102.3163548843791,492
628711,CH,218,0.32385164346780687,0.5213427098135006,0.5552571583127238,-1.031937007745347,-0.3985007996317641,-0.2882326265446686,-0.5728901446405932,90.28868054921462,1183
628711,FC,59,0.29826569417253035,0.565864773436683,0.5374619577209852,1.2201136908998578,1.1260171457068895,1.3647948291199405,1.2369752219088959,119.85966163762805,1183
628711,FF,552,0.3304047220987159,0.4424814418529624,0.45539044650780214,0.6222126833211329,0.32518894634204837,1.067978676728269,0.6717934354638168,111.4161593389057,1183
628711,SV,354,0.2576610678044147,0.5017382230978084,0.4808921304401137,1.242422303347636,-0.6426294280800467,-1.2074779552669737,-0.2025616933331281,96.70164399959711,1183
629498,FF,7,0.3142086977274407,0.47178273897241174,0.4508822107155853,1.1884554828322267,0.873816059110751,0.8820251709121163,0.9814322376183646,116.67802365060992,8
629498,SL,1,0.2680306544534754,0.6222320143800923,0.5472694434948789,0.77151242201432,1.1365959066077667,0.549182853919837,0.8190970608473078,113.25617168142884,8
630023,FF,30,0.3778602656981942,0.34122423956340325,0.42268322713872936,-1.036920400458835,-1.5707150579309646,-0.28111271677809624,-0.9629160583892985,83.63663207727879,538
630023,FS,127,0.23941408434286443,0.6273488416106657,0.5931667152095987,1.0081484749965224,0.9429892608808877,0.22728789024488708,0.726141875374099,112.95417517084809,538
630023,SI,264,0.3300978436931482,0.35663596113487595,0.45798046406769816,0.6137486131384684,0.32451548814914766,0.24113630025525212,0.39313346718095604,107.26878914432135,538
630023,SL,117,0.2978860772310981,0.528376282669382,0.5136825036370165,-0.3461191081732929,-0.9969016103027513,-0.3096180848784926,-0.5508796011181789,91.08462852904694,538
640444,CH,107,0.31361462178360916,0.5573655423551929,0.5680406393714811,-0.5358378001464824,0.2858678628413663,-0.011021927668004586,-0.08699728832437356,98.52526969407005,376
640444,CU,4,0.2617804238376284,0.5322087052913367,0.5402650898445727,0.7482961196315885,0.38318019410616566,0.8509919657380607,0.6608227598252716,110.59081547830127,376
640444,FF,62,0.33846519380466594,0.4402689654348255,0.4567643316924646,0.34040376777936504,0.2837633212441896,1.124648021113034,0.5829383700455295,109.90619581241826,376
640444,SI,80,0.3522722609065097,0.3135337211424908,0.4652361193778883,-0.41535007137143626,-0.6385846510688166,0.46958322272725006,-0.19478383323766763,96.39857012764685,376
640444,SL,118,0.2610887155127093,0.6271512322706811,0.5591539071252756,1.03138245964958,1.2484179441479135,0.8530625335242294,1.0442876457739076,116.90062994836536,376
640444,ST,5,0.23757254926101873,0.6236456308752469,0.5608151364598388,1.4199915472716578,1.6223793028481932,1.0736856474849485,1.3720188325349332,122.38570019915413,376
640448,FF,533,0.33417032056219337,0.434916381040071,0.43402317315625194,0.49056043540430255,0.18354342618719693,0.18663183229025224,0.2869118979605839,104.87565339349358,725
640448,FS,145,0.24176867394854404,0.6028143500048422,0.5845172382175212,0.9282638372609452,0.38250056979865604,-0.06505077012326606,0.4152378789787784,107.40773174538556,725
640448,SI,1,0.3421292017885268,0.44559763214342973,0.4306274400802947,0.0553819751480422,2.3123239581622546,-0.6200835183666612,0.5825408049812119,110.77081101676498,725
640448,SL,46,0.3295584769422098,0.5061756648538537,0.4743881502940938,-1.5317687912310418,-1.5015587273481021,-1.31435467842307,-1.4492273990007378,76.54587212568991,725
640451,CU,40,0.29544522416897717,0.4879041102380495,0.5004366893767656,-0.35369979886797576,-0.2797361966250382,0.17815082767109483,-0.15176172260730636,97.56775871153695,598
640451,FF,396,0.3093116333700596,0.5066075552838081,0.47562279455176726,1.3596658593754627,1.5258635895574457,1.9025126769602945,1.5960140419644009,127.12195393457058,598
640451,FS,130,0.24714900710629542,0.5967429828643985,0.6014265137350518,0.7457241861187976,0.24380062539796557,0.5064560339434613,0.49866028182007477,108.89596490784083,598
640451,SL,32,0.2834158311743279,0.592860126801397,0.5233491139689588,0.19557153754554593,0.4689238521266188,-0.06244778406508595,0.2006825352023596,103.24782283720438,598
640454,CH,1,0.29422954069763363,0.598135221209753,0.6611167092695907,0.40358810542107876,1.0604180194638826,2.007339289167598,1.1571151380175198,119.6147810391771,33
640454,FC,3,0.30726485168937195,0.5779755509736393,0.5389445684051484,0.8083987131259094,1.3570551975945522,1.4082110440457234,1.1912216515887284,119.12508716177904,33
640454,SI,21,0.2925084128397676,0.5086931869878962,0.5189850009484086,2.3582469451794528,3.7221657126853627,2.1618861307571393,2.747432929540651,150.79829706740242,33
640454,ST,8,0.2563800308756332,0.553883342748581,0.5286656845792248,0.5280567906569423,0.005318620825340599,0.26577347211480834,0.2663829611990304,104.34627351036202,33
640455,CH,337,0.3060504953185119,0.553686923585155,0.5724150863223746,-0.16927052489054117,0.21598075986339824,0.08383826658443383,0.04351616718576362,100.73766219364771,1643
640455,CU,1,0.26896510952920927,0.5451210292172259,0.46741047699543686,0.5131099836707124,0.5763834309850362,-0.37977753660393654,0.236571959350604,103.79147045341615,1643
640455,FC,40,0.3367091311194194,0.47482517767587284,0.4838416232744076,-0.5386885923718336,-0.6107508516436763,-0.20540292379783306,-0.4516141226044476,92.7493263350435,1643
640455,FF,431,0.36207529700435337,0.39738868007187134,0.3943700432852081,-0.48504886343844145,-0.5191119595828909,-1.4489610816460445,-0.8177073015557923,86.10424521236578,1643
640455,SI,508,0.3539072766461146,0.358593989503623,0.4043987671381906,-0.49122997074333574,0.3682667501454186,-1.4459027390968742,-0.5229553198982637,90.33088691354807,1643
640455,SL,181,0.31319804351964087,0.5370858413580644,0.504846801732244,-0.9193193753646808,-0.7989187967121578,-0.5355424805773302,-0.7512602175513895,87.84169191012975,1643
640455,ST,145,0.2842773823574491,0.5384665216332913,0.49592769100024353,-0.794960182800759,-0.35203684925399226,-0.5569286911403398,-0.5679752410650303,90.73298181809007,1643
640461,FA,7,0.40905247704723585,0.2480946661574088,0.4345708170230501,-0.04307169434236206,-0.09945056664581614,-0.9182199812104578,-0.35358074739954526,92.44631766840318,7
640462,CH,12,0.31121480858915307,0.5079462896657316,0.52378690033109,-0.4195397731536568,-0.6530085518426918,-0.9706674163190366,-0.6810719137717951,88.45484254621789,715
640462,FF,350,0.3031146639829333,0.5031818603599518,0.41098932690886003,1.5763233065249247,1.4617220907138964,-0.7634569961440267,0.7581961336982649,112.88444842642087,715
640462,FS,12,0.2895257712487256,0.5905141157323819,0.6022504097691433,-0.6920008610649285,0.10150260505013552,0.5343024185409989,-0.01873194582459803,99.66582713966514,715
640462,SI,87,0.3230433310839856,0.3612026012363862,0.4176741489717616,0.9411434472887569,0.426555004385424,-1.0279225574500577,0.11325863140804104,102.09408045665195,715
640462,SL,123,0.26437890949671367,0.6196770401031821,0.558068544464212,0.9082147334932098,1.0785170745939716,0.8253103632996505,0.9373473904622772,115.16992127923602,715
640462,ST,131,0.2531287195273495,0.6083571062249834,0.5281309882130061,0.6822484924240021,1.2679976912073843,0.2523366114803424,0.7341942650372428,111.97902850553152,715
640470,CH,6,0.3220927028823954,0.5367866050978997,0.556696137095395,-0.9466964897943968,-0.10509472316827388,-0.2570282689694911,-0.4362731606440539,92.60453671536592,377
640470,FC,36,0.3402025544831027,0.4700088026476295,0.49608441462439434,-0.6985140782400546,-0.7026331358562377,0.15311038399108032,-0.4160122767017373,93.32091467471267,377
640470,FF,70,0.35653061944469727,0.4106651743867149,0.43480704840688345,-0.2911967382629342,-0.27052758074295485,0.2189647353804359,-0.1142531945418177,98.05843194498043,377
640470,SI,83,0.3551107896158173,0.3052413117087798,0.4555726315694099,-0.5470841382731767,-0.8238748049325227,0.1653248262331217,-0.4018780389908592,92.5695292540095,377
640470,SL,168,0.29893053502907757,0.5753296171373548,0.5441590758527088,-0.38521816818885224,0.07042609224881805,0.46965233811792406,0.05162008739262994,100.83541349785729,377
640470,ST,14,0.2652091977572106,0.5904168338305557,0.5091846762544029,0.10933827347327754,0.8521496751398021,-0.22378211572403753,0.24590194429634737,104.01210761315623,377
641149,CH,3,0.2849633835607626,0.5516592666592982,0.5726120495482497,0.8526379711827472,0.17745894576960222,0.08810942819111121,0.3727354483811535,106.31840684243569,64
641149,CU,14,0.23988158685734398,0.5862982452156092,0.5790924702597925,1.4651406793686188,1.1925057852730292,1.5069223701702403,1.3881896116039627,122.24811389559227,64
641149,FF,21,0.3542798014337736,0.44788450099839655,0.40928885026802775,-0.21250400092945274,0.4263539127595412,-0.8335974252376321,-0.20658250446918122,96.48942865001035,64
641149,SI,15,0.3433931918260169,0.3064988995256061,0.44605841263507506,-0.0032788894103690618,-0.7957745715878466,-0.13423378596019314,-0.31109574898613623,94.24803637479661,64
641149,SL,11,0.275177897005963,0.6268105180348438,0.5672593203311727,0.5039568864569434,1.2406729405888806,1.0603138192927748,0.9349812154461994,115.13162737764517,64
641154,CH,573,0.30042630613340565,0.5328225416568995,0.5630236555752708,0.10328490032891703,-0.18040475860027652,-0.11981557925695267,-0.06564514584277073,98.88721949987028,2091
641154,CU,192,0.25151472687940296,0.5940305768340532,0.5720642247451295,1.0843372081623688,1.3082023481751508,1.3881906949044411,1.2602434170806536,120.19755719608408,2091
641154,FC,60,0.3202127174013459,0.5448544197543345,0.49522583487328853,0.21602879029158245,0.7252013294285465,0.1279680567415139,0.35639939215388095,105.72199928557154,2091
641154,FF,747,0.3439634808060945,0.4402783868563275,0.41040455951264676,0.1481735418403288,0.2839397246046184,-0.7875771958018558,-0.11848797645230286,97.98646794160751,2091
641154,SI,219,0.33909015005703097,0.3143485744671204,0.4473663271587775,0.1964221706556559,-0.6203771205429869,-0.09305362579235556,-0.17233619189322885,96.8136128175763,2091
641154,ST,300,0.24345541780124383,0.6238514954775283,0.583161896164443,1.1409996531339164,1.6271511582891298,1.6352572510215921,1.467802687481546,123.94849847123947,2091
641302,CH,171,0.30910314460069077,0.5839067321920616,0.6093154624151218,-0.3172058264542653,0.7901024637179243,0.8840255550440783,0.4523073974359124,107.66726687052568,868
641302,FC,254,0.33192569113450354,0.49895894919453376,0.4884708422713911,-0.31984434129755634,-0.15034940017958787,-0.06984261180332836,-0.18001211776015752,97.10990189126615,868
641302,FF,197,0.36994524876847673,0.3725112941147355,0.39945555341396877,-0.7601968514124564,-0.9849073260902901,-1.2391964462338418,-0.9947668745788627,83.09537344999968,868
641302,SI,146,0.37537735767405433,0.3304867311721581,0.4170858758912208,-1.4876409216864028,-0.259777277655725,-1.0464445474120008,-0.9312875822513762,82.78108165999966,868
641302,SL,18,0.31124583198583455,0.5155821466870149,0.49470557320696895,-0.8462387434128464,-1.2877336868511549,-0.7948485267646813,-0.9762736523428942,84.20010062040076,868
641302,ST,82,0.29969833790707967,0.4733208713739822,0.4557272120269122,-1.5262907520268947,-1.8620857950091665,-1.5671622882440615,-1.6518462784267074,73.0486676369967,868
641312,CH,6,0.302476156742225,0.5483245291657007,0.559845671044457,0.003946509329794473,0.11410496505331814,-0.18873040056085733,-0.02355964205924823,99.60062987236924,59
641312,FF,17,0.36090116669963146,0.411530788643339,0.45218910049828076,-0.4439991085420674,-0.25432012588363173,0.9359311217115592,0.07920396242862002,101.34595696775979,59
641312,SI,6,0.364795529495102,0.317639222890137,0.4198082814973178,-0.9965459200054612,-0.5468490636511735,-0.9607286257143539,-0.8347078697903294,84.5667794550322,59
641312,SL,24,0.2889144605572875,0.6015864925231619,0.5490603641407709,-0.010268507560693014,0.6672887176462158,0.5949757823174282,0.41733199746765026,106.75405256717933,59
641312,ST,6,0.2426818803958277,0.5956146649815263,0.523349649411069,1.177684250868474,0.9726332288152062,0.1321820954096043,0.7608331916977615,112.4136661443953,59
641329,CH,82,0.2822070597171073,0.5396047366147436,0.4865103763149366,0.986212961732396,-0.05155532160612035,-1.7790114993363735,-0.2814512864033659,95.2289921939357,542
641329,CU,4,0.29828936628837144,0.4375575220361986,0.41643097004724083,-0.44680098991489164,-1.0330571218306273,-1.2409999073301283,-0.9069526730252158,85.46453150296773,542
641329,FF,304,0.33786166195359774,0.4573176895531394,0.4873672967338555,0.3615043512996692,0.6029775953184995,2.386944160911329,1.1171420358431656,118.9842157010211,542
641329,SL,152,0.29037067049122145,0.5545636107892585,0.5410911679757904,-0.06478142298176952,-0.4016199104009653,0.3912074968792067,-0.025064612167842726,99.59435722833429,542
641343,EP,1,0.4188634451623568,0.09716613810091022,0.3068293974361821,-0.05807820339594751,-0.5430319277399531,-3.3162205185358573,-1.3057768832239192,69.57285741810772,14
641343,FA,12,0.3878187205783718,0.12061524119444465,0.47584691118647965,0.4668173819685601,-1.1956493999134232,0.14864110557748053,-0.19339697078912751,95.86838567433817,14
641343,FF,1,0.3533716090147615,0.4029724426545638,0.48186685395672724,-0.18075192362656706,-0.4145635659865176,2.1600645864857904,0.5215830322909019,108.8635504468594,14
641360,CH,7,0.3134636974307919,0.5093462535333758,0.507990311609203,-0.5285238123334451,-0.6264117705234693,-1.3132175698597035,-0.8227177175722059,86.05374058550598,566
641360,FF,369,0.3131025321416261,0.5196044400195003,0.43691286302683713,1.2271290661558838,1.7692126576366707,0.30582434726128316,1.1007220236846125,118.70518130554596,566
641360,SI,2,0.3036131114055197,0.5240041349800311,0.4283455309983118,1.8428859065583993,4.064281949460742,-0.6919302482420132,1.7384125359257094,132.14214821266447,566
641360,SL,188,0.29749879349206454,0.5549924253234177,0.5243332403633114,-0.33162122210760653,-0.3918722399372825,-0.03728417359795339,-0.25359254521428076,95.89588770711306,566
641394,CH,1,0.35146184857201507,0.327593568340366,0.4166609984031296,-2.369962978226945,-4.079384046439802,-3.293700243195208,-3.2476824226206515,44.94706921419272,37
641394,FF,22,0.2965331389602676,0.5239713918549828,0.4525505648681414,1.806425525961947,1.8509779176295609,0.9508406273144498,1.5360813569686524,126.10348449828095,37
641394,SI,2,0.32101953755314827,0.38253442772537094,0.4444484065408424,1.0350662431063349,0.9032050593464719,-0.18492540810382804,0.5844486314496595,110.80608552143268,37
641394,SL,12,0.27096936801737176,0.5892138842499084,0.5847066641211961,0.6615022921406173,0.3860386698595174,1.5064335101553454,0.8513248240518266,113.77774205735669,37
641401,CH,166,0.27700355950812594,0.5973958068564391,0.5862840149788358,1.2383812593145935,1.0463704841567905,0.38458697406536346,0.889779572512249,115.08305519004982,365
641401,FC,77,0.3532935754095176,0.485175452629559,0.4391201812508731,-1.2974334081518204,-0.4132980163897722,-1.515008850306157,-1.075246758282583,82.73689204259483,365
641401,FF,122,0.3533218622796607,0.4290427620060724,0.40587311424102374,-0.17901268627397582,0.07356786302391927,-0.974488034877108,-0.3599776193757215,93.88270018090323,365
641420,FF,5,0.3381349321738936,0.4509050870807478,0.4329003889151342,0.3519503218035298,0.4829102970886738,0.14031977685796435,0.3250601319167226,105.52392754199052,20
641420,SL,15,0.3030968889908703,0.5969777225905257,0.5291307002616652,-0.5411847605330652,0.5625236806253707,0.08538443157981469,0.03557445055737342,100.5757327752748,20
641427,CU,7,0.2788354735077145,0.5368124142215759,0.5117644999814768,0.19000986986165844,0.45206411245234523,0.3695172116975279,0.3371970646705105,105.40415994856843,28
641427,FC,7,0.33041460819218915,0.48121913136012145,0.515626153504598,-0.2507117053985561,-0.4887730018680622,0.7253633323268045,-0.004707124979937943,99.92442701540675,28
641427,FF,9,0.37650228424900023,0.3496543016379101,0.4239962919023361,-0.98944287141538,-1.412873560418292,-0.2269520633850599,-0.8764228317395772,85.10645956448485,28
641427,SI,2,0.38584647023484686,0.27233844511970173,0.4008424555369905,-1.973504872952091,-1.5590745392899388,-1.5578744916006935,-1.6968179679475743,68.62690903995309,28
641427,ST,3,0.2905032223328751,0.5219341402657112,0.5179140613703782,-1.090217313818702,-0.7352505397393296,-0.004413631779711952,-0.6099604951125811,90.04795528083963,28
641447,CH,24,0.3086373281113684,0.5447313913090027,0.5575239467361895,-0.29463176161702526,0.04584184481634213,-0.23907715784359848,-0.1626223582147605,97.24331499636048,174
641447,FC,72,0.3231764206543579,0.533538510742474,0.4923568818928152,0.08043820676652827,0.5093270335412385,0.043954714235151855,0.21123998484763953,103.39146213206912,174
641447,FF,21,0.37164296013908393,0.3408273237055312,0.4194030981242345,-0.8195519633348243,-1.5781467699206673,-0.4164098746658105,-0.9380362026404339,84.0594292982161,174
641447,SI,16,0.33820761194836385,0.4191634902571712,0.4672953115036819,0.23738012675075146,1.7216649637512729,0.5344176289669536,0.8311542398229925,115.36751617460538,174
641447,SL,41,0.28233318986511946,0.552865826893423,0.5113595270758218,0.2360999893470008,-0.4402133735810345,-0.3690154119348766,-0.1910429320563034,96.90818338031616,174
641482,CH,91,0.3206863284963824,0.5516775821057053,0.619919664189762,-0.8785417823011634,0.17780690612351657,1.1139784271503348,0.1377478503242293,102.3350259917576,1468
641482,CU,3,0.3277522868644591,0.37268435959908586,0.3769012735776475,-1.4112510357299897,-2.00373482797838,-1.9087948889925512,-1.7745935842336402,71.55910125649247,1468
641482,FC,482,0.3337562595754315,0.491383422749842,0.497852548937164,-0.40359356377308986,-0.29486818656338326,0.2048877657143113,-0.1645246615407206,97.3585533069921,1468
641482,FF,667,0.3149140651873621,0.466640526097513,0.44634335329149427,1.1637945391318518,0.7775350859068328,0.6948085989957707,0.8787127413448184,114.9324541425344,1468
641482,SI,9,0.36772674318622856,0.4024776259604018,0.40360640020601,-1.1325814299596122,1.3488268414163374,-1.470850697535723,-0.4182017620263326,92.26771394012643,1468
641482,SL,16,0.30706869729296604,0.5037561869305883,0.49942711865260747,-0.6898685766473789,-1.5565575009703356,-0.6741210154625724,-0.9735156976934289,84.24473503806682,1468
641482,ST,200,0.30016650396154215,0.46797361325697784,0.4284994994160086,-1.548493276766719,-1.9860330033050788,-2.2513916992932916,-1.9286393264550297,68.53254435687813,1468
641501,CH,28,0.31282972272566817,0.5129910160394092,0.6203025103462512,-0.497800584567395,-0.5571678753245184,1.1222804733703597,0.022437337826148818,100.38034544195487,172
641501,FF,11,0.37738842829012287,0.38341609755551487,0.4536330345762716,-1.0204240968761966,-0.7807296474490985,0.9954898086004221,-0.2685546452416243,95.43630160785216,172
641501,SI,65,0.3331624243401164,0.44339144265628355,0.5530034978477273,0.47152363910536815,2.2630276477480606,3.232970766332106,1.9891740177285115,136.77856940013655,172
641501,SL,1,0.32820779519780574,0.5369576367727655,0.4807314428898962,-1.481206301594277,-0.8018331010322677,-1.1521599188111027,-1.1450664404792157,81.4683777452051,172
641501,ST,67,0.2809420879366844,0.5046185603316733,0.4574890610852777,-0.6367856287386388,-1.1366184456617507,-1.5228872159752171,-1.0987637634585354,82.07269782657971,172
641525,FA,3,0.42127359562302247,0.051858740777065676,0.5494475793970764,-0.3365390735708785,-1.7868883042228179,2.0509937982662594,-0.02414452650914556,99.4841911369942,3
641531,SL,6,0.4173266518312158,0.2685901415511522,0.48539125024275315,-4.817352128422846,-6.902274429853844,-1.0330110190843511,-4.25087919245368,31.20426495745413,6
641540,CH,319,0.29122795900084864,0.5776853848543364,0.6026043460121951,0.5490486062635161,0.6719081170803588,0.7384945169999857,0.6531504134479535,111.07184749771689,1725
641540,CU,5,0.27735300468599744,0.5420327640737963,0.5442304549983155,0.23853754787416562,0.5301746442882833,0.9179808674151932,0.562231019859214,109.0107141422921,1725
641540,FC,235,0.35019486309073367,0.4630734844502486,0.43489151361816647,-1.1556661070385323,-0.8349386299217025,-1.6388395664559676,-1.2098147678054008,80.57639998985339,1725
641540,FF,27,0.38515524524275724,0.35465125593751234,0.39463820645672193,-1.2919663021565184,-1.319312357347585,-1.4379000182562662,-1.349726225920123,77.06335184956725,1725
641540,KC,16,0.26943362086537953,0.544933306798148,0.5332826177877014,-0.12303671039345739,-0.07902397794328511,0.06490951063163664,-0.04571705923503529,99.25786636028133,1725
641540,SI,746,0.3449434659943047,0.37037821299392054,0.4731867316831305,-0.07522599367308362,0.631579916377296,0.7199111166598237,0.42542167978801204,107.86577777256164,1725
641540,SL,368,0.302949146080232,0.5547322938663575,0.5168476070751516,-0.5356540354610756,-0.39778546236485934,-0.22868800266298012,-0.387375833496305,93.73075451064175,1725
641540,ST,9,0.30607857378668824,0.4688928970139672,0.4507234894217298,-1.828870026223877,-1.9647243900275062,-1.6929052847316408,-1.8288332336610078,70.16096899534173,1725
641582,CH,19,0.315969203158459,0.5332672608650781,0.49448029631975904,-0.6499438351169061,-0.17195589802483174,-1.6061832153679443,-0.8093609828365607,86.28015662538851,190
641582,CU,13,0.3069530753460921,0.45733979236956085,0.43595180037980114,-0.7304020190820052,-0.7370609337582908,-0.9112247332658715,-0.7928958953687224,87.29248653061985,190
641582,FC,1,0.3575402363655494,0.46097677474861753,0.4540847234789607,-1.4917198086125323,-0.8749376905402784,-1.0767928111392095,-1.14781677009734,81.57177906850013,190
641582,FF,103,0.3639411827539235,0.425643716225383,0.4502928125417375,-0.5502836609532136,0.00992533330155908,0.85771396320247,0.10578521185027182,101.79766691728507,190
641582,SL,54,0.32596909711561756,0.5264444959649199,0.4959995531226613,-1.3974011054039424,-1.0408143480977534,-0.7617621196348385,-1.0666591910455114,82.73731156177455,190
641585,CH,128,0.3043593034935356,0.5194815986943788,0.48782424565608307,-0.08731319880970181,-0.4338585446351063,-1.750520148927376,-0.757230630790728,87.1638417551381,715
641585,CU,88,0.2764283184799493,0.5501539997938807,0.5377468709341596,0.2688065652135909,0.6516902628231204,0.8084504311124461,0.576315753049719,109.23644609244646,715
641585,FC,136,0.2977110987290823,0.5643348199924791,0.5270893548632154,1.2454866494513028,1.096830129254063,1.0610474193493902,1.1344547326849186,118.21369315673132,715
641585,FF,290,0.3550425659414699,0.4336579545178303,0.4474636669245314,-0.23917165098384988,0.15998109354663204,0.7410187479938651,0.22060939685221576,103.74893813064122,715
641585,ST,73,0.28510115206374637,0.5193821966427775,0.5089321966224082,-0.8340270205384545,-0.7944035263485458,-0.23012690099375144,-0.619519149293584,89.8919973874571,715
641627,CH,11,0.314803331292727,0.4979810784561527,0.6015142952598437,-0.5934441883842738,-0.8423295403815183,0.7148566886587467,-0.24030568003568176,95.92646994105863,442
641627,CU,31,0.2943788048069222,0.4756840623170433,0.4956422178139558,-0.3187912364280803,-0.4625811149142701,0.09715541573236774,-0.22807231186999427,96.34475094144251,442
641627,FC,157,0.3320250470177601,0.4724525463970801,0.4480953507829051,-0.32438991183459,-0.6560136852501278,-1.252183353660039,-0.7441956502482523,88.05192412559632,442
641627,FF,105,0.3363144608175849,0.49152486857174443,0.4372491923889824,0.4155973486043934,1.2434607037772867,0.3196970963547977,0.6595850495788259,111.20869545019164,442
641627,SI,138,0.34159855651050103,0.3127782879570152,0.4889497353377131,0.0800088391735218,-0.6554644653483057,1.2162149679118042,0.2135864472456734,103.94907831237605,442
641645,FA,19,0.44088460608906427,0.21109040016526118,0.5072637382939604,-0.807460929848004,-0.41765119563595515,0.9606702229306431,-0.08814730085110539,98.11687510161703,19
641656,FF,75,0.33987175211985504,0.42207943406722737,0.4492981723378611,0.29122790215885824,-0.05681102384844385,0.8166875303668546,0.35036813622575635,105.95400052944412,385
641656,SI,89,0.340215617217723,0.32138966916969913,0.4948500424390443,0.14419005274324725,-0.4630470307495445,1.401988263543108,0.3610437618456036,106.6754707899755,385
641656,SL,221,0.2740249995537526,0.6140582163031574,0.5348796671099458,0.5471153623311856,0.9507918264198896,0.23238258465115263,0.5767632578007426,109.33426956389985,385
641672,CH,45,0.31829423494748593,0.5657457756583922,0.5217238321425365,-0.7626178592384862,0.4450771379666786,-1.0154051971903393,-0.4443153061540489,92.46821067651207,151
641672,FC,48,0.30897298281892543,0.5687654873839911,0.5340063921007103,0.7302510455555875,1.1813542450322134,1.2636033421958643,1.058402877594555,116.99267912002512,151
641672,FF,26,0.32880884629826235,0.481540465361514,0.44578973587534637,0.6780074364164372,1.056516273173519,0.6719732584860056,0.8021656560253205,113.63164696460646,151
641672,SI,32,0.3520036452049701,0.3093185295230153,0.4388730431358295,-0.40288381070567353,-0.7327712092677512,-0.36046773434270013,-0.4987075847720416,90.77921219891162,151
641682,FF,11,0.3631373336810057,0.3666583433926981,0.41292053644833293,-0.5221796189365406,-1.0944959030982835,-0.68379940925592,-0.7668249770969147,86.96891684041674,37
641682,SI,10,0.3524457971370776,0.3286257312933748,0.45425248802507834,-0.42340376247293654,-0.30136048174575514,0.12375963094328073,-0.20033487109180365,96.29593494885326,37
641682,SL,16,0.2515347813738323,0.6462745579563088,0.5672523391060584,1.3890319932193411,1.6831230721321424,1.0601353129237092,1.3774301260917308,122.29216914996107,37
641703,CH,61,0.28800961652144813,0.5734301687925356,0.5698766418720557,0.7050136127924129,0.5910667084715736,0.028791917558051675,0.441624079607346,107.48616912744517,292
641703,FF,139,0.373220393829017,0.3666417516031256,0.440189189891286,-0.8747019463278722,-1.094806561891705,0.44096467592282684,-0.5095146107655835,91.34153494967615,292
641703,SC,35,0.2981499460376958,0.4946457461155708,0.503737794599615,-1.0,-0.9999999999999988,-1.0,-0.9999999999999996,85.0,292
641703,SI,6,0.3775757421482075,0.2855919459738407,0.45429051644719903,-1.5896663570622107,-1.2629310321311062,0.12495696951967888,-0.9092134732245459,83.18921797364231,292
641703,SL,11,0.3043988879576865,0.5488582285855448,0.5267727632898004,-0.5899248205357044,-0.5313127756397931,0.02509318463578093,-0.3653814705132388,94.08670872615997,292
641703,ST,40,0.2759632545000484,0.5456476213792116,0.505240185706828,-0.4006671158761614,-0.18558195844353265,-0.3229067275790774,-0.3030519339662571,95.05543978138525,292
641712,CH,64,0.30319824688087094,0.5605127774616618,0.5758330705129583,-0.031046905419944638,0.34565963734465655,0.1579574976347286,0.15752340985314683,102.67025042823978,1335
641712,CU,118,0.3069123907725621,0.4921189351452741,0.476931402018647,-0.7290702353335591,-0.2166710334811084,-0.21893577663306077,-0.3882256818159094,93.7780191451984,1335
641712,FC,1,0.28660343982330044,0.6336249310879218,0.5579986646913279,1.7536663908277612,2.418681862862413,1.9661840496457952,2.046177434445323,132.85141915447912,1335
641712,FF,253,0.35302753411566784,0.4057066799789007,0.43471824912370155,-0.16872243233672707,-0.3633686744170355,0.21530198596299358,-0.105596373596923,98.20554211614049,1335
641712,SI,537,0.3450038071152325,0.35968183254007735,0.46451029008844236,-0.07802638150610507,0.39257411282637433,0.4467302259509171,0.25375931909039545,104.6918493027347,1335
641712,SL,362,0.2957048465578638,0.6012103219949626,0.5296765108091448,-0.26446519246166406,0.6587377333512793,0.09934052917504647,0.16453769002155388,102.66285886160449,1335
641726,CH,53,0.2986603992093839,0.5331045623702644,0.6259065165630846,0.18886301598855848,-0.17504687514755568,1.2438037480353115,0.41920662962543803,107.10616081331561,245
641726,FC,47,0.36674781810116885,0.39194481779588985,0.41303539017137386,-1.912970275952153,-2.19186460160626,-2.27886608396751,-2.127900320508641,65.83651829445115,245
641726,FF,23,0.3844596888282455,0.347882338449269,0.42559824870557017,-1.2676483706479962,-1.4460511717763675,-0.16087533238494325,-0.9581916249364356,83.71691700153784,245
641726,SI,83,0.3685040880003718,0.2981262586200501,0.4876409423151853,-1.1686574412454196,-0.9828574615533708,1.175007147891828,-0.32550258496898754,93.98166309005164,245
641726,SL,39,0.32230563630702963,0.4880829163073824,0.43116171149146343,-1.2602602134533747,-1.9128371159388116,-2.4196326936786736,-1.8642433410236199,69.82930233078156,245
641729,CH,40,0.34208094888326807,0.40898559603943224,0.4836979679839854,-1.9153525411565901,-2.533082736904603,-1.8399987746619353,-2.0961446842410427,64.46730523440738,642
641729,FF,372,0.321354935519436,0.4935766454010767,0.4151007416962161,0.9386098663679688,1.2818774466720957,-0.5938713691248843,0.5422053146383935,109.213996355948,642
641729,SL,230,0.3121105438737894,0.5757372884988824,0.5059806031641594,-0.8786090527434095,0.07969314309037571,-0.5065517556628115,-0.435155888438615,92.9574876518788,642
641743,CH,2,0.3272229232951256,0.5229378747802659,0.5570103645623982,-1.195313554413073,-0.3681955504966317,-0.2502142239270011,-0.6045744429455686,89.75158570600236,76
641743,CU,1,0.24859997900268765,0.4862762455995721,0.484868035191385,1.179749633959663,-0.30409344781851994,-0.08485825321653734,0.26359931097486855,104.22463001044387,76
641743,FF,47,0.3317241414777727,0.4442206139426642,0.44126881595396455,0.5760833551724699,0.3577525887736892,0.48549656391150786,0.47311083595255565,108.03983546589471,76
641743,SL,17,0.27040079986725274,0.600366815605574,0.5580204003717814,0.6827865223579078,0.6395634245002695,0.8240793433867927,0.7154764300816566,111.57918743032373,76
641743,ST,9,0.25880162120372296,0.5658086279602724,0.5358133051130641,0.4132141645061388,0.2817417479269261,0.44539238679050464,0.3801160997411898,106.20193021254421,76
641745,CH,69,0.30892174392371935,0.47647537268892426,0.5232055591509508,-0.30841491686360417,-1.2508990517997174,-0.9832738412897822,-0.847529269984368,85.63314876035672,973
641745,FF,347,0.34336657175635354,0.39833076508682513,0.467861707280744,0.16904258004567327,-0.5014726933200437,1.5823871437121249,0.4166523434792514,107.08040491464998,973
641745,KC,58,0.2813050851109654,0.525512763722337,0.4920905236892483,-0.5021308637329731,-0.37706195971402373,-0.623128274007962,-0.5007736991516529,91.87084615140778,973
641745,SI,154,0.356301459308315,0.306616721915997,0.4332653991789768,-0.6023422585856631,-0.7931418833422126,-0.5370264253905704,-0.6441701891061486,88.08970065243778,973
641745,SL,338,0.28111612468343317,0.54590026698688,0.5208829268797279,0.28166057080242873,-0.5985521824489549,-0.1255069313540873,-0.1474661810002045,97.61342445726616,973
641745,ST,7,0.25817229538407144,0.5444151960822486,0.5516006975295431,0.44305960491566526,-0.21414906174196102,0.8421278147531409,0.35701278597561503,105.82497922375377,973
641755,CH,3,0.34927979924325925,0.4656372153414701,0.492739175799952,-2.264218067614085,-1.4568044380284615,-1.6439395380711068,-1.7883206812378842,69.68536886449233,385
641755,FF,149,0.3587511482879661,0.3732877131156241,0.44522060271096664,-0.3688305105878076,-0.9703699316186465,0.6484979319790459,-0.2302341700758027,96.0875027469844,385
641755,SI,3,0.3221641765160797,0.441835893635826,0.49241794571744585,0.9819443757013266,2.2282696055110973,1.3254128217049206,1.511875600972448,127.9536235739871,385
641755,SL,230,0.3077088522382139,0.5477621580039505,0.5228218951553636,-0.7138326436225353,-0.5562282903512226,-0.07592850049783643,-0.4486631448238647,92.73888778362542,385
641771,CH,63,0.3099311751210308,0.5322227445588967,0.5723273372314949,-0.35733324805018407,-0.19179981858730857,0.08193542128769872,-0.15573254844993129,97.36010727182087,935
641771,FC,7,0.35577621592221703,0.43365865797612724,0.4276922836235669,-1.4110151830672883,-1.3960870933012546,-1.8496591161087386,-1.552253797492427,75.07853459962581,935
641771,FF,77,0.3677871681519291,0.3923742141989757,0.40629392425223904,-0.6847463839476217,-0.6130010431517487,-0.9571306692745557,-0.751626032124642,87.22720096233128,935
641771,KC,92,0.27479246784226563,0.5389284781118402,0.5367035036433319,-0.2941619831949171,-0.17117727229555849,0.12204908503606918,-0.11443005681813548,98.1424353188803,935
641771,SI,285,0.37115928130251374,0.31938238234072946,0.42017302437586435,-1.291883044338487,-0.5078989508532935,-0.9492445647253333,-0.916342186639038,83.05741257164537,935
641771,SL,399,0.30020810529594655,0.5896705101897965,0.5282514671526171,-0.433043744899599,0.3964185400192973,0.06290288897222415,0.00875922803064082,100.1417583289224,935
641771,ST,12,0.27631872696456666,0.5435941080146494,0.5115010814874054,-0.41752520738571114,-0.23318153997980437,-0.16557110802837346,-0.2720926184646296,95.56056838367272,935
641778,CH,15,0.31807525006568027,0.532359691173497,0.5627153007584446,-0.7520055708511696,-0.18919808061027,-0.1265022754613349,-0.3559019756409248,93.96694495280072,867
641778,CU,97,0.3214209794682138,0.4143336292656197,0.42280109670349675,-1.2039996978115712,-1.3805492759894407,-1.1333861639037424,-1.2393117125682513,80.13790918554568,867
641778,FC,243,0.34532833375238137,0.45081475800160564,0.4729402203430656,-0.9330204855315997,-1.0687991123453626,-0.5246355164907907,-0.8421517047892508,86.47923773375479,867
641778,FF,350,0.3503079774476624,0.42678291447842864,0.4225632377371474,-0.07364172945438044,0.03125527804399611,-0.2860619809500084,-0.10948281078679757,98.13949772827056,867
641778,SI,3,0.29923043679318656,0.48701716804750195,0.4330759240510604,2.0462826693589715,3.2378248324231502,-0.5429921180822694,1.5803717945666174,129.22007486849228,867
641778,SL,159,0.3098351983730823,0.5399061612696985,0.5157392101153053,-0.7934319680776791,-0.7348082153050339,-0.25702914817089423,-0.5950897771845357,90.36913617531346,867
641793,FF,277,0.3817916887259563,0.3852898586734678,0.42715026661376626,-1.174370180125172,-0.7456460077054355,-0.09685845651150958,-0.6722915481140391,88.57537595589847,1058
641793,FS,228,0.2502621684691352,0.6040436204848921,0.589095422746502,0.6401033309672397,0.4105831652491231,0.08968463565286582,0.3801237106230762,106.78130445440462,1058
641793,SI,120,0.37130865379977107,0.29665917140775766,0.42656212971996854,-1.2988153140324499,-1.0156388645304173,-0.7480812802512045,-1.0208451529380238,81.12521882474718,1058
641793,SL,376,0.33695562559785175,0.5083729730852387,0.48944055322291335,-1.8086795096827286,-1.4516102418363543,-0.9294724051005471,-1.3965873855398767,77.39779198855459,1058
641793,ST,57,0.30427397594685185,0.4607864889825195,0.4746794165514741,-1.743287938837378,-2.152627540169133,-1.0908954815078777,-1.6622703201714626,72.8785901804574,1058
641816,FC,44,0.3411874186301636,0.5201055872041164,0.46902922189810775,-0.7435719983463187,0.25306632063592527,-0.6391637273518418,-0.3765564683540784,93.95437845761236,603
641816,FF,316,0.34778321603639006,0.44881757029104946,0.4078075213456017,0.014628572987987674,0.4438243718301573,-0.8946985563868823,-0.1454152038562458,97.52887859587936,603
641816,FS,158,0.3269898534328048,0.47253789893274856,0.5032596284409151,-1.9630523539246525,-2.5936555582094893,-2.8114296330960573,-2.4560458484100662,56.184804613358814,603
641816,SI,2,0.3340518761753101,0.38190369626671894,0.4043566424230716,0.43024482195651226,0.8891116489867269,-1.44722905093468,-0.04262419333048023,99.21190562587377,603
641816,SL,83,0.29725260877239856,0.5916964611743302,0.5437263767735234,-0.32240534842869417,0.44247178915071556,0.4585884431339153,0.1928849612853122,103.12162780674477,603
641835,FC,2,0.30859551062791835,0.5946373451430194,0.5452243268677532,0.7475205459993703,1.6749132751704896,1.5921051343870027,1.3381796518522875,121.48450076076193,526
641835,SI,412,0.332694960381033,0.3464187229394947,0.4544936183823041,0.4932183037596714,0.09621590255607343,0.13135170714698893,0.24026197115424458,104.442291876706,526
641835,SL,112,0.24577571517298166,0.6557759704512545,0.6031984204975143,1.6046214363315903,1.8991060451016644,1.9792582986957188,1.8276619267096577,129.5786683094821,526
641853,FF,18,0.3751149399701416,0.37745136299502025,0.3982863844099098,-0.9409387638431618,-0.8924112254698792,-1.2874217576897526,-1.0402572490009312,82.32233022663108,32
641853,SL,4,0.23640527505245784,0.5804885120288945,0.4993041872426043,1.9554019095621338,0.18769638827109514,-0.6772643089797944,0.4886113296178114,107.90762899845438,32
641853,SV,10,0.2892446998336257,0.560549902746281,0.5463671306922435,-0.5769227634695783,0.9512871375330997,0.7302315076601928,0.3681986272412381,105.99545813187872,32
641871,CH,110,0.31837762678802695,0.50004455143115,0.5298101111080848,-0.7666591348446979,-0.8031272861358552,-0.8400536608562099,-0.8032800272789209,86.38323764805703,278
641871,FF,86,0.3335282174812258,0.472131214030795,0.42271607425340074,0.5130095400615308,0.8803407827219051,-0.27975785505155687,0.3711974892439596,106.30796530556306,278
641871,SL,82,0.3081809679486265,0.5917507735658594,0.528473353707806,-0.7315061968588835,0.4437064005095847,0.0685764151317797,-0.0730744604058397,98.81737142156814,278
641907,CU,12,0.27248785253606345,0.5106035037807951,0.5131319080464164,0.3977952223393876,0.05990803262579734,0.39261752172277203,0.2834402588959856,104.54261515127452,34
641907,FF,13,0.3503570137793274,0.41864023202553563,0.43823821602633106,-0.0753561297962925,-0.12120542518397844,0.3604918598002985,0.054643434940009186,100.92858626948262,34
641907,SI,9,0.3438231269065358,0.29701971014631984,0.4938462824604821,-0.023231865920618724,-1.0075827888052566,1.370384518850187,0.11318995470810395,102.09281066790933,34
641914,CU,1,0.4448251586121261,0.07871159256316677,0.4063937498247012,-5.243557348647992,-6.40236132399592,-1.4105637009607832,-4.352160791201564,30.24917621829364,12
641914,EP,9,0.3603807968107512,0.05691866184761247,0.4641051753617482,1.5672200103480778,-1.1136291882720537,-0.6287903253521312,-0.058399834425369,98.6391702046123,12
641914,FA,2,0.34812856134325554,0.1281029455972795,0.49407978190089,1.4199025631376132,-1.1312624383890448,0.6199051788839653,0.3028484345441779,106.46986830021916,12
641927,CH,353,0.26485676530308166,0.6033356223097789,0.5705538270152246,1.8270304940125086,1.159216234208083,0.04347672570568518,1.0099078179754255,117.11940330612214,1278
641927,CU,61,0.30384562399343,0.4650611842015542,0.4342698873259722,-0.6286815670411601,-0.6215280596053955,-0.9396381337533615,-0.729949253466639,88.30131417684066,1278
641927,FF,528,0.38926119490245553,0.37233603241602997,0.39306981313160827,-1.435517853862175,-0.988188864083225,-1.5025923393205394,-1.3087663524219797,77.75940575195972,1278
641927,SL,184,0.32166639487587206,0.5483224576557343,0.502772046703485,-1.2363303436878246,-0.5434917435893136,-0.5885929095242757,-0.7894716656004712,87.2232822737789,1278
641927,ST,152,0.2921886613250243,0.5264970641225872,0.5002025839754317,-1.1701483565843307,-0.6294838717851289,-0.4495011027670088,-0.7497111103788228,87.76780044490536,1278
641941,CU,15,0.2700312171199855,0.5634896252116869,0.5645016674612305,0.47821162686617774,0.8512272331866375,1.2604326230303744,0.8632904943610631,113.83570737237771,634
641941,FC,158,0.3157219728455795,0.5749224141614067,0.5253449929393009,0.42148211095028487,1.2988103178506862,1.0099661793408126,0.9100862027139278,114.61145197320981,634
641941,FF,342,0.3163258644298586,0.5033660437144254,0.43934137818396635,1.1144354410536408,1.4651706746306068,0.405994553126621,0.9952002229369561,116.91199067957356,634
641941,FS,115,0.30565867244904,0.5170929179117272,0.5402204538347952,-1.2393450627475795,-1.57579936335179,-1.5622121148987103,-1.4591188469993597,73.96971338503556,634
641941,SL,4,0.26340964979005244,0.586783820579,0.5663155803395179,0.9444987686306029,0.33079926451560465,1.0361828685647672,0.7704936339036581,112.46957946584413,634
642016,FC,1,0.30152825736123945,0.5693288006151802,0.5073499689007259,1.070850148372501,1.1921006063735329,0.4830066480230201,0.9153191342563514,114.69546679255683,22
642016,FF,7,0.32159055922045277,0.49015344568641017,0.4566782221830417,0.9303720284247556,1.217782667241954,1.1210962181685342,1.0897503046117478,118.51873278350726,22
642016,ST,14,0.2461933622934406,0.5830751717746326,0.5196080219492853,1.0111540999486082,0.6819730170895877,0.03815541049753357,0.577094175845243,109.41580166453045,22
642028,CH,11,0.31194886932224447,0.5428199939083685,0.5897592580731982,-0.45511329827163416,0.00952875141890724,0.45994786852959496,0.004787773892289349,100.08115971650257,153
642028,FC,1,0.3464648583603573,0.46569711455862556,0.39357324863025384,-0.9850169310696011,-0.7848874761238954,-2.84878813369439,-1.539564180295962,75.28226665453627,153
642028,FF,61,0.38904619842112803,0.3570958595141663,0.39493322772698014,-1.4280011814565792,-1.2735404655212172,-1.4257311251407903,-1.3757575907061956,76.62098639536808,153
642028,SI,17,0.3654210394759004,0.36118290504068334,0.44281967973074243,-1.025575386358224,0.4261149017636847,-0.23620645873372897,-0.2785556477760894,94.84968226398222,153
642028,SL,28,0.32013881059831545,0.516359785611274,0.4817301114915555,-1.1791455445867454,-1.2700566554784334,-1.12662447151275,-1.1919422238593096,80.70974551235933,153
642028,ST,35,0.3033468112188816,0.49288596218044034,0.46259677874474586,-1.699317647496441,-1.408575167234374,-1.394530835258017,-1.5008078833296103,75.51299257994089,153
642048,CH,78,0.2974358588084093,0.5514440275941298,0.5799077005567321,0.2482058152261596,0.17336979284219758,0.24631614086396222,0.22263058297743982,103.77391150997171,337
642048,CU,14,0.3033022823904962,0.49785364263298354,0.5235266048938965,-0.610895623774285,-0.13086432234698897,0.5682203472083889,-0.05784653297096168,99.07291032633786,337
642048,FF,13,0.35996858133599957,0.4069228741758942,0.403792932731215,-0.4113942090321259,-0.34059708488150975,-1.060290344763091,-0.6040938795589088,89.73429685281036,337
642048,SI,155,0.3367479411082783,0.358871324396657,0.43121810438120134,0.30512239600165847,0.37446367341757875,-0.601486239969672,0.0260332764831884,100.48133881566744,337
642048,SL,50,0.289945257958311,0.5805548353402536,0.5589968957041672,-0.04885619346286081,0.18920402789543,0.8490478314876475,0.32979855530673885,105.33742150766712,337
642048,ST,27,0.2783655518950876,0.576067764437976,0.5379410750384356,-0.5145947849956398,0.5195442437321014,0.49886301003713573,0.1679374895911991,102.74004860942128,337
642060,CH,7,0.328290883960835,0.5144780777102248,0.46131317472032757,-1.2470682987468706,-0.5289163932820319,-2.3254146137676157,-1.3671331019321729,76.82510965006098,16
642060,FC,2,0.3463799685172385,0.5257662315097005,0.4498141704551483,-0.9811331875294451,0.3610547820538883,-1.2018500833646788,-0.6073094962800785,90.24963403322808,16
642060,FF,7,0.4040055093847289,0.324719302317234,0.37775170348586024,-1.9510062056901538,-1.879747659145877,-2.1344262367446163,-1.988393367193549,66.21012604472304,16
642068,CH,1,0.3436298371994583,0.43516766055729833,0.5147210906332046,-1.990413656588947,-2.0356708675259525,-1.167260146474649,-1.731114890196516,70.65509005176486,8
642068,FF,5,0.3674810234028904,0.3623429576993439,0.4259180300187838,-0.6740430004642817,-1.1752956569036122,-0.14768514912318234,-0.665674602163692,88.68782139718792,8
642068,SL,2,0.2952766482166562,0.5743898888118475,0.5255921898690974,-0.24843567678968062,0.0490644981032425,-0.005093476200566243,-0.06815488496233478,98.89698925905785,8
642086,EP,7,0.33285604425345205,0.1495308867313287,0.38396249710854946,2.332163671862278,0.19935454958657553,-1.9982183208199837,0.17776663354295652,104.14230851733267,7
642100,CH,4,0.2965570805396224,0.5131759402328764,0.5909929786350091,0.2907925378344797,-0.5536546501278166,0.4867011869399845,0.07461302488221588,101.26479906592768,371
642100,FF,82,0.339400928049904,0.4579059178061669,0.4286292505494609,0.3076887775770943,0.6139913728585132,-0.03585405022845872,0.2952753667357163,105.0177784681409,371
642100,SI,159,0.3306470478092629,0.3344613961722247,0.4258451571660041,0.5882604468438205,-0.17096517843338288,-0.7706554195188234,-0.11778671703612859,97.82219810417875,371
642100,SL,126,0.2995618132762032,0.5267240469666714,0.518212806276386,-0.40884993781959295,-1.0344596869895224,-0.19378055468979632,-0.5456967264996372,91.168507569799,371
642121,CH,71,0.2820377263523947,0.6029977885213739,0.6081247575922557,0.9944190738854688,1.152798003280757,0.8582050360019347,1.0018073710560533,116.98208897376003,192
642121,CU,1,0.3068141075844009,0.5097212669743877,0.4772009725013681,-0.7258529974130985,0.046707387438308164,-0.21438178731255172,-0.29784246576244733,95.22656483967593,192
642121,FC,2,0.3346334633622634,0.5200698459487016,0.4991953615945383,-0.4437259802712826,0.2523844824964797,0.2442101876827785,0.01762289663599187,100.2829359538226,192
642121,FF,96,0.38467368416553427,0.39156607280881234,0.39452730770673283,-1.2751300412167084,-0.6281323964084593,-1.4424743156758253,-1.1152455844336644,81.04801175213105,192
642121,SL,18,0.3004282257773242,0.5659512039491367,0.47720729007460455,-0.44128390924964567,-0.14276090107511571,-1.2422707106560695,-0.6087718403269436,90.14770725480885,192
642121,ST,4,0.2883595407415328,0.5560378238982141,0.4832557068603142,-0.9885543608719553,0.0552585934206406,-0.8753742531600017,-0.6028900068704388,90.16331654724281,192
642130,FF,56,0.34555270715001096,0.40800911365574166,0.4671052270868919,0.09261126597514513,-0.32025872145770984,1.5511842185301414,0.4411789210158589,107.49719868251795,74
642130,SL,18,0.2774882024018677,0.5677377349696674,0.5493972575711341,0.4174710853996896,-0.10215006754675748,0.6035899756763751,0.30630366450976904,104.95718292431916,74
642133,EP,3,0.3289380099300849,0.34984345666583444,0.5169315406564828,2.4410502282451443,3.039229600023025,0.27387358743685214,1.91805113856834,144.6943242925919,4
642133,FA,1,0.3442429903086879,0.3731347302432976,0.4750407608607263,1.5132073078096786,0.9757721400967025,0.12780457949431018,0.872261342466897,118.63445659749631,4
642152,CH,30,0.2547714674888009,0.6230373819579246,0.644548992327922,2.3157769681736946,1.5335140322272487,1.6480671651599916,1.8324527218536448,131.06273327767937,262
642152,CU,3,0.31227715164427955,0.42202965640539397,0.41462454224910156,-0.9046822848977909,-1.2653959261318837,-1.2715167978218331,-1.1471983362838358,81.61418365824926,262
642152,FC,24,0.32302955008423306,0.4631585444174858,0.4754034158509753,0.08715759282032692,-0.8333159356674207,-0.4525042235506025,-0.39955418879923205,93.58514960129567,262
642152,FF,60,0.37295021421522273,0.366232587338636,0.41614006816113613,-0.8652559701192275,-1.1024676087102114,-0.5510017392414929,-0.8395751060236438,85.73263345342582,262
642152,SI,81,0.3420410731074139,0.33348490920611323,0.46553124959766073,0.059471963576069035,-0.19278433987772153,0.478875504065479,0.11518770925460883,102.12974788585922,262
642152,SL,5,0.24010858225445894,0.5805216640929076,0.56507303612957,1.8167693761776285,0.18844999004866622,1.0044116462230617,1.0032103374831187,116.23583956277858,262
642152,ST,59,0.25833976758285576,0.551016068443891,0.5335938499742654,0.435117325458837,-0.06114359919631571,0.38961772425560254,0.25453048350604124,104.15288985850485,262
642165,EP,4,0.354495829582543,0.05981416574394766,0.4878038852175574,1.7307698322789156,-1.0725789971815374,-0.22384158342860205,0.144783083889592,103.37372762035585,27
642165,FA,23,0.39543125478144564,0.3734423583729034,0.4756879920529258,0.2840165648412516,0.978417442245282,0.14453353089118923,0.46898917932590756,110.01919732236179,27
642203,CH,12,0.314457388179949,0.5032764552148259,0.5363423593950397,-0.5766793412033444,-0.7417269599089769,-0.6984013906694313,-0.6722692305939175,88.60406080239518,81
642203,CU,2,0.331268047560484,0.49789864198960637,0.49341739593856343,-1.5263372355383038,-0.13019101044690828,0.059570384321295994,-0.5323192872213054,91.4686725560234,81
642203,FF,58,0.342904045326854,0.4685154235263783,0.4161574617999058,0.1852133546928272,0.8126400015336934,-0.5502842949335208,0.14918968709766658,102.53526329630259,81
642203,SL,9,0.29492979315490103,0.5602188609399603,0.5328607612288976,-0.23545122983308517,-0.27306663044552026,0.18076018995466683,-0.10925255677464621,98.2318693126043,81
642207,CH,295,0.224244043547421,0.6680394121130593,0.6370457147245181,3.7951751070612048,2.388471208351584,1.485358054961849,2.5563347901248794,143.3335849853613,478
642207,FC,7,0.3452882985191335,0.45877642564598237,0.4389264113653333,-0.9311888579446872,-0.9169138864198831,-1.5206831349222085,-1.1229286264289262,81.97135870703211,478
642207,FF,173,0.3174097503281889,0.46914951467742705,0.38587655331260234,1.0765407965809106,0.8245124997379158,-1.799296403446892,0.03391896429064489,100.57640381776773,478
642207,SL,3,0.3258023707624517,0.5494421549762956,0.4865419337367069,-1.3911597391168438,-0.5180391536455049,-1.0035886284453333,-0.9709291737358939,84.28659504132912,478
642216,CH,68,0.29229331849908996,0.5916936917228118,0.5987376862188106,0.4974199178432018,0.938040610242745,0.6546457234893844,0.6967020838584437,111.81011152255348,181
642216,FF,31,0.3853147668484586,0.35008824995401944,0.3963158293759906,-1.2975434708816442,-1.4047484657923661,-1.3687022482962048,-1.3569980616567383,76.93977750204743,181
642216,SI,45,0.3290521154761547,0.44301898853770943,0.5203345517710739,0.6622801042756717,2.2547053282232654,2.204377224804076,1.707120885767671,131.5635853937632,181
642216,ST,37,0.30492106564193705,0.508071777602829,0.49006851513603683,-1.7739758215385486,-1.0565743125689657,-0.7041691335561515,-1.1782397558878885,80.775976748585,181
642231,CH,7,0.2807902530052321,0.5790999824131735,0.6416848002428667,1.0548732331243222,0.6987829120637526,1.5859569554318464,1.113204366873307,118.87042973570111,135
642231,SI,87,0.35482688950267516,0.3262449079741333,0.4554421568591298,-0.5339085391060983,-0.3545589064823804,0.16121678295520386,-0.24241688754442492,95.5178650822622,135
642231,ST,41,0.27527128811415663,0.5302390860394116,0.5194297568553915,-0.3678509801152559,-0.5427453677100091,0.03367562837449258,-0.2923069064835908,95.23075440400908,135
642232,CH,206,0.3181508229211371,0.5152007524647585,0.6156214337160619,-0.7556679284063945,-0.5151868800742377,1.0207709926439787,-0.08336127194555121,98.5869054490457,1012
642232,FC,237,0.3360700356006741,0.43882033005716503,0.45432847318566194,-0.5094497223105837,-1.297617555862652,-1.0696549361951802,-0.9589074047894719,84.60472266247427,1012
642232,FF,168,0.34987357240941286,0.4385539368367867,0.4680803462727092,-0.05845413036577913,0.25165173300213667,1.5914054579569643,0.5948676868644406,110.10891732534128,1012
642232,SI,92,0.31946454300144167,0.47730903333827795,0.5579431784499249,1.1072324169536043,3.020900934926124,3.3884983904161534,2.5055439140986273,146.3259221709496,1012
642232,ST,308,0.27257846200667746,0.600196757432393,0.5422130808787881,-0.24014514219414723,1.078844216766705,0.6062180450308831,0.48163903986781353,107.85836673303447,1012
642232,SV,1,0.31521102561032244,0.5226534296517961,0.4280879917343279,-2.0726882492600995,-0.07578463808453746,-2.770197754547792,-1.6395568806308096,73.30273959382427,1012
642239,CH,22,0.3034839744121101,0.571960873877997,0.5741887068483202,-0.04489362824712644,0.5631527626629653,0.12229935423962902,0.21351949621848929,103.61946536547485,137
642239,FC,32,0.3072846902992779,0.5818645535088791,0.5391917496883055,0.8074910889598461,1.4312459394182024,1.4154494079869886,1.2180621454550122,119.5560118213277,137
642239,FF,48,0.3497691556387457,0.42656133194717544,0.4401325993568601,-0.054803528021457486,0.02710644518291655,0.4386304572267515,0.13697779146273686,102.32773976445654,137
642239,ST,35,0.2775597116277211,0.5727166016384743,0.5299649317717132,-0.4763782413098877,0.44186569063916525,0.2984234105810941,0.08797028663679057,101.43531299745094,137
642397,CH,2,0.36115422699906796,0.3393615467065645,0.4107553250956254,-2.8396680746644845,-3.855813742656311,-3.4217651902456825,-3.372415669188826,42.83265964564088,687
642397,FF,158,0.2831438872234687,0.46918035595490265,0.4362704200035997,2.2745383919965416,0.8250899608976235,0.27932517153840475,1.1263178414775232,119.14014526754377,687
642397,SI,294,0.2876683046250526,0.404137640069567,0.4246738567102201,2.582872871025541,1.3859191090090008,-0.807534236520796,1.0537525811712485,119.48321870875616,687
642397,SL,223,0.29120187744042036,0.6083137961989562,0.5623652471114129,-0.09589748191201028,0.8202115645113299,0.9351748607135058,0.5531629811042751,108.95232542739669,687
642397,ST,10,0.24873106338349338,0.6107680762702842,0.5670491359469946,0.8908049830121716,1.323882969206179,1.2303453661522314,1.1483444394568607,118.7362547346029,687
642520,CH,6,0.3451083061242651,0.4625740341863655,0.48980532230212,-2.0620621579483225,-1.5149993394872954,-1.7075603605057457,-1.7615406193137877,70.13932978298548,36
642520,CU,9,0.2741240506181406,0.5806282577062021,0.5629949210314932,0.3442353143476921,1.107667459796712,1.2349784001478292,0.895627058097411,114.35395613824126,36
642520,FF,13,0.36649840175647264,0.4212212767487643,0.4066024426196306,-0.6396887404821457,-0.07287885763786377,-0.9444050544954488,-0.5523242175384862,90.61404750136857,36
642520,SI,7,0.34379003372709455,0.33689009240242324,0.4250418875371463,-0.021696035368609912,-0.11669705506356275,-0.7959466532920246,-0.31144658124139907,94.24154970830439,36
642520,SL,1,0.299826739972043,0.609392489698448,0.5397765081435112,-0.4187674134709826,0.8447320691275709,0.357592314819162,0.2611856568252501,104.2269983291366,36
642528,CH,53,0.3435794709285537,0.4045686202354754,0.4976390444004617,-1.98797284246778,-2.6169972880335717,-1.5376855378572438,-2.047551889452865,65.29102363418977,323
642528,CU,35,0.2507165695795371,0.6109239180122835,0.5520684361038573,1.110464381890287,1.5609723542612879,1.0503918119988906,1.2406095160501551,119.88289033595926,323
642528,FF,2,0.29321383175984106,0.5586695538260432,0.4561458895096706,1.9224746105101496,2.5006540170513825,1.0991388203224097,1.8407558159613138,131.28098696666055,323
642528,SI,233,0.3016326243984047,0.3739200690435117,0.49096217645968787,1.9347988778938043,0.7107210945400526,1.2795774019466135,1.3083657914601567,124.19085591965012,323
642545,CH,90,0.30902248213691025,0.5334081115805961,0.5648472888941751,-0.313296819948373,-0.1692799891918482,-0.08026996061797244,-0.18761558991939786,96.81964344351243,667
642545,FF,132,0.377841588180681,0.3801869208539689,0.4418070733492153,-1.0362674000951557,-0.8411916086778795,0.5076983417890427,-0.4565868889946641,92.24096515140909,667
642545,SI,94,0.3889651946923026,0.3001893838753512,0.4478977947628248,-2.1182426221174975,-0.9367578569630841,-0.07632017673122655,-1.0437735519372693,80.70128722986804,667
642545,SL,351,0.33258399135739,0.4982110909482433,0.4522711555680806,-1.6450282928843543,-1.6826067927262018,-1.8798749644175523,-1.7358366833427026,71.90742076218686,667
642546,CH,63,0.3227209211499183,0.44838561671453764,0.5066544300139928,-0.977140753207293,-1.7845536083407205,-1.3421862575686763,-1.36796020637223,76.81108902933342,449
642546,FF,2,0.356990288406019,0.40275953456214597,0.40687059838633977,-0.3072676105671767,-0.4185499817261382,-0.9333442965354326,-0.5530539629429159,90.60164653200206,449
642546,SI,211,0.3402717445608675,0.3315274541985634,0.4184363403831026,0.14158522329319673,-0.2365227903762854,-1.0039246861604847,-0.3662874177478578,93.22757732909669,449
642546,SL,173,0.29161711225930803,0.5923077737078525,0.5531495053077039,-0.11144171082738297,0.4563679439039079,0.6995330384384831,0.34815309050500265,105.63446917314076,449
642547,CH,219,0.3111897149472003,0.5084247826946863,0.5778640405044595,-0.41832370306290545,-0.6439180497604526,0.20199922681270532,-0.2867475086702176,95.13921353951666,1513
642547,CU,151,0.29829232307941284,0.539886398524913,0.48140924823292613,-0.44689777859705837,0.49805921921456026,-0.1432892754550955,-0.030709278279197873,99.50783126808044,1513
642547,FF,799,0.31679469784724607,0.5100569710980885,0.4300822301480733,1.0980441625102062,1.5904492299546142,0.024077741872518515,0.9041903781124463,115.36540978866569,1513
642547,SL,209,0.30167167936581496,0.5459973994881473,0.5072722889115618,-0.4878323352147884,-0.5963441984879556,-0.4735240092472066,-0.5192335143166502,91.5967851216399,1513
642547,ST,135,0.2827535775421453,0.5534896688154847,0.4996307572827701,-0.7226945544239013,-0.003806576410040773,-0.4638710444045368,-0.396790725079493,93.52600853369965,1513
642578,CH,5,0.29059181662083955,0.5579855512986721,0.5983819129824798,0.5798768823362063,0.2976469113345455,0.6469307554746804,0.5081515163818107,108.61390573943396,11
642578,FF,1,0.3440692025480043,0.37481884802243276,0.41316974719313837,0.14447731530127914,-0.9417015037412937,-0.6735200862968964,-0.4902480915789703,91.66894162162228,11
642578,SI,3,0.35421334380040626,0.28092632899835884,0.42974926452345247,-0.5054343262771281,-1.3671821420367194,-0.6477331922795033,-0.8401165535311169,84.46677631375294,11
642578,SL,2,0.29644360949050697,0.5799999101860414,0.5618963861452159,-0.29212062889630563,0.17658965243850722,0.9231863247039759,0.26921844941539247,104.35700011127716,11
642585,FF,8,0.28171761117039035,0.5216957219310527,0.49727656278400156,2.324403625998233,1.8083690797036935,2.7956767221653087,2.309483142622412,139.2463310221111,487
642585,FS,169,0.1746495876373347,0.6772476874756257,0.6022830994043381,3.2054266524625814,2.082924795502969,0.5354072765768677,1.9412529081808056,134.63142820476625,487
642585,SI,285,0.2536831619225089,0.5731993665424038,0.502646133360758,4.160098793652947,5.163527241003635,1.6474509960238104,3.657025676893464,167.61609163249418,487
642585,SL,25,0.25785671695808904,0.5567340609910664,0.5376273257142655,1.1523716520341472,-0.3522819527532862,0.30263881516435537,0.3675761714817387,105.94881005936438,487
642629,FF,24,0.3477335341251495,0.44877813789554694,0.46474295183314446,0.01636554397920237,0.4430860536183078,1.4537462438138553,0.6377326138037884,110.83734485999304,46
642629,FS,21,0.22289422683211516,0.6350198098177416,0.5796286487806084,1.5686210216799414,1.118231976270876,-0.2302773714988183,0.8188585421506662,114.60821549466502,46
642629,SL,1,0.28370237066251985,0.5038876662757318,0.5138127336716188,0.18484499151628694,-1.5535687558902462,-0.3062881692490984,-0.5583373112076858,90.96393381529157,46
642657,FF,3,0.38562089360445667,0.34750346960898243,0.4001870722679317,-1.3082462252951919,-1.4531449777985757,-1.2090231141956491,-1.3234714390964721,77.50951403866466,17
642657,SI,5,0.35949492584067333,0.38217582829712143,0.42099164271244377,-0.750548733455094,0.8951923166367751,-0.9234700713576466,-0.2596088293919885,95.19999695170732,17
642657,SL,9,0.3018881665082525,0.5186507043355164,0.4612498744787611,-0.4959364862787543,-1.2179802471384498,-1.6502936967483086,-1.1214034767218375,81.85133640181992,17
642659,CH,9,0.3035088095904414,0.5567814938952467,0.6029126101708576,-0.04609717285910579,0.27477199849226885,0.7451792472756184,0.32461802430292713,105.50274666614531,20
642659,FF,8,0.3692014306650506,0.3864364644024091,0.39803983978238944,-0.734191602497295,-0.7241773680070398,-1.2975911099465052,-0.91865336015028,84.38881271673036,20
642659,SL,3,0.33930417218130565,0.5385631135154808,0.4539432693278909,-1.8965968616269064,-0.7653379335916868,-1.8371198675620544,-1.4996848875935491,75.72927399175431,20
642701,CH,73,0.3426199577495997,0.43352864078880154,0.5348297075017401,-1.9414736025087074,-2.0668092785721948,-0.7312033549052561,-1.5798287453287194,73.21960978566719,489
642701,CU,1,0.2891721551642294,0.5716212235605556,0.5425032851970639,-0.14835485781211383,0.972897904633343,0.8888029220028912,0.5711153229413735,109.15310030136042,489
642701,FC,37,0.3317493063112221,0.5153540275386478,0.4871901356816311,-0.3117746666128912,0.16242052310658253,-0.10734634299306296,-0.08556682883312389,98.62622287178215,489
642701,FF,63,0.3037835255065775,0.4934429338042899,0.4486967764031219,1.5529386774979848,1.2793738780761459,0.7918814448818378,1.208064666818656,120.5293145185052,489
642701,SI,146,0.33011038926600944,0.3321920295131443,0.46828703515611547,0.6131663821646534,-0.22167315429920956,0.5656424055936699,0.31904521115303786,105.89894415249431,489
642701,SL,169,0.2848779135510078,0.6145045495980763,0.5484746422765706,0.14083878845401898,0.9609377275712349,0.5799991726894411,0.5605918962382317,109.07255412693642,489
642758,CH,78,0.28289520516352057,0.5870675294136426,0.6237238069524152,0.9528645503281913,0.8501518938780482,1.1964715343888601,0.9998293261983664,116.94855824246594,306
642758,FF,120,0.3783420552999113,0.3577850701510445,0.4114063053912899,-1.053764651035258,-1.2606359295800766,-0.7462576715675256,-1.0202194173942867,82.66284423934941,306
642758,SL,108,0.32312114430521877,0.5398640939162549,0.49543039815000467,-1.2907885854240273,-0.7357644764995183,-0.7763151222872918,-0.9342893947369458,84.87956896834729,306
642770,FF,50,0.2937924259197324,0.5353674829975629,0.47036383570816626,1.902245894538425,2.0643542932526278,1.6855937137599253,1.8840646338503257,132.01695778700542,173
642770,SI,83,0.3268961601408286,0.356596551628932,0.4532440217136992,0.7623364339684893,0.3236349004890207,0.09200770566539523,0.3926596800409684,107.2600291197817,173
642770,SL,29,0.3198184158213804,0.5383287425162512,0.5028689768976946,-1.1671516328784022,-0.7706655777938914,-0.5861144538466394,-0.8413105548396443,86.38432771225453,173
642770,ST,11,0.24760774732002203,0.5630787393863899,0.47585059831299586,0.9440776465300329,0.21846407172579854,-1.0614638131790177,0.0336926350256046,100.54972512673838,173
642851,EP,2,0.35167727742983435,0.09775992879885291,0.5445223845233484,1.8091005493080117,-0.5346136273366383,0.7453286826920471,0.6732718682211402,115.68854479960086,10
642851,SL,8,0.4265335264809376,0.12808085095909016,0.4896993285558958,-5.162009562338892,-10.096285249619406,-0.9228556516885459,-5.393716821215614,12.708713532579296,10
643230,CH,1,0.3039153881738198,0.5297713076534365,0.5716442055504791,-0.06580049275653715,-0.2383726857871703,0.06712166204256434,-0.0790171721670477,98.66054424536607,39
643230,FF,10,0.38870003363051164,0.3543508121245003,0.3696210104139015,-1.4158986237154068,-1.3249377609264796,-2.4697970893641896,-1.7368778246686918,70.4842694913506,39
643230,SI,13,0.3523376719945729,0.342888492896479,0.42562022888414985,-0.41838575271676703,0.01733450227384786,-0.7777373675400235,-0.39292953932764757,92.73498135269836,39
643230,SL,15,0.2747691072670189,0.5776439286415449,0.4959617251777045,0.5192598451477015,0.12303425754197374,-0.7627293609131216,-0.040145086074482084,99.35029659046931,39
643256,FF,183,0.32808441511100644,0.45853865779360903,0.4784210621541029,0.7033348830861553,0.6258385723537621,2.017934250908228,1.1157025687827151,118.9597540369772,490
643256,SI,150,0.3288147210211862,0.3773299551699663,0.5124306141805086,0.6732974094416821,0.7869134642100749,1.9555189010852683,1.1385765915790083,121.05156100851241,490
643256,SL,157,0.28716726900096956,0.46001307035849665,0.42800048801822466,0.0551372442574348,-2.5509115898196053,-2.500463567168723,-1.6654126375769644,73.04715533797172,490
643290,CH,5,0.33149628726988395,0.490332459164721,0.5146448417440157,-1.4024062564761832,-0.987639472580353,-1.1689136090771646,-1.1863197793779001,79.89015790182316,137
643290,CU,26,0.29728247461860835,0.5069557238760648,0.5065665401851766,-0.4138410287825252,0.0053273940776471145,0.2817054707315333,-0.04226938799111492,99.32256072912351,137
643290,FF,70,0.3903063074134313,0.3751149997776061,0.3880426561134534,-1.4720569094015434,-0.936156463133713,-1.709950054156147,-1.3727211422304677,76.67258645245907,137
643290,SL,36,0.3067259878255262,0.5545632407760835,0.5469993762886225,-0.6770393191500884,-0.4016283214183392,0.5422773730617058,-0.17879675583557392,97.10637407368174,137
643316,CH,7,0.3387235982070556,0.32448960486103157,0.41947269704866336,-1.752651019026226,-4.138353738294517,-3.23272835744856,-3.0412443715897672,48.446493805649375,60
643316,FF,23,0.3541174857885153,0.4271697125451926,0.42422174877738306,-0.20682914744266154,0.03849754809532308,-0.2176525284322271,-0.12866137592652183,97.81358570834212,60
643316,SL,30,0.24044871852040792,0.6152083057256114,0.6109417639010544,1.8040364459419267,0.9769352795932519,2.177251644101415,1.6527411232121976,126.74777034554954,60
643338,CH,1,0.3756700503482821,0.35568372224117406,0.42303054506132143,-3.5431235017743474,-3.5457219300165366,-3.155576169437122,-3.414807200409335,42.11406166391338,239
643338,FF,161,0.3359669694435669,0.46168848678275154,0.44090823391266887,0.42774628614111965,0.6848148551095643,0.4706234521658805,0.5277281978055215,108.96797866091364,239
643338,SL,62,0.28394517804610797,0.5936533310687138,0.5215658635292241,0.17575554770965507,0.48695470974050753,-0.10804458919939469,0.18488855608358928,102.99221491387141,239
643338,ST,15,0.2586566825225023,0.5991270425253842,0.5451650311183646,0.42008780394429546,1.0540486723035285,0.6804002285560322,0.7181789016012853,111.71772369253893,239
643361,CH,72,0.28314385177514023,0.5802737469449721,0.5605547065910597,0.9408148164503125,0.7210823151369483,-0.17335491414219806,0.49618073914835426,108.41098369080767,167
643361,CU,2,0.36153521658592347,0.2938291824619098,0.3031244147481038,-2.5171138450021386,-3.1836212337873873,-3.1551443550726583,-2.9519598112873946,52.689792844041506,167
643361,FC,11,0.3317261932902743,0.520950611996535,0.45380557973214725,-0.3107172368603826,0.2691869108491816,-1.0849671518722794,-0.37549915929449346,93.97135357546263,167
643361,FF,70,0.3992489182589321,0.34091462947131823,0.4086518115823157,-1.7847070316794187,-1.5765120876737846,-0.8598736854885217,-1.4070309349472416,76.08954106996126,167
643361,SL,8,0.32165579071808603,0.5142776272576034,0.4576091393079063,-1.2359333792508769,-1.3173875919742797,-1.7433854400234632,-1.4322354704162064,76.82086752401563,167
643361,ST,4,0.3246116142203568,0.4646845516192475,0.4320065255578503,-2.7077895566138404,-2.062272077422983,-2.1632605196434214,-2.3111073845600814,62.292239864356276,167
643377,CH,106,0.30228007671341994,0.4898596563140895,0.5199995004940482,0.01344879914777045,-0.9966218715664868,-1.052797452021048,-0.6786568414799213,88.49578152682794,749
643377,CU,27,0.2330798489618094,0.6041335657845271,0.578032784858538,1.6877912617516402,1.459370346947966,1.4890205733870803,1.5453940606955623,124.76758418916594,749
643377,FC,5,0.3310700322027152,0.45644107078943186,0.4796380306718565,-0.2806976103481283,-0.9614655954144009,-0.3284993521739676,-0.5235541859788323,91.59432719561043,749
643377,FF,170,0.3245793676934248,0.47262894599304883,0.445181449700605,0.8258777872367916,0.889660139754832,0.646882967750119,0.7874736315805808,113.38197722504367,749
643377,SI,55,0.32670498614070176,0.3413986978106991,0.43450797129124913,0.7712086812140448,-0.015954297908563748,-0.4979035945968469,0.08578359623621137,101.58608443476935,749
643377,ST,386,0.22620523125639225,0.6365998136192217,0.606888294485696,1.9590805239659157,1.9226518447262086,2.2314990206357326,2.037743796442619,133.24759152581763,749
643396,FA,25,0.41613528131490196,0.21250957845908602,0.461321255716599,-0.21315203462633128,-0.4054476452171995,-0.22680276562664614,-0.2818008151567256,93.97978013753789,25
643400,CH,11,0.3001224049967746,0.5467726554421922,0.46887651967450067,0.11801233939488853,0.08462217123760382,-2.1614029387821607,-0.6529228093832228,88.93201072152736,46
643400,CU,4,0.26454528865990234,0.4997278840886934,0.4799391084865274,0.6577900206985834,-0.1028206086038974,-0.16812508328232567,0.1289481096041201,102.0666141030828,46
643400,FC,24,0.33497266069704706,0.515000170985598,0.49895474485700375,-0.45924439106585774,0.155669979764933,0.23716405743218125,-0.022136784622914504,99.64459348532652,46
643400,FF,7,0.40926698172430337,0.28545844348732724,0.37954880512256256,-2.1349569555047054,-2.614854079072046,-2.060300267062711,-2.2700371005464874,61.423997501294316,46
643410,CU,44,0.3014884655241328,0.4593925937309574,0.46312866313374174,-0.5515214773672177,-0.7063454816082739,-0.4521123649639789,-0.5699931079798235,90.86488511365147,711
643410,FC,84,0.3309330425768775,0.523213709606055,0.4940917672166244,-0.2744302813618899,0.3123601638743969,0.09475844504233888,0.04422944251828195,100.71010457386407,711
643410,FF,78,0.40241473302978964,0.33432502722557156,0.3893511159440686,-1.895389738588855,-1.6998934669908958,-1.6559793427877276,-1.750420849455826,70.254125341767,711
643410,FS,292,0.2359497823285106,0.6569048631236938,0.5995364577788069,1.125682550045413,1.6181944404943622,0.44257512799092996,1.0621507061769018,118.94848206979796,711
643410,SI,191,0.3768850542167565,0.3035236814144216,0.42575748958326387,-1.5576120291029265,-0.8622544802327765,-0.773415664957913,-1.0644273914312052,80.31941080154307,711
643410,SL,12,0.29456950491697614,0.49333273024634194,0.4712865618137045,-0.2219639147258812,-1.7935000781376953,-1.3936607155314462,-1.136374902798341,81.60904058137021,711
643410,ST,10,0.31096303869247066,0.4832184585501123,0.4729145539640423,-2.0605131619825117,-1.632663860906982,-1.135246283429362,-1.6094744354396184,73.74000171456333,711
643493,CH,30,0.3050909656924102,0.5161290126851391,0.5546743875283054,-0.12277048788158228,-0.49755161486532773,-0.30087005258621224,-0.3070640517777074,94.79481864618809,443
643493,CU,87,0.30687033377384165,0.4855054299781156,0.47533349763858396,-0.7276935261156784,-0.315626931175734,-0.24592997647477458,-0.42975014458872896,93.11251857560724,443
643493,FF,111,0.379342230657485,0.3569627050371217,0.4326222058161776,-1.0887326210439356,-1.2760336028043688,0.12884541639991332,-0.7453069358161304,87.33458487906464,443
643493,SI,44,0.36394185315332167,0.33204655826883195,0.4476081120572388,-0.9569274176624085,-0.22492364373257065,-0.0854409411219412,-0.4224306675056401,92.18952415267137,443
643493,SL,170,0.29758526622949877,0.558485552042999,0.5382520714447795,-0.3348583110136315,-0.3124676362264373,0.3186132451703698,-0.10957090068989966,98.22671727166062,443
643493,ST,1,0.289463094725538,0.46144610059533653,0.5099820490338238,-1.0408898183406474,-2.1373380186649724,-0.20374422583418353,-1.1273240209466011,81.60671197669365,443
643511,FF,14,0.3177239620411352,0.3325422111254147,0.43103215374148307,1.0655553772027189,-1.7332742844215814,0.06325972582220182,-0.2014863937988869,96.57602969186277,821
643511,SI,440,0.29384631076612555,0.3270889541779472,0.4125381580202516,2.2961560688882874,-0.3356990742197608,-1.1896310836349564,0.2569419703445233,104.75069451134046,821
643511,SL,367,0.24036253480350497,0.515754762155927,0.47688382187515277,1.8072627154245913,-1.2838098489822063,-1.2505416277010937,-0.24236292041956964,96.07762665028878,821
643524,EP,8,0.41030864772281256,0.07482593778041087,0.5116305148622976,0.17966918645958527,-0.8597538265837548,0.183292971896159,-0.16559722274267016,96.14126243748754,18
643524,FA,10,0.4494659318719548,0.18229555756424154,0.49942506865863834,-1.0135254706831212,-0.6652587830763008,0.7580645312922921,-0.30690657415570993,93.44343609288418,18
643615,CH,4,0.2901174963800657,0.5714704764908343,0.5831848559942107,0.6028630498813289,0.5538360993066221,0.317381490354862,0.4913602131809377,108.32926877909495,64
643615,FC,9,0.32836025543449293,0.5380192037530498,0.4911891160029127,-0.1567242628638688,0.5948054911473761,0.009758296119077947,0.14927984146752843,102.39669080540584,64
643615,FF,1,0.38653201976038737,0.3441738666511508,0.38559404559219274,-1.3401008714364384,-1.5154872846928593,-1.8109491437762666,-1.5555124333018546,73.56631241869376,64
643615,SI,33,0.30541995487908,0.4495490058309936,0.47880413740902333,1.7590316061785995,2.4006156234972185,0.8967771605241877,1.685474796733335,131.16336289905155,64
643615,SL,17,0.29721254021382615,0.510933962430807,0.48611780314673814,-0.3209053902883169,-1.3933946772670476,-1.0144334315259271,-0.9095778330270972,85.27949801241334,64
644364,FF,16,0.35648618986044833,0.4519417951474499,0.4292607020439324,-0.2896433982833493,0.5023212518699653,-0.009808247710199097,0.06762320195880564,101.14915866666026,186
644364,SI,84,0.35908100392716724,0.3027449993600464,0.46651321252454475,-0.7313389164583133,-0.8796537800164484,0.5097929607303783,-0.3670665785814612,93.21317113811634,186
644364,SL,86,0.2816202085322106,0.6280076326290683,0.5479617733418877,0.2627902969681476,1.267885354446648,0.5668853753488626,0.6991870089212193,111.315561330542,186
644374,CU,1,0.3392753469229071,0.09443803462917137,0.28183246495454545,-1.7884511090424782,-6.167051279949695,-3.514839938186576,-3.8234474423929163,38.72271232898646,11
644374,EP,8,0.3830243749233043,0.07009039804675926,0.4943746321163147,0.9379296465149645,-0.9268906075872871,-0.11156476725004265,-0.033508576107455106,99.21918496487667,11
644374,FA,1,0.4596328092462526,0.2629186687720531,0.4783776950263551,-1.2576640771020369,0.028021410696802758,0.21405414556000474,-0.3385295069484098,92.76786314252902,11
644374,SL,1,0.45159605891800725,0.3565264039755533,0.39585488654032736,-6.100220241405659,-4.903336335085977,-3.3224102179884962,-4.775322264826711,22.716739196683662,11
644429,CH,2,0.3355682745233919,0.5149021190574332,0.5595656285819077,-1.5997399842083702,-0.5208603746642163,-0.19480314134262242,-0.7718011667384028,86.91685002298709,34
644429,CU,1,0.32239001918668625,0.4369283869379866,0.44006536787032224,-1.235720599290562,-1.0424706819384986,-0.8417321752085962,-1.0399744854792188,83.33262934108994,34
644429,FF,26,0.3077825666550042,0.45263929021864013,0.4491746904102104,1.4131248439709547,0.5153809026259547,0.8115942081872053,0.9133666515947049,115.52134730558787,34
644429,SL,5,0.3001125551909105,0.568091241302837,0.5299117229028577,-0.429466846629009,-0.09411427825309931,0.10535478256497184,-0.1394087807723788,97.7438244865564,34
645261,CH,453,0.31254782583894375,0.46164235245501556,0.5366083666533619,-0.4841394996891195,-1.53269960721601,-0.6926330042927616,-0.903157370399297,84.69017171908007,1639
645261,FC,308,0.2972932581659641,0.5640508321797514,0.5018340733579506,1.2646030187153503,1.0914124761915536,0.3214812327866782,0.892498909231194,114.32908762871652,1639
645261,FF,364,0.31820165915825005,0.4537840222953334,0.45238843160781417,1.0488542074148268,0.536814460723049,0.9441530338617519,0.8432739006665425,114.33022222032163,1639
645261,SI,495,0.3123720346807051,0.3718284853323519,0.4818227371435099,1.4363906046306851,0.6639855985713996,0.9918188611063206,1.0307316881028017,119.05757695704163,1639
645261,SL,19,0.2705383905466756,0.5827326195952737,0.5310130660401089,0.6776358439458708,0.23870870082018247,0.13351556542322338,0.34995337006309224,105.66360468837739,1639
645444,EP,2,0.3704400182939249,0.05961650523409337,0.5479579896175175,1.287662993539195,-1.0753812733970305,0.8040341552301989,0.33877195845745445,107.89404592404952,10
645444,FA,8,0.3625848645912251,0.1388936672105887,0.44063784200246003,1.0727613909768445,-1.0384727474560833,-0.7614058980398267,-0.2423724181730218,94.82210423988062,10
645801,FA,17,0.4498899266358111,0.1833078091873188,0.4813489652894982,-1.0237069144997328,-0.6565544054991906,0.29085241551080177,-0.46313630149604057,90.1058399716018,17
646241,CH,6,0.31652985312256066,0.5240880279094403,0.5541205485775091,-0.677113651838161,-0.3463447213664853,-0.31288008975133846,-0.4454461543186615,92.44904115879629,34
646241,FC,1,0.2840151494991658,0.5962693136822423,0.5581546756781025,1.8720816859572578,1.7060464398986388,1.9707526168394238,1.8496269142317732,129.69579666746023,34
646241,FF,12,0.3643719105089602,0.39509418779455036,0.4159861734594154,-0.565342695457487,-0.5620732205893576,-0.55734951265674,-0.5615884762345282,90.45661480279234,34
646241,SI,7,0.3556669914326909,0.36003042827850346,0.42640074892052515,-0.5728970628050442,0.40036332759266685,-0.7531624128853768,-0.3085653826992513,94.29482124693979,34
646241,SL,8,0.31175000717478774,0.49426258125691225,0.47470410648004935,-0.8651124365475729,-1.7723630118553375,-1.3062758397355902,-1.3145837627128336,78.7249290943451,34
646242,CH,29,0.32463289151648683,0.5248110059376389,0.596876191286745,-1.0697972907304427,-0.33260944650760127,0.6142790730675269,-0.26270922139017233,95.54669739835093,135
646242,CU,8,0.30694185761600334,0.39388068849748464,0.394855929326996,-0.7300348137918805,-1.6865805049746878,-1.6054778874032745,-1.3406977353899476,78.51302468540023,135
646242,FF,36,0.38763571633392013,0.3374917240084014,0.38056984164759666,-1.378688133549751,-1.6406013576383487,-2.0181850516775213,-1.6791581809552067,71.465131486769,135
646242,SI,24,0.3421386880126307,0.4003854821056337,0.4738534764124007,0.0549417263400414,1.3020788292910468,0.7409038147641953,0.6993081234650945,112.92976487814276,135
646242,SL,38,0.2589709244318371,0.599356955766889,0.5363840190285444,1.1106615274411404,0.6166076239434838,0.2708480967056266,0.6660390826967503,110.77909914319102,135
647315,FC,14,0.30636793903406234,0.4700540099170902,0.4681244981625447,0.8494328180690544,-0.7017707139815496,-0.6656573177267364,-0.17266507121307717,97.22785886880023,357
647315,FF,1,0.30225078988038906,0.4052316355720974,0.49515335089251805,1.6065259339744948,-0.3722632376945233,2.708099516134175,1.3141207374713821,122.33158429000697,357
647315,SI,276,0.33022855164804255,0.35969391428146236,0.45809495519695403,0.6076825513726741,0.39284407389596027,0.24474109472393585,0.41508923999752334,107.67473749628599,357
647315,SL,66,0.2850458211974544,0.5862295045760368,0.5452224965722157,0.1345532006991199,0.3181987360838311,0.4968434640768515,0.3165318002866008,105.1227138855686,357
647336,CH,51,0.268201661460892,0.5944425672924167,0.6016340096335451,1.6649325338263223,0.9902642740731296,0.7174527033942332,1.1242165037645615,119.05710143914582,462
647336,FF,141,0.3526706420709217,0.42311027303758186,0.42576228772423136,-0.15624483006176912,-0.0375099599491376,-0.154109131144238,-0.11595464038504824,98.0295183298311,462
647336,SI,136,0.36273043664993543,0.300433821532637,0.46848888069055,-0.9007064528436726,-0.9312960076066787,0.5719975849930445,-0.42000162515243555,92.23443560936997,462
647336,SL,122,0.2979975713356611,0.5489024053699746,0.4956900351763195,-0.3502928667436474,-0.5303085635563309,-0.769676335815836,-0.5500925887052714,91.09736544651325,462
647336,SV,12,0.2945666252616603,0.5192789874159601,0.4805982033910389,-0.8834872131981184,-0.16723891062958707,-1.2161766222728423,-0.7556342487001826,87.6958435857302,462
649144,CH,2,0.31818297881803176,0.5611134197071715,0.5128251904581143,-0.757226244434355,0.35707075360567186,-1.2083728770463542,-0.5361761226250124,90.91103650951858,16
649144,CU,5,0.3830062912124931,0.18777033893339606,0.3083766820702218,-3.2199558749976656,-4.77054795487546,-3.0664151698445883,-3.685639666572571,40.93131774320416,16
649144,FF,5,0.4207351911324297,0.3031696571362812,0.3345630198562546,-2.5359066485759327,-2.283235585588852,-3.915851943531075,-2.9116647258986195,50.52046254459084,16
649144,SL,4,0.32955234998467786,0.4748812086743293,0.3949874140881301,-1.5315394298526144,-2.212933976734828,-3.344591046592752,-2.363021484393398,61.75713479960463,16
650204,CH,21,0.3290756204582356,0.5245514437124497,0.5276660547958991,-1.2850976364335616,-0.337540659306475,-0.8865476749670821,-0.8363953235690395,85.82188531203019,94
650204,FF,35,0.35750730893757865,0.3820046936750399,0.4352583325009525,-0.32534359924710776,-0.807156273981667,0.23757908105332443,-0.2983069307251501,94.93070447955922,94
650204,SL,38,0.2639689052687968,0.6051156236241697,0.5396960805718442,0.9235631563255798,0.7475117610726907,0.3555358227914503,0.6755369133965736,110.93281093191086,94
650339,EP,1,0.4661028599274004,0.28300797103365166,0.4569661301861643,-1.37091437959539,2.0916883239428556,-0.750777867289116,-0.01000130764721674,99.76695006804235,3
650339,FA,2,0.4024667795477501,0.4086772313197279,0.5070440749795426,0.11507155364109625,1.2814030152180398,0.9549925965200788,0.7838223884597382,116.74510099987974,3
650382,CU,6,0.25746218646124985,0.5936088120464315,0.5868528269682345,0.8896508853525698,1.3018916079367744,1.6380219668947986,1.2765214867280474,120.45844111603876,43
650382,FF,22,0.2974205537274122,0.522512672446263,0.4486001848613849,1.775399873582302,1.8236653718987992,0.787897284193263,1.462320843224788,124.85003108035922,43
650382,SL,15,0.2910301675229522,0.5778253705232937,0.5427887594206721,-0.08946955693376524,0.12715873451443932,0.4346140451604763,0.15743440758038343,102.54790016373732,43
650489,EP,13,0.4135803464513226,0.11131818347306684,0.5013392064386643,0.08874501921964623,-0.3423952898186648,0.007441525794092448,-0.08206958160164204,98.08761903115942,15
650489,FA,2,0.5255737617464742,0.18766508889327818,0.4674835436059703,-2.841113120171857,-0.6190860459479848,-0.06752642691290195,-1.1759085310109145,74.87861101149268,15
650496,FF,4,0.37081073390867525,0.3489930919256712,0.3882610882188834,-0.790455803701417,-1.425253816960569,-1.7009402734659633,-1.3055499647093165,77.81406361654291,66
650496,SI,41,0.33394888649953747,0.36148840611003613,0.44090110889233886,0.4350244984114082,0.43294118555953587,-0.29661335305825187,0.19045077697089738,103.5213144027151,66
650496,SL,21,0.2690751891543723,0.5853959299778756,0.5359793215258716,0.7324104831540726,0.29925019343309217,0.2605001877655574,0.430720288117574,106.97072710779197,66
650530,CH,25,0.3056041649215961,0.5442354083243672,0.5606378100577836,-0.1476407810970872,0.036419065210891485,-0.1715528095367528,-0.09425817514098284,98.40218712399664,84
650530,FF,37,0.3681689305822213,0.4013801308890025,0.4178505764545248,-0.6980935006425191,-0.4443774477067117,-0.4804475294478615,-0.5409728259323641,90.80694800984755,84
650530,SI,1,0.361589730258967,0.36623351104923724,0.4618340369172136,-0.8477670932626555,0.5389684182127765,0.362467430299022,0.017889585083047665,100.33076711270733,84
650530,SL,21,0.3322677570260948,0.523496954093738,0.45533432596867923,-1.633190126591556,-1.1078168971007236,-1.8015512580344735,-1.5141860939089176,75.4945881532952,84
650556,CH,1,0.3410815360296593,0.43700203668530024,0.4625791699484725,-1.8669197117620036,-2.0008210389973287,-2.2979614169149354,-2.0552340558914226,65.16079976307441,835
650556,CU,13,0.2477786053054663,0.6152038258771634,0.5602602729622249,1.2066367817517722,1.625011334214401,1.1887806192295036,1.3401429117318924,121.47808331610533,835
650556,FF,327,0.3036688740129437,0.5195453016815825,0.4548966607257326,1.5569471045807746,1.768105372336176,1.047611242208423,1.457554573041791,124.76903520128546,835
650556,SI,1,0.32944533492090144,0.3884857229459283,0.4729496075458231,0.6440310738989568,1.0361840705639545,0.7124451777341378,0.7975534407323497,114.74625865251768,835
650556,SL,493,0.2269600044692483,0.6587871518776238,0.5967070458784022,2.3089836455695947,1.9675552274694257,1.813277157199135,2.0299386767460517,132.85229173436676,835
650633,CH,260,0.30861239281928077,0.5431242425413728,0.5877046311453413,-0.2934233653639414,0.01530892514032185,0.4153931369987938,0.045759565591724755,100.77569105272214,1132
650633,FF,265,0.3409694599664234,0.4562895501031323,0.4358645113009551,0.25285001695459985,0.583727076282379,0.26258244782631207,0.3663865136877636,106.22620972322815,1132
650633,SI,317,0.3405806385328077,0.33979822669371773,0.4705525815842312,0.12724967719437408,-0.05171610415926905,0.6369739514147049,0.23750250814993662,104.39127115116537,1132
650633,SL,24,0.313220229908445,0.5586650067268417,0.495601439398893,-0.9201499182062006,-0.3083883315809147,-0.771941684702916,-0.6668266448300104,89.20815504273236,1132
650633,ST,266,0.257155630347299,0.5653401318443985,0.5163274068916481,0.49127440053336713,0.27088220376626626,-0.044286083609740144,0.23929017356329774,103.90423072844749,1132
650644,CU,329,0.26326748799111044,0.5220168361918838,0.5135364531835458,0.6996180163440362,0.23068230827540634,0.39945170555311726,0.44325067672418655,107.1038505529974,1382
650644,FC,465,0.32182681611302966,0.524275320573072,0.5203054319024879,0.14218314263376944,0.33261258193209353,0.8623895650326777,0.4457284298661802,107.15617875170788,1382
650644,FF,98,0.38615858072838966,0.3674075545724598,0.43252792740757634,-1.3270447560541887,-1.080467938236145,0.12495666669599584,-0.7608520091981126,87.07041880465046,1382
650644,FS,32,0.30628252329763905,0.5376634067645241,0.5522000374486835,-1.2605105766533389,-1.1058680292421768,-1.157321110661099,-1.174566572185538,79.04604920618965,1382
650644,SI,310,0.3794246331506208,0.2847825609578962,0.4322938320025381,-1.6754720528817717,-1.2810163757623134,-0.5676165681059362,-1.1747016655833404,78.2805092228942,1382
650644,SL,37,0.2621442284372465,0.5773231915120993,0.551636272307862,0.99186955327508,0.11574336697215395,0.6608404416617459,0.58948445396966,109.54014792492566,1382
650644,ST,111,0.2654422001146129,0.5129122532716164,0.5333728350263733,0.098288261292019,-0.9443741096158678,0.38406364302262,-0.15400740176707622,97.4872330884564,1382
650671,CH,17,0.3169631714918846,0.5189245596693297,0.5798520480192308,-0.6981128160766684,-0.4444412785741151,0.2451093116173681,-0.29914826101113845,94.92900278874819,220
650671,FF,192,0.32650214784493653,0.48010046267073725,0.44665331057398855,0.7586538567907899,1.0295541726426307,0.7075935654415291,0.8319338649583164,114.13751468892903,220
650671,SL,11,0.2810313449098407,0.5589923923687761,0.5438249740739185,0.2848342839598289,-0.30094630921948884,0.46110952586728166,0.14833250020254057,102.40059595206753,220
650893,CH,54,0.3431309891591032,0.43872381025977925,0.5014602548556214,-1.9662388404005207,-1.9681104553172697,-1.4548223164889151,-1.796390537402235,69.5485730898276,613
650893,CU,76,0.30065324903087065,0.4555193195913644,0.45848461492653003,-0.5241811944135327,-0.7643001228784015,-0.530566599738078,-0.6063493056766707,90.28221483546409,613
650893,FC,159,0.3090507367015565,0.547119520001705,0.5068154735991961,0.7266937750000507,0.768412786899863,0.46735468818223613,0.6541537500273833,110.50245138660198,613
650893,FF,214,0.30152231391449463,0.5077079619235073,0.4640605318736271,1.6319947935445136,1.5464672138662472,1.4255981189686002,1.5346867087931202,126.07978446646597,613
650893,SI,110,0.3202059317692075,0.391908268588909,0.44979435476739255,1.0728250998062352,1.1126593114288577,-0.016606301443010514,0.7229593699306941,113.367061465461,613
650895,CH,4,0.3006686788746065,0.5250152027765815,0.586574982279966,0.0915392062625535,-0.3287300759060056,0.3908966207512563,0.05123525036926804,100.86851185717128,295
650895,FF,17,0.37761082049135497,0.3219630307704535,0.3954796827618503,-1.028199337251757,-1.9313551116948966,-1.4031912150321781,-1.4542485546596104,75.28714580709584,295
650895,SI,85,0.3364770491997945,0.34849369651618956,0.4301631944527867,0.31769429378741476,0.14258025255137421,-0.6347004592687914,-0.058141970976667456,98.92499173246392,295
650895,SL,189,0.3182447040222388,0.5300897563895832,0.4913760138576315,-1.1082400596191828,-0.9579514912135019,-0.8799836628353279,-0.9820584045560041,84.10648086257598,295
650907,EP,3,0.38362233089135317,0.14161864824612505,0.5975249571814852,0.9213117813163088,0.0871810166196747,1.651003516774279,0.8864987715700874,120.65714661346927,8
650907,FA,5,0.4796917805669557,0.17978740518165576,0.46623653169436946,-1.73934287818738,-0.6868264495153883,-0.09975787977228294,-0.8419757358250171,82.0125465367947,8
650911,CH,371,0.25111211029520436,0.6324749085455411,0.6429812984071416,2.4931141136900306,1.712809967391328,1.6140716106309285,1.9399985639040955,132.88579139366573,1077
650911,FC,1,0.2344591320031429,0.6996091862422013,0.6511625443155291,4.139288877714604,3.677467578278543,4.694360140840613,4.170372198944586,166.9554080850539,1077
650911,FF,1,0.3380643808197333,0.32705245264741656,0.4205802485386326,0.35441692690199483,-1.8360625784450042,-0.3678553498984569,-0.6165003338138221,89.52346707816818,1077
650911,SI,526,0.3224027162560555,0.36558514915851,0.4406245206908845,0.9708739186854599,0.5244810637891233,-0.30532183226695636,0.3966777167358756,107.33432007679144,1077
650911,SL,178,0.26803652785104426,0.6099667489864864,0.5729051142093148,0.7712925526002717,0.8577859417335528,1.2046738920868225,0.9445841288068824,115.28703981194133,1077
650959,CH,3,0.32686105941862675,0.5524866052287997,0.4983385509907648,-1.1777771665917167,0.19317688215250128,-1.5225166875358427,-0.8357056573250194,85.8335761558556,27
650959,CU,3,0.27444017486662053,0.5661418306580558,0.5327094378236324,0.33388718727921735,0.8909113891950574,0.7233505479332826,0.6493830414691857,110.4074744168265,27
650959,FF,16,0.3779093063764867,0.3867795036885745,0.4336628094967763,-1.0386349527668388,-0.7177544218702886,0.17176772825116915,-0.528207215461986,91.0238811257355,27
650959,SL,5,0.27604286808073253,0.5972727815419129,0.5253627693591479,0.4715768745219841,0.5692308633264446,-0.010959641744613518,0.3432826987012717,105.55564731796368,27
650960,CH,12,0.32794803118983645,0.4552470048960074,0.5110175766750608,-1.2304532134942907,-1.6541996433373676,-1.2475711109073948,-1.3774079892463509,76.65093539699994,165
650960,FC,23,0.3135076682331244,0.5152461860642557,0.5241141364240001,0.5227874134294952,0.16036322463171404,0.9739222390253122,0.5523576256955072,108.86811259836563,165
650960,FF,50,0.34660036550250306,0.43821064777166635,0.44620983762127386,0.055983203134091414,0.24522411009267114,0.6893014099082475,0.3301695743783367,105.61075513838476,165
650960,SI,51,0.3624119150778083,0.2933394866265541,0.40478111951223356,-0.8859240967749615,-1.0898157257678316,-1.4338642367954626,-1.136534686446085,78.98619252585432,165
650960,SL,2,0.25978987764653483,0.5886011767200325,0.5196056255955688,1.0800041845084287,0.3721108045096238,-0.15816687437379656,0.431316038214752,106.98036865815872,165
650960,ST,27,0.2404009081257494,0.5889820944742967,0.5497598148355792,1.2858581408259835,0.8188930165029092,0.7958666359497033,0.9668725977595318,115.77538120539694,165
655889,CH,1,0.307094734573276,0.5460571741678375,0.5150207126846017,-0.2198756992091398,0.07102932114209852,-1.1607628209116911,-0.4365363996595774,92.60007443198477,132
655889,FF,20,0.33677832603635305,0.43555118608922766,0.44830834354767085,0.39937976742212905,0.1954292911668271,0.7758595563705935,0.4568895383198498,107.76417793683457,132
655889,SI,53,0.3360049970999069,0.32386677923756835,0.4490473184683997,0.33960189074205976,-0.4076971219827486,-0.040127008558205515,-0.03607407993296477,99.33301307953154,132
655889,SL,57,0.24347548199350572,0.6227214465042605,0.5825762198418838,1.690730186065756,1.1477215161211802,1.4519591354467893,1.4301369458779085,123.14517019863403,132
655889,ST,1,0.25872025655359837,0.6000101613202586,0.5562081954273168,0.41707283952137997,1.0745189968742193,0.9579137281001838,0.8165018548319276,113.32194959784229,132
656008,CH,1,0.2281630632859264,0.6473004297671358,0.6622785794804487,3.605254381403466,1.9944680551373921,2.0325345275909603,2.544085654710606,143.12594436155803,11
656008,CU,3,0.3134763908885904,0.5405071573491526,0.5095800512408645,-0.9439386220668083,0.507347447642886,0.3326142238943761,-0.03465898350984878,99.44453048330939,11
656008,FF,7,0.2922914420948775,0.5301969338657956,0.46265289206024945,1.954723049642866,1.9675427620079142,1.3675364801617136,1.7632674306041645,129.96418375386793,11
656061,CH,58,0.3227559831802515,0.48879957601234575,0.500335162533278,-0.9788399041910174,-1.0167614798934785,-1.4792200237756887,-1.1582738026200614,80.36557791411111,430
656061,FF,31,0.3233159321560799,0.46573252439054974,0.43559443214547977,0.8700498173145449,0.7605339834351731,0.25144235486684235,0.6273420518721867,110.66077226435576,430
656061,SI,233,0.31862106491286263,0.3993892624625738,0.4426252893018654,1.1463776257326013,1.2798187500679676,-0.24232691144771085,0.7279564881176193,113.45945501997183,430
656061,SL,108,0.3189521383267814,0.5543415366383816,0.500183090716913,-1.1347227153893675,-0.4066680267048936,-0.6547911949645331,-0.7320606456862647,88.15241555085524,430
656186,CH,2,0.3264012343070285,0.4411186540892092,0.5655843191119154,-1.1554934516074955,-1.9226127542000102,-0.06428740775823753,-1.0474645378552476,82.24395578167395,20
656186,FF,15,0.30364193445501186,0.5367293520493074,0.4642880006945806,1.557888961072912,2.089853447190482,1.4349806416825168,1.694241016648637,128.79117952561805,20
656186,SL,3,0.3115254499199327,0.5284714223581117,0.5075623752271711,-0.8567061825069676,-0.9947389262986435,-0.4661066499631504,-0.7725172529229205,87.49767051902413,20
656222,CH,249,0.3323960609757923,0.4352014814197609,0.492000911179469,-1.4460104449100575,-2.0350283323121987,-1.6599488590423943,-1.7136625454215502,70.95093262622783,649
656222,CU,5,0.29100659556638236,0.44183939441766623,0.41487885219300524,-0.20840410260210304,-0.9689887474039985,-1.26722061243482,-0.8148711541469739,86.94029540622529,649
656222,FC,41,0.3057395405466309,0.5622167796428266,0.5260294217351085,0.8781822947619379,1.0564241425442966,1.0300087353655227,0.9882050575572524,115.86565173180584,649
656222,FF,345,0.34343081644959395,0.42248000094508903,0.44495748801310026,0.166796467412088,-0.04931095145314547,0.6376451055620068,0.2517102071736498,104.27745149123017,649
656222,SI,2,0.34273518176749673,0.37279537944380137,0.4286548698084519,0.02725888207204751,0.6855904119989736,-0.6821906043151015,0.010219563251973235,100.1889532604749,649
656222,SL,7,0.2818632827399935,0.5799682861383276,0.5272761043919926,0.2536908646533864,0.175870785023144,0.03796336015423465,0.15584166994358836,102.52212348284557,649
656232,CH,137,0.31066690694889004,0.5430739199076587,0.5788535997644866,-0.3929877565650637,0.01435288612014858,0.22345788997269517,-0.05172566015740662,99.12317498513353,513
656232,CU,38,0.336716352671754,0.368643882000037,0.36858854744409103,-1.704684052874656,-2.064191284550666,-2.04922593935979,-1.9393670922617037,68.91832384183587,513
656232,FF,162,0.37769274827164917,0.3565766397330304,0.4299021279340689,-1.0310636831312183,-1.283262152866857,0.016648973803823915,-0.7658922873980838,86.98476655500684,513
656232,SI,121,0.36308661840240203,0.3000636885753116,0.42971656735163294,-0.9172365906769656,-0.9395664618288302,-0.6487626745187187,-0.8351885756748382,84.55789150728259,513
656232,SL,1,0.29012033111514685,0.575644343590362,0.4661449605356885,-0.05541002060597805,0.07758035010561717,-1.5251288404387284,-0.5009861703130297,91.89209801727141,513
656232,ST,54,0.31494340475869687,0.44116533349848625,0.4351521979380437,-2.249279893821729,-2.6074377237382023,-2.0842101201180627,-2.3136425792259976,62.2508759221188,513
656234,CH,5,0.29865792166904015,0.5560275328980874,0.5768384517863725,0.1889830807729514,0.2604481032631632,0.17975926228393885,0.20973014877335114,103.55523042637874,701
656234,CU,142,0.28079841994755556,0.5228515396060182,0.510580986534531,0.12575406131246075,0.2431717255460857,0.34952352565421785,0.23948310417092142,103.83812653050215,701
656234,FC,93,0.3289839106530192,0.4948020377968378,0.47233407074019834,-0.18525673314829388,-0.22965105593724666,-0.542385774003683,-0.3190978543630745,94.87687764095693,701
656234,FF,1,0.37229393327628857,0.4209195051659384,0.3902113058023063,-0.8423111814717781,-0.07852912190863981,-1.6204986520743128,-0.8471129851515768,85.60453808264792,701
656234,SI,406,0.35225540436794844,0.33738769789005385,0.39258987420477276,-0.41456777159363956,-0.10557828456584996,-1.8177099891810768,-0.7792853484468554,85.5915068189504,701
656234,SL,51,0.29003497418100177,0.5376680925711734,0.49496909608487877,-0.05221470156356319,-0.7856832543031419,-0.7881103810478779,-0.5420027789715276,91.2282899874824,701
656234,ST,3,0.2518874655522399,0.5684736932997508,0.49228516949946166,0.7411142983236148,0.3435168486470691,-0.648464854197095,0.14538876425786293,102.37214622119201,701
656257,FC,21,0.3455830451192711,0.48861503660464983,0.46511553044896237,-0.9446736302355935,-0.3476808602258485,-0.7537707991369718,-0.6820417631994712,89.04980601068961,260
656257,FF,103,0.345683384723817,0.4593078741618917,0.42984287246876274,0.08804253765460261,0.6402411072826764,0.01420483334172307,0.247496159426334,104.20583983501936,260
656257,ST,136,0.2688778587940587,0.551531428234145,0.504884684911594,-0.06464601405941937,-0.04919777464993209,-0.3318404233039662,-0.1485614040044392,97.57608935654014,260
656266,CH,2,0.32000228459008306,0.5207273323024932,0.6127120757128697,-0.8453921367942312,-0.4101918592850197,0.9576813567583881,-0.09930087977362095,98.31670596143584,49
656266,SI,27,0.34392891932655756,0.3110840333719964,0.44785521775922066,-0.028141615711467033,-0.693321820951878,-0.07766072903499838,-0.2663747218994478,95.07489987879077,49
656266,SL,20,0.30217419615722013,0.5424211493873926,0.51594409560119,-0.5066439465828942,-0.6776383354654251,-0.25179033069098766,-0.4786908709131023,92.25292255280151,49
656271,CH,93,0.3282681551562661,0.4996398923152926,0.5169884392059821,-1.2459668317104475,-0.8108150774153547,-1.1180925308957848,-1.0582914800071954,82.06042339785418,623
656271,FF,378,0.3408626257537678,0.42515765878537387,0.42072360773714473,0.25658513751696266,0.0008245658896294241,-0.36194213976859774,-0.034844145454001885,99.40787406435987,623
656271,SI,28,0.35198605109648884,0.34084908494270777,0.43026005151894736,-0.4020672808406969,-0.028235149896115766,-0.6316508796322023,-0.3539844367896716,93.45505166516101,623
656271,SL,124,0.3092918524984087,0.5762412089857667,0.5337511651603696,-0.7730919284856831,0.09114809728328314,0.20352736479982816,-0.1594721554675239,97.41912116117449,623
656288,CH,302,0.29887889900777503,0.5426854784528636,0.5950881717561167,0.17827423536600004,0.006973201067354105,0.5755057419684027,0.2535843928005856,104.29862351317786,1021
656288,FF,327,0.3785237652670898,0.3808158173516073,0.4271049464390989,-1.0601175656861355,-0.8294163733248787,-0.0987278009185044,-0.6627539133098395,88.7374542866667,1021
656288,KC,96,0.3070982661938874,0.4665722114018876,0.4670348557801751,-1.3257903502364057,-1.2815950198589348,-1.0416368887829421,-1.2163407529594275,80.25491129052826,1021
656288,SI,14,0.3760682760273744,0.30368520941438865,0.4406030512709785,-1.519705943358179,-0.8586452098263347,-0.3059978046905492,-0.8947829859583543,83.45602855565639,1021
656288,SL,282,0.23087848619478163,0.6724817352845993,0.6019925240631219,2.162296098736311,2.27885597768852,1.9484241413020282,2.1298587392422865,134.46938641848027,1021
656290,CH,17,0.3050022444949657,0.5514787177123334,0.5707767415289109,-0.11847094480086738,0.17402884234277557,0.048310642840204115,0.03462284679403743,100.58690750514383,113
656290,FF,41,0.377951169906092,0.3638407444277498,0.40705198093424483,-1.0400985787566333,-1.1472516285113274,-0.9258627178799765,-1.037737641715979,82.36514731402436,113
656290,SI,33,0.34114076804042454,0.3889019805890779,0.5071241743694609,0.10125447137239856,1.0454851601161148,1.7884437311258812,0.9783944542047981,118.08989460649144,113
656290,SL,22,0.325252698047653,0.5083355964579545,0.47750562516991457,-1.3705828555831987,-1.4524598749919206,-1.2346424342780191,-1.3525617216177128,78.11029821918052,113
656302,CH,37,0.3499374521930273,0.44652399599823006,0.3876380499601192,-2.2960887735009954,-1.8199210347688655,-3.9230649510059012,-2.679691586425254,54.57533827592126,2055
656302,FC,4,0.31894301137490877,0.4988543671534979,0.5130856248101344,0.2741183378381925,-0.15234451824278641,0.6509674433708308,0.2575804209887456,104.13545875027322,2055
656302,FF,812,0.30585770688875025,0.5022601768603893,0.4960283972139399,1.4804214815731425,1.4444648152018196,2.7441929989774723,1.8896930985841447,132.11260541742672,2055
656302,KC,244,0.27383323761763123,0.5127090588606967,0.48962072769909554,-0.26353066743278086,-0.5735544234548768,-0.6643816503843843,-0.5004889137573474,91.8754691263924,2055
656302,SI,8,0.32671898353435375,0.45772050884719995,0.48891068944095195,0.7705590722860975,2.5832041779184904,1.2149855937796412,1.5229162813280763,128.15775877033752,2055
656302,SL,937,0.25896521392799277,0.6388559000798514,0.5638485015443052,1.1108752989625568,1.5144845897535062,0.9731009208081565,1.1994869365080731,119.41235724070832,2055
656302,ST,13,0.25395736958816656,0.5718274695628927,0.5345519261450148,0.6429502064834055,0.4212559807348994,0.4136940726224367,0.49263341994691384,108.03774976371166,2055
656322,CH,13,0.27341222830834344,0.5911320708298115,0.6241519053732195,1.412421777875516,0.9273708291000547,1.2057548791893635,1.181849162054978,120.03405864584958,92
656322,FC,7,0.3571572636756506,0.4092581061666893,0.4241347639919836,-1.4741986581921043,-1.8615779288676488,-1.9538361860417588,-1.763204257700504,71.69172079136759,92
656322,FF,23,0.32907808884310735,0.4901779427455004,0.4400831901461727,0.6685942218617025,1.2182413415028654,0.4365924502611896,0.7744760045419192,113.161101322619,92
656322,SI,34,0.3426202660528678,0.3206403892381871,0.468613363036846,0.032592037375128925,-0.4797893533406662,0.5759169565311977,0.04290654685522016,100.79331491220508,92
656322,SL,8,0.3303149284806735,0.44901212477774005,0.4479634667586146,-1.5600863969384928,-2.8009814539868203,-1.9900203724028074,-2.11702940777604,65.7382419916359,92
656322,ST,7,0.24928563123135963,0.5907825364131599,0.5081738253131023,0.8645048994311475,0.8606265081612455,-0.2491846882466993,0.4919822397818979,108.02712518363738,92
656353,CH,7,0.324167110068888,0.545648119778898,0.5383144756835169,-1.0472249240600922,0.06325802762393178,-0.6556359082408172,-0.5465342682256591,90.7354509076599,473
656353,CU,20,0.30943945475382817,0.4478681609907406,0.4320499227454124,-0.8117920743384747,-0.8787821182185485,-0.9771411084475013,-0.8892384336681748,85.74843249998922,473
656353,FF,174,0.3700181613291977,0.3781874749360863,0.43112883417352227,-0.7627460086349769,-0.8786285261151273,0.06724755301450333,-0.5247089939118669,91.08332834940684,473
656353,FS,20,0.27673164966118546,0.6191530249191952,0.5975410622332071,-0.257932110527583,0.7557564197217966,0.37513391030348747,0.2909860731659003,105.19111304815785,473
656353,SI,8,0.39631966741267355,0.3429738618063518,0.42793422937127684,-2.459558388343688,0.019242032114476157,-0.704880228207558,-1.048398861478923,80.61576818203277,473
656353,SL,218,0.2719811839689478,0.5764032185852275,0.5478805383003164,0.6236251728430208,0.0948308460282465,0.5648082367271243,0.4277547518661305,106.92273321359343,473
656353,ST,26,0.28599282472402865,0.5004548616700126,0.5168940770152312,-0.8763141195517997,-1.233131240444768,-0.030045725983696436,-0.7131636953267547,88.36410383157103,473
656354,CH,42,0.3168171498993494,0.5335971285032798,0.5590131311256687,-0.6910364223184279,-0.16568900954270177,-0.20678408810255566,-0.3545031733212284,93.99065668235681,293
656354,FC,13,0.3212347483780247,0.5294890365964928,0.5271110417416306,0.16927047318688526,0.4320749648774385,1.0616824897589057,0.5543426426077431,108.89998208412715,293
656354,FF,110,0.3527429714434827,0.41907182887435124,0.42783777327264455,-0.15877359795362728,-0.11312435859909317,-0.0685005179779744,-0.11346615817689829,98.07180649149,293
656354,SI,15,0.3481929804431029,0.3270896948424664,0.42055804805216374,-0.22603361185657814,-0.335682524404677,-0.9371219555096061,-0.49961269725695373,90.76247724156521,293
656354,ST,113,0.28490599899385893,0.5205454421694695,0.4949259128742278,-0.8247719905743467,-0.7674399812117058,-0.5821032648168386,-0.724771745534297,88.17470823022737,293
656382,FC,45,0.33753510787385976,0.4469102321677134,0.46045618723156856,-0.5764773520929279,-1.1432859930972175,-0.8902132574978668,-0.8699922008960039,86.03225801846949,103
656382,FF,47,0.3717101182259978,0.31557402510347665,0.44789389807259306,-0.8218999335695053,-2.0509805916948847,0.7587647120429277,-0.7047052710738207,88.02455154091957,103
656382,SL,11,0.3143403315943366,0.5665283265662745,0.5010518448033027,-0.9620806914025212,-0.1296419402170657,-0.632577595627002,-0.5747667424155296,90.69804180916704,103
656412,CH,117,0.2957961078750707,0.5561203437303078,0.5955392242359894,0.32767024968608477,0.2622113412049941,0.5852868471776049,0.3917228126895613,106.64027022593493,721
656412,FF,335,0.3718086266476394,0.37896905291288513,0.4250722113292619,-0.8253439691653452,-0.863994536805141,-0.18257306489568195,-0.623970523622056,89.39652198963246,721
656412,SI,11,0.3635724767946688,0.3062620473855551,0.46022071229119327,-0.9397849276875347,-0.8010669259781862,0.31167132298601197,-0.4763935102265696,91.19178532321153,721
656412,SL,258,0.31118572221457896,0.5495885312368776,0.4905830061098378,-0.8439885466520098,-0.5147117768002747,-0.9002604668895733,-0.7529869301139526,87.81374699460272,721
656420,CH,35,0.27124082423795415,0.5913466474992921,0.6126310600703742,1.5176508056072768,0.9314473977074916,0.9559245267703044,1.135007576695024,119.24002578760043,133
656420,FF,63,0.3691806007890512,0.4116043960705321,0.4511420020022799,-0.7334633517223511,-0.2529419264785104,0.8927409148900037,-0.031221454436952567,99.46943646688275,133
656420,SI,2,0.3881360021015692,0.2913176019419431,0.42631719483868963,-2.0797603929739523,-1.1349938283809569,-0.7557931432659244,-1.3235157882069444,75.52903022314203,133
656420,SL,33,0.28478801016298383,0.5547708306833807,0.5211971158711342,0.14420430304996593,-0.3969094561590564,-0.11747327893080453,-0.12339281067996499,98.003025086019,133
656427,CH,22,0.32663522620478613,0.4964376525598306,0.5428737105980952,-1.1668329992457807,-0.871651840760586,-0.556768573811019,-0.8650844712724618,85.33556261870915,1218
656427,FC,53,0.32409616690604115,0.5246366741800297,0.4851036795042572,0.038359455854483526,0.33950614703469056,-0.16844534274917183,0.06980675338000074,101.12074880530655,1218
656427,FF,541,0.3468315389181133,0.44444882549255554,0.42304501310039183,0.047900955353590055,0.36202554103266094,-0.2661899463137935,0.04791218335748583,100.81419836903626,1218
656427,KC,209,0.28466507224601995,0.5493873956035266,0.5274926053392291,-0.6094260930193499,-0.01066916247800066,-0.031801943963533606,-0.21729906648696137,96.47254329526393,1218
656427,SI,19,0.3685889045887831,0.34887277976239683,0.4145763529384566,-1.172593717843753,0.15105069694734827,-1.1254577820438423,-0.7156669343134157,86.76777105650827,1218
656427,SL,374,0.3031847490309541,0.5709676596874217,0.5238492247586093,-0.5444737828246814,-0.028728484873716292,-0.04966020599239975,-0.20762082456359912,96.63988869376747,1218
656457,FC,91,0.3365351263504806,0.47499031375727213,0.48029528499385044,-0.5307278061046604,-0.6076005404083795,-0.30925256324320155,-0.4825269699187471,92.25301996039337,215
656457,FF,50,0.38708568697189927,0.34057286865622394,0.4021409228811731,-1.359458095447538,-1.582911096170859,-1.128431639366286,-1.3569336103282277,76.94087275930515,215
656457,FS,27,0.3067912005923876,0.5875770794156067,0.5908024967639431,-1.27776857410533,0.034406222239432266,0.14738104109623973,-0.365327103589886,93.48266302349825,215
656457,KC,20,0.3021387374573995,0.4036267060145571,0.3994897407094097,-1.167416597140113,-2.2475902195784325,-2.1698531728456047,-1.8616199965213833,69.77997170183829,215
656457,SI,27,0.37141649808570165,0.322865646055645,0.4188716297981802,-1.3038202894379003,-0.430066992018655,-0.9902194420429129,-0.9080355744998226,83.21099657602072,215
656458,FF,127,0.3225825632749139,0.4512488900709007,0.4730575115622774,0.8956897422014355,0.4893475425484878,1.7967011384135008,1.0605794743878079,118.02301664770616,186
656458,SL,59,0.26843433078520584,0.6043359779681728,0.5667203546148403,0.7564008826570355,0.7297891133364143,1.0465327405423686,0.8442409121786061,113.66309685051102,186
656464,FF,305,0.3356952851269535,0.410932558497102,0.42247471222892585,0.4372448695277483,-0.2655211753308028,-0.2897134378317379,-0.039329914544930816,99.33164489629092,615
656464,SI,58,0.34884200263838805,0.3082117355247404,0.4321210209599517,-0.25615426309891376,-0.7575020226550017,-0.5730575860650725,-0.5289046239396626,90.22088804486238,615
656464,SL,252,0.24268699735717275,0.630364575035249,0.5768726856458968,1.7202469441166497,1.3214625913338625,1.3061226721455519,1.4492774025320212,123.4549371256517,615
656492,CH,1,0.32159965024566234,0.5063525574646416,0.558160919173019,-0.9228025263025176,-0.683286581021491,-0.22526436510216377,-0.6104511574753907,89.65196686519305,30
656492,CU,3,0.2784133010536052,0.46274178528891136,0.47868225107780127,0.20382941777973035,-0.6562325310938665,-0.1893578056448196,-0.21392030631965192,96.57156104627485,30
656492,FC,17,0.3204368083422921,0.5219121806970133,0.5165473085870693,0.20577654205630577,0.28753081640245626,0.752338092098704,0.41521515018582195,106.66628744331848,30
656492,FF,9,0.35633101189596605,0.40780925313992483,0.42790723598979075,-0.28421809124400454,-0.32400083899271376,-0.06563535378244785,-0.22461809467305538,96.18293983861481,30
656529,CU,176,0.22642855873372694,0.5888634468585542,0.5670818232698049,1.9055170350210409,1.2308881294202565,1.3040204887302413,1.4801418843905128,123.7218064090739,576
656529,FF,173,0.33854327950301494,0.40518644620181277,0.45338115203934937,0.33767374815100903,-0.37310934746386315,0.9851002808664436,0.31655489385119645,105.37939330297353,576
656529,SI,142,0.33358638267093044,0.36429148297276537,0.4552104402202275,0.45184803923143535,0.4955746755408019,0.15392110106573417,0.3671146052793238,106.7877168451494,576
656529,SL,85,0.2639802144754873,0.6266980230814115,0.5780798536572443,0.9231397985298162,1.2381157424355231,1.3369893431140865,1.1660816280264752,118.87172960880707,576
656546,CH,1,0.25370778113906434,0.595524133015918,0.5997229654602205,2.367324573670381,1.010812066552043,0.6760115741402758,1.3513827381208998,122.90789882308474,608
656546,FF,236,0.31938131624126875,0.47585393494690165,0.43988121445401296,1.007611226184427,0.9500436910785311,0.42826145565980045,0.7953054576409195,113.51506779946658,608
656546,FS,136,0.30174355292159594,0.5287024127596067,0.5799418558585128,-1.1065160107603733,-1.3105812909353471,-0.21969146698039957,-0.8789295895587066,84.32013322448968,608
656546,SI,43,0.31507643072411634,0.3997235199871082,0.45544527870077256,1.310881537858401,1.2872875839028364,0.16131507526447736,0.9198280656752381,117.00703912685397,608
656546,SL,192,0.25044136747269347,0.639121914616686,0.5775014926249564,1.4299637147548379,1.5205315444088496,1.322200946207574,1.424232068457087,123.04960634840214,608
656548,FF,1,0.36058115251669526,0.36756151194395525,0.46496224786990586,-0.4328108241412097,-1.0775852949228248,1.462791659521209,-0.015868153180941813,99.73034365094273,11
656548,KC,3,0.3031064123759449,0.45904179423294084,0.46486958614552254,-1.1983175792232832,-1.39716080636467,-1.0778037153349747,-1.224427366974309,80.12363976098803,11
656548,SI,1,0.33019591392229264,0.31360643774446556,0.5159060829625454,0.6091972446478772,-0.6369598313495227,2.0649452882909465,0.679060900529767,112.55540653279431,11
656548,SL,6,0.25111374676155346,0.5957676993704858,0.5334422928320889,1.4047933361917082,0.5350178321459573,0.1956296567436954,0.7118136083604536,111.51990874908356,11
656550,CU,30,0.2777641396461744,0.5896195418444307,0.5426110709504919,0.22507930532978296,1.2422013523147293,0.890623800776632,0.7859681528070481,112.5964845405774,105
656550,FC,10,0.347481313697431,0.43319969689478877,0.4472826856590596,-1.0315201604806135,-1.4048427222277309,-1.2759811341943652,-1.2374480056342365,80.13274781031669,105
656550,FF,40,0.3554425476134802,0.4086608862575291,0.43461556697542747,-0.2531557458777763,-0.3080551620301976,0.2110666029137609,-0.11671476833140432,98.01660105303819,105
656550,SL,25,0.2723817277470352,0.6315203329954062,0.5597174048823029,0.6086308999785809,1.3477348998354388,0.8674708840555316,0.9412788946231837,115.23354828586857,105
656557,FC,63,0.3198930576795471,0.514134352088164,0.46233916744012304,0.23065334764701287,0.13915269912458994,-0.8350727716583644,-0.15508890829558716,97.51004451184852,1231
656557,FF,121,0.3572350556256316,0.3952705407716866,0.39315087353031597,-0.3158251227371276,-0.5587712498854667,-1.499248799626237,-0.7912817240829437,86.55330974191772,1231
656557,FS,197,0.27568226304759286,0.5956335736339444,0.6340074188717449,-0.2223293586640737,0.21845625154902168,1.6076391655902464,0.5345886861583982,109.53691794910144,1231
656557,SI,394,0.33056969661334346,0.39811725614498256,0.4822855504733832,0.591850259969462,1.2513963418178473,1.0063907056012034,0.9498791024628375,117.56266378924569,1231
656557,SL,241,0.2792635473531908,0.567089386433774,0.5317944882139986,0.35101141710635486,-0.11688811248241039,0.15349613225587494,0.1292064789599398,102.09106264607288,1231
656557,ST,215,0.2743703681437199,0.5320546374199115,0.5086661237652393,-0.32512533236365,-0.5006616455094388,-0.23681328251093833,-0.3542000867946757,94.22091244997681,1231
656578,CH,124,0.3074211082230786,0.5490427982400966,0.5388012416736849,-0.2356921851015309,0.12775077830720905,-0.6450803530126549,-0.25100725326899226,95.7450627423716,298
656578,CU,20,0.2717483406927057,0.5139001490443608,0.543319367461734,0.42200267418942716,0.10923474866993639,0.9025894088632093,0.4779422772408576,107.65984281303419,298
656578,FF,126,0.36269239646565077,0.40412456731819485,0.4282142418487909,-0.5066237955657086,-0.3929915917090387,-0.05297212620998096,-0.3175291711615761,94.60405026103224,298
656578,SL,28,0.3180591951359345,0.5616961789649676,0.5011763319169338,-1.1012955731180878,-0.23948472467811247,-0.6293945235606832,-0.6567249404522943,89.37163985290556,298
656605,CH,80,0.2825672648764955,0.5697865587892426,0.59295836544276,0.9687569574707886,0.5218447087401155,0.5293207400988936,0.6733074687699325,111.4135388415987,2047
656605,CU,176,0.28820771608452944,0.47154670663387144,0.46503483796955086,-0.11678455532969771,-0.5244871292534313,-0.41991039775424627,-0.3537273607791251,94.33091377084415,2047
656605,FC,261,0.3186218811226129,0.5381997160102365,0.5089484238038439,0.2888101725392849,0.5982491346388865,0.5298152015861617,0.47229150292144434,107.58264941465217,2047
656605,FF,543,0.3440535847242604,0.43284595732068254,0.4283601445385059,0.14502334314344006,0.14477754552514358,-0.04695400339853717,0.08094896175668215,101.37561071149084,2047
656605,SI,498,0.35342888146906964,0.3032639603464128,0.43462378291878506,-0.46902799615993185,-0.8680578305180822,-0.49425722376389125,-0.610447683480635,88.71320845137372,2047
656605,SL,107,0.28014315875750734,0.5990723617699101,0.5414414780893704,0.3180833474856628,0.6101383271321437,0.40016474799187773,0.44279547420322807,107.16615051667473,2047
656605,ST,382,0.24428401810431422,0.5955545117210567,0.5711869751926199,1.1017037269278434,0.9712389013782355,1.334328809437026,1.135757145914368,118.53088191254011,2047
656629,CH,34,0.33187770441781583,0.44529467255390603,0.5165420257896938,-1.4208902209231586,-1.8432759566886001,-1.127773037680159,-1.4639797384306392,75.18341859712667,1273
656629,CU,73,0.31148548589326025,0.5179536012743453,0.4962818639716274,-0.8787676079101847,0.16988534076023326,0.10796127897650651,-0.200306996057815,96.7897376373325,1273
656629,FC,20,0.2778536564191701,0.6311310268302175,0.5529951831761841,2.153972405364855,2.3711054971388985,1.819663974511393,2.1149139590050487,133.9549854149221,1273
656629,FF,801,0.30996483037407563,0.5068381569213403,0.42859597518096426,1.3368288907646801,1.530181292971164,-0.03722657635940194,0.943261202458814,116.02936202858686,1273
656629,SI,1,0.3152783081497706,0.5233486579392862,0.40151787525211846,1.301512552366063,4.049635610214636,-1.5366086584400145,1.2715131680468947,123.50947422267345,1273
656629,SL,344,0.28760454166143434,0.5972107018242782,0.5377575494512498,0.03876803333503038,0.5678196876740889,0.3059685697668637,0.30418543025866096,104.92290166726627,1273
656638,CH,58,0.2792946556331847,0.5886164309479548,0.6247851503101539,1.127351801017266,0.8795782214749402,1.2194868408296116,1.0754722877739393,118.23081623020758,638
656638,FF,35,0.3401943264413642,0.44942996794690876,0.42822872964939246,0.27995011060492,0.4552906887113099,-0.05237454049406248,0.22762208627405578,103.86810866075918,638
656638,KC,131,0.26443792600585664,0.6451737130373267,0.5855818247493789,0.03649194369128029,1.4593186034552126,0.9384710831585324,0.8114272101016751,113.17205084656996,638
656638,SI,187,0.3452654978439907,0.3198822322370313,0.4533141218078152,-0.09017125918754554,-0.49673003005471184,0.0942148323936053,-0.1642288189495507,96.96351301524848,638
656638,SL,227,0.24899656881740365,0.6571055471986298,0.5878169679609032,1.4840494513378368,1.9293295449067756,1.5859623945607888,1.666447130268467,126.9695867715746,638
656641,CH,60,0.3359966726251566,0.5112003238925411,0.5169284562367387,-1.6205007059669647,-0.5911877872244197,-1.11939326586369,-1.1103605863516914,81.17777647163494,200
656641,CU,1,0.20221865967019648,0.5205296148275043,0.5242835509184596,2.6980127484280567,0.20842946028284462,0.5810078159151468,1.162483341542016,118.63078470560832,200
656641,FF,106,0.3131856366432105,0.49252722628513035,0.4563902354896354,1.2242235799359091,1.2622284947052635,1.1092174838397404,1.1985565194936376,120.36773728486453,200
656641,SL,33,0.2615610315219449,0.592679340596514,0.5660519291911021,1.0137014082685314,0.4648142797842657,1.029441443036484,0.8359857103630937,113.52949562330349,200
656657,CH,51,0.32754934840800176,0.4919567624701331,0.593220636006297,-1.2111325342720505,-0.9567806477145134,0.5350080959825293,-0.5443016953346782,90.77329625854316,304
656657,CU,56,0.3245638889154537,0.4426111528777449,0.40856562292780124,-1.3068808481223566,-0.957441156634773,-1.3738731597072367,-1.212731721488122,80.56389902436264,304
656657,FC,45,0.34799566635954127,0.45373473324778635,0.45986390633938257,-1.0550519960388176,-1.0130945640305122,-0.907557388891399,-0.9919013163202429,84.07500476069467,304
656657,FF,145,0.3809244618341568,0.38357647768271014,0.4140449846907023,-1.1440503329968363,-0.7777267467321123,-0.6374187179135593,-0.8530652658808359,85.50338766698748,304
656657,SI,7,0.3546575541379792,0.3778706733177665,0.48546568006305113,-0.5260498071550919,0.7989955676811722,1.1065182318911404,0.4598213308057402,108.50180556149321,304
656669,EP,6,0.47652064593355536,0.11213936142892283,0.49904638831170206,-1.660436305572025,-0.3307532706005681,-0.03173671730951721,-0.6743087644940369,84.2872934993127,6
656671,CH,15,0.3044378762513279,0.5549597594574076,0.6054655376414254,-0.09112093548176287,0.24016233921125021,0.800539661629479,0.3165270217863221,105.36559243011783,27
656671,FF,2,0.39536769108539827,0.3110735228266642,0.4061652069965235,-1.6490121913963836,-2.1352464028660116,-0.9624399357065967,-1.582232843322997,73.11223763573365,27
656671,SI,7,0.36777171514208756,0.37165650085476903,0.43825051749413085,-1.1346685459441737,0.6601426828822693,-0.38006817853775793,-0.2848646805332208,94.7330322388774,27
656671,SL,3,0.3047600046324058,0.49491325180812,0.4206095093795172,-0.6034431480016725,-1.75757218363392,-2.6894471250761134,-1.6834874855705686,72.75463409772811,27
656685,CU,70,0.24263098216548715,0.6176004268340225,0.5880859268781405,1.3751409651836444,1.6608709567757434,1.6588533419183096,1.5649550879592324,125.08108312248102,208
656685,FF,28,0.36281344633144047,0.36482003752640724,0.4538402818124262,-0.5108559215068605,-1.1289156912632068,1.0040382412711786,-0.2119111238329629,96.39887645866405,208
656685,SI,64,0.3704501813234629,0.3239941996969086,0.4436539008548395,-1.2589742265505948,-0.4048499692094468,-0.20994070597760514,-0.6245883005792155,88.45175738541079,208
656685,SL,46,0.2856824220083586,0.604667202849852,0.5479123315988684,0.110722182002484,0.7373184080286082,0.5656211751716378,0.47122058840090997,107.6261792628149,208
656686,CH,13,0.31411361794127785,0.5380308800967951,0.5772090794259651,-0.5600197942899982,-0.08145574875510754,0.18779634909325468,-0.15122639798395032,97.43649306249614,100
656686,CU,12,0.2734023341800903,0.6040458642357129,0.566949263710229,0.3678602448750496,1.4580580949314081,1.301781093628276,1.0425664778115777,116.70891177126587,100
656686,FF,59,0.35255782764011623,0.45579766225093943,0.4311118122905265,-0.1523006300741578,0.5745171422970518,0.06654544270693583,0.16292065164327657,102.7686012106889,100
656686,SL,16,0.3365219897575666,0.501767010172153,0.46552449064896784,-1.7924464423658808,-1.6017748105311287,-1.5409939392975949,-1.6450717307315348,73.37635021143402,100
656716,CS,5,0.41101907928650744,0.10000111736907662,0.5675058283820504,-0.4917598153292793,-1.074139928762949,1.7604836305679907,0.06486129549192077,101.23243952509289,14
656716,FA,9,0.40547058489931076,0.3319540366429324,0.45158128959350247,0.0429407680040414,0.6216583033659042,-0.4785511699747255,0.06201596713174001,101.32487110411182,14
656730,FF,328,0.2966775298732694,0.48329876410516803,0.47948695956680515,1.801377354081748,1.0894380363017264,2.061899866254821,1.6509050855460985,128.05474795536185,478
656730,KC,119,0.1927508871141717,0.6424680234263905,0.5946878599917015,2.325690373797745,1.417795651816137,1.090570568559859,1.6113521980579135,126.1573839530123,478
656730,SL,31,0.18851465390200228,0.6959464596162742,0.6314444371750236,3.7481773325293934,2.81224834685062,2.701494553103391,3.0873067441611344,149.9646137070711,478
656731,CH,146,0.291461410728133,0.5538237019660894,0.5660693581157026,0.5377352359795473,0.21857930170507534,-0.053769302352967736,0.23418174511055162,103.96972047361315,971
656731,CU,57,0.286763132768165,0.4972708294897168,0.4652542530702019,-0.06949703534153474,-0.13958478091207485,-0.416203708449702,-0.20842850823443718,96.65957650775802,971
656731,FC,42,0.3147494737877656,0.5266457218855128,0.504446798521621,0.46597432338503003,0.3778328743325698,0.39799129605520045,0.41393283125760005,106.64569978757973,971
656731,FF,505,0.353357808285864,0.40877104633803124,0.4059154547843229,-0.18026942476221136,-0.30599256368644934,-0.9727415928480039,-0.4863345270988882,91.7354469986164,971
656731,FS,32,0.21868339685531543,0.6550680446099674,0.6102762459780043,1.7114827018858492,1.5762324540364991,0.8055630054853535,1.3644260538025672,124.34099272889546,971
656731,SI,9,0.3098356160764953,0.44888992535506766,0.5241052001631042,1.5541039597932262,2.385888767114992,2.3230974484168962,2.0876967251083713,138.6001919422394,971
656731,SL,176,0.27836744853412926,0.6063480261768986,0.5500390695291355,0.3845566896622581,0.7755263291566697,0.6200007804235829,0.5933612664141702,109.60288980717337,971
656731,ST,4,0.2696103547958886,0.5822197842703147,0.5557429748840919,-0.09938424517940726,0.662145492243862,0.9462227872250646,0.5029946780965064,108.20680285039145,971
656755,FC,9,0.2845344175654472,0.45606446146817703,0.4837835666104756,1.8483249687348222,-0.968650194721913,-0.20710303335867034,0.22419058021807955,103.59938419672122,19
656755,SI,9,0.2842451717323379,0.3691438695287783,0.4158736394005495,2.741737995772659,0.6039990676016572,-1.0846122502262707,0.7537082710493486,113.93558919792243,19
656755,SL,1,0.23182384857050192,0.5903669429356049,0.5409869842583579,2.12690665520279,0.41224961934492665,0.38854357230861,0.9758999489521089,115.79385140733447,19
656756,CH,409,0.3067820224858446,0.6148723770257173,0.5340887814333467,-0.20472127016062067,1.378393706859334,-0.747270389564377,0.14213401571144543,102.40937786120014,1970
656756,CU,438,0.2810930745465152,0.5632040929251525,0.5435613124301715,0.1161087296240293,0.8469548990732358,0.9066767065201815,0.6232467784058155,109.9885960787534,1970
656756,FC,31,0.3325035359434002,0.5142903503696581,0.5092101514541756,-0.3462809674157732,0.14212868798609984,0.5374795358852468,0.11110908548519113,101.78385856363154,1970
656756,FF,260,0.37172562286585775,0.36563286612907825,0.4346178426757973,-0.8224420042949159,-1.1136965762990705,0.21116046988999237,-0.5749927035679979,90.22882931550464,1970
656756,SI,823,0.34689287976259164,0.32163584125100436,0.4591833787127277,-0.16569687844117414,-0.45754642646961546,0.2790105013997785,-0.1147442678370037,97.87845106546777,1970
656756,SL,9,0.27678644718383033,0.6019661827728081,0.5477851813196191,0.44374114575000306,0.6759197110874287,0.5623700073174082,0.5606769547182799,109.07393070349661,1970
656786,CU,33,0.23612202678563465,0.5897765831756221,0.5897631988183548,1.5882074973387112,1.244551114734267,1.6871883377465688,1.5066489832731822,124.14662802569872,149
656786,FC,51,0.32250938274947444,0.5338994181169567,0.5305845863791244,0.11095545192748082,0.5162120858393198,1.1634004674766019,0.5968560017478008,109.58253490543393,149
656786,FF,33,0.3470495108886496,0.42726208843547836,0.45360651311400174,0.04028025437277849,0.04022716155817826,0.9943958642914397,0.35830109340746547,106.08880968123731,149
656786,SI,14,0.3553199834809135,0.3996311896159079,0.43619940342709324,-0.556792674434762,1.2852245033443135,-0.4446482441860927,0.09459452824115291,101.74899299447075,149
656786,ST,18,0.2639613921654561,0.5640013096339141,0.5545304080300941,0.16851478628821867,0.23984886448040107,0.915751116092601,0.4413715889537402,107.20136767254698,149
656793,CH,101,0.3143212721054678,0.5369736403706765,0.5718730480949827,-0.5700829815613757,-0.10154139128307442,0.0720841289483297,-0.19984674796537344,96.61230756219433,346
656793,CU,8,0.30177462688167134,0.493154037686154,0.48607931891951195,-0.5608887881766074,-0.20118310407758946,-0.06439542988990901,-0.2754891073813686,95.58481565718249,346
656793,FF,152,0.3351347129522823,0.46616351917230436,0.44350748320550926,0.4568435037504043,0.7686037771295781,0.5778360161866624,0.6010944323555483,110.21473187329116,346
656793,SI,14,0.3608381480602052,0.3111166541432098,0.4928878789380339,-0.8128867063462956,-0.6925929245116331,1.3402088385250577,-0.05509026411095702,98.98141586215247,346
656793,SL,71,0.29982659369296516,0.5619498101214139,0.5067575740730897,-0.41876193754418595,-0.2337192649387205,-0.48668500540714077,-0.3797220692966824,93.85462214134037,346
656794,CH,6,0.31418023450247506,0.5679839952540254,0.5825804758300476,-0.5632481183321282,0.48759926193379854,0.30427546337169775,0.0762088689911227,101.29185093979953,237
656794,CU,29,0.254460559565985,0.469386120745242,0.4481441565317759,0.9879072408004931,-0.5568153290131249,-0.705253147847991,-0.09138707868687429,98.53536568908493,237
656794,FC,39,0.2796905064936196,0.573950502662975,0.5490910110300377,2.0699357956977007,1.280269102101354,1.7053356624231675,1.6851801867407405,127.05560120716049,237
656794,FF,124,0.349635542269978,0.4260751528840384,0.4449659693199011,-0.05013215890958313,0.018003400542602264,0.6379949383582963,0.2019553933304385,103.43194027792168,237
656794,SI,16,0.354324639847658,0.3042950792090158,0.41322752366435994,-0.5105994954320092,-0.8450179439530533,-1.1679261578740403,-0.8411811990863676,84.44709169084346,237
656794,SL,4,0.27808542372160117,0.5165711162150359,0.4974874899176425,0.3951142297488415,-1.2652527579417023,-0.7237163339273528,-0.5312849540400713,91.40174602112499,237
656794,SV,19,0.2622071404573634,0.5228848756139183,0.5137833453715646,0.9805501143959275,-0.06951198008061923,-0.2340740885328078,0.22565468192750016,103.67438414394829,237
656803,FF,37,0.34142243603724554,0.42084527936835014,0.4420122256660017,0.23701314041168953,-0.0799188994620973,0.5161603642499333,0.22441820173317514,103.81366326952534,85
656803,FS,41,0.28087232451120636,0.545515875981876,0.5643635309356342,-0.39841362355934634,-0.9264789363639521,-0.7462142432020721,-0.6903689343751234,87.68400444637672,85
656803,SL,7,0.32501307522998274,0.5103958921952716,0.47730562750213934,-1.3616126253380787,-1.4056259122754395,-1.2397562727393292,-1.3356649367842823,78.38375382209088,85
656814,CH,3,0.2799936576576257,0.6006505611746089,0.6589988678447495,1.0934772659100014,1.108204929208453,1.9614137467592576,1.3876986472925705,123.523506192859,115
656814,CU,10,0.29623821539886813,0.4591700431646567,0.45104399982434834,-0.379657864567003,-0.7096754390989093,-0.6562646411976331,-0.5818659816211817,90.67460199754623,115
656814,FF,18,0.37542405622480096,0.3500055019845132,0.40918975856683343,-0.9517460366281503,-1.406297809475433,-0.83768471128114,-1.0652428524615745,81.89773597603606,115
656814,SI,47,0.3374202216586997,0.3725529946622309,0.4901727392156822,0.2739223412988283,0.6801744332258038,1.2547216857958499,0.7362728201068273,113.61321873822556,115
656814,SL,16,0.31308892994322035,0.5595199734761275,0.4987267490411197,-0.9152347313692687,-0.2889535096111227,-0.6920291095728707,-0.6320724501844207,89.77061289161679,115
656814,ST,21,0.2635071531490142,0.5298701412088005,0.4687543329240057,0.19005682869862897,-0.5512973546851723,-1.239792178736004,-0.533677568240849,91.29257867140167,115
656818,CH,41,0.2820478783591359,0.5972186777259179,0.6054330162332361,0.9939270946111038,1.0430053510568444,0.79983443257245,0.9455889594134661,116.02910530039028,179
656818,CU,1,0.33426604167729956,0.37916865318319537,0.4226855464042965,-1.624474674284375,-1.9067122845142246,-1.1353382130421634,-1.5555083906135876,75.07031636698804,179
656818,FC,6,0.3767866222795049,0.3977089711201139,0.40606735185832915,-2.3722494953041466,-2.0819014922396915,-2.4829155031722445,-2.3123554969053606,62.875086791486375,179
656818,FF,42,0.3931612463622505,0.34330531299585987,0.3974450629717434,-1.571870825814252,-1.5317497758120893,-1.3221241730371096,-1.4752482582211504,74.93028616948594,179
656818,SI,43,0.3599257365273953,0.35151618444359833,0.4736328057815642,-0.7705423462167063,0.21011638394933144,0.733955920419799,0.05784331938414136,101.06948638849266,179
656818,SL,33,0.30027444475536275,0.5627530457914112,0.48838081346351697,-0.43552714873853965,-0.2154603767898828,-0.9565694107849897,-0.5358523121044707,91.327828428783,179
656818,ST,13,0.304447234965158,0.4926710135958624,0.46104649993257235,-1.7515046551150182,-1.4135575855883469,-1.4334891706045858,-1.5328504704359835,74.99018944374538,179
656820,CU,2,0.29472797218042557,0.4954935086595931,0.5116523680642397,-0.33022100926756537,-0.166178300353115,0.3676229109995028,-0.042925466207059185,99.31204595307942,32
656820,FC,11,0.33134445799573736,0.4331536918409223,0.47772452902200296,-0.2932526977619527,-1.405720363484856,-0.38453361644730916,-0.6945022258980392,88.84975303577232,32
656820,SI,8,0.3385137657809811,0.32992572077920723,0.42148186866841236,0.22317174853848393,-0.2723128022050097,-0.9080351304502919,-0.3190587280389392,94.10080592883503,32
656820,ST,11,0.26115932610060927,0.5184506734374371,0.5416663101920457,0.301401270761794,-0.8159958449234879,0.5924777580550726,0.02596106129779291,100.42357766619757,32
656848,CH,3,0.34697571328833626,0.4850374983280856,0.5074460200220654,-2.1525591054921787,-1.0882341512864695,-1.3250205717626753,-1.5219379428471078,74.20094291108506,52
656848,FF,36,0.33716157823020804,0.44497648994440553,0.46787983913441056,0.3859805658531251,0.3719053434028086,1.5831350375472395,0.7803403156010578,113.2607568207675,52
656848,SI,1,0.3409792252084674,0.38699552472675414,0.4824790974662987,0.10875155750816917,1.0028862625474204,1.0124846024299519,0.7080408074951804,113.09122668228233,52
656848,SL,12,0.2793537845145597,0.5956307296487127,0.5192359609054887,0.34763340777479335,0.5319042816363773,-0.1676190121459436,0.23730622575507565,103.84053639067766,52
656849,CH,212,0.28195769893596595,0.6138857005844616,0.6050879860565608,0.9982973051817625,1.359648639113359,0.7923524285729072,1.050099457622676,117.8007099327358,1184
656849,CU,71,0.2861120519887986,0.5554766284840853,0.5342817893193504,-0.04818431836673081,0.7313311622889423,0.7499130700881784,0.47768663800346334,107.65574575682358,1184
656849,FF,319,0.36781793064601653,0.3730396658155452,0.4142762362007301,-0.6858218973188486,-0.9750142814410309,-0.6278801686901144,-0.762905449149998,87.03552355791822,1184
656849,SI,240,0.34276956738984216,0.342044016778077,0.4384770245803651,0.02566307017849268,-0.0015349362366075987,-0.372936521291632,-0.11626946244991564,97.85025118178754,1184
656849,SL,342,0.2583545210217687,0.6601143994080625,0.6030279457463757,1.133736460646373,1.9977257802838724,1.9748993461701616,1.7021205290334687,127.5469209131472,1184
656876,CU,28,0.27729791061418557,0.5189040169515907,0.5123443111095318,0.2403410174231492,0.1841061259789243,0.3793122517865664,0.26791979839621327,104.29387321427645,759
656876,FC,224,0.2818974261750814,0.6016959990605537,0.5495069533633126,1.9689683567011633,1.8095716523952279,1.7175159616285434,1.8320186569083114,129.4130957480897,759
656876,FF,259,0.3257071666174577,0.45553222183707476,0.46520575015072707,0.7864478626213048,0.5695471299703947,1.4728355225487608,0.9429435050468201,116.0239632198379,759
656876,SI,51,0.34219401183124915,0.3597234700862728,0.472840816683379,0.05237418788279608,0.39350448504240365,0.7090198582204722,0.3849661770485573,107.11778111572842,759
656876,SL,6,0.25379266058411587,0.6340342710806134,0.5778247900389001,1.3045087554958597,1.404880910683109,1.3304674963541747,1.3466190541777143,121.79352634130717,759
656876,ST,191,0.25750034033884855,0.5962118023020948,0.5740775628560894,0.47492671354817784,0.9864746223358234,1.4069689582011153,0.9561234313617055,115.59999905271323,759
656887,CH,33,0.24088148878670726,0.6117839846647116,0.605826155278983,2.9889031605613403,1.3197198380888135,0.8083596808304386,1.7056608931601973,128.91342775425514,168
656887,FF,104,0.33521557518021694,0.46483608142803373,0.41302881654229,0.45401641154118183,0.7437493028020237,-0.6793331248800709,0.1728108631543782,102.93667107345597,168
656887,SL,31,0.2831858419012971,0.5906277413355162,0.5711254950686712,0.20418113805459703,0.4181780024972746,1.1591699374200373,0.5938430259906362,109.61068654819476,168
656896,CH,4,0.3944912745211856,0.2010926245703998,0.46112441512591057,-4.455224177758193,-6.4826731711704,-2.3295078790407837,-4.422468409323125,25.032741642139356,20
656896,EP,12,0.41968837113586704,0.17812384582747987,0.45448502547475605,-0.08100381892478752,0.604723175139425,-0.793173433865455,-0.08981802588360588,97.90706519996196,20
656896,FA,4,0.37265031706571683,0.4507741951148563,0.4623163384682274,0.831058314444167,1.643395882770864,-0.20108291283139787,0.7577904281278777,116.1889701577403,20
656924,FF,10,0.3602606976453999,0.38728475525890954,0.37571299251709156,-0.4216071324648089,-0.7082942703580617,-2.218517990029323,-1.116139797617398,81.03281589035338,78
656924,SI,33,0.3394167791064478,0.33173797173443476,0.4105797496809279,0.1812635524226123,-0.23181887085513392,-1.2512922760338925,-0.43394919815547134,91.97655380662985,78
656924,SL,35,0.2825600885962774,0.5826551387769638,0.5337876609929882,0.22760608262893048,0.23694743243029098,0.20446054464436825,0.2230046865678632,103.60908194182608,78
656945,FF,319,0.25783087637775637,0.5835516705684866,0.4674968519811842,3.1595278064822336,2.9665379611078846,1.567337770698876,2.5644678460963313,143.5794278494597,768
656945,SL,449,0.25416426085480287,0.6492113759494745,0.5974022828619403,1.2905979767994906,1.7498818494793775,1.8310540126279602,1.6238446129689428,126.28011258056804,768
656954,CH,11,0.3140375523026247,0.5075496206324789,0.5758389943864759,-0.5563335558287104,-0.6605445460046584,0.15808595725463384,-0.3529307148595783,94.01731213556548,51
656954,FF,3,0.3799982884325759,0.32010737883666307,0.4019603575004537,-1.1116696074729837,-1.966099681486087,-1.1358795119091913,-1.4045496002894207,76.13170776932365,51
656954,SI,21,0.35058137030313063,0.30984096676028994,0.42208242774605415,-0.33687705993467826,-0.7210975845085568,-0.8891263114415936,-0.6490336519616096,87.99977830046639,51
656954,SL,16,0.27293094078312924,0.5335822834906341,0.5202326294169857,0.5880712244214534,-0.8785605178331901,-0.14213470613394674,-0.14420799984856114,97.66615448253411,51
656970,CH,133,0.2972085975799876,0.5902914457063636,0.6444251980704131,0.25921918599121213,0.911400472224052,1.6453826778530354,0.9386674453560997,115.91177559115545,385
656970,CU,45,0.33730266660336433,0.35348245237500403,0.3581596404193466,-1.7238766681058348,-2.2910472166106137,-2.2254066945220607,-2.080110193079503,66.66267482181819,385
656970,FC,24,0.3322093569787585,0.47554818149869327,0.46101400860840475,-0.3328221646709199,-0.5969580630120602,-0.8738782256209147,-0.6012194844346316,90.34740929378106,385
656970,FF,158,0.38630925040481756,0.3634909637557541,0.40381993177242104,-1.332312445051575,-1.1538007979694909,-1.0591767015116444,-1.1817633148442366,79.91763897808752,385
656970,ST,25,0.30316568488015794,0.46077966734225634,0.42899364516803934,-1.6907278277557458,-2.152785662939367,-2.2389738711152076,-2.027495787270107,66.91961380368225,385
656976,FA,5,0.3274888772923761,0.5009636952972637,0.5543485211968061,1.9155260978373687,2.0749766775400853,2.1776681893566976,2.056056988244717,143.92434107084046,5
656981,CH,3,0.3168265366733653,0.5489293672582571,0.4698125789026182,-0.6914913174329308,0.12559579481903818,-2.141104427631425,-0.9023333167484391,84.70414062450274,67
656981,CU,6,0.2878039312942931,0.45814827986193696,0.465674288383564,-0.10356691594336541,-0.7249637774756825,-0.4091078413058707,-0.4125461782416395,93.38824157450199,67
656981,FC,13,0.3100054322566513,0.5498153614914926,0.5082015747780032,0.6830160797812348,0.8198415216857036,0.507944754968336,0.6702674521450914,110.76115719260298,67
656981,FF,38,0.38559816067526514,0.3542552183822848,0.4238234185048901,-1.307451440280585,-1.3267276243095463,-0.23408266076262801,-0.9560872417842531,83.75267795439508,67
656981,SL,7,0.29484122219440106,0.55391547352936,0.5002417651274262,-0.2321355943838374,-0.4163531526804341,-0.6532909201837572,-0.4339265557493429,92.97738302931516,67
656986,FF,53,0.3635383445433272,0.39676577781326566,0.44355608062592233,-0.5361996962166163,-0.5307749609265787,0.5798405388238844,-0.1623780394397702,97.24061970015575,129
656986,SI,3,0.3750172826261861,0.35808558241226884,0.4372036170212281,-1.4709300988259604,0.35690662267758694,-0.4130302172433758,-0.5090178977972497,90.58858103253043,129
656986,SL,73,0.2912003316994877,0.5919245292701256,0.5387807463919784,-0.09583961742230977,0.44765615783227775,0.3321311941974311,0.22798257820246637,103.68964356177815,129
657006,CH,28,0.32384909465143474,0.4989087853168726,0.5296795105271843,-1.0318134888331538,-0.8247047880052797,-0.8428857437715542,-0.8998013402033291,84.74706130188127,1632
657006,CU,20,0.2605742512918132,0.5126482860465407,0.5001023487711878,0.7877794140344012,0.0905034974485516,0.17250264419104783,0.3502618518913335,105.61354551930089,1632
657006,FF,938,0.3264902674166251,0.4524287241608315,0.47850915616478357,0.7590692184148667,0.5114383383131296,2.021567909590357,1.0973584887727843,118.64802288679944,1632
657006,SI,81,0.36010487443894557,0.3676454042878627,0.4356112369070595,-0.7788560072860559,0.5705165367078084,-0.4631668790520662,-0.22383544987677118,95.86142411164994,1632
657006,SL,565,0.23624887884748125,0.5895161528996201,0.568586691155605,1.9612565689044406,0.3929097410434019,1.0942540149456146,1.1494734416311523,118.60294464949366,1632
657024,FF,217,0.37037411262747305,0.398402643730464,0.4136416731379572,-0.7751907206831092,-0.5001268630460947,-0.6540543156563801,-0.6431239664618613,89.07103688691353,563
657024,FS,270,0.2605827196634374,0.6368563863385407,0.5965402932834318,0.2899559034072063,1.1601884344177684,0.34130950052896264,0.5971512794513124,110.65301773640734,563
657024,SL,76,0.3065670582869058,0.5411738433143972,0.4945173865023937,-0.6710898249907404,-0.7059916854533129,-0.7996603649149429,-0.7255806251196654,88.25728745094627,563
657031,CU,6,0.31234763869646076,0.4816765684808391,0.48970406288299223,-0.9069896339105943,-0.3729170393762797,-0.003160812758830492,-0.42768916201523477,93.14554934795177,82
657031,FF,25,0.3431623517672752,0.42785674275376,0.46913806292019566,0.17618248646227064,0.05136125846878064,1.6350336370996297,0.6208591273435602,110.5506043235961,82
657031,SI,10,0.3659322240829689,0.35958640374423007,0.4195795438922357,-1.0492990947025824,0.3904417993646572,-0.9679305116503134,-0.5422626023294128,89.97390747359292,82
657031,SL,41,0.2861298665047854,0.5909420899839604,0.548089737098049,0.09397219052052319,0.4253236722254372,0.5701573433932442,0.3631510687130681,105.87719471020321,82
657041,FA,6,0.40977742553093255,0.319014977848229,0.45780698193915903,-0.06047998068430706,0.5103950061047537,-0.3176360195344677,0.044093001961993006,100.94197586355291,6
657044,CH,2,0.29373236429596916,0.5047957481488152,0.5019762404993064,0.4276819118534061,-0.7128631421640574,-1.443633130989378,-0.5762714537666764,90.23136245185785,512
657044,FC,3,0.3066401709767341,0.5488077128016188,0.4904936182523109,0.8369781001672156,0.8006185453255825,-0.010608399024204667,0.5423294154895312,108.70710948529246,512
657044,FF,54,0.3288794342483996,0.42685771878584977,0.44077532587902524,0.6755395518553124,0.03265588741073554,0.4651413265747939,0.3911122552802806,106.64638799662538,512
657044,SI,304,0.29612462142566975,0.383907406463869,0.5313019195610958,2.1904213169855833,0.9338836508633954,2.5496887524520697,1.8913312401003495,134.96951832907504,512
657044,SL,149,0.2648892192419859,0.5254327963876363,0.47668497049041036,0.8891113945210442,-1.0638119689851708,-1.2556261562893136,-0.4767755769178134,92.283919448329,512
657053,CU,129,0.2828791994225066,0.5036935740749403,0.4755476390246507,0.057641062984100856,-0.04348317669012508,-0.24231237867481167,-0.07605149746027862,98.78114461937831,497
657053,FF,116,0.3712951552879614,0.3766666019176559,0.38479592704173254,-0.8073920660619823,-0.9071048140278372,-1.8438695475340303,-1.1861221425412833,79.84356699569912,497
657053,FS,99,0.2790094819337355,0.5992056134577781,0.6015202702981962,-0.3352125866989471,0.3000592436761923,0.5096248576880011,0.15815717155508213,102.82148127567342,497
657053,SI,147,0.34084721547170205,0.31223044832465124,0.42353767690919575,0.114878034030216,-0.6677056951844357,-0.8433072670497317,-0.4653783094013171,91.39544941916157,497
657053,SL,6,0.2836268938409594,0.6141638458157392,0.5553333371905119,0.18767045060298687,0.9531929616377204,0.7553725069661352,0.6320786397356142,110.22948727936074,497
657061,EP,4,0.427002495562254,0.1365221643680046,0.5135061616350043,-0.2842715179838008,0.014927051653032396,0.21534285163736847,-0.018000538231133317,99.58055242794832,4
657093,CH,17,0.34179123254280824,0.47285627605111563,0.49931492983044,-1.901312515515888,-1.319655341925195,-1.5013438427316226,-1.5741039000575685,73.3166542221173,480
657093,CU,35,0.3237713042631541,0.408266891540624,0.3959796869741971,-1.2809360914832921,-1.471324056152307,-1.5864936860451149,-1.4462512778935714,76.8213485511937,480
657093,FC,148,0.33212280128658317,0.5112195718665233,0.4855328720727313,-0.32886220788457937,0.08354725661409994,-0.15587702862836927,-0.13373065996628292,97.85295161093967,480
657093,FF,183,0.3922650027023618,0.3364483126808282,0.4142953718328492,-1.540536499106302,-1.6601378219028151,-0.6270908714921518,-1.2759217308337563,78.31755266689399,480
657093,SI,13,0.36734112431538263,0.3023849198586539,0.47417031255811126,-1.114685136727129,-0.8876995942938948,0.7508795150036773,-0.4171684053391155,92.28682005165673,480
657093,SL,3,0.323086380168322,0.44339739623640284,0.40355316644018707,-1.2894871972037025,-2.928613610092025,-3.125569123410951,-2.4478899769022258,60.38363297568489,480
657093,ST,81,0.3011622948875412,0.4601370145502988,0.4409126197575531,-1.5957181288452629,-2.1676820860638473,-1.9394513559396998,-1.90095052361627,68.98431165374299,480
657097,CH,121,0.2933656121020174,0.5605730602490234,0.549092151026784,0.44545519381152443,0.3468049012688372,-0.42192124942132697,0.1234462818863449,102.09259364927998,432
657097,FF,207,0.32655030952318864,0.4999152872515238,0.4235911097274278,0.7569700359408413,1.400559932403328,-0.24366481963629527,0.6379550495692913,110.84112483462155,432
657097,ST,104,0.27924346149390106,0.5462912482341574,0.5257967248784665,-0.556229178179836,-0.17066295694608846,0.1936768316651912,-0.17773843448691107,97.10004030998628,432
657140,CH,121,0.2674666632922188,0.6178457712555148,0.6447050604571066,1.7005514882755706,1.4348828191382383,1.6514515136770191,1.5956286070302759,127.04822080226916,907
657140,FF,144,0.3616069752184412,0.3886856811330239,0.3827510575401946,-0.4686754724723683,-0.6820638303067184,-1.9282153249674079,-1.0263182092488314,82.55920407868271,907
657140,KC,353,0.25176843700137563,0.6031598595357003,0.5795569188657534,0.4410696021872727,0.8145516649017533,0.8378361679506787,0.6978191450132349,111.32782971213467,907
657140,SI,249,0.3462560630417376,0.32127079180651946,0.4192454497702388,-0.13614267445019385,-0.46570329188698034,-0.978449585493165,-0.5267651839434464,90.26044493715887,907
657140,SL,40,0.3331199759933362,0.49846561743625273,0.471597002376014,-1.6650927660385788,-1.676820980605213,-1.3857229085302507,-1.575878885058014,74.49615918795014,907
657240,CH,35,0.3012973166051343,0.590634861034069,0.5346342305265863,0.061074615134159536,0.9179247423025508,-0.7354422870589945,0.08118569012590529,101.37621528144764,446
657240,CU,2,0.28338471464997095,0.4770327674431159,0.4861425043497754,0.04109334216229258,-0.4424008439229345,-0.0633280067368733,-0.15487850283250507,97.5178069752193,446
657240,FF,215,0.31075761361902726,0.49215300287143326,0.4663520452764751,1.3091117304458137,1.255221668005745,1.5201173434554711,1.3614835806356766,123.13644741572935,446
657240,SL,184,0.24955793712895283,0.6300744218111154,0.5580069030150284,1.463034745577053,1.3148669240056197,0.8237342228518535,1.2005452974781754,119.42948563170276,446
657240,ST,10,0.276107742737344,0.5166606573298945,0.5160317449473343,-0.4075193932520872,-0.8574876701692297,-0.05171603561924257,-0.43890769968018645,92.83883285917588,446
657248,CH,42,0.31452085989533585,0.5253049497844539,0.5516725267089884,-0.5797552619818419,-0.32322540683247647,-0.3659656186396625,-0.42298209581799356,92.82983955496695,634
657248,FF,134,0.3829837877197264,0.36900377741529355,0.4107201669886797,-1.2160481534384209,-1.0505808268898684,-0.7745591729354758,-1.013729384421255,82.77313297785685,634
657248,KC,88,0.2868185696477435,0.5229668691484958,0.506507851228755,-0.6781942127168663,-0.41613261173578925,-0.3823134691816602,-0.49221343121143857,92.00980659439641,634
657248,SI,166,0.3611472656535295,0.3099240668311002,0.44172853257544975,-0.827232630552016,-0.7192407508548879,-0.27056162018146274,-0.6056783338627889,88.80139070910991,634
657248,ST,204,0.25692406216463065,0.5743710013785057,0.5496414482728116,0.5022563977449184,0.4802139851660917,0.7928920972990348,0.5917874934033482,109.6555361302586,634
657265,CH,73,0.27897207227111814,0.554045751566577,0.627451747192224,1.142984604702035,0.2227978424850786,1.2773121844823547,0.8810315438898226,114.93476340791366,346
657265,FC,5,0.3327223684769308,0.5160388593269214,0.5036979484226901,-0.35629264145416617,0.17548510147495403,0.37606225076390276,0.06508490359489685,101.04493941367528,346
657265,FF,141,0.3474890107424481,0.45535174426975056,0.4026475915871238,0.024914531162275766,0.5661679319001881,-1.1075328163008353,-0.17215011774612382,97.07455734061426,346
657265,SI,39,0.33900200536071995,0.37860873004807544,0.4669389393481146,0.20051290233745803,0.8154871128963825,0.5231971232078486,0.5130657128138963,109.48626050681294,346
657265,SL,1,0.23099239120793696,0.60454561793623,0.5199249936606638,2.1580320883052058,0.7345545799002856,-0.15000079567515592,0.9141952908434452,114.79523038849433,346
657265,ST,87,0.2537291575023466,0.5771044947930506,0.524209527233344,0.6537730425968913,0.5435752200671489,0.1537907301237055,0.45037966426258186,107.34834238488571,346
657272,CH,13,0.3038620659449679,0.4893674379022508,0.5599864920530908,-0.06321642911997487,-1.0059731310979199,-0.1856766869408772,-0.41828874905292396,92.90939859461056,129
657272,FF,38,0.3394788159208083,0.457111097389096,0.41386639867579705,0.3049656743600464,0.5991094367855267,-0.6447849465431033,0.08643005486748995,101.4687539739896,129
657272,SI,48,0.3362198432769779,0.3209994703446123,0.45799331577297586,0.32963103486484024,-0.47176584774908364,0.24154094082783908,0.03313537598119856,100.6126521431824,129
657272,SL,30,0.2653128812289436,0.5631905007056698,0.4968271172695102,0.873251696325085,-0.20551629605746913,-0.7406017260640836,-0.024288775265489226,99.60691328263601,129
657277,CH,956,0.27197169786735936,0.5462438279404565,0.6492405437193914,1.4822317316238216,0.07457540521433105,1.7498037918321223,1.1022036428900917,118.68395149761247,2216
657277,FC,3,0.31630939062608066,0.4812381648738877,0.468175578149288,0.39460751763525076,-0.48840989834909215,-0.6641615105626965,-0.2526546304255126,95.94362491458203,2216
657277,FF,96,0.3543881821059538,0.3730110149545795,0.3737852056217011,-0.21629318856102145,-0.9755507300175521,-2.298034401367697,-1.1632927733154235,80.23151915916316,2216
657277,SI,688,0.31396864792366574,0.3549330513865657,0.39397400040441083,1.362292937386839,0.2864647368201459,-1.7741302769287466,-0.04179086757392059,99.22731329201932,2216
657277,ST,473,0.2587511491532299,0.5772996151556059,0.5737529864087283,0.4156077745063957,0.5480980285217304,1.3988123879231782,0.7875060636504347,112.84885763071023,2216
657376,CH,22,0.3060631516264509,0.5222605140099612,0.5139798174119268,-0.16988386581462664,-0.3810641799651404,-1.1833347091688386,-0.5780942516495352,90.20046338211426,1177
657376,FC,301,0.3052449955353329,0.5351558338127369,0.5297384267993561,0.9008079225447289,0.5401808057524993,1.1386218478638173,0.8598701920536818,113.80523292949687,1177
657376,FF,42,0.3446958149085031,0.4242834542148036,0.438847678754956,0.12256979472194693,-0.015543730966512338,0.38563068045554166,0.16421891473699207,102.79066331722235,1177
657376,KC,227,0.23440806342412543,0.5916198198882854,0.5699344493903171,0.9954423389263344,0.6374520795480508,0.677110603360118,0.7700016739448343,112.49958230988389,1177
657376,SI,291,0.3442084522988259,0.3588948563444813,0.43514663109879137,-0.041114539025328155,0.37498948419283534,-0.4777951603752438,-0.04797340506924552,99.1130020842948,1177
657376,SL,2,0.2482570227959543,0.6003408570131488,0.5395102352074367,1.5117342025387512,0.6389733423446852,0.3507838515163093,0.8338304654665819,113.49461539026478,1177
657376,ST,292,0.27088211536259793,0.5814280375723759,0.5278321557271292,-0.15969680986954982,0.6437931346916894,0.2448269841114954,0.24297443631121166,103.96434273228736,1177
657424,FF,46,0.34032808936243436,0.42213375103900297,0.48427207208700984,0.27527351286949825,-0.055794012100530206,2.2592738479780103,0.8262511162489928,114.04094458073229,74
657424,SL,22,0.2913825152564908,0.5811833635443641,0.5313180960673768,-0.10265962091396899,0.20349152359053593,0.14131502780020513,0.08071564349225735,101.30629259785592,74
657424,ST,6,0.29987715658837105,0.5117363289604517,0.501775004745873,-1.5347711323480886,-0.9716315436777575,-0.40998634245439386,-0.9721296728267466,84.13884496731406,74
657508,CH,18,0.33183873932112923,0.4690448083710053,0.5149171342376092,-1.4190019223352914,-1.392066333905842,-1.1630089269251762,-1.3246923943887698,77.54454124183658,580
657508,FF,258,0.3374201331204543,0.453609627298349,0.44612277261345934,0.3769410113597397,0.5335491505462744,0.6857101950332465,0.5320667856464202,109.04170669617397,580
657508,KC,176,0.22749418976832053,0.6191971848873563,0.5693987282225442,1.216224630446801,1.060668988302539,0.668162371581029,0.9816853301101229,115.93588300042596,580
657508,SI,1,0.3520688588059445,0.43134511515674634,0.44794316028838804,-0.40591032681787675,1.99385788548236,-0.07489182680855477,0.5043519106186428,109.32514781585634,580
657508,SL,127,0.3300570345818952,0.4667574562377017,0.4797369117598865,-1.5504321925795561,-2.397600435944404,-1.1775895730675203,-1.7085407338638265,72.34917523768857,580
657514,CH,3,0.32108539716374945,0.5175728722739471,0.593807221124189,-0.8978811620314942,-0.4701208942397944,0.5477282361176061,-0.27342460671789415,95.36505606461661,375
657514,CU,125,0.2853465301842104,0.5048525361610021,0.4620621399147037,-0.02312544690825333,-0.026141973996311074,-0.4701296764312681,-0.17313236577861082,97.2252575868182,375
657514,FC,11,0.324214986824102,0.48764528886194575,0.47919409805556595,0.03292339810885901,-0.3661807978733794,-0.3414993083238276,-0.22491890269611597,96.38892257149804,375
657514,SI,234,0.354059894484299,0.3146442917957068,0.40975156216763725,-0.4983128543653526,-0.6137694500279266,-1.277368058379186,-0.7964834542574883,85.27352472061717,375
657514,SL,2,0.2907237042848105,0.5118043373183245,0.4944902723927638,-0.07799716947699512,-1.3736096025843048,-0.8003536588828778,-0.7506534769813925,87.85151132903188,375
657571,CU,48,0.275621077772059,0.4637377404834104,0.49650523420347686,0.2952310785505502,-0.6413303517133037,0.11173478429538992,-0.07812149628912118,98.74796934611386,574
657571,FC,119,0.2672422693918894,0.6141998512611452,0.5707687898625045,2.639447514108252,2.0481084139450516,2.3401396031725605,2.3425651770752878,137.6099302207622,574
657571,FF,372,0.3270806734748145,0.45923672952008143,0.44907158205595005,0.7384275367543727,0.6389090201990831,0.8073412452018287,0.7282259340517614,112.37514816160498,574
657571,SI,6,0.35954301173857234,0.32384238981960695,0.41776169601060875,-0.7527803652402815,-0.40824209254201,-1.0251661073788858,-0.7287295217203924,86.52625207767028,574
657571,ST,4,0.26468062363749995,0.5564436542772258,0.5639019716239493,0.13440561839895837,0.06466557199162196,1.1512574742677664,0.45010955488611554,107.34393531161588,574
657571,SV,25,0.26194784656189024,0.5591559769394493,0.5796818862073959,0.9954864924903962,0.9135089028690866,1.7161699080913702,1.2083884344836175,119.67645105109618,574
657585,CU,3,0.2742417385957059,0.5794449994892584,0.5436367124710562,0.34038287293538877,1.0899627213709147,0.907950477214542,0.7794320238402818,112.49173188973393,316
657585,FC,71,0.31022249518435335,0.5482845085308896,0.5095202983762296,0.6730853659019458,0.790637345102913,0.5465617619681286,0.6700948243243291,110.7583856495285,316
657585,FF,83,0.32471049267846513,0.502372313496752,0.448873914739598,0.8212934165966264,1.4465644218776779,0.7991879603793276,1.0223485996178772,117.3733381379155,316
657585,FS,88,0.28450631360712686,0.5807085045884404,0.6168485143338441,-0.5217047065414513,-0.12250587426249883,1.027695294927368,0.12782823804113932,102.2804212833927,316
657585,SI,33,0.34362303517593595,0.3236164729676163,0.4663239180027106,-0.013945753245803447,-0.41329010284593637,0.5038329544862719,0.025532366131510692,100.47207730009956,316
657585,ST,38,0.2548201811006086,0.5965596002201309,0.5430185154307183,0.6020318319703407,0.9945364327157293,0.6264585263736037,0.7410089303532246,112.09021579473168,316
657612,FC,28,0.3302954200569112,0.35091027981382483,0.4132033279070069,-0.24525880157116525,-2.9746830198751537,-2.2739482583358206,-1.8312966932607133,70.59849539254279,590
657612,FF,185,0.2994771945389013,0.38616857133579857,0.46165683326227036,1.7034959282689213,-0.7291933029353173,1.3264515338501195,0.7669180530612412,113.0326648511915,590
657612,SI,342,0.3118189924734977,0.24184427155674432,0.4262033403004299,1.4620568939603849,-2.240453112863137,-0.7593778944376592,-0.5125913711134704,90.52250977119843,590
657612,SL,35,0.3372539876677717,0.42852991777239063,0.4466014505551136,-1.8198486315952984,-3.266576223642998,-2.024846432745765,-2.370423762661354,61.637337188009944,590
657649,CH,26,0.3141368760250768,0.5668698709007801,0.5962727523604932,-0.5611469108771138,0.4664329143797364,0.6011934568956272,0.1688264867994166,102.86185398789064,348
657649,CU,69,0.29134694973761843,0.4714409280567621,0.49892701064014233,-0.21954538084688097,-0.5260698624320029,0.15264706785814158,-0.19765605847358075,96.83222344821247,348
657649,FC,40,0.3332456646582233,0.44688625704783425,0.44275890444573224,-0.3802336465145647,-1.1437433679415456,-1.4084538456977833,-0.9774769533846311,84.30658819273586,348
657649,FF,12,0.3795651109268343,0.34568652337128697,0.42850047839785566,-1.0965249251785212,-1.487164835840326,-0.041165580979317364,-0.8749517806660547,85.13145795322231,348
657649,SI,174,0.34971308791981837,0.35030278630754147,0.4397500635638168,-0.29658070175524615,0.1830035491182497,-0.3328544300781777,-0.1488105275717247,97.24858747048314,348
657649,SL,27,0.3134828600669168,0.5351753937682066,0.49365384809460056,-0.9299814234597865,-0.8423464607967819,-0.8217406020082769,-0.8646894954216151,86.00596565371664,348
657697,CU,4,0.2662656546417143,0.6322773098234646,0.6189117719107142,0.6014749298136726,1.8804767626034011,2.179609797361642,1.5538538299262386,124.90316646683263,69
657697,FC,30,0.337850837463671,0.48766719071178416,0.44720545680216384,-0.5909221043720653,-0.3657629749298102,-1.2782426750595932,-0.7449759181204896,88.03939690948488,69
657697,FF,1,0.3306008962489649,0.4861094098828995,0.40293531243719516,0.6153540742277989,1.1420635726991866,-1.0956650473479472,0.22058419985967936,103.74850994413853,69
657697,SI,5,0.3544472075545585,0.29382741292325726,0.4087146992607657,-0.5162877741687644,-1.0789132324318491,-1.3100140607006452,-0.9684050224337528,82.09480366846334,69
657697,SL,5,0.2654076359165088,0.5893623462822365,0.5060049462947643,0.8697045743417607,0.38941345977968744,-0.5059293142166632,0.2510629066349283,104.063172915977,69
657697,ST,24,0.2621699372630014,0.5837361342801088,0.5216645150751975,0.25347357689873484,0.6972938517209899,0.0898348556451285,0.34686742808828436,105.65944874072149,69
657745,FC,1,0.30074926451428663,0.5459580477712979,0.5018900063812274,1.1064893759411956,0.7462553093460036,0.32311915445146366,0.7252879465795542,111.64451231827574,5
657745,FF,4,0.32917273049938467,0.4868961382647417,0.4730345477616567,0.6652853754946965,1.156793996369638,1.7957539387928314,1.205944436885722,120.49328427249247,5
657746,CH,70,0.3034480951269675,0.5097022727829812,0.5333511284821381,-0.043154872046587155,-0.6196480487260475,-0.7632664464438058,-0.47535645573881347,91.94201813758058,1787
657746,CU,31,0.3155645190844921,0.4688140660106313,0.43373404544393396,-1.0122921761214492,-0.5653748127306198,-0.9486903793243576,-0.8421191227254755,86.50360008500215,1787
657746,FF,953,0.3344916842201373,0.45892179159709634,0.4142020657108449,0.47932497087523956,0.6330122340368761,-0.6309395167938829,0.16046589603941092,102.72688618396725,1787
657746,FS,341,0.3068104251265927,0.5147845390279574,0.5753196261944362,-1.278420808765205,-1.6285341124500303,-0.37591552875289275,-1.094290149989376,80.47815892260326,1787
657746,SI,30,0.3400595911369291,0.31409977648883136,0.4162742765822448,0.15143111044272495,-0.6259363993083049,-1.0719980441658468,-0.5155011110104756,90.46871052096462,1787
657746,SL,194,0.32716541576033425,0.5174988542334387,0.4819899574870344,-1.4421850445712296,-1.2441637234999212,-1.1199803418062437,-1.2687763699591315,79.46627061740413,1787
657746,ST,168,0.27489141251147364,0.5469133468243546,0.5052327340391909,-0.34983558282997373,-0.1562429716279019,-0.3230939871638824,-0.27639084720725265,95.49043898184667,1787
657756,CH,75,0.30985787699777545,0.5399185705178869,0.568506055940301,-0.3537811269365212,-0.04559304508929348,-0.0009293361650845861,-0.13343450273029975,97.73809151040017,502
657756,CU,11,0.32810340945488303,0.4573839351083306,0.46589981679575876,-1.4227448113571046,-0.7364004391746697,-0.40529787676435697,-0.8548143757653771,86.30013693183912,502
657756,FF,263,0.3871218327975569,0.3543293313645497,0.4035594609058168,-1.3607218199914033,-1.3253399590702597,-1.06992047646939,-1.2519940851770177,78.72416845234537,502
657756,SI,1,0.3368091449580987,0.42343578120309094,0.4251645238224762,0.30228196954394965,1.817127380681852,-0.7920854056487311,0.44244131485902344,108.18046005980517,502
657756,SL,151,0.3283766869863137,0.5425206271401772,0.47370799177035405,-1.4875287305021598,-0.6753770400209655,-1.331745985317695,-1.1648839186136066,81.14765398119758,502
657756,ST,1,0.33049944733800096,0.4224138976662629,0.41948102779028656,-2.9870168931804364,-3.0420881692727204,-2.478024895302599,-2.8357099859185855,53.7328846432545,502
657766,CH,1,0.2958993724637349,0.4932738939950327,0.6122391509550225,0.3226659152038794,-0.9317575310855404,0.9474259496406926,0.11277811125301052,101.91175267314345,9
657766,CU,5,0.3047693288054534,0.5010562519844679,0.4558804971994836,-0.6589184590687139,-0.08294463750042819,-0.5745592661405999,-0.4388074542365807,92.96735969028737,9
657766,FF,3,0.37093741283816195,0.43205112200004425,0.4457738542848035,-0.7948847320623078,0.12989533040303827,0.6713181824040302,0.0021095935815868827,100.03584949658087,9
657770,CH,8,0.2968929444307575,0.5120433367997231,0.5853929863810244,0.2745161426686475,-0.5751720667763395,0.3652649553458097,0.02153634374603923,100.36507228458419,109
657770,CU,4,0.31207425045704096,0.35354573559583474,0.41386905731521706,-0.8980404430334437,-2.2901003287246846,-1.284279583591203,-1.4908067851164437,76.10727030778645,109
657770,FF,38,0.3791643221904519,0.3655306867223744,0.3871232986651739,-1.0825126138298047,-1.115609747332279,-1.7478712606957227,-1.3153312072859356,77.64784552346185,109
657770,ST,59,0.2617314961641208,0.5253795026611292,0.43449565349135394,0.27426641151812975,-0.6553884793832419,-2.100709009558606,-0.8272770258079061,86.50224396179186,109
658431,CH,24,0.28272167158313505,0.6010793592964357,0.6586506326320968,0.9612742103227523,1.1163513179402658,1.9538622413258617,1.3438292565296264,122.77985634690546,108
658431,CU,3,0.2969331067808853,0.4640173582696532,0.4310098701717999,-0.4024046938737659,-0.6371465144969295,-0.9947112380298959,-0.6780874821335303,89.13248780456505,108
658431,FF,10,0.3569250435151715,0.38408064152799387,0.4038563755985968,-0.30498652918569946,-0.7682869613986233,-1.0576734843874573,-0.7103156583239267,87.92921111122938,108
658431,SI,40,0.3608033180023947,0.3114096611977658,0.445752014091341,-0.811270268523857,-0.686045813849065,-0.1438808545396003,-0.5470656456375074,89.88510224083589,108
658431,SL,31,0.32286528875530907,0.53227470059568,0.47642229050462687,-1.28121068623022,-0.9082840606439563,-1.2623427496839212,-1.1506124988526991,81.3786209807527,108
658551,CH,3,0.3373151512045493,0.4538669870582532,0.5042324070939181,-1.6843958698780161,-1.6804174861657966,-1.3947079974048884,-1.5865071178162333,73.10640167893973,82
658551,FF,7,0.3150146088693546,0.5024966204962275,0.45008063320740455,1.1602793470909225,1.4488919021233857,0.8489620937574283,1.1527111143239122,119.58866082661821,82
658551,SI,45,0.31884458803484395,0.3590154558517241,0.4528667338829863,1.1360040791101487,0.37768422586370165,0.08012866233605635,0.5312723224366356,109.82288920273557,82
658551,SL,27,0.3332472894924161,0.49940595418229766,0.47111712060221894,-1.6698587203461113,-1.6554455560447794,-1.3979932409746907,-1.574432505788527,74.51956722202726,82
658648,CH,149,0.30469781872401297,0.5984125366814297,0.533069879067777,-0.10371808128242252,1.0656865118350696,-0.7693653600617255,0.06420102349697387,101.08830053035321,474
658648,CU,68,0.28758776208371756,0.49860237783081895,0.4955379765678565,-0.09649075373789127,-0.11966122175741162,0.09539441609805725,-0.040252519799081884,99.35488449301978,474
658648,FF,155,0.35943739655217244,0.4033814705014033,0.4276763942276885,-0.3928230120422384,-0.4069050734037907,-0.0751570019237897,-0.2916283624566062,95.04419710316134,474
658648,SI,92,0.3660723092032473,0.3023910244629343,0.41070131389174824,-1.0558003439399721,-0.8875631896607858,-1.2474647830429235,-1.0636094388812272,80.33453422682274,474
658648,SL,3,0.2930546158134096,0.5315177080854677,0.527356417295911,-0.1652543568176058,-0.9254917645467491,0.04001692018603986,-0.3502430670594383,94.33170688908675,474
658648,ST,7,0.2746766484963982,0.5508987207540508,0.5396933592968052,-0.3396505142790071,-0.06386366960200852,0.5428977199383608,0.0464611786857817,100.75805520470708,474
659262,CH,2,0.29683241458240023,0.5802197983796537,0.5455307450364778,0.27744949679570424,0.7200573899746467,-0.4991505924319304,0.16611876477947352,102.81595416963475,85
659262,FF,73,0.38454699899455896,0.3550571272577391,0.41914921701026775,-1.2707008946418967,-1.311712966451548,-0.42688183872858865,-1.0030985666073444,82.9537883752748,85
659262,SI,2,0.37084620736769436,0.3394168773812569,0.44794446488315387,-1.2773535091819628,-0.06023718278503347,-0.07485075117216011,-0.47081381437971875,91.29495037016373,85
659262,SL,8,0.3152226662007484,0.5009739949765488,0.46943119279657286,-0.9951107035261686,-1.6198013702292478,-1.4411015559436153,-1.3520045432330103,78.1193155294333,85
659275,CH,4,0.35078568005169947,0.44546905157541283,0.4952441968898285,-2.3371949840309694,-1.8399630706857057,-1.5896179770007177,-1.9222586772391308,67.41492543317422,311
659275,FF,123,0.35561438752616675,0.3783734247446377,0.4473493602154548,-0.2591635852707538,-0.8751468677376988,0.7363038807440654,-0.13266885742146237,97.74548434730043,311
659275,SI,36,0.36598024572874677,0.29512752705053513,0.4491199410381788,-1.0515277445932432,-1.0498627678341443,-0.037840460774609584,-0.7130769910673324,86.81565746894356,311
659275,SL,148,0.2963093194710251,0.5818978316990565,0.5163675662177379,-0.28709351000134536,0.21973257787847594,-0.24096240279449263,-0.10277444497245403,98.33671032147389,311
660261,CU,1,0.31335430070870157,0.44990701497201646,0.36100785874764935,-0.939942077349414,-0.848275356541352,-2.1772903142765774,-1.321835916055781,78.81531761521099,355
660261,FC,46,0.27881566571114885,0.591297163481931,0.5279917368301968,2.1099601038217237,1.6111924230968822,1.087472434251889,1.6028749870568317,125.73418959940219,355
660261,FF,208,0.31660630678715573,0.46189682711939956,0.41560895616346105,1.1046306604570484,0.6887157458074232,-0.5729087872533134,0.40681253967038605,106.91319165799166,355
660261,FS,77,0.2467541980273036,0.5891247627585195,0.5532995313269624,0.7591189535865128,0.06976293657514383,-1.1201599542404914,-0.0970926880262783,98.26789263757453,355
660261,SI,1,0.29278693034116576,0.3463222370400761,0.4686336886595275,2.34532114913512,0.09405996859117809,0.5765569160869384,1.0053126779377455,118.58759553706217,355
660261,SL,5,0.2877422914353789,0.580208025754408,0.5284815559458629,0.03361139925272807,0.1813204668517305,0.06878614217965287,0.09457266942803713,101.5305530958837,355
660261,ST,17,0.2687305048392718,0.5614595894012318,0.5079667417786884,-0.057657831564165964,0.18093285178440077,-0.25438867459747605,-0.043704551459080414,99.28692160551917,355
660271,CU,58,0.26498522181252104,0.51560369682033,0.501857323815745,0.6433890875628832,0.13472442398974102,0.2021503175193669,0.32675460969066367,105.23680173914286,1187
660271,FC,101,0.30497959181572637,0.5561528521788542,0.5018715114349144,0.9129502465694426,0.9407422233785715,0.3225775553838571,0.7254233417772904,111.6466860908516,1187
660271,FF,354,0.3119521587592877,0.46692424057727444,0.4326280477433426,1.2673482353523449,0.7828472553731762,0.12908638135541392,0.726427290693645,112.3445828150473,1187
660271,FS,142,0.22664641038332758,0.6615743206507034,0.5953663855835546,1.441319931509928,1.7248678608947465,0.3016332744759531,1.155940355626876,120.62166411505801,1187
660271,SI,39,0.3137662839833409,0.3941408219543644,0.47593129307000054,1.3716845016735915,1.1625447108294806,0.806324621100335,1.113517944534469,120.58824247469526,1187
660271,SL,50,0.2658941605616669,0.6016944875807683,0.5600049227779152,0.8514916256358516,0.669743625652815,0.8748225701489397,0.798685940479202,112.92584048047198,1187
660271,ST,443,0.2315399925472854,0.623001603666744,0.5485139803477085,1.7060823229790827,1.6074510213226187,0.7645589528518857,1.3593640990511955,122.17922703482901,1187
660431,FF,2,0.36438266281055187,0.41311345372468067,0.42394131264662394,-0.5657186156966089,-0.22468686526323445,-0.22921982084452858,-0.33987510060145726,94.22431345862437,5
660431,SL,3,0.3263008875807005,0.5528342008096994,0.49599225584345996,-1.4098216123233849,-0.4409322872783032,-0.7619487073458748,-0.8709008689825208,85.90544150555809,5
660593,CH,25,0.29916243650698776,0.5713862860848465,0.5779724081314587,0.16453364430120523,0.5522366338711319,0.20434918653634937,0.3070398215695621,105.20477061661583,120
660593,CU,3,0.32676240141548063,0.48607174370146905,0.4099503403593085,-1.3788477624647506,-0.307153348490789,-1.3504804338740817,-1.0121605149432071,83.77839581218379,120
660593,FC,15,0.3514442861331702,0.4754736736711119,0.42518831170465815,-1.2128277001303658,-0.5983794534456849,-1.922984490167287,-1.244730547914446,80.0158264500622,120
660593,FF,36,0.39404264076870443,0.36066401500124573,0.3801467934546424,-1.6026859953115908,-1.206731585531846,-2.0356347367061622,-1.6150174391831995,72.55511077136754,120
660593,SI,12,0.3478471821468956,0.35004076306136184,0.4725094085252491,-0.20998536272747548,0.17714875769862673,0.6985853529180267,0.22191624929639264,104.10309108354708,120
660593,SL,29,0.30279069554266463,0.5129724339259848,0.45967750380159755,-0.5297224726063307,-1.3470568160199614,-1.6904984138020684,-1.18909256747612,80.75586402023137,120
660600,FF,35,0.29866389088049794,0.541565144130857,0.48651477690764183,1.7319305199829051,2.1803971059518994,2.351779839928852,2.088035821954552,135.48315358621875,79
660600,SI,12,0.3387504687157647,0.3753914049431147,0.4626413985670316,0.21218653632471376,0.743597432521428,0.38788750282697304,0.4478904905577049,108.281211871774,79
660600,SL,32,0.28304755108534746,0.5804290108870392,0.5242984307079716,0.20935802593161346,0.18634382795231957,-0.038174238748623024,0.11917587171176999,101.92872846358519,79
660623,CH,2,0.2762188227515531,0.5861396494458004,0.639944195908725,1.2764106095611065,0.8325238527795923,1.548211826251667,1.219048762864122,120.66464587147891,37
660623,FF,9,0.3511016652338632,0.40088657983954196,0.44994547866335893,-0.10139051419893723,-0.453618522808802,0.8433873052036319,0.09612608939863093,101.63352407938163,37
660623,SI,8,0.37069346463328967,0.3684701707757837,0.4404932930195614,-1.270264829216584,0.5889455724024586,-0.30945358279468854,-0.33025761320293795,93.89374562564515,37
660623,SL,18,0.2854098719103181,0.563224888625848,0.5082633782001325,0.12092503812663519,-0.20473460120543813,-0.4481823611226852,-0.17733064140049604,97.13010149938621,37
660634,EP,3,0.41310828211853656,0.22283518141043893,0.5430021166175236,0.10186421505764236,1.2386055442551152,0.7193512949103417,0.6866070180743664,115.99927974302645,4
660634,FA,1,0.40873155603127326,0.30015245946224267,0.4556390389789964,-0.035365374424929014,0.34819572843140206,-0.37367072992677514,-0.02028012530676737,99.5667478352853,4
660636,EP,7,0.4125779276676814,0.24337847319080907,0.4837408692489758,0.11660335847747673,1.52985227829674,-0.29326786084635864,0.45106259197595266,110.51063621644518,15
660636,FA,8,0.41209892172243695,0.326113309948153,0.4791585967785758,-0.11622638384576464,0.5714337452451548,0.23423807305930164,0.2298151448195639,104.90962987018999,15
660730,CH,26,0.32990647484488983,0.4966293976560541,0.49912152207472543,-1.3253619062148285,-0.868009030748731,-1.505537903714181,-1.2329696135592467,79.09937550436119,150
660730,CU,3,0.3117126852333149,0.4311467171235283,0.4060498124026381,-0.8862048344186362,-1.1289800763069695,-1.4163740082733205,-1.143852972999642,81.66779882922211,150
660730,FC,1,0.3679935906076739,0.39376035677219606,0.39373430171654217,-1.9699648555966627,-2.1572294522996267,-2.844071915550649,-2.3237554078156464,62.692060996492685,150
660730,FF,79,0.3682575487355881,0.41669763403562843,0.4173456386077716,-0.701191754269435,-0.15757794214554505,-0.5012749588793748,-0.45334821843145157,92.29600168086004,150
660730,SI,7,0.3828762107752973,0.3004653827158572,0.4442611949394841,-1.8356572770913222,-0.930590787182899,-0.19081983284604043,-0.9856892990400872,81.77522832662214,150
660730,SL,28,0.30680745481161525,0.5754231797373236,0.5103435189189082,-0.6800890187976428,0.07255292639171826,-0.3949942228261555,-0.33417677174402666,94.59172194611224,150
660730,ST,6,0.2929650469354868,0.5190826980482072,0.4956367492140843,-1.2069680289198836,-0.8013457785969449,-0.5642400260966823,-0.8575179445378369,86.00883663794015,150
660761,CH,257,0.3139734192587078,0.5651790624518078,0.6253860286093098,-0.5532255862209888,0.4343106120765462,1.2325169296202325,0.3712006518252633,106.29238981319257,793
660761,CU,32,0.3028193037255648,0.4885294736853851,0.4842158903660115,-0.5950856230542998,-0.2703790705999771,-0.09587526272068417,-0.320446652124987,94.86429407456777,793
660761,FC,6,0.35400716162990625,0.4347788158377189,0.45799131544279886,-1.3300802569615318,-1.3747177725157764,-0.9623936380177355,-1.222397222498348,80.37438843105507,793
660761,FF,239,0.35233119076070396,0.45647366556645075,0.4187122560488254,-0.1443769879426687,0.5871743890291382,-0.4449053908296752,-0.0007026632477352135,99.98805925277877,793
660761,SI,87,0.36772304251150073,0.3297400958439528,0.41420524123814095,-1.1324096843187885,-0.2764605077770971,-1.1371423676816685,-0.8486708532591847,84.30861272252649,793
660761,SL,114,0.2935721881476659,0.5463650524367113,0.5004211453292584,-0.1846295692949592,-0.5879868330021286,-0.6487042598215081,-0.4737735540395319,92.33250383785777,793
660761,ST,58,0.28901097942805304,0.5067009882751387,0.45671600021597186,-1.0194484921659257,-1.08834863627119,-1.542314150248738,-1.2167037595619512,80.14840252417304,793
660787,CH,20,0.2856904555910394,0.5556898106935356,0.5786988482224781,0.8174031275715046,0.25403199222722356,0.2201020917425229,0.43051240384708367,107.29781009569894,209
660787,FF,2,0.3906059765908597,0.3462446669375477,0.3988045654312527,-1.4825338949916118,-1.4767143533234688,-1.2660480802675427,-1.408432109527541,76.06573013132166,209
660787,SI,126,0.3479511504325007,0.3127238165092667,0.4397077055633634,-0.21481045575776683,-0.6566816053140987,-0.3341880869888157,-0.4018933826868937,92.56924555877498,209
660787,SL,61,0.3113119251662927,0.5615003799437418,0.5066829863403318,-0.8487129278503135,-0.24393556340670847,-0.48859217572948704,-0.5270802223288362,91.46979491069227,209
660813,FC,99,0.335258925823961,0.3699788249865287,0.43704654278087224,-0.4723411326379722,-2.610911204598247,-1.5757325011293946,-1.552994946121871,75.06663544373065,463
660813,FF,47,0.3172128688533542,0.40650691013515544,0.4575816792951692,1.083424135042663,-0.34838544830295765,1.1583615754164143,0.6311334207187065,110.7252011030129,463
660813,SI,218,0.285002049303954,0.3715311974051307,0.4936802870474987,2.706611854427403,0.6573428337372479,1.3651580934455418,1.5763709272033974,129.14610136156554,463
660813,SL,99,0.27420546500266246,0.5768961821548984,0.5240900248305271,0.5403596758579629,0.10603673119530174,-0.04350307084698574,0.20096444540209293,103.25238523912846,463
660825,FF,46,0.36672293705877357,0.41394486631791855,0.4274423898462866,-0.6475389076126327,-0.20911979023962166,-0.08480910023975426,-0.31382259936400286,94.6670380962929,200
660825,FS,23,0.30455030380439047,0.5136937983883699,0.5638149050017396,-1.2017412155880896,-1.653452003687176,-0.7647569332057426,-1.2066500508270028,78.47368860214436,200
660825,SI,45,0.353845897110605,0.30452877756807584,0.4846285410876574,-0.48838139083970217,-0.8397960593784808,1.0801606095353111,-0.0826722802276239,98.47144183026717,200
660825,ST,86,0.2788902001001356,0.5198203397020547,0.4985693041420427,-0.5394759455181739,-0.7842475533539122,-0.4905452446105958,-0.6047562478275605,90.13286717615924,200
660853,CH,51,0.3232610237744788,0.5094622973105161,0.5488332956395136,-1.00331481948676,-0.6242071486504424,-0.42753454696394516,-0.6850188383670491,88.38793644571808,653
660853,FF,383,0.3559165223264916,0.41088355985944935,0.41898591599104557,-0.26972677357202024,-0.2664386084736214,-0.43361759932925237,-0.3232609937916313,94.5066462124174,653
660853,SL,219,0.3146735426534895,0.5429374567937781,0.485427798333702,-0.9745543779649377,-0.6659018059066198,-1.0320765030209356,-0.8908442289641644,85.58268048435784,653
660896,CH,31,0.3393907254456765,0.35983077502168537,0.4938427685592482,-1.7849808611089413,-3.4669354281133558,-1.6200080503430327,-2.2906414465217764,61.17030281898508,236
660896,FF,67,0.28354495193493484,0.4971294404282224,0.4737919694402417,2.2605164320513307,1.3483987228482326,1.826995697876772,1.8119702842587784,130.79181842284413,236
660896,SI,23,0.31276457937115554,0.3046361960798038,0.47402648540917214,1.4181728891134333,-0.8373958411156234,0.7463510653821911,0.4423760377933337,108.17925312814945,236
660896,SL,115,0.3182933942702177,0.5249387128398282,0.48229277157982153,-1.11006276890584,-1.0750433131256016,-1.1122375397448616,-1.099114540592101,82.21205795492443,236
660906,CH,13,0.35270205970251983,0.45518842798484943,0.47784882817976193,-2.4300652011272303,-1.65531249869916,-1.9668377886600308,-2.017405162828807,65.80205440576185,120
660906,FF,63,0.3683389811025424,0.4121716760839214,0.44200636942834015,-0.7040387795873763,-0.2423203763604927,0.5159188090220693,-0.1434801156419332,97.56176262573621,120
660906,SI,18,0.3765789964502794,0.32709999915724874,0.4244735798364445,-1.5434081092508272,-0.33545227913196823,-0.8138400260739593,-0.8975668048189182,83.4045575057391,120
660906,SL,26,0.2797173488628306,0.558978195280088,0.5215698894240784,0.33402345215948664,-0.3012690327539107,-0.10794164911926019,-0.02506240990456142,99.5943928695074,120
661255,CH,3,0.2594833661025882,0.5326666192849067,0.5227609865226367,2.0874323147483307,-0.18336700164562417,-0.9929144304555918,0.30371696088237154,105.148443305131,50
661255,FF,27,0.35611240937617084,0.366149123585971,0.41988932038158744,-0.27657534510140425,-1.1040303544637105,-0.3963544167155585,-0.5923200387602243,89.93437627528327,50
661255,SL,20,0.2632415685430904,0.5986432936253496,0.56128018931035,0.95079085508462,0.6003848916805221,0.9074304856038107,0.8195354107896509,113.2632658859743,50
661269,CH,23,0.31745543257850334,0.5023527262125144,0.4939520366188929,-0.721968420034243,-0.7592761401703545,-1.6176385646732228,-1.03296104162594,82.48981109329644,195
661269,CU,18,0.29067912922100475,0.524989828244736,0.5168557960241934,-0.19768469917477724,0.27516629823127636,0.45552702839569537,0.17766954248406483,102.84745843357524,195
661269,FF,105,0.3616684251253342,0.404502181450518,0.4045530788739383,-0.4708238742351181,-0.3859212783944933,-1.0289362083144036,-0.628560453648005,89.31852275688544,195
661269,SL,49,0.280188530255945,0.5547371484632417,0.5195725880616873,0.3163848748964964,-0.39767510927070737,-0.1590116272817153,-0.08010062055197541,98.7036608619648,195
661309,CH,154,0.29485107585231507,0.5878270546946204,0.6095558452516097,0.3734677142326659,0.8645815004353807,0.8892382740049365,0.709095829557661,112.02020350057556,498
661309,FF,288,0.36555662567071107,0.323576764464115,0.44286782000352054,-0.6067625164231087,-1.9011401333776603,0.5514515011715554,-0.6521503828764046,88.91764597445754,498
661309,SI,4,0.3433942760380691,0.3597431116999031,0.4633763142128654,-0.00332920690849794,0.393943368052315,0.4110265868090163,0.2672135826509444,104.94061012591015,498
661309,SL,52,0.30949213908063905,0.5241968893662284,0.46231701840165085,-0.7805896149542851,-1.0919061994945372,-1.623007370375943,-1.1651677282749215,81.14306083860792,498
661383,CU,53,0.31749385920583295,0.46874517509718894,0.45698890351365623,-1.0754479031178512,-0.5664056068421214,-0.5558344025480653,-0.7325626375026792,88.25943022582942,208
661383,FF,113,0.34202988321714656,0.4033939832000189,0.4590512700169947,0.21577566979437462,-0.4066707900651923,1.2189785350062692,0.3426944715784839,105.82359767984481,208
661383,SI,13,0.3395109897249435,0.33434699141231466,0.47403937274122954,0.17689130567412273,-0.17352150126523616,0.7467568276767771,0.2500422106952212,104.62312231964458,208
661383,SL,21,0.28469331774633205,0.5563387516549474,0.4638675983952207,0.14774909393462257,-0.3612679941132423,-1.5833598299987877,-0.5989595767258024,90.30650778907717,208
661383,ST,8,0.29169878291696016,0.48323441942077777,0.48242558888585435,-1.1469161350875428,-1.632293894595712,-0.8962350261850041,-1.2251483519560862,80.01062153374019,208
661395,FF,255,0.2926188571358809,0.5159053379908979,0.4715490627064253,1.9432760176324284,1.6999519809671062,1.7344813775096188,1.7925697920363843,130.46213507261737,659
661395,FS,205,0.2826106634061005,0.5085102587054654,0.5179570812142643,-0.457390598801791,-1.7718695938586535,-2.3146789441791893,-1.5146463789465445,72.97911719434195,659
661395,KC,195,0.2243359778846713,0.6389371441033748,0.5790360550814146,1.3170765249840712,1.363608900024506,0.8291361012966524,1.1699405087684098,118.99186479958986,659
661395,SL,4,0.28221586934257975,0.5742420395555485,0.5199458539402343,0.24049185866016104,0.04570363760552501,-0.14946740895536106,0.04557602910344166,100.73759716061984,659
661403,FC,504,0.2684648767245596,0.5033023018797013,0.519710500826442,2.583512750231239,-0.06749099245308107,0.8449678266494725,1.1203298614758768,117.98691807027991,763
661403,FF,5,0.28584699996946145,0.4365680514901708,0.4871523982409173,2.180032598871181,0.2144687188999947,2.3780801329415726,1.590860483570916,127.03437665161937,763
661403,SI,3,0.2915003573573328,0.4134413575849356,0.49916037182521245,2.4050300719198265,1.5938064864603623,1.5377005377642672,1.8455123653814853,134.12235631676995,763
661403,SL,251,0.20598127562002255,0.6435680260272806,0.5995202433866695,3.094317988338468,1.6215990815907968,1.8852091840926055,2.20037541800729,135.6106201559644,763
661440,FC,3,0.3310616914129267,0.5245094146676829,0.4873959385743334,-0.2803160159515455,0.3370784094491339,-0.10131968831064853,-0.014852431604353358,99.76154391702103,228
661440,FF,3,0.31740883829974903,0.4386369188237705,0.4986635465710012,1.0765726827725581,0.2532054583455966,2.8528863512951825,1.3942214974711125,123.69278103747597,228
661440,SI,140,0.34756411369095636,0.3068836190878182,0.45293524366899374,-0.19684836017041257,-0.7871781862493631,0.08228571764030015,-0.30058027625982514,94.44246081428406,228
661440,SL,82,0.27004293783597794,0.5536960530268575,0.5186134082616752,0.6961830129247566,-0.4213409471253292,-0.18353736604245852,0.030434899918989636,100.49255488478484,228
661527,CH,77,0.2871686824933433,0.5388072203270732,0.603933384517165,0.7457663549331964,-0.06670668857488554,0.7673148118088333,0.4821248260557147,108.17271556297884,544
661527,FC,5,0.33267056977944603,0.5298915848027749,0.4830371163566293,-0.3539228307753603,0.4397544018984286,-0.22896180248705186,-0.04771007712132784,99.23401376878634,544
661527,FF,188,0.3465384836144723,0.42142449488196204,0.3762941161875876,0.058146707751910325,-0.0690738732638268,-2.194548084988407,-0.7351584168334412,87.50704430430493,544
661527,SI,113,0.32096050942747106,0.3771921058327405,0.4766536281719092,1.0378056957782587,0.7838332828576267,0.8290676021227077,0.8835688602528643,116.33662935318148,544
661527,ST,161,0.26784205311504383,0.5443788303984035,0.48912303455123535,-0.015523483720517147,-0.21499200309465952,-0.7279289562390945,-0.3194814810180904,94.78737719653668,544
661531,FA,3,0.439868695886868,0.3118855932338414,0.4519983731229065,-0.7830657402652157,0.4490892455988663,-0.46777083340267633,-0.26724910935634183,94.29065385961515,3
661563,CH,109,0.3205874644845818,0.4177143564110522,0.5181096999517979,-0.8737507054208605,-2.3672520778729966,-1.0937779116194002,-1.444926898304419,75.50639189077016,481
661563,FF,243,0.2882252426264445,0.5216167867002319,0.4491079987179091,2.0968848615539173,1.8068911243898242,0.8088433418696858,1.570873109271142,126.69472008796893,481
661563,SL,129,0.29547659545728877,0.5688323875153565,0.49657937337402763,-0.25592066007628267,-0.07726678715951484,-0.746936411239999,-0.3600412861585988,94.17313364940699,481
662253,FF,193,0.2960195861469348,0.5019467272816663,0.43712605270281485,1.824380276834891,1.4385958962706102,0.3146178907845187,1.1925313546300065,120.26534830858807,641
662253,SI,73,0.32156146190533447,0.3563820235033874,0.4737450139071591,1.0099159253968506,0.3188413661480051,0.737488833695394,0.6887487084134165,112.73452797285357,641
662253,SL,375,0.28855507051099344,0.5622316602370934,0.531826967405812,0.0031851839299818796,-0.22731234113148197,0.15432660864160322,-0.02326684951996562,99.62345201018843,641
663158,CH,104,0.3145117761688061,0.4910849355095014,0.5291659990748997,-0.5793150529374078,-0.9733437830611018,-0.8540212762540367,-0.802226704084182,86.40109300501285,488
663158,CU,6,0.3062581683358739,0.46755185606810074,0.4626243458674862,-0.7076546781959779,-0.5842608821877725,-0.4606320493949035,-0.5841825365928847,90.63747524020341,488
663158,FC,17,0.33446157235144086,0.4231034191678801,0.4642499551948258,-0.4358618992650438,-1.597450036681631,-0.7791179800722297,-0.9374766386729682,84.94879403607229,488
663158,FF,255,0.29709040897801126,0.49541926835598504,0.4623622663069465,1.7869423412187575,1.3163780664757725,1.3555488911805764,1.4862897662917023,125.2573483157903,488
663158,SI,101,0.31306895824502917,0.3758520538637124,0.46019986720815015,1.4040468854542607,0.7538904251741682,0.31101500803356574,0.8229841062206648,115.216455572052,488
663158,SL,5,0.29449746061480475,0.5703340206447676,0.5179303759159521,-0.21926695128721696,-0.04313215846380623,-0.2010021551009145,-0.1544670882839792,97.50012258705377,488
663321,CU,1,0.3417272162663887,0.43264982817176256,0.3498806640782793,-1.8687114992012408,-1.1064894757323522,-2.3652675927234776,-1.7801561892190234,71.46995099327447,45
663321,FF,15,0.3697699787327825,0.3616239892623325,0.3953667135398572,-0.754069088610498,-1.1887573673583192,-1.4078509142686753,-1.1168924567458307,81.02002553533578,45
663321,SL,29,0.3403027445314613,0.5435776385142904,0.4767078201109506,-1.933978209465129,-0.6513494063228171,-1.2550419031345406,-1.2801231729741622,79.2826352755229,45
663362,FC,71,0.34304390924475114,0.49623501168160133,0.47093889353839397,-0.8285071704101488,-0.20231412453615433,-0.5832416196414598,-0.5380209715292543,91.36206266764994,675
663362,FF,139,0.3884183902501296,0.3496016864393966,0.37774763765480357,-1.4060518531428612,-1.4138587087661807,-2.134593942156198,-1.65150150135508,71.93511681921292,675
663362,KN,211,0.25785359684473647,0.49186585062224686,0.4844643633159397,1.36439963557302,1.0380242728441926,0.3542085976282619,0.9188775020151582,114.17766051627841,675
663362,SI,131,0.34537741949623746,0.35135968270146917,0.4455523543544534,-0.09536546221832125,0.20661942301043165,-0.15016721331542143,-0.012971084174437007,99.76017285805426,675
663362,ST,123,0.29221375242647224,0.5236957381394924,0.48131467640735304,-1.1713382886508215,-0.6944174372749352,-0.924152134087333,-0.9299692866710298,84.82672893973644,675
663372,CH,120,0.3140172234427844,0.5643697944574064,0.5290828445660282,-0.5553483931935915,0.418935983935636,-0.855824487712095,-0.33074563232335014,94.39338148423008,1124
663372,CU,114,0.298654063967284,0.5181855759647567,0.5204117022039196,-0.45873913746640593,0.17335630859829906,0.5155987343322729,0.07673863515472201,101.22986793795546,1124
663372,FF,386,0.3435842090062157,0.43655218380937605,0.4320966827841186,0.16143358151524237,0.2141716180629473,0.10716889930929958,0.16092469962916306,102.73468288844421,1124
663372,SI,220,0.3489943682799841,0.31603095402656134,0.4260012907356992,-0.26322544245944784,-0.5827851070373943,-0.7657394978044436,-0.5372500157670952,90.06658702858073,1124
663372,SL,263,0.3098456536422389,0.5617321086790592,0.5328570848990755,-0.7938233588998107,-0.23866798227569822,0.1806661880742951,-0.28394171770040455,95.40472022514312,1124
663372,ST,21,0.28624381273394306,0.5474767897568815,0.523448726110305,-0.8882170916840316,-0.14318259993970966,0.1346718819199785,-0.2989092699012542,95.12303100796748,1124
663378,CH,2,0.345354244081897,0.4945350798618886,0.5241639392031718,-2.0739806269780434,-0.9077972807684327,-0.9624913014757422,-1.3147564030740728,77.712970715829,67
663378,CU,24,0.25389020973738463,0.5247490396338611,0.5245449684263989,1.0065772812299105,0.27156345034025414,0.5854240729449683,0.621188268171711,109.95560492987808,67
663378,FF,41,0.3337822622673359,0.44826045379659574,0.4431186953780391,0.504127667103663,0.43339311984216644,0.5617994859631246,0.4997734243029846,108.49292765305786,67
663385,CH,1,0.27070411850106213,0.5821322880916625,0.5441764170923461,1.5436602543512317,0.756391235312497,-0.528519290533435,0.5905107330434312,110.01001399893144,144
663385,FF,1,0.3544961302564714,0.2881565456287635,0.4161167801330842,-0.2200672544397783,-2.5643357698730758,-0.5519623124367288,-1.1121217789165276,81.10109631599369,144
663385,SI,87,0.3496343048499122,0.3137062828912443,0.4375362606913833,-0.2929244363922389,-0.6347288365153834,-0.4025568113995212,-0.4434033614357145,91.80175230750325,144
663385,SL,55,0.2974059274351171,0.556099581156825,0.5077986974343737,-0.3281448006178923,-0.36670473894024075,-0.4600640115369236,-0.3849711836983522,93.76967108363299,144
663423,CH,10,0.33386679617818305,0.4488449764689544,0.5315718406567408,-1.517284160156759,-1.7758266038676458,-0.8018504298919782,-1.3649870646387943,76.86148809696613,508
663423,CU,70,0.25805054471751504,0.5791053749931843,0.571337781484893,0.8703913504485117,1.0848810217216887,1.3759185246887757,1.1103969656196586,117.79601140501411,508
663423,FF,146,0.3258338114999473,0.48958174561557066,0.45754783405924,0.7820201246060519,1.207078357533216,1.1569655436722286,1.0486880086038322,117.82093835846345,508
663423,SI,48,0.35551117339925176,0.33553280337175667,0.43422184774535305,-0.5656656604330104,-0.14702506712569516,-0.5069122975619581,-0.40653434170688785,92.48343716198374,508
663423,SL,54,0.2935160229550239,0.5869779717916801,0.5367745845596628,-0.18252703701252165,0.3352126458041853,0.28083465833363436,0.14450675570843266,102.33868054759678,508
663423,ST,180,0.26682750890044454,0.5452437015244904,0.5115043984843045,0.03259073303991929,-0.19494465185995444,-0.16548775226260679,-0.10928055702754731,98.2169911015759,508
663432,CH,2,0.3101116173684627,0.4652346859141696,0.5166119087046923,-0.36607771091544417,-1.464451769077426,-1.1262576216821814,-0.9855957005583504,83.29272237097489,280
663432,FF,199,0.32949568998114787,0.47326686731585493,0.43847259077661854,0.6539941180298965,0.9016043527389185,0.370159234910976,0.641919235226597,110.90849044542357,280
663432,SL,79,0.3009810126698116,0.5704726848576401,0.49809567899444906,-0.46197737137611067,-0.0399800893418071,-0.7081652491206172,-0.403374236612845,93.47183821307601,280
663436,CH,37,0.30816900317980594,0.5375160304670867,0.528139262113684,-0.2719361344498414,-0.09123696049214988,-0.8762861405169774,-0.4131530784863229,92.99645566468384,278
663436,CU,17,0.2965319299231912,0.47509983788650334,0.4656710533157511,-0.38927242350756736,-0.47132269014827755,-0.40916249292841633,-0.42325253552808706,93.2166538790426,278
663436,FF,128,0.3713934410107299,0.38490554287159373,0.4238904940432632,-0.8108283156956335,-0.7528418007078422,-0.23131596175000832,-0.598328692717828,89.83226787801233,278
663436,SL,92,0.27805540132431183,0.5918149104073839,0.53608491988847,0.3962381119350795,0.4451643380232657,0.2632002840922499,0.36820091135019833,105.95892077682193,278
663436,ST,4,0.27018824039053446,0.6104818898504644,0.5542077776984835,-0.12679016043023528,1.3172492876047492,0.9076434514885552,0.699367526221023,111.41079947283397,278
663455,CH,62,0.30683722971617317,0.5708152248054249,0.5833893652202183,-0.20739668338769426,0.5413875024616112,0.32181628751283,0.21860236886224896,103.70562743412447,266
663455,CU,9,0.30831102957886186,0.4770466579350308,0.46940212968599393,-0.7748537908819987,-0.44219300465130496,-0.3461315491374875,-0.5210594482235971,91.64913074298362,266
663455,FF,172,0.37290269367632217,0.377482483614078,0.40855890935515204,-0.8635945646801834,-0.8918285340172919,-0.8637056711333366,-0.8730429232769372,85.16389622808335,266
663455,SL,23,0.29836516781739847,0.5688990951594812,0.535582311776367,-0.3640537644350249,-0.07575041100959805,0.2503488507569001,-0.0631517748959076,98.97795901118104,266
663460,CH,227,0.3132422845768462,0.5693787985092839,0.5831710150561544,-0.517793861300499,0.5140980009518806,0.31708134862554427,0.10446182942564197,101.77077962582563,684
663460,CU,122,0.26233198534796753,0.5354457896247751,0.5245293460495789,0.7302411029015714,0.4316157177856962,0.5851601563006796,0.5823389923293157,109.33297880843331,684
663460,FF,310,0.3764544517592074,0.3840865419480451,0.40965897483737507,-0.9877705595994062,-0.7681764840227028,-0.81833070796041,-0.8580925838608396,85.41795565756713,684
663460,SI,1,0.3842204422143624,0.30208421234909233,0.4112183779065242,-1.89804208713202,-0.8944187681552487,-1.23118483618124,-1.3412152304895029,75.20177873054706,684
663460,SL,12,0.27268608695069846,0.6030488018802544,0.5722717740671386,0.5972372766140563,0.7005294513280779,1.1884797073536677,0.8287488117652673,113.41237449707867,684
663460,ST,12,0.20417583044567036,0.674306923384728,0.6425474844808956,3.003813075250773,2.79668688961765,3.1276105272313033,2.9760368306999085,148.55667188663952,684
663462,FF,55,0.34418857743586634,0.4320880642604089,0.46426374319461255,0.14030374966907416,0.1305870242062303,1.4339800801836753,0.5682902846863266,109.65727275416435,155
663462,SI,3,0.3688726045352071,0.3259480217370477,0.46642942808704557,-1.1857600274180389,-0.36119269573137486,0.5071549775187374,-0.34659924854355884,93.59159912456977,155
663462,SL,68,0.2627345403919395,0.60312003563093,0.5480568107709595,0.9697713482646965,0.7021487134383013,0.5693154339863342,0.7470784985631107,112.09063163553803,155
663462,ST,29,0.25761070836866995,0.5565133265481004,0.5425095283249588,0.4696925687629293,0.06628054611136461,0.6136677366153032,0.383213617163199,106.25246894767415,155
663465,CH,30,0.3276450268648591,0.55987668053124,0.5911173848576877,-1.2157692350719,0.3335749461984995,0.4893989447553114,-0.13093178137269634,97.78051626988915,159
663465,CU,17,0.3234066204921382,0.37551810169448874,0.39225980918687137,-1.2689983991979672,-1.9613343934435843,-1.6493354465601358,-1.6265560797338958,73.93165557716922,159
663465,FC,34,0.32752327165123124,0.5069315260694401,0.4842413178844891,-0.1184319272671379,0.0017439418112286831,-0.19369841682149955,-0.10346213409246957,98.33891339212724,159
663465,FF,75,0.37675024084397246,0.38957921002753587,0.3966530281576522,-0.9981118900137548,-0.6653337116511132,-1.3547936378115526,-1.0060797464921403,82.90312752807662,159
663465,SI,3,0.3863834132528079,0.32820093776620857,0.40101475252159063,-1.998424010538603,-0.3108523017816736,-1.5524496589425285,-1.287241990420935,76.19970980038822,159
663474,CU,273,0.28796766047374306,0.5008854460107854,0.4699933819458379,-0.10892648694088351,-0.08550035614434585,-0.3361432282728413,-0.1768566904526902,97.16556891112113,1190
663474,FF,673,0.3739406977189253,0.3977624870306103,0.4213063277006033,-0.8998850950914529,-0.5121129304385573,-0.3379063916160163,-0.5833014723820088,90.08763378770763,1190
663474,SL,244,0.34518717275175415,0.4703190925542039,0.4514863088556531,-2.116825762038696,-2.316638494687399,-1.8999430949557308,-2.1111357838939417,65.83362371590438,1190
663485,CH,4,0.3105378497334925,0.5575745560124165,0.5547821746281569,-0.38673347829265775,0.2898387442779432,-0.29853268163518715,-0.13180913854996723,97.76564379232845,438
663485,CU,89,0.28705778853575686,0.47940721509457973,0.4740415208787141,-0.07914240528440088,-0.40687269463739445,-0.26775598764410463,-0.2512570291886333,95.97317617440028,438
663485,FC,58,0.34509686102079223,0.4682873323340003,0.4477941726897736,-0.9224305174859083,-0.7354737314686725,-1.261002939922304,-0.9729690629589616,84.37896246262233,438
663485,FF,161,0.36669838757897966,0.3824653256923885,0.4114753487081391,-0.646680612647993,-0.7985315631814399,-0.7434098065903986,-0.7295406608066104,87.60250995571475,438
663485,FS,87,0.29355869260787565,0.5447638548091482,0.6184539992928298,-0.828826599620241,-0.943658805812246,1.0819581506562175,-0.2301757515920898,95.89372668437639,438
663485,SI,39,0.35423884409166756,0.3004780210892329,0.4541153378241485,-0.5066177763736571,-0.9303083884221908,0.11944140743632345,-0.4391615857865081,91.88018005625914,438
663531,CH,3,0.2927396690051549,0.594955652437327,0.6337571984529599,0.47578919953457594,1.0000119637904952,1.4140463449733207,0.9632825027661305,116.32903654082355,168
663531,CU,1,0.3329341860945144,0.3848503232288702,0.3779564558109378,-1.5808772252630194,-1.8216991567455532,-1.8909691664835864,-1.7645151828307195,71.72062488440565,168
663531,FC,27,0.3247564410251336,0.5150933451075517,0.49625420875726184,0.008151656540145082,0.157447468250443,0.15808257166277026,0.1078938988177861,101.73223867813543,168
663531,FF,30,0.39228665496866283,0.34961507750896736,0.4073935042070029,-1.5412935021587175,-1.4136079791208158,-0.911775732900884,-1.2888924047268058,78.09713479425758,168
663531,FS,31,0.2937200761475397,0.5949153020912131,0.6114321881772643,-0.8343018916080465,0.20204738996366395,0.8446320259942465,0.07079250811662133,101.26291924763868,168
663531,SI,29,0.34788972442614924,0.41404501961296636,0.4852163195076973,-0.21195971917593304,1.6072950425850492,1.0986670249331016,0.8313341161140725,115.37084197345251,168
663531,ST,47,0.2779590432695034,0.5351302837637305,0.4921923925631577,-0.4953163308436229,-0.4293694487086876,-0.6507963283606931,-0.5251607026376678,91.43153886313391,168
663534,FF,3,0.36131525098217415,0.367811326409946,0.4496919084029236,-0.4584762566375204,-1.0729078573115938,0.8329281630753368,-0.23281865029125914,96.04358323781632,3
663542,FC,41,0.3119749221880284,0.48180947474046343,0.49785852928569185,0.5929111447575462,-0.4775109847000658,0.20506289199647626,0.10682101735131891,101.71501354498487,233
663542,FF,131,0.3418669447327418,0.4250494318629575,0.3952483420888961,0.22147229888324343,-0.0012018366865798999,-1.412733442004417,-0.39748765993591784,93.24527120759335,233
663542,ST,61,0.23785885297375275,0.5682774416102437,0.5411845600710261,1.40641374682139,0.3389678165065768,0.5803714307154001,0.7752509980144555,112.64890540065147,233
663546,CH,6,0.28819584098504175,0.5753889547154754,0.5892235962114283,0.6959889363118572,0.6282800980794552,0.44833200283696456,0.5908670124094256,110.01605345129289,460
663546,FC,15,0.34564686368443476,0.389398560628609,0.4373646694719953,-0.9475933545640917,-2.2404397070227713,-1.5664165984835001,-1.5848165533567875,74.55573891059258,460
663546,KC,175,0.2655761802057094,0.5818023933236822,0.5210225176657076,0.0001438148293522995,0.48678863063857297,-0.13987279801319236,0.11568654915157764,101.87796155800328,460
663546,SI,264,0.31905213697800755,0.3930987253806266,0.46575472012215513,1.126371882587194,1.1392595322535477,0.4859115540708107,0.9171809896371841,116.95809636523265,460
663554,FC,3,0.3069286738496795,0.5882037221024995,0.5103876167109093,0.8237789808385317,1.5521786506325135,0.571959986619921,0.982639206030322,115.77629187552712,388
663554,FF,165,0.34496856513437885,0.44030457891070046,0.4128717647532277,0.11303394518710161,0.2844301353570692,-0.6858111202904396,-0.09611567991542294,98.36665281475373,388
663554,FS,66,0.2616904300553711,0.6254332675354602,0.6245975858972346,0.2523743889207271,0.8992281093016093,1.2896016740082605,0.8137347240768656,114.51680796244223,388
663554,KC,27,0.28650037811193774,0.5297931089953204,0.5347829446964586,-0.6680333304220866,-0.3113735048926533,0.08996969815376775,-0.296479045720324,95.18719976782478,388
663554,SI,34,0.3483995405325773,0.32140363187526677,0.43116707560199413,-0.23561991639414756,-0.462735040382491,-0.6030928994744335,-0.4338159520836906,91.97901744221659,388
663554,SL,93,0.28218667450484813,0.6044074669895304,0.553542821495828,0.241584761326809,0.7314141781755318,0.7095899329646003,0.5608629574889803,109.07694095073042,388
663556,CH,309,0.2824872150930196,0.6146782103042082,0.5749247829215197,0.9726362727028905,1.3747048903471355,0.1382612164069168,0.8285341264856475,114.04485598757742,1130
663556,CU,225,0.21782613447811072,0.6020944469178307,0.5682522131675104,2.187111945003711,1.4288596218695286,1.323792472076415,1.6465880129832182,126.3893904303462,1130
663556,FF,424,0.29670350174156873,0.49590308283395673,0.4364078624708294,1.8004693297989227,1.3254368374606624,0.2849943312290993,1.1369668328295615,119.32110949799888,1130
663556,SL,172,0.28333509571347193,0.6163179158911454,0.5670375920211435,0.19859385269843946,1.0021585716581662,1.0546443393813245,0.7517989212459767,112.16702640788436,1130
663558,CH,181,0.3102690568036168,0.571271054956282,0.5682908083485491,-0.3737074279790836,0.5500474508511771,-0.005596995550413148,0.05691434244056014,100.96478071047707,344
663558,CU,1,0.2960774370570868,0.5304825951348104,0.5201154215368137,-0.3743948873717635,0.35735292464139373,0.5105935164751322,0.16451718458158746,102.63666939282467,344
663558,FF,149,0.34081912745806797,0.4401321945284406,0.4482318474922339,0.2581059179360584,0.28120247121851244,0.7727042844759491,0.4373375578768399,107.43192026305354,344
663558,SL,13,0.2624864566364961,0.5964509360190644,0.5361666120254779,0.979058311952201,0.5505489421446277,0.265289110411401,0.5982987881694098,109.68279808568744,344
663559,CH,27,0.3331473980385617,0.47327905047866853,0.456976446348897,-1.4824212031342918,-1.3116233924893104,-2.419456877933132,-1.737833824518911,70.54119436306425,1081
663559,CU,158,0.3210371820867381,0.46067182384318806,0.4742186347837433,-1.1914363335927376,-0.6872047444478361,-0.26476391364596175,-0.7144683305621784,88.54942245622,1081
663559,FF,504,0.3545766312140968,0.4054182929995013,0.43548997501797543,-0.2228817159745472,-0.36876833011224275,0.2471337583421326,-0.11483876258155244,98.04848106172899,1081
663559,FS,8,0.3207172670852625,0.4774345941993,0.44406732927917114,-1.7502410483664106,-2.4817909080397444,-4.812035849738398,-3.014689268714851,46.21875669615035,1081
663559,SI,213,0.36651822908531795,0.39251275307731115,0.39946250354888324,-1.0764951635431321,1.1261662450601047,-1.6013227772985372,-0.5172172319271882,90.43698053069137,1081
663559,SL,171,0.3201879700744838,0.5479755977614965,0.5107252020630004,-1.1809858193328941,-0.5513764482267789,-0.3852347793086122,-0.7058656822894284,88.57635179550249,1081
663562,CH,18,0.29599878725500894,0.5879767166056704,0.6078418351522534,0.31784814684349755,0.8674248060463413,0.8520698427036121,0.6791142651978169,111.51197246910026,194
663562,CU,19,0.30647287708859144,0.45045426708078307,0.4478560409380302,-0.7146830332383975,-0.840086987088313,-0.7101204290270929,-0.7549634831179344,87.90041834413846,194
663562,FC,22,0.34525309233865686,0.4808643270810341,0.4496592632869482,-0.9295781614116707,-0.49554162503792926,-1.2063863267493782,-0.8771687043996593,85.91703911286852,194
663562,FF,6,0.37489800441474164,0.3674517611462835,0.415388532247382,-0.9333542978416757,-1.0796402299997694,-0.5820007251753256,-0.8649984176722569,85.30060098424451,194
663562,SC,1,0.26631326742675426,0.6001895572438583,0.6434790117798735,1.0,1.0000000000000009,1.0,1.0000000000000002,115.0,194
663562,SI,98,0.36944012586209635,0.3050860311760164,0.42389138618354383,-1.2120982822327417,-0.8273444784981812,-0.8321706030655511,-0.9572044545988245,82.30189508317437,194
663562,SL,22,0.3208141367620757,0.5245477328676963,0.4532303368610766,-1.2044262387976752,-1.0839309408122755,-1.85534918748197,-1.3812354556973068,77.64624583775267,194
663562,ST,8,0.3144483653936456,0.4489547306626484,0.4345304253920126,-2.225802916700104,-2.4268827530073573,-2.0998351955350514,-2.250840288414171,63.275550817678486,194
663567,CH,142,0.29979966659722707,0.5683000251436133,0.589855499258755,0.13365265639494123,0.49360325822111106,0.4620348655053252,0.3630969267071258,106.15501991060337,586
663567,CU,25,0.321672520657712,0.41330440302532506,0.4289047184147762,-1.212233739345554,-1.3959492800667002,-1.0302746221317611,-1.212819213848005,80.56249680958491,586
663567,FF,233,0.38318029880716625,0.3726309968799152,0.41509334652314744,-1.222918542475638,-0.9826660538973476,-0.594176401608013,-0.9332536659936661,84.14070160235221,586
663567,SI,6,0.3539219501574474,0.326755297164175,0.42390272062855555,-0.4919109578044342,-0.3431544899121197,-0.8318137339792786,-0.5556263938986108,89.72681942031241,586
663567,SL,122,0.316287126535878,0.5446881033082904,0.502799301005886,-1.0349585543516668,-0.6261066871256771,-0.5878960308986151,-0.7496537574586529,87.86769067365437,586
663567,ST,40,0.2768788004581767,0.5584821737325119,0.5279107431794554,-0.4440863932715048,0.11191760097749145,0.24680187810973442,-0.028455638061426314,99.53572110854935,586
663567,SV,18,0.2719439970014745,0.5247421300611371,0.5202236051437732,0.419667759147756,-0.01917659350987218,-0.043476879578816394,0.11900476201968913,101.93778035928354,586
663568,CH,16,0.28429127372205704,0.586622677170045,0.6174061785551122,0.8852092764595486,0.8417005058702705,1.0594733118225803,0.9287943647174665,115.74441254443157,210
663568,FC,41,0.32188134347954067,0.48804933733990996,0.4813485894108842,0.13968849427928287,-0.3584727400767462,-0.2784079919469783,-0.16573074591481385,97.33918959852674,210
663568,FF,21,0.3330476027870238,0.4494638903740002,0.43127574742553665,0.5298127137103545,0.4559258402255044,0.07330735900559424,0.35301530431381767,105.99898532848329,210
663568,SI,85,0.3327990014331474,0.3457646114388697,0.4671992134913922,0.48838983368825023,0.08160007568890121,0.5313919484150633,0.3671272859307383,106.78795130237333,210
663568,SL,23,0.2826147681682612,0.6050277711860936,0.5588962298133684,0.22555916424624867,0.7455147284453434,0.8464738559516547,0.6058492495477489,109.8049938755267,210
663568,ST,24,0.2522854798615584,0.5774177232302103,0.5756047724828153,0.7222386825774146,0.5508357243284604,1.4453475674650067,0.9061406581236272,114.78448591958615,210
663574,FF,70,0.3363549960129968,0.4525045409379231,0.4366837726751969,0.41418016362105575,0.5128579048035005,0.2963749404423901,0.40780433628898205,106.93004580933041,134
663574,SL,33,0.2737571480883334,0.5732298297826928,0.5179985708626154,0.5571423261222936,0.02269441912074815,-0.19925844506172913,0.1268594333937709,102.05307833327717,134
663574,SV,31,0.2752162601058953,0.5349920455102549,0.5240185108631652,0.23117215703176675,0.25861703741743725,0.06883201228931488,0.1862070689128396,103.03205010266194,134
663623,CH,34,0.3182158218220387,0.4918245933233247,0.5388794243318007,-0.7588178585547172,-0.9592916224446878,-0.6433849564929831,-0.7871648124974626,86.6564139284047,1040
663623,CU,311,0.29256947485120927,0.5559026386908495,0.5308331067931905,-0.25956396619954025,0.7377054254628443,0.6916527470905559,0.3899314021179533,106.24931794134703,1040
663623,FC,44,0.34531025177021246,0.5115804798912514,0.48005786790829136,-0.9321932277718763,0.09043232131695308,-0.3162049960860173,-0.3859886341803135,93.80294484883729,1040
663623,FF,366,0.3635464879758134,0.3911845430835064,0.39233928782245814,-0.536484405593617,-0.6352760238996492,-1.5327246901080516,-0.9014950398671059,84.68039359263673,1040
663623,SI,284,0.33955705874359293,0.3176597522061077,0.4449664468106245,0.17475327579795322,-0.54639034533229,-0.1686147235014207,-0.18008393101191916,96.67036202185342,1040
663623,SL,1,0.2635971133926025,0.5897392538210254,0.5145914755832345,0.9374811077341861,0.3979811975561039,-0.2863761353571342,0.34969538997771854,105.65942956864424,1040
663629,CH,19,0.2843256131922013,0.6452827731078011,0.5458044571487917,0.8835451416698152,1.956136228019669,-0.4932151257466995,0.7821554146475949,113.25866950734428,56
663629,FF,36,0.3795398300068822,0.37299709442012363,0.43014487945818214,-1.095641057720696,-0.975811373175962,0.026661869985741285,-0.6815968536369722,88.4172457257725,56
663629,SL,1,0.2617678720455962,0.6118457231087157,0.5257173662943501,1.0059583763685942,0.9004981613396121,-0.0018927787873052502,0.634854586306967,110.27441287620059,56
663630,EP,6,0.4113619785497624,0.08543471729588044,0.49562866227294117,0.15039594457029035,-0.7093508425303136,-0.0901366837235646,-0.21636386056119591,94.9583009781808,16
663630,FA,10,0.411570165156055,0.256711808492735,0.4581381861721797,-0.10352928064496411,-0.025351539474727073,-0.30907540072712225,-0.1459854069489378,96.88125725947663,16
663658,CH,3,0.2634265226468813,0.604286310720238,0.5883846610384907,1.8963418885082692,1.1772775944617937,0.4301396337527303,1.1679197055742643,119.79793414113344,159
663658,FC,29,0.3088112232637145,0.5814625085512073,0.5371888623833253,0.7376516085031467,1.4235761029020657,1.3567976077308601,1.1726751063786907,118.82732201184344,159
663658,FF,9,0.38494752289243045,0.36760050952394235,0.3935468804329145,-1.2847039467491832,-1.0768551180427341,-1.482914500521312,-1.2814911884377431,78.22290777743552,159
663658,SI,67,0.34857571853787184,0.2978300778898502,0.42777675495101414,-0.24379621035234528,-0.9894754865687663,-0.7098383670853177,-0.6477033546688097,88.02437465597374,159
663658,ST,51,0.2662506728488001,0.5535841886623956,0.5523700618812105,0.05994687427523904,-0.0016156458626811036,0.861461855946629,0.30659769478639565,105.00241244105902,159
663687,CH,78,0.3033311758588735,0.5577288577177334,0.5771176072492354,-0.03748881427667648,0.29277019758780876,0.18581276841421654,0.1470313839084496,102.49239536023403,513
663687,CU,39,0.26188739758155105,0.4882679936525976,0.4526120381955335,0.7447944018721158,-0.2742915180419471,-0.6297749828179636,-0.05309069966259833,99.1491306929423,513
663687,FC,62,0.35970621380879086,0.3664715381415452,0.4190728666006692,-1.5908141241897555,-2.6778199325972136,-2.1020668897733996,-2.1235669821867895,65.90609012686065,513
663687,FF,276,0.3578518846466425,0.40811165634262686,0.4155966908095824,-0.3373905997745889,-0.3183387484950102,-0.5734147025733928,-0.4097146836143306,93.0374905964938,513
663687,ST,58,0.30458135080059257,0.4947868980078927,0.4983064019368807,-1.7578650268802383,-1.3645122692393923,-0.49715194799299844,-1.2065097480375429,80.31472683430695,513
663704,CU,97,0.2222889816465161,0.6188311332872513,0.601252036836979,2.041023469323956,1.6792856489547994,1.881275038611354,1.8671947189633697,129.92499037991422,271
663704,FF,13,0.36096278700043666,0.3725718939024224,0.39879435638705524,-0.4461534675893738,-0.9837726771217639,-1.2664691779312514,-0.8987984408807963,84.72621839841143,271
663704,SI,113,0.34145024726469747,0.3187601804110636,0.43720683528878984,0.08689176413558712,-0.5218017727295758,-0.41292888892929036,-0.28261296584109297,94.77466501928556,271
663704,SL,48,0.2804552682731771,0.6202332517493975,0.5401983864447947,0.3063995928062418,1.0911606941625112,0.3683795280256693,0.5886466049981407,109.52658827450026,271
663734,CH,2,0.2864220828472308,0.5766369803106133,0.6313514532392014,0.7819475318668895,0.6519903270373874,1.36187758836001,0.931938482421429,115.79770990292114,20
663734,CU,1,0.34212982688820887,0.49806515072948904,0.5047886477188273,-1.8818907029280858,-0.12769959002572046,0.2516706419066586,-0.5859732170157158,90.60877652234475,20
663734,FF,13,0.37675447200880746,0.33821715515597955,0.4029914144860402,-0.9982598193182829,-1.6270186416791932,-1.0933509774662842,-1.2395431461545865,78.93575418137372,20
663734,SL,4,0.35004345707873713,0.48302475100627695,0.4183059661854576,-2.2986197538310407,-2.027817660156335,-2.748347550836627,-2.3582616549413338,61.834167326525936,20
663738,CH,216,0.308232399845931,0.5779237499364236,0.5625043693281943,-0.27500841824480393,0.676436622500345,-0.13107633857653664,0.09011728855966812,101.52761883832122,916
663738,FF,394,0.36400031906233493,0.39187723659096474,0.42259202378384775,-0.552351175057911,-0.6223062759229212,-0.2848746281696231,-0.48651069305015177,91.73245331266541,916
663738,KC,38,0.2967774422663295,0.5404987719451434,0.5247617315355387,-0.9962131449612798,-0.14707870805676312,-0.07741614258938183,-0.40690266520247487,93.39467233914891,916
663738,SI,25,0.3582142604812357,0.32466762251494224,0.4133817911427897,-0.6911139792510238,-0.3898026396526693,-1.163068990715713,-0.7479952032064687,86.1700418128762,916
663738,SL,243,0.3025963760904896,0.5907617721888182,0.54815613171021,-0.5224481644078762,0.421224747618719,0.5718550197965242,0.15687720100245564,102.53888239720867,916
663752,CH,29,0.2978497117122806,0.5860526160269096,0.552833720147187,0.22814997242278143,0.8308703752412049,-0.340785056079707,0.23941176386142646,104.05837688234786,144
663752,CU,11,0.3105760886140173,0.4290968009396987,0.44412878173624554,-0.8489990639070552,-1.1596523584088907,-0.7730868874774254,-0.9272461032644571,85.13929455873414,144
663752,FC,52,0.3320910695697451,0.5159385683467466,0.4879044927688768,-0.32741046942258833,0.17357184424511965,-0.08642737811246078,-0.08008866776330982,98.71417485603858,144
663752,FF,52,0.34129412283254423,0.4582445389234607,0.4346852357123058,0.2414992060398178,0.6203315947656205,0.2139402649104714,0.3585903552386365,106.0937252683523,144
663753,CH,12,0.3103538230493282,0.5199744227112524,0.5573251133866465,-0.3778153090235721,-0.4244957797033914,-0.24338887321545047,-0.3485666539808046,94.09128930150719,91
663753,CU,11,0.30735992651626887,0.4674542920031983,0.4708201273432533,-0.7437200344737092,-0.5857207040796639,-0.3221766037648291,-0.5505391141060674,91.1766686537454,91
663753,FC,11,0.338184845009747,0.48739059826399944,0.4697650838665508,-0.6062030803024954,-0.37103954615804213,-0.6176150215999574,-0.5316192160201649,91.46484297888458,91
663753,FF,46,0.3650445320757445,0.41404687646417015,0.40164147601935,-0.5888587825080221,-0.20720978837919263,-1.1490325793360225,-0.6483670500744123,88.98193825214233,91
663753,SI,2,0.35840356374641547,0.28460860603191707,0.3680159308857523,-0.6998994070390657,-1.2849033202333613,-2.5914294513428535,-1.5254107262050935,71.79612052166681,91
663753,SL,9,0.2839643449978429,0.5503702620850484,0.5388106342020834,0.1750380368656085,-0.49694172916370166,0.332895410273247,0.003663905991717953,100.05929622894826,91
663765,CH,17,0.31214663022885913,0.5309052865971365,0.5584187882054154,-0.4646970455852706,-0.21682913692619463,-0.21967245673536834,-0.3003995464156112,94.90779168501282,473
663765,CU,22,0.28936844440149156,0.4895787242392696,0.485183867860359,-0.15478026168141515,-0.25467944871386633,-0.07952273358895497,-0.16299414799474546,97.3877398745895,473
663765,FC,25,0.3285567428045138,0.5130295555807279,0.48480274027701065,-0.16571363692800858,0.11807642784213668,-0.1772579341524974,-0.0749650477461231,98.79643467668728,473
663765,FF,43,0.38455604554605743,0.37211335170990517,0.4031717861764056,-1.2710171787205686,-0.9923582587817776,-1.0859110941684018,-1.1164288438902492,81.02790396634074,473
663765,SI,246,0.35471073034566813,0.311879246874453,0.44141519787970973,-0.5285176765404892,-0.675553133406654,-0.2804270760066557,-0.49483262865126626,90.85085768660664,473
663765,SL,1,0.304150589956384,0.5777357177880414,0.5317522994953137,-0.5806298365991102,0.12512077812585587,0.15241738821528622,-0.10103055675265603,98.36493320584239,473
663765,ST,119,0.2928558751205777,0.5455290293624743,0.5300969107935126,-1.2017906139870693,-0.18833087182664288,0.30174002882395357,-0.3627938189965862,94.08069811173165,473
663773,CH,9,0.29055891658075705,0.5293175040080474,0.6065331649299607,0.5814712604979808,-0.2469941342382572,0.8236912355579211,0.38605612060588157,106.54421157041665,486
663773,CU,4,0.2815274305222147,0.5435065380309005,0.5342728694456224,0.10189036184268303,0.5522262827520165,0.7497623821890882,0.46795967559459584,107.49985454014707,486
663773,FF,52,0.3764149819407637,0.3377421882291663,0.40974227044071804,-0.9863906221543025,-1.6359117542487802,-0.8148949716381355,-1.1457324493470726,80.52993150718959,486
663773,FS,31,0.2673458409168326,0.5725502365345972,0.5633226901732391,0.060502120894087005,-0.3088809195033447,-0.781393016949184,-0.34325727185281385,93.8763828680753,486
663773,SI,274,0.3359726145211034,0.33312658305446574,0.4853941645808012,0.34110474283179326,-0.20079097634483106,1.10426654115741,0.41486010254812405,107.67050088978007,486
663773,SL,116,0.289803359203799,0.5673376987753092,0.5237773739424418,-0.043544243157611406,-0.11124355828814661,-0.05149739475205357,-0.06876173206593719,98.88716811602822,486
663776,CH,489,0.2856699724531698,0.6216061144512858,0.5941139521771973,0.8183957667179023,1.506322538387169,0.5543797208877383,0.9596993419976032,116.26829676515763,1622
663776,CU,62,0.2615625976678655,0.5042963828945564,0.46751846674751874,0.7554265213466874,-0.0344635288066453,-0.37795321157865547,0.11433659365379553,101.83243955780978,1622
663776,FF,343,0.3668664323347213,0.3854194366543536,0.43310951754213045,-0.6525557663741806,-0.7432198354700583,0.14894581221831674,-0.4156099298753073,92.93730939926175,1622
663776,SI,207,0.36098924141174366,0.33706410129415637,0.4323184969704345,-0.8198988396443343,-0.11280890475204869,-0.5668399827021499,-0.49984924236617756,90.75810367211461,1622
663776,SL,481,0.27188918666594203,0.5923637238831925,0.5505926888432763,0.6270690727099678,0.45763978482382645,0.6341565442035834,0.5729551339124592,109.27263932926682,1622
663776,ST,40,0.2249842928031443,0.5910959475483946,0.5738160442288943,2.016982877106755,0.8678912472875754,1.4003970239802288,1.4284237161248527,123.30599574019946,1622
663804,CH,89,0.26475781781530267,0.6193289724393239,0.6151605559995938,1.8318256162458466,1.4630609589102077,1.0107768264781614,1.4352211338780718,124.3290813151488,219
663804,FF,85,0.344402080806958,0.41761032692460376,0.4405868103402278,0.13283927914343,-0.14048900364286376,0.45736552979843015,0.14990526843299878,102.54742356776826,219
663804,SI,1,0.30327136698964396,0.43437676629197386,0.46298448868283754,1.8587460180297588,2.0615987646318836,0.3986898187771733,1.4396782004796052,126.61873930500411,219
663804,SL,44,0.27721869714991954,0.5816603018862199,0.5287809606749095,0.4275599583448824,0.2143331285678978,0.07644176854734468,0.23944495182004163,103.87514928486557,219
663855,CH,1,0.36986180370496957,0.28246623622409517,0.46050100401029703,-3.2616484159362407,-4.936721733187469,-2.3430265935640335,-3.5137989142292474,40.43600843699149,988
663855,FF,72,0.31397158014464477,0.45424366425128454,0.4541934547072365,1.196745549629965,0.5454206339642144,1.0186057441650145,0.9202573092530645,115.63844408210426,988
663855,FS,102,0.2458367869872831,0.6347261102636466,0.5810940035638251,0.7902441434751794,1.1115224311418823,-0.180750694373482,0.5736719600811931,110.23415301268359,988
663855,SI,577,0.3091633541689561,0.3820841420723592,0.4698112092538098,1.5853031492933616,0.8931436292402851,0.6136315763913497,1.0306927849749987,119.05685766281546,988
663855,SL,8,0.24801650374323245,0.6549972865145407,0.5913267266587304,1.5207379831562635,1.8814052588507237,1.6757051361563444,1.6926161260544437,127.39310275942425,988
663855,ST,228,0.26133560426538904,0.5812541873476293,0.5367610320619092,0.2930413730773979,0.6397633591417805,0.4692086603537875,0.4673377975243219,107.62502932105059,988
663878,CU,44,0.25014024863154716,0.5738259513453126,0.5652303464005055,1.1293298831313352,1.0058865863684552,1.27274256169295,1.1359863437309135,118.2061249759396,368
663878,FF,218,0.30194262462736715,0.5080840541521805,0.4301221315299976,1.6172999579931702,1.5535090315957005,0.025723574565774947,1.065510854718215,118.10681833530944,368
663878,FS,1,0.261817114639289,0.5289174417698426,0.4884528841070574,0.2480763354219143,-1.3056689687063758,-3.311874204130637,-1.4564889458050327,74.01663011289371,368
663878,SI,4,0.33820898417237216,0.34820454200085293,0.4468481234086471,0.2373164428257933,0.13611922514246455,-0.10936945763244822,0.08802207011193654,101.62747240085727,368
663878,SL,101,0.27250830340559967,0.6114490871096403,0.5774507145300606,0.603892566576986,0.8914819627151862,1.3209025761937683,0.9387590351619801,115.19276717307072,368
663893,FC,13,0.2981846331140148,0.5182919482395172,0.48965808453397164,1.2238222660462106,0.21846741797010513,-0.03507585489825326,0.4690712763726875,107.53094861376132,110
663893,KC,40,0.21912592879245235,0.5905914195618093,0.5674473927095117,1.4834502012731143,0.6216697012407691,0.6355689190542763,0.9135629405227199,114.83003940994212,110
663893,SI,57,0.30194009303835945,0.33991411545975275,0.39699095272922197,1.9205294804227941,-0.049126621878954946,-1.6791404456339927,0.06408747096994882,101.18493680177819,110
663897,EP,6,0.3919000062055548,0.10360345489943305,0.5338679106296579,0.6912659253003578,-0.4517686816348403,0.5632716920221742,0.26758964522923057,106.23535949627589,6
663903,CH,80,0.32512739406759766,0.46249582148475915,0.4763683660483281,-1.0937615189336896,-1.5164852393516326,-1.9989417156130154,-1.5363961579661125,73.95585518000371,1820
663903,FF,53,0.3676124372436605,0.3820845111390329,0.3978544045542694,-0.6786374700320192,-0.8056618000462475,-1.3052398515740549,-0.9298463738841072,84.198603611487,1820
663903,SI,874,0.35351778022209956,0.29398387311361074,0.3836193748465386,-0.47315372306934234,-1.075417199948662,-2.100149394557396,-1.2162401058584669,77.51248973600349,1820
663903,SL,795,0.29232328095675014,0.593740497246442,0.5579415030108978,-0.13787698885949878,0.4889361425241215,0.8220619780691361,0.39104037724458623,106.32855203968465,1820
663903,ST,18,0.2821763825464796,0.5503743261762981,0.5280226089511183,-0.6953213904603491,-0.07601891674657107,0.2496130525978482,-0.17390908486969064,97.16251953436432,1820
663941,CU,27,0.26486486745110593,0.5173589963680839,0.5295671227248325,0.6473288113618556,0.16098844557598022,0.6702658434910217,0.49286103347628585,107.89894140960334,351
663941,FF,117,0.37252074923258954,0.3781629693930666,0.414148763636662,-0.8502410844606519,-0.8790873592261298,-0.6331380946896304,-0.7874888461254707,86.6177642257363,351
663941,SL,101,0.31287770369016793,0.561545235167306,0.5102512060747372,-0.9073275206031323,-0.2429159292687559,-0.3973546152159562,-0.5158660216959481,91.6512842310248,351
663941,ST,106,0.25167736284509445,0.6001958442530323,0.56982239770151,0.7510783068390475,1.0788230496507822,1.3000371277810638,1.0433128280902977,117.02257114095872,351
663947,CH,150,0.29875919142037605,0.5962583184202086,0.6135343202051963,0.18407541866757313,1.0247602612854838,0.9755117872426728,0.7281158223985765,112.34261998505822,594
663947,CU,12,0.25569726258513553,0.5041920997346696,0.5029913524487523,0.9474245506883858,-0.036023886505051624,0.22130803179036498,0.3775695653245664,106.05119835405218,594
663947,FC,114,0.3249664950738982,0.5366118775293379,0.5244076192122479,-0.0014583983851722273,0.5679578417619737,0.9825164788670253,0.5163386407479422,108.28982708308621,594
663947,FF,126,0.37731463576075575,0.3678170100642517,0.41900851042503245,-1.0178441743313804,-1.0728014385807438,-0.43268563516290437,-0.8411104160250096,85.70654307700214,594
663947,SI,121,0.36990359494805464,0.31785073328601154,0.41720878070443773,-1.2336075477111277,-0.5421229591204393,-1.0425748450714047,-0.9394351173009905,82.63043889039196,594
663947,ST,71,0.26761716950357983,0.5707107584463106,0.5400073736560763,-0.004858498723168144,0.39537108377561436,0.550788866109011,0.31376715038715236,105.11938844741103,594
663969,CU,12,0.27586447346420423,0.510370276485545,0.5077286876194882,0.2872636747137709,0.05641832243656655,0.3013382100110302,0.21500673572045587,103.44585084389243,89
663969,FF,15,0.3579037622330311,0.3883770516751185,0.4299500774116463,-0.3392043356072324,-0.6878424990023649,0.018626770411749042,-0.3361400213992828,94.28778573606039,89
663969,FS,4,0.2591568506753161,0.6319662062176968,0.6199370538583693,0.33833164892978435,1.0484726222817817,1.1320830524670187,0.8396291078928615,114.97875678438666,89
663969,SI,24,0.3512911987918798,0.3251408672883608,0.42057004392350167,-0.36981968733140946,-0.37922819834186766,-0.9367442611770663,-0.5619307156167811,89.61025649933816,89
663969,ST,34,0.2811219077321138,0.5497388261421733,0.5255486439043333,-0.6453134863623948,-0.09074954193394404,0.1874425841817759,-0.18287348137152099,97.01625748037665,89
663971,SI,3,0.33469279269381397,0.3409637318153893,0.4385672430218146,0.4005003493182171,-0.025673417163431873,-0.3700959611467176,0.0015769903360225296,100.02915755383884,3
663975,FF,4,0.34370748595899364,0.38644406026684125,0.44653850593963185,0.15712359251695657,-0.7240351457308242,0.7028581600132179,0.04531553559978341,100.77007209005815,4
663978,CH,158,0.2883992516754796,0.5793693765380356,0.5945059649201256,0.6861313932239961,0.7039009131730928,0.5628805451887432,0.6509709505286106,111.0349024379373,511
663978,CU,69,0.2925230252467916,0.45945574960859176,0.4792119996587062,-0.2580434678160538,-0.7054004991204652,-0.18040849726489763,-0.38128415473380556,93.8892689945281,511
663978,FF,226,0.37948721187080786,0.3754883234237057,0.4039633175707089,-1.093801430909031,-0.9291664833641159,-1.0532623942072414,-1.0254101028267961,82.57463603598293,511
663978,SL,58,0.32981989386857447,0.540184721007932,0.47382784265000827,-1.5415548793935203,-0.7284760872719339,-1.3286814593918908,-1.1995708086857817,80.58628538171078,511
663986,FF,237,0.3387946881437537,0.42663184229964374,0.42575092249946694,0.32888403968368474,0.028426656057448447,-0.154577918378699,0.06757759245414473,101.1483835989905,570
663986,FS,192,0.2764552576423885,0.5964098903479567,0.5923021135557077,-0.24855490260933583,0.23619115088554177,0.19806571999319422,0.061900656089800055,101.10429100616815,570
663986,SL,141,0.2778121518988542,0.5867622114983558,0.5418350439224218,0.4053441034869801,0.330308054026306,0.41022802581158535,0.38196006110829045,106.1815972581599,570
663989,CU,33,0.30023413983633024,0.47316770883758535,0.45946364139323936,-0.5104619203574472,-0.5002325586166633,-0.5140274147765621,-0.5082406312502241,91.85457421961418,213
663989,FC,104,0.3139789780769157,0.5330865823724646,0.4824677672705482,0.5012248036520771,0.5007055680836228,-0.24563440747576346,0.2520986547533121,104.0474488850115,213
663989,SL,76,0.2633102945236978,0.5602145610369678,0.5143202744567351,0.9482181123222069,-0.27316437442119823,-0.29331060997811687,0.1272477093076306,102.05936214556257,213
663992,FF,36,0.3719722148230861,0.3844347434246126,0.39061715658548013,-0.8310633126479434,-0.7616568828606018,-1.603758317396233,-1.0654928376349262,81.89348783900361,154
663992,SI,36,0.34148075578239856,0.3459998379079786,0.4259403303083565,0.08547588586783182,0.0868561051942483,-0.7676588588302441,-0.19844228925605467,96.33092758990486,154
663992,SL,72,0.2971422598270086,0.5785452791237253,0.533819404832972,-0.31827445865334586,0.14352345921934553,0.20527221845848928,0.010173739674829652,100.16465062105364,154
663992,ST,10,0.2686111613273777,0.5567148851934242,0.5124165801229135,-0.05199802934205062,0.07095259126967554,-0.1425647284201491,-0.041203388830841396,99.32773028497559,154
664028,CH,27,0.3008449050808993,0.5710710082518128,0.5788424483716768,0.08299905816118265,0.5462469252980758,0.2232160712239481,0.2841540182277355,104.81682303326238,82
664028,FF,33,0.3904452646667983,0.3231465090887238,0.39512795827849717,-1.4769151105474028,-1.9091960826891128,-1.4176989745583783,-1.601270055931631,72.78872769795234,82
664028,SI,22,0.3689490939633442,0.3031789588104234,0.4387342384247397,-1.1893098465234253,-0.869957151554752,-0.3648380506983494,-0.8080350162588421,85.05994364577893,82
664042,CH,4,0.28191074094514584,0.5613828161192775,0.5716976678534749,1.000572949676318,0.3621887981685101,0.06828099589762986,0.47701424791415264,108.08608384592941,50
664042,CU,4,0.2904213773120957,0.4717425384449002,0.4705569132762313,-0.18924735367420928,-0.5215569564981807,-0.3266232109679849,-0.3458091737134583,94.45781626760035,50
664042,FC,14,0.32514224464567976,0.4948544788968605,0.5016149148350156,-0.009499010065144822,-0.2286506338296549,0.3150634768402262,0.025637944315142144,100.41161770273568,50
664042,FF,16,0.35464529678465473,0.40872757927918324,0.4408310550251535,-0.22528239060996527,-0.30680642550625586,0.4674400151475135,-0.02154960032290254,99.63379566100382,50
664042,SL,12,0.2893214644739463,0.5234054645718974,0.4875159691724697,-0.02550461436634485,-1.109896606715815,-0.9786830386477527,-0.7046947532433041,88.59530197516268,50
664054,CH,1,0.34321118562274977,0.49685615994411164,0.4618245363299137,-1.9701252639419227,-0.8637009574289083,-2.314325700777444,-1.7160506407160916,70.91045094487728,65
664054,FF,28,0.36890495238803905,0.4061954886609365,0.42266999693525414,-0.7238261766544566,-0.3542163937235101,-0.28165842974260535,-0.4532336667068573,92.29794832200221,65
664054,SL,36,0.28721383089608665,0.5356432902489083,0.4890621782231471,0.05339420941663679,-0.831710392422979,-0.9391472610532542,-0.572487814686532,90.73492371079895,65
664062,CU,69,0.30192802134377367,0.47423062786961107,0.4624859171576335,-0.5659100587468591,-0.48432841938454746,-0.4629705949951396,-0.5044030243755153,91.91607843641665,936
664062,FF,348,0.38909934542648744,0.3623423204218154,0.4151459810537091,-1.4298592985111398,-1.175307589062419,-0.592005358225184,-1.0657240819329141,81.88955817608539,936
664062,FS,314,0.27680559145266226,0.5877314798947786,0.6039593303461864,-0.2604407486407367,0.03793349004933461,0.5920612347822513,0.12318465873028306,102.19758108115045,936
664062,SL,205,0.3181502726300452,0.5491774798369046,0.5223573204185151,-1.1047050401307232,-0.5240556615602173,-0.08780743980686231,-0.5721893804992676,90.7397535350177,936
664076,FC,45,0.3165672955020961,0.5138735611589047,0.5208028038625346,0.3828082686391332,0.13417757444228195,0.8769544188719945,0.46464675398446986,107.45991281936399,328
664076,FF,91,0.29191221811640633,0.5461270069364651,0.45595969639005024,1.9679814173934171,2.265811809938722,1.0914588175567983,1.775084014962979,130.16498954142182,328
664076,SI,39,0.3081278458795864,0.4049752185822016,0.43918996104511365,1.6333603409722166,1.4046344236252917,-0.35048945974763357,0.8958351016166249,116.56342439738332,328
664076,SL,112,0.2664460180093358,0.5832341711859493,0.5787546937867997,0.8308329570824825,0.2501098060463105,1.3542446613792671,0.8117291415026866,113.13693013065806,328
664076,ST,41,0.24066377254729426,0.5874661304880613,0.5696686314606697,1.2733919362241355,0.7837536048905351,1.2961729991297546,1.1177728467481418,118.23745217245177,328
664079,FC,10,0.33002031001118703,0.4702666388783595,0.4566608105013178,-0.23267240932847572,-0.6977143781404644,-1.0013556454524526,-0.6439141443071309,89.66194568563137,36
664079,FF,1,0.3857407653727542,0.30428318506520574,0.38938769781297217,-1.3124371627812776,-2.2623862829063546,-1.6544704317445955,-1.7430979591440758,70.37856728806639,36
664079,SI,19,0.3426605150050243,0.35920431969446365,0.44657957800491227,0.030724112580594078,0.38190430336472747,-0.11782470645622609,0.09826790316303183,101.81691137330185,36
664079,ST,6,0.2577156661486383,0.578472780506675,0.513634333927096,0.46471500218335454,0.5752915110416983,-0.1119627098023564,0.30934793447423214,105.04728503294172,36
664092,CH,5,0.2942013471036292,0.5614182257030754,0.5939770545509226,0.4049544031663051,0.3628615162140563,0.5514110860941537,0.4397423351581716,107.45427082784684,115
664092,FF,4,0.3667482407999636,0.3706454524808704,0.3921045948227254,-0.6484235729429071,-1.0198426842178858,-1.5424051922162498,-1.070223816459014,81.81309168561238,115
664092,SI,64,0.36723051934057993,0.2935126388657426,0.3989389533683395,-1.109552039745391,-1.0859467169715888,-1.6178069434271154,-1.2711019000480317,76.49812986249125,115
664092,SL,42,0.27799116390479073,0.5114951730125734,0.5117163238045637,0.398642826348586,-1.3806374235454204,-0.35989230137760503,-0.44729563285814644,92.76101943842005,115
664123,CH,41,0.2921070432984625,0.4685846750267139,0.5992165794738726,0.506447053105527,-1.400808035187315,0.6650305578950424,-0.07644347472891516,98.70417215243549,224
664123,FF,17,0.3331147249031655,0.360624387335833,0.4791057285858242,0.5274660010800244,-1.207473559908356,2.046175037140618,0.4553891594374288,107.73868116433542,224
664123,SI,93,0.308912515268786,0.3453891774237005,0.5041356681587364,1.5969444014491745,0.0732111717168454,1.6943495359854894,1.121501703050503,120.7358571197886,224
664123,ST,73,0.29065096594348544,0.4925853737964166,0.46007816249412165,-1.0972239755329791,-1.4155426803468316,-1.457823383495562,-1.3235300131251242,78.4054377565206,224
664126,CH,4,0.3221834019628598,0.3577508389932652,0.4656914835099218,-0.9510918836243996,-3.506450450596724,-2.230470675267405,-2.2293376698295093,62.20949081090229,422
664126,FF,236,0.27284660100192015,0.5495714465715753,0.5026393796409852,2.6345504569201994,2.3303042781189878,3.0168795699240087,2.660578101654399,145.21268285558568,422
664126,SL,182,0.20344608627092745,0.556716836324536,0.5151261081440336,3.1892222733204316,-0.3526734981879917,-0.27270585318586493,0.8546143073155249,113.8309786723699,422
664129,FC,13,0.3194656254154784,0.4896787707018663,0.48097277771768243,0.2502085409827867,-0.3273879390820643,-0.2894131205474643,-0.12219750621558063,98.03811662236991,59
664129,FF,19,0.3142628365636943,0.45639001905007004,0.4405980794677169,1.1865626895454444,0.5856082212725359,0.4578303532594628,0.743333754692481,112.63188375709198,59
664129,SI,17,0.35089197134868316,0.3014291943334991,0.428390900396128,-0.351291830086694,-0.9090548506910888,-0.6905017764000614,-0.6502828190592813,87.97668199095067,59
664129,SL,10,0.2826435395738802,0.6315904967974656,0.5336746746896508,0.22448211267249782,1.349329840226848,0.2015715424373143,0.5917944984455534,109.57753341637462,59
664139,CH,45,0.2950627807671056,0.5587389060412512,0.5457445097451072,0.3632082223890075,0.3119592888231822,-0.49451508947291917,0.06021747391309018,101.02077358313822,473
664139,FC,110,0.3343588138701715,0.464273110975562,0.4846076411002333,-0.43116065853748525,-0.8120532805248188,-0.18297114523433264,-0.4753950280988789,92.36752342728033,473
664139,FF,196,0.3363519680015848,0.4581489693647794,0.43950927062719775,0.41428602846909357,0.6185421841864864,0.4129196985400037,0.48191597039852785,108.18946601083492,473
664139,SL,16,0.2598092572355399,0.6062011044191177,0.5564932417729351,1.079278713632486,0.7721865522491497,0.785030676138947,0.8788319806735275,114.22291468472277,473
664139,ST,106,0.2441198743523436,0.6053151303566591,0.562862308925446,1.1094881565747112,1.1974859619562142,1.1251308654683956,1.1440349946664403,118.66594233304139,473
664141,CH,28,0.31961269666316594,0.5095561028800659,0.596298512183315,-0.8265122059123795,-0.6224250124985707,0.6017520604915143,-0.28239505263981196,95.21299398643512,643
664141,CU,90,0.3059100678269132,0.48647624069558576,0.4511338427896797,-0.6962598284916396,-0.30110098107655225,-0.6547468789392733,-0.5507025628358218,91.17404910816943,643
664141,FF,27,0.38762459192687876,0.3593044183452537,0.40984334045092335,-1.3782992038197377,-1.2321881919362017,-0.8107260852717657,-1.1404044936759017,80.62047242003837,643
664141,SI,289,0.3664236181213285,0.2901921229461176,0.45782218862432567,-1.072104337049479,-1.1601421496226818,0.2361529408761819,-0.6653645152653263,87.69783096753986,643
664141,SL,209,0.2866564160229461,0.6200124972067438,0.5344902764241658,0.07426091903443977,1.0861425747571876,0.222426063219834,0.4609431856704871,107.4598509709117,643
664161,CH,2,0.312612899506193,0.5313276657603749,0.47759781611931723,-0.4872930531105924,-0.20880469679735625,-1.9722810031008016,-0.88945958433625,84.92236907396774,152
664161,FF,60,0.39578271045589697,0.30138361311120054,0.4184108106131745,-1.6635220318865789,-2.316676841542923,-0.4573392647784026,-1.4791793794026349,74.86348244170406,152
664161,SL,90,0.28663018888177866,0.5060120503721335,0.471501841158155,0.07524272659863883,-1.505277957746908,-1.3881561323839366,-0.9393971211774019,84.7969061169797,152
664192,CU,45,0.2908966744724543,0.5637281626354531,0.5142421611153837,-0.20480590520679834,0.8547963972389719,0.4113735834699692,0.35378802516738095,105.67005847978217,214
664192,FC,2,0.37416296536841354,0.3746936930769369,0.4384115058314174,-2.2522161649824044,-2.5209653745149887,-1.5357614353592401,-2.1029809916188773,66.2365986123283,214
664192,FF,51,0.38627049693156335,0.3348333400677396,0.4080273556694697,-1.330957552351786,-1.6903759973087495,-0.8856309376761339,-1.3023214957788898,77.86892678397624,214
664192,SI,116,0.3699826295304342,0.33348594850491414,0.4306768501974408,-1.237275485586338,-0.19276111721411934,-0.6185278230202802,-0.6828548086069125,87.37444650657307,214
664199,CH,74,0.29037700122844434,0.5561841820274391,0.5870718208235305,0.5902871119161442,0.2634241533838184,0.4016706000185104,0.41846062177282434,107.09351489744971,466
664199,FF,162,0.35093978097459466,0.4474284429724122,0.4594592938539225,-0.095730742759745,0.4178148437541382,1.2358085027431542,0.5192975345791825,108.82471171359957,466
664199,SL,179,0.30858660588482933,0.5395204648868168,0.5121571357841992,-0.7466911684708192,-0.743575738184678,-0.34862096366280815,-0.6129626234394351,90.07988410774328,466
664199,ST,51,0.2705994534586615,0.5536380776496785,0.541916085731591,-0.1462917202537293,-0.0003665216600587042,0.5987545897801566,0.15069878262212288,102.45878386517734,466
664202,CH,27,0.24792186537863062,0.6414073953286091,0.6011348274020065,2.647717476267803,1.8825110597530115,0.7066279010860372,1.7456188123689504,129.59077248021185,61
664202,FC,9,0.3272006594381026,0.507029020977431,0.5115169620006684,-0.1036722922780536,0.0036038581991262733,0.6050313102987179,0.1683209587399302,102.70239631957834,61
664202,FF,24,0.3657403236360672,0.4152671048935388,0.43518411442782906,-0.6131849351465715,-0.18436266330504547,0.23451777025940923,-0.18767660939740258,96.81070703588063,61
664202,SI,1,0.27161844242261746,0.4620277940054154,0.44818429587708913,3.327735381736252,2.679448524761291,-0.06729958588996099,1.9799614402025274,136.60823466879896,61
664208,CH,1,0.38140099737735106,0.33212836311472055,0.41748101434335455,-3.82085254911054,-3.9932311479767724,-3.2759181390222567,-3.696667278703189,37.33612424198021,745
664208,CU,293,0.25150422309724635,0.6498130186197277,0.5987577156229562,1.0846810428190865,2.142858323029596,1.8391372197525668,1.6888921952004161,127.06738733823303,745
664208,FC,141,0.3315330685152822,0.5049063986789784,0.49526050672392663,-0.30188170283459487,-0.03688953863120251,0.12898337420499761,-0.06992928908693326,98.87728388149668,745
664208,FF,111,0.3499582704069563,0.4506027867701536,0.43927075378930763,-0.06141532813521765,0.47725013310636705,0.403081472625019,0.2729720925320561,104.63876652987673,745
664208,SI,28,0.3428189034150824,0.3668324763470879,0.39896420031012186,0.023373420886464776,0.5523520280170139,-1.6170120343657783,-0.34709552848743325,93.58242322231335,745
664208,SL,6,0.2715240490718857,0.6093940126971552,0.5817528204581844,0.6407379224534074,0.8447666894315308,1.4309052327477187,0.9721366148775523,115.73294604584376,745
664208,ST,165,0.24971489990378343,0.5811784762897656,0.5448415488869617,0.8441470622307049,0.6380084084635068,0.6722711558042855,0.7181422088328324,111.71712501758303,745
664285,CH,275,0.2769720357557922,0.5471201111980368,0.5550815181220359,1.239908940805925,0.09122320214267636,-0.292041396611886,0.3463635821122385,105.87136543275759,2251
664285,CU,616,0.21790556693420737,0.5875239590551768,0.543653880733999,2.1845117738589743,1.2108457744686905,0.9082405092881735,1.4345326858719458,122.99084095965284,2251
664285,FC,31,0.3155063321684456,0.5478317749269611,0.5277400520051795,0.431347756309553,0.7820005181480344,1.0801021902807424,0.7644834882461099,112.27379751446594,2251
664285,FF,29,0.3350788877683841,0.37202731410376066,0.4377853294310344,0.4587952548523471,-0.9939691964565217,0.34181141494025963,-0.06445417555463831,98.90469436087665,2251
664285,SI,1107,0.3341726061626758,0.33403324563051395,0.41965064776923433,0.424641830455836,-0.18053200944728653,-0.965691780456267,-0.24052731981590583,95.5528019943776,2251
664285,SL,193,0.2582835240129534,0.5901581211497238,0.5587385037752794,1.1363942188764946,0.40750275142824594,0.8424408815229939,0.7954459506092448,112.87340486079363,2251
664294,CH,52,0.35761916000317967,0.40855045901573256,0.43839150799715504,-2.668354191626,-2.5413495533065955,-2.8224725921494715,-2.677392112360689,54.61431769879787,395
664294,FF,158,0.34167694259876663,0.44029228573457774,0.4477711494859162,0.22811512293616382,0.28419996227990224,0.7537016383532262,0.4220055745230974,107.17137534595871,395
664294,SL,185,0.27984625873701663,0.5792620082649789,0.5582065119731737,0.32919773788252144,0.15981590950757155,0.8288381222059834,0.4392839231986921,107.10931998314057,395
664299,CH,84,0.2869084120809081,0.5829907165301641,0.5516515517048346,0.7583793931149803,0.7726998229730118,-0.36642046310133,0.38821958432888726,106.5808854205969,1509
664299,FF,936,0.34378791705430867,0.46581065378057246,0.4459737100413154,0.1543115734970483,0.7619968504712571,0.6795617349362857,0.5319567196348636,109.03983628324733,1509
664299,KC,84,0.3176066378036678,0.43640466425274704,0.4204303313529733,-1.6613565580753364,-1.744562241331859,-1.820079316702095,-1.74199937203643,71.72179584625763,1509
664299,SL,1,0.2794399987453632,0.5869343968920474,0.49095705323375416,0.3444059960106216,0.3342221155672838,-0.8906962725171886,-0.07068938697976107,98.85597117283108,1509
664299,ST,404,0.2868820369511958,0.49589401731524896,0.46183557602538566,-0.9184845338405931,-1.3388497064091196,-1.4136597755329459,-1.2236646719275528,80.0348290850672,1509
664337,CH,25,0.27528630211680516,0.5789036479093628,0.6145193456995155,1.3216017561894422,0.6950529116087699,0.9968721353697979,1.0045089343893365,117.02788439333824,116
664337,CU,29,0.2790887095069818,0.506877931030842,0.4887227265077955,0.1817203498032295,0.004163403026204594,-0.019739020162553956,0.05538157755562671,100.887584545278,116
664337,FC,10,0.3573272155984271,0.41594508641194866,0.4494621700847218,-1.4819740251614706,-1.7340099932696604,-1.2121579301242071,-1.4760473161851126,76.30203116330148,116
664337,FF,34,0.38629691031454794,0.37733292236076393,0.4152474190409676,-1.3318810128000353,-0.8946288659702857,-0.5878212937212323,-0.9381103908305177,84.05816857705636,116
664337,SI,7,0.39036556211591483,0.282974116895382,0.4258912844420889,-2.183232662649498,-1.3214252438091496,-0.7692030856064344,-1.4246203306883605,73.65967118306767,116
664337,SL,11,0.3073299039485715,0.491850259879741,0.4432883097101936,-0.6996467933678048,-1.8271991052337206,-2.1095617560240862,-1.5454692182085372,74.9883057036692,116
664350,CH,53,0.29949510059346857,0.5683113641609604,0.6371176855820144,0.1484123157751085,0.4938186790414086,1.4869187481418684,0.7097165809861284,112.03072613825361,160
664350,FC,59,0.33221528345644824,0.5109653675840262,0.45661750632904025,-0.3330933033442628,0.0786977857993305,-1.0026237485835494,-0.41900642204282723,93.2728436120796,160
664350,FF,41,0.37009335823959105,0.37689670934143493,0.4166320058810843,-0.7653750309233877,-0.90279636409745,-0.5307105326844858,-0.7329606425684411,87.54439230426397,160
664350,SI,7,0.35385425956057875,0.31064208146829625,0.4876010552995744,-0.4887694861021154,-0.7031970371832496,1.1737512908295313,-0.006071744151944558,99.88773729111585,160
664351,CH,3,0.3313190260925625,0.48719515764109406,0.45490797542635714,-1.393815952350622,-1.0472425269768808,-2.4643118174764207,-1.6351234322679744,72.28228458672324,26
664351,FF,12,0.33712326285900823,0.4946298014884299,0.4235897192138823,0.387320141699341,1.3015963683684268,-0.2437221748591792,0.48173144506952953,108.18633026933061,26
664351,SL,5,0.32132442012735174,0.5479208335885601,0.4830112951568829,-1.223528590240181,-0.552621329331489,-1.093865257984736,-0.9566717258521353,84.51733592164753,26
664351,ST,6,0.27198371246794517,0.5587160075804692,0.5001409362272734,-0.21193946341450218,0.11733777184361113,-0.45105030387022527,-0.1818839984803721,97.03240176850754,26
664353,CH,218,0.3091839397577092,0.5360124505911993,0.5285346834240849,-0.3211212634447464,-0.1198022585539183,-0.8677114011871234,-0.43621164106192933,92.60557956157314,1006
664353,CU,119,0.3158665982192967,0.417258962338643,0.4154064778223188,-1.0221805452887103,-1.3367783930793762,-1.2583071681405256,-1.205755368836204,80.6757070130396,1006
664353,FC,24,0.3254501179948736,0.5243075770198481,0.4841017681767847,-0.023584336261882617,0.3332279401616721,-0.19778493809592598,0.037286221934621167,100.59863103015466,1006
664353,FF,468,0.3671256534590996,0.4335009743127153,0.45683241724580026,-0.6616186136381479,0.15704185176689117,1.1274563807290185,0.20762653961925392,103.52831321973623,1006
664353,SI,39,0.3641894929149497,0.31709969761149925,0.4753167074651512,-0.9684202001094785,-0.5589045129981086,0.7869741718271674,-0.24678351376013985,95.43712892550177,1006
664353,ST,138,0.28582877768954,0.49920461060551763,0.4695117451545645,-0.8685342766797861,-1.2621115375844099,-1.2207584930260555,-1.1171347690967504,81.77295862852932,1006
664584,CH,5,0.30100587594327044,0.5369624045017989,0.5997788268229977,0.0751982036028585,-0.10175485246902116,0.6772229317778767,0.21688876097057136,103.67657929321098,24
664584,FF,13,0.3663194335702247,0.3973928028356005,0.42962150392236464,-0.6334316835352445,-0.5190347664145424,0.0050739317701551994,-0.38246417272654387,93.50057367819551,24
664584,SL,6,0.33806670153092816,0.493106751121593,0.45225591887059563,-1.8502724057032651,-1.798636961018876,-1.8802645590087734,-1.8430579752436382,70.17216382954314,24
664670,EP,7,0.41441064780075026,0.1563188389331899,0.4747440194629579,0.06567001598140755,0.2955888303804548,-0.4470004068072881,-0.028580520148475244,99.33401825932528,10
664670,FA,3,0.3961272638663323,0.4489292549683199,0.48192432991319073,0.2673032042111035,1.6275311952993814,0.3057238354010049,0.7335194116371632,115.67045904031049,10
664744,FF,2,0.3839282551960562,0.3922443550070429,0.46299727816780123,-1.24906847346169,-0.6154324806832049,1.3817415499506966,-0.1609198013980661,97.26540034991999,5
664744,FS,1,0.3361078440808714,0.4705059511375132,0.4814473432818332,-2.2724002666310565,-2.640075259028909,-3.5486504186782106,-2.820375314779392,49.68526521574677,5
664744,SL,2,0.2418460763190258,0.6573046171066619,0.6054106027383149,1.751726647942367,1.933854736354722,2.035822671432042,1.9071346852430437,130.86484620154476,5
664747,FF,356,0.28973360105049245,0.5148852115613551,0.41134408494535735,2.0441498768984325,1.6808514948890483,-0.7488241101008829,0.992059087228866,116.85861161414115,697
664747,SL,341,0.2793747998893031,0.6128898966840829,0.5737348178701983,0.3468467016006141,0.9242339704336812,1.225888991941309,0.8323232213252014,113.47022232617138,697
664776,FF,20,0.33313836401154623,0.4406443738066872,0.41125657169168806,0.5266395343743321,0.2907923346808323,-0.7524338140017477,0.021666018351138905,100.36818269527369,175
664776,SI,55,0.3383105759146748,0.3058945936578741,0.4470809003294221,0.2326016434534022,-0.8092775140206707,-0.10204039238607782,-0.22623875431778206,95.81698853266812,175
664776,ST,100,0.2753840655915033,0.6023335085644297,0.5645484042360545,-0.3731993916607262,1.1283732149642802,1.1675022544218883,0.6408920259084807,110.45671998941056,175
664849,CH,1,0.24299582923937235,0.5472449589640108,0.7005131794868575,2.886439508972076,0.09359508387944675,2.861654556816919,1.947229716556147,133.00836992649337,147
664849,FC,1,0.357285505310016,0.42346605068432924,0.45145921973322994,-1.4800657631453893,-1.590532092820651,-1.1536770776096272,-1.4080916445252225,77.3930608150034,147
664849,SI,73,0.3411035326235619,0.38302663825290534,0.4543425434874715,0.10298254017086128,0.9142032818907451,0.12659505963386586,0.38126029389849075,107.04926168032016,147
664849,ST,72,0.2480754525312581,0.5734160601454221,0.49792293348818295,0.921896977033745,0.4580788464954946,-0.5067884677608524,0.29106245192279573,104.74894121965963,147
664854,CU,32,0.25571073152773294,0.5664939058386494,0.5382131913184801,0.9469836533825128,0.8961793847089419,0.8163282151661548,0.886497084419203,114.2076326874975,575
664854,FF,306,0.25520826159214194,0.5381070904946071,0.48340812227531005,3.2512192428620974,2.1156497340345046,2.2236380685424844,2.530169015146362,142.99656874635951,575
664854,SL,237,0.26454699845912866,0.6326631082254487,0.5792705844628184,0.9019223582128195,1.3737120892008938,1.3674357231061516,1.2143567235066217,119.65300814612743,575
664871,CU,12,0.2594038584977066,0.554391989694972,0.5468872729861055,0.8260914809248077,0.7151020368345462,0.9628638257450503,0.8346857811681347,113.37726789714515,27
664871,FC,8,0.3055926188745189,0.5374667497246829,0.5148719677876101,0.8849040187516446,0.584266291489725,0.7032780407985167,0.7241494503466287,111.62623373875276,27
664871,FF,7,0.33705028934556014,0.42180981304368703,0.45050232681990154,0.38987142994130575,-0.06185931243047014,0.8663559057136427,0.3981226744081594,106.76551994637586,27
664874,FA,2,0.4034704869117588,0.0608694731711384,0.4154846479575206,0.09096939246809334,-1.7094047860775266,-1.4115392131912312,-1.0099915356002214,78.42315998923772,2
664875,FF,2,0.3320100593049653,0.36889612719825393,0.40702629312999183,0.5660871420779271,-1.0525964314387937,-0.9269222758706677,-0.47114385507717804,91.9935905336826,690
664875,SI,370,0.3500748249878641,0.30699535431595915,0.39425061760090674,-0.313368657771515,-0.7846815129025227,-1.7654208848007091,-0.9544903518249155,82.35207712674607,690
664875,ST,318,0.24734448913521898,0.5587290311755045,0.49957327384666034,0.9565625251438012,0.11763965333339158,-0.46531559680585505,0.2029621938904459,103.31150762398768,690
664901,EP,3,0.3770852638662776,0.07754413952386387,0.5427159925808845,1.1029841860115142,-0.821217286835855,0.7144621862045918,0.33207636179341693,107.738025491321,19
664901,FA,16,0.42050747339176087,0.14141717725997818,0.5079658810205034,-0.3181420764398222,-1.0167730200476526,0.9788184699366209,-0.11869887551695124,97.46418998950858,19
664942,CH,7,0.274340028954938,0.6116089787928903,0.6248687127687206,1.3674593679300753,1.316395043063751,1.2212988987059168,1.3017177698999143,122.06600552745181,117
664942,CU,41,0.258602537608632,0.5788506431952991,0.5615987572973358,0.8523222127419317,1.0810695460981015,1.2113923061851155,1.0482613550083828,116.80018192300656,117
664942,FC,5,0.3291905103813184,0.5516075454775466,0.5087386951970745,-0.1947087515606434,0.8540311263992472,0.5236735877661294,0.39433198753491105,106.3310078541844,117
664942,FF,4,0.31466807529334617,0.49767867451408354,0.4993811594796714,1.1723947982476661,1.3586823874086031,2.8824860977007556,1.8045210944523415,130.6652301990141,117
664942,SI,60,0.27827090356562667,0.5455784733750307,0.5699965240044962,3.018999465696084,4.546350823733414,3.768002319381212,3.777784202936903,169.84884039713896,117
664944,CH,13,0.30201194149413796,0.5458817385499853,0.6060383163098062,0.02644297596195829,0.06769636171974684,0.8129604079217976,0.3023665818678342,105.12555242087947,47
664944,FF,14,0.3632173444730791,0.38966540840969205,0.4106566430667274,-0.5249769433821051,-0.6637197636632514,-0.7771793766104069,-0.6552920278852544,88.86425825419417,47
664944,SL,20,0.29998859754096024,0.4689498959504964,0.4441210676950231,-0.424826517834328,-2.3477626199904345,-2.088268558662555,-1.6202858988291058,73.7774812356691,47
664948,CU,52,0.27814737261701517,0.49740737852941724,0.48050011630811107,0.21253441673563603,-0.13754163851460657,-0.15864769687701558,-0.027884972885328707,99.55309559476426,179
664948,FC,70,0.32784160321319566,0.512545707487137,0.5100719997498382,-0.13299572079043737,0.10884602784414446,0.5627175779670938,0.17952262834026694,102.8822393464224,179
664948,FF,48,0.3746615925001686,0.3642645285035224,0.41646502742469643,-0.9250889025028648,-1.1393168455226872,-0.5375979784154072,-0.8673345754803197,85.26090135580253,179
664948,SL,9,0.2738829459019372,0.5617677079646115,0.5336978270383251,0.5524331111847103,-0.23785875106578422,0.2021635361962293,0.1722459654383851,102.78760869551007,179
665001,CH,8,0.3220962226009573,0.46971243741539664,0.5519860726898885,-0.9468670598726301,-1.379382589627557,-0.35916635167194083,-0.895138667057376,84.82610037916083,175
665001,CU,20,0.3304397450520959,0.5225260351827007,0.5207461860944791,-1.499223277500755,0.23830130031788696,0.5212493383973545,-0.24655754626183785,96.04849342971738,175
665001,FF,80,0.3555607755995501,0.37421373390923557,0.45205325997824,-0.2572892137139647,-0.9530314461484716,0.9303280383552974,-0.09333087383571292,98.41397657270616,175
665001,SI,37,0.3418119141105359,0.34118598918432674,0.48771462157074946,0.07010706708123055,-0.020707176360084213,1.177326965808209,0.40890895217645173,107.56046788361546,175
665001,SL,8,0.336185612277667,0.5204658596111713,0.49555765303786514,-1.7798542215026554,-1.1767187364898164,-0.7730612796441768,-1.2432114125455493,79.88001091840374,175
665001,ST,22,0.2435930719649037,0.5130250008518826,0.47328798908903663,1.1344714780450427,-0.9417606678275088,-1.1258618999781558,-0.31105036325354063,94.92493833647545,175
665019,EP,44,0.4102850006456245,0.0951714657759846,0.5486102900847957,0.18032636518519524,-0.5713108329090318,0.8151802579162769,0.1413985967308134,103.29486248292709,48
665019,FA,4,0.41600806212286845,0.1680602724129922,0.4891963510129695,-0.2100971028995731,-0.7876683639052444,0.4936833914320732,-0.16802735845758143,96.41036651983855,48
665048,FC,13,0.3393932505361284,0.5073715175183732,0.47856335494891267,-0.661488105984616,0.010137685887405072,-0.35996975277288457,-0.3371067242900318,94.5877448783188,91
665048,FF,35,0.38669349020560545,0.35182940644412763,0.4347089333615591,-1.3457461751753454,-1.3721476681501181,0.21491773396075084,-0.8343253697882376,85.8218451399158,91
665048,FS,43,0.27060026125014675,0.611391682993887,0.6160375394743419,-0.04991125591645818,0.5784491232573742,1.0002856256217811,0.5096078309875657,109.09126623175098,91
665152,CH,155,0.2928988671971892,0.5871536837811786,0.6274867124270465,0.46807425085557647,0.8517886710306666,1.2780704080942942,0.865977776660179,114.67958020416603,1575
665152,CU,130,0.3023778783277131,0.4453268564544772,0.4306418456550134,-0.5806358422159554,-0.9168068971134312,-1.0009284607102629,-0.8327904000132165,86.65310882910154,1575
665152,FC,479,0.33835375359971026,0.5069193138144595,0.47690880469707936,-0.6139307143873983,0.0015109678678741623,-0.4084209814780427,-0.34028024266585555,94.53679397806764,1575
665152,FF,510,0.3583127622259104,0.4346549919553461,0.42709494497911543,-0.35350372758510196,0.1786492695129286,-0.09914033625004551,-0.09133159810740629,98.44795137667398,1575
665152,FS,56,0.280977140291261,0.5921697859030453,0.5692736482918491,-0.40196972972682343,0.13932627067680534,-0.580260032157744,-0.2809678304025873,94.98760970019376,1575
665152,SI,220,0.3693905401249743,0.3085918937460213,0.4616823529577944,-1.209797043992667,-0.7490075584251804,0.357691606167877,-0.5337043320833236,90.13214447718617,1575
665152,ST,25,0.2881109287256947,0.55182272838114,0.5163974666570215,-0.9767640689880205,-0.0424455589898356,-0.04252548944288218,-0.3539117058069127,94.22561764073814,1575
665155,FA,8,0.3657719276188828,0.4050963939857618,0.5164438713109037,0.9962300138886712,1.2506113034672603,1.1979486497249923,1.1482633223603078,124.5307936982569,8
665620,CH,23,0.32054380878901506,0.49880700252460697,0.48476952779088295,-0.8716350943919935,-0.8266384769600557,-1.8167619237922168,-1.171678498381422,80.13834886523154,134
665620,CU,18,0.290231345474426,0.4786183803107322,0.47127952037735654,-0.18302678181767504,-0.41867579332642346,-0.31441584691154023,-0.30537280735187955,95.10587823032951,134
665620,FC,3,0.33495871199326777,0.5059473025995941,0.4857442116623136,-0.4586062324098145,-0.01703215017803073,-0.14968823939216575,-0.20844220732667032,96.65345624133057,134
665620,FF,78,0.3296265268286898,0.4871446309663182,0.432476107239268,0.6494198212066121,1.161446685731964,0.12281921372923743,0.6445619068892712,110.95339883420631,134
665620,SL,3,0.29581921199045763,0.5869582416732869,0.5534308123778237,-0.2687464385985046,0.3347641472646401,0.7067259168886137,0.2575812085182497,104.16866435645088,134
665620,ST,9,0.28500198458345716,0.5255252853786851,0.5175782889839444,-0.8293240558242888,-0.6520092969193563,-0.012851554770135333,-0.4980616358379268,91.87368409516039,134
665621,CH,23,0.346907685397686,0.4335653478317546,0.5134583897046162,-2.1492623866136493,-2.0661119111494624,-1.1946419062063935,-1.8033387346565015,69.43079106167701,206
665621,CU,48,0.3252827226911346,0.4696489348776262,0.45976642065788403,-1.33041141652268,-0.552882919838326,-0.5089124128529657,-0.7974022497379906,87.22026449090473,206
665621,FF,95,0.3337037386691435,0.5105690366796247,0.4247342741429281,0.5068729965159247,1.600036964599986,-0.19651213273523582,0.6367992761268916,110.8214841339514,206
665621,SI,40,0.3542897381533104,0.3321914255017853,0.4602788789307084,-0.5089797330096331,-0.22168665066097706,0.3135027205951443,-0.1390545543584886,97.42896924437068,206
665622,CH,58,0.28596251931337574,0.5598116256193749,0.6106973292038436,0.8042185704580029,0.33233902054027,0.9139914349554498,0.6835163419845742,111.586594059859,668
665622,CU,57,0.2810478884798741,0.5044945618201493,0.5022779919485894,0.11758786689861415,-0.03149823687891093,0.20925687519999195,0.09844883507323171,101.57781104057311,668
665622,FF,290,0.33074590164651346,0.45257093570188417,0.44971757679871144,0.6102844188376926,0.5141010568559996,0.8339869205151458,0.6527907987362793,111.09323696829466,668
665622,SI,100,0.3302227827475976,0.32611389228428733,0.4904030090718804,0.6079502818749846,-0.3574863930620265,1.2619718152104407,0.5041452346744663,109.3213265083747,668
665622,SL,163,0.3002559397326939,0.5689451659753698,0.5075619567589701,-0.43483441707114334,-0.07470314442812481,-0.46611734998182963,-0.32521830382703254,94.73670475021046,668
665625,FF,1,0.33317392272490454,0.27046469238586224,0.465369595541233,0.5253963363562597,-2.895591765968137,1.4795937371099868,-0.2968672308339635,94.95517010022527,516
665625,SI,270,0.3254342940624408,0.3861991156930239,0.4754113186677151,0.8301805826432094,0.9850908613943586,0.7899530396389745,0.8684081612255141,116.0563176175754,516
665625,SL,245,0.2412312116064936,0.6747572768978002,0.6021142697965537,1.7747439803259761,2.3305828386154017,1.9515371176734515,2.0189546455382765,132.67452744927235,516
665645,CU,19,0.2813468019455076,0.4995354634544779,0.49857512083793204,0.10780312390680963,-0.10569974094181668,0.1467024170006534,0.04960193332188211,100.79495585672315,57
665645,FC,3,0.2647963117661976,0.5982766449017157,0.5806660993605871,2.7513510325890738,1.7443404216867786,2.6299687005517365,2.375220051609196,138.13420487685585,57
665645,FF,35,0.35575921737232213,0.4422996196467441,0.46024041760314705,-0.2642271030612822,0.32178457172927466,1.268027913248553,0.4418617939721818,107.50880312231457,57
665665,CH,111,0.29498209866358066,0.5463038621291266,0.6178047982524428,0.3671181806621185,0.07571594621302451,1.0681174084012148,0.503650511758786,108.53760717826552,322
665665,FF,54,0.3611941280218244,0.38512685666303204,0.4005513253709778,-0.4542415751761139,-0.7486979996359061,-1.193998580289775,-0.7989793850339317,86.42249910978839,322
665665,SI,73,0.349025027849575,0.3573522232019262,0.44682596467183827,-0.26464833093629325,0.34052004143024256,-0.11006713344716545,-0.011398474317738716,99.78924941960113,322
665665,SL,84,0.2925613704905223,0.5625639830366528,0.49787082496432933,-0.14678982094140958,-0.21975808893239274,-0.7139146521021518,-0.360154187325318,94.1713064700401,322
665734,CH,1,0.3019197923323414,0.5325026657582127,0.5221249122434629,0.03090864259415286,-0.18648182210404965,-1.006707746584178,-0.3874269753646916,93.43255045174766,64
665734,FF,21,0.33947097793039144,0.36796160178321086,0.4279119204443276,0.3052397049205376,-1.0700941544294846,-0.06544213169200978,-0.2767655270669856,95.29676952807449,64
665734,SI,20,0.33314111390344847,0.34671623306420474,0.43862887173510456,0.4725126410768867,0.10286363229303365,-0.3681555588970093,0.06907357149097035,101.27712664661532,64
665734,SL,22,0.2795719004178271,0.5705292050591458,0.5365280234594473,0.33946828438857635,-0.03869529077522212,0.27453021663003463,0.19176773674779626,103.10354677461324,64
665795,CH,344,0.3106047332624509,0.49999508671680465,0.5560330001389783,-0.3899747399350839,-0.8040670262397732,-0.271408441185047,-0.48848340245330135,91.71949733817355,917
665795,CU,214,0.2514476864103952,0.5834858683729477,0.5549000716466793,1.0865317354577537,1.1504250326181216,1.0982280509350553,1.1117282730036435,117.81734788387935,917
665795,FF,178,0.34093225567591345,0.4366364493450768,0.4358343341610736,0.2541507473764155,0.2157493761181262,0.26133771591451627,0.24374594646968595,104.1421103812798,917
665795,SI,90,0.32884417441020386,0.33409944876457526,0.4761945641245702,0.6719304989339204,-0.17905273023482862,0.8146138051397039,0.4358305246129319,108.0582307295964,917
665795,SL,91,0.27869337920133935,0.6007391077498955,0.5374616190477935,0.372355543055079,0.6480262466529249,0.29840178013426577,0.43959452328075654,107.11434669878749,917
665828,FA,3,0.44948854362876656,0.22312915211146292,0.4322239763640943,-1.014068449868712,-0.31412965997434944,-0.9788786512391258,-0.7690255870273957,83.57100879502755,3
665871,CH,39,0.2965881762150809,0.5720360385317608,0.5647953443412863,0.2892856014978567,0.5645807551314098,-0.08139638195367584,0.25748999155853025,104.3648290807545,1017
665871,CU,85,0.32214071866278504,0.4197508261269825,0.4010128605668202,-1.2275599045258554,-1.2994933812928338,-1.5014657610375215,-1.3428396822854034,78.47869632125598,1017
665871,FC,244,0.33895668295244613,0.49157449544458776,0.46960622615328795,-0.6415149682018634,-0.2912230809516023,-0.6222669512638334,-0.5183350001390996,91.67812132742905,1017
665871,FF,174,0.3875229950364668,0.3712265685511092,0.40926775997066966,-1.37474718967542,-1.0089620726702493,-0.8344673475117091,-1.0727255366191262,81.77057856407603,1017
665871,SI,379,0.3622036284584939,0.30550262820097607,0.4670437444550779,-0.8762576652347321,-0.8180358056123328,0.526496949773685,-0.38926550702446,92.80272699241921,1017
665871,SL,24,0.30001482139806973,0.5343043508589403,0.4831918259456767,-0.4258082024605013,-0.8621467207294408,-1.0892491777001299,-0.7924013669633572,87.175868327254,1017
665871,ST,72,0.28727956604877514,0.507498415110524,0.4830011567308351,-0.9373371386795725,-1.0698646155069889,-0.8817710698028457,-0.9629909413298022,84.28795145086953,1017
665896,CH,27,0.331096685766147,0.43683158784802884,0.5107282218296411,-1.3830410548115977,-2.004059258608419,-1.2538457913761545,-1.5469820349320567,73.7764092009714,166
665896,FC,37,0.3258953005237421,0.5434775205980213,0.4947566756339965,-0.04395161115794085,0.6989341390892303,0.11422937362996212,0.2564039671870838,104.11657076123392,166
665896,FF,48,0.33900459081358764,0.43833234794429526,0.40759530814645145,0.3215454562963673,0.2475027810354853,-0.9034518226713526,-0.11146786177983334,98.10576465313756,166
665896,SI,30,0.33012772188528494,0.33068673761601575,0.43937285459346787,0.6123619878248201,-0.2553082237513845,-0.344730990460535,0.0041075912043001955,100.07594676324359,166
665896,SL,24,0.2748266561691712,0.6085978858074574,0.57957796936323,0.5171055139880955,0.8266693957302655,1.3752953983895524,0.9063567693693044,114.66837266752742,166
666120,CH,196,0.3213259080311874,0.5164991691734677,0.5193284708100981,-0.9095366273060334,-0.49051931110270697,-1.06734877859632,-0.8224682390016866,86.05796960937225,492
666120,CU,65,0.29306356927905386,0.535386690688889,0.4752189553911774,-0.2757378343787342,0.43073143810259495,-0.2478649960888325,-0.030957130788323933,99.50385900751441,492
666120,FF,231,0.3834972027384601,0.36166500818003494,0.41537571095829184,-1.2339980867587497,-1.187989343666527,-0.5825295714392033,-1.00150566728816,82.9808573989935,492
666129,CH,113,0.2874945547258951,0.5818430291096207,0.6432085368037898,0.7299741683642303,0.7508958378470376,1.6189992914759908,1.033289765895753,117.51576126019094,1200
666129,CU,64,0.3194422593590016,0.4683719935995988,0.47382130280958723,-1.1392275481851761,-0.5719894098578712,-0.27147624189769926,-0.6608977333135821,89.40798294325936,1200
666129,FF,132,0.3848738131823932,0.3579307255505658,0.39855884680067755,-1.2821269197204601,-1.2579087294505809,-1.2761833622061403,-1.2720730037923937,78.38295622524495,1200
666129,SI,383,0.3578653206830369,0.3282640531535314,0.44851821359113303,-0.6749199352838527,-0.30944201687935385,-0.0567860663150883,-0.347049339492765,93.58327722760941,1200
666129,SL,131,0.3001331322829407,0.5956047780339374,0.5366363999849609,-0.4302371457811531,0.5313143580944302,0.2773013491669287,0.1261261871600686,102.0412115614093,1200
666129,ST,377,0.26658817949234015,0.620164646586316,0.5985010409432828,0.04394080221677607,1.5416915418884447,2.0207282653520955,1.2021202031524387,119.61365386027352,1200
666142,CH,303,0.29498565507752444,0.5972932777438025,0.5404855612174556,0.36694583227859123,1.0444226164648627,-0.6085557635276617,0.26760422840526404,104.53628007522248,1083
666142,CU,3,0.31712304560852217,0.42545411422176765,0.40506759059016645,-1.0633095548508602,-1.214156789127893,-1.4329671738128658,-1.2368111725972062,80.1779846173248,1083
666142,FC,129,0.31896404836568976,0.5070726045956337,0.5056786610160217,0.2731558872781689,0.0044353055783766,0.43406469508516604,0.23721862931390386,103.80854978246528,1083
666142,FF,465,0.29612624160983597,0.4883421716828183,0.46646353846556543,1.8206514056926975,1.1838690141032326,1.5247161600084476,1.509745526601459,125.65594509119119,1083
666142,KC,62,0.23393212717302622,0.5517429354254106,0.5275096773545026,1.0106405188998893,0.025480204290704873,-0.03151678750753971,0.33486797856101813,105.4359750148644,1083
666142,SI,1,0.23343521684345447,0.5067777469849531,0.4925827604950362,5.099791298055183,3.67936606854102,1.3306020743786993,3.3699198136583006,162.30768582080026,1083
666142,SL,120,0.22808776704407707,0.6693644793110277,0.6071917853571325,2.2667660885923437,2.207995543722818,2.081366603439104,2.1853760785847554,135.3678725891651,1083
666149,EP,1,0.42392648070513006,0.16707027203067423,0.5533244969119423,-0.1987856244128341,0.4480142454203867,0.8957336777199457,0.38165409957583274,108.89328326604034,14
666149,FA,13,0.38831002151014277,0.16579628475981392,0.45404361757015244,0.4550197060058201,-0.8071364515960017,-0.4149075051745659,-0.2556747502549158,94.53792137202075,14
666154,CH,31,0.2874392896411727,0.5920789563991575,0.6140263882425556,0.7326523852894687,0.9453599422509564,0.9861823177424861,0.8880648817609703,115.05398869309442,158
666154,FC,17,0.3573377980029237,0.4599257774994999,0.4380166633341849,-1.4824581743080938,-0.8949876300453559,-1.547323854883659,-1.308256553079036,78.9959151814985,158
666154,FF,31,0.39102288756461845,0.34887714070381354,0.38394783700007235,-1.497109869410787,-1.427424846584631,-1.8788511509290322,-1.60112862230815,72.79113115814755,158
666154,SI,51,0.36278628355110976,0.3453187172734571,0.44784625324980515,-0.9032982671844718,0.07163677139517421,-0.07794297984486918,-0.30320149187805556,94.39399619546812,158
666154,SL,28,0.3335008970759534,0.5353785157252618,0.4784479832817783,-1.6793524673872144,-0.8377291595077864,-1.2105468175121668,-1.2425428148023892,79.89083142661065,158
666157,CH,131,0.3059701815631907,0.4894909592725278,0.5565282299622536,-0.16537841724407235,-1.003626448480292,-0.2606693471320485,-0.47655807095213754,91.92164901567705,990
666157,CU,331,0.26017161125743304,0.5973892627664842,0.5365936204080164,0.8009595805627705,1.3584573601721872,0.7889679917633253,0.9827949774994276,115.75097120209634,990
666157,FF,244,0.33395601653022233,0.4050785978137327,0.4086761849042046,0.4980528985068534,-0.37512866249718513,-0.8588683466237166,-0.2453147035380161,95.83123085769232,990
666157,SI,284,0.3390512120326855,0.35822193387715817,0.4163923171895847,0.19822925623746682,0.3599533347473236,-1.0682814931004108,-0.17003296737187346,96.85619798214601,990
666159,CH,20,0.30241748191326173,0.5332483479280286,0.5631160756639634,0.006789966836542665,-0.17231520962025068,-0.11781144303936383,-0.09444556194102395,98.39901064576067,700
666159,CU,109,0.28702392169464047,0.5081725510334411,0.5108179178058643,-0.07803379568875791,0.023534414508403267,0.3535261244122673,0.0996755810773042,101.5974717444074,700
666159,FF,358,0.36113911395413734,0.42103645711537496,0.41808691470041365,-0.4523181821887057,-0.07633935501571061,-0.47069916503059916,-0.33311890074500516,94.33912531895983,700
666159,FS,4,0.304778966344459,0.5661129538577245,0.5384524139991079,-1.2094990958288796,-0.4559401779405688,-1.621969068702481,-1.0958027808239765,80.451173996565,700
666159,SI,19,0.3880609579694081,0.32959997784386424,0.4025742131254151,-2.0762776490107595,-0.27959138137939893,-1.5033494797816358,-1.2864061700572647,76.21516359024136,700
666159,SL,12,0.31236867769594345,0.5721697022031486,0.5208837979897227,-0.8882722385839213,-0.0014040511307797134,-0.125484657515372,-0.3383869824100243,94.52358438577757,700
666159,ST,178,0.29258435962167145,0.5540178472865652,0.47254795774568287,-1.1889141366682832,0.008436379800405505,-1.1444588059120806,-0.774978854259986,87.35553486529399,700
666163,CH,1,0.45014648070066055,0.16286477095846502,0.5248751205353432,-7.1523468894361075,-7.2089332456756186,-0.9470692835439194,-5.102783139551882,13.500419548396366,11
666163,EP,4,0.44541638003262285,0.06126439170805357,0.6064213048305827,-0.7960139643560619,-1.052018826972019,1.8030187450350386,-0.015004682097680688,99.6503617061631,11
666163,FA,6,0.4250673565340464,0.32541570889392746,0.42533861486779684,-0.42763916928418183,0.5654350559511728,-1.1568442363495512,-0.3396827832275201,92.74322525509585,11
666168,CH,1,0.3355264300508225,0.48225558674655444,0.5133356102983245,-1.5977121473702292,-1.1410854395900063,-1.1973043863922943,-1.3120339911175098,77.75911954983172,338
666168,CU,18,0.2820792002201694,0.5065185513470246,0.505157625341293,0.08382853022291749,-0.001213887582406123,0.2579039658791289,0.11350620283988008,101.81913112411209,338
666168,FF,19,0.36321593788133893,0.40339321352219165,0.4162392556092565,-0.5249277663478868,-0.40668520124031554,-0.5469105038755911,-0.49284115715459775,91.62487621665571,338
666168,SI,225,0.3318599261535061,0.3255299619291282,0.45309093009965534,0.5319716390469174,-0.37053405384361726,0.08718756102105496,0.08287504874145168,101.53230723129884,338
666168,SL,75,0.29848239272355087,0.5811312627370684,0.5326437643620494,-0.3684420543686515,0.2023071852345475,0.17521169063456926,0.0030256071668217366,100.04896607491483,338
666197,FA,3,0.394221906357455,0.35908775141041893,0.4345087812021596,0.31305681270087277,0.8549818101120018,-0.9198234178881873,0.08273840164156243,101.76757249149148,3
666200,CH,316,0.33750975059836785,0.493775892508249,0.5208140340268446,-1.6938264062245032,-0.9222204673175616,-1.0351342342443628,-1.2170603692621424,79.36906028605122,1427
666200,FC,1,0.31530233053288,0.5186132754018323,0.46296517905595813,0.44068091096270345,0.2245973961134027,-0.8167408824109369,-0.050487525111610254,99.1894217864037,1427
666200,FF,519,0.3101693878229964,0.4559767339921965,0.45747692596054146,1.3296771861313392,0.5778700181777283,1.1540407610850991,1.0205293217980556,117.34242213847814,1427
666200,SI,192,0.3190339500303186,0.38806119346445483,0.45280314169460767,1.127215925691546,1.0266981505101134,0.07812643936551934,0.7440135051890595,113.75633910927614,1427
666200,SL,399,0.2665116346889565,0.6329892545027106,0.5606733996194214,0.8283766103545688,1.381125938733628,0.8919151823809545,1.033805910489717,116.7309947621485,1427
666201,CH,137,0.32710002683203226,0.48904384805562073,0.5087743274924703,-1.1893578341031887,-1.0121207528950618,-1.29621612949053,-1.1658982388295933,80.23633265416804,1322
666201,FF,410,0.35464605784120423,0.4386978135545545,0.41348465665450923,-0.22530899854665998,0.2543456297242449,-0.6605308547980282,-0.21049807454014774,96.4228891908953,1322
666201,SI,398,0.36190583724351433,0.297221278262724,0.44194396075872483,-0.8624373900660375,-1.0030788400312478,-0.26377878618798356,-0.7097650054284229,86.87689398851764,1322
666201,SL,377,0.28926506727632156,0.5290268561749844,0.49705867202585813,-0.023393397025725914,-0.9821129880900061,-0.7346809889270773,-0.5800624580142697,90.61233656309975,1322
666204,CH,3,0.3285048643654653,0.516501280502268,0.5025945924989884,-1.2574380637482119,-0.49047919967434034,-1.4302241237560787,-1.0593804623928769,82.04196356585574,337
666204,FF,118,0.38546502378702646,0.38162987646759655,0.4533308050421359,-1.3027967298043415,-0.8141742186650506,0.9830235925407527,-0.37798245197621316,93.57673405056194,337
666204,SL,216,0.29636535595044533,0.5432362306005912,0.464219839871184,-0.2891912239311469,-0.6591101783380621,-1.5743531949340521,-0.8408848657344203,86.39121701528283,337
666205,CH,22,0.30650129412289834,0.5311311332385364,0.5476573928969877,-0.1911168134441583,-0.2125384592367038,-0.45303408183776417,-0.2855631181728754,95.15929067748415,593
666205,CU,67,0.2771106223107325,0.5374128120037635,0.518329439213009,0.246471781424615,0.46104768470466106,0.48042202163221165,0.3959804959204959,106.34626502030449,593
666205,FF,327,0.34917043001831155,0.4000069121765935,0.44919164452747806,-0.03387097916366839,-0.47008910867235604,0.8122935233271501,0.10277781183037524,101.74656049675379,593
666205,SL,177,0.2841124144929711,0.6082669939100828,0.5446685929742581,0.16949508617129572,0.8191476703273819,0.48268043130450444,0.4904410626010607,107.93724118450231,593
666207,FF,1,0.36587778097547796,0.4083422459979031,0.3807946454986987,-0.6179906965419022,-0.3140212694328101,-2.0089124523370954,-0.9803081394372692,83.34107877473467,10
666207,SI,5,0.3198651999139955,0.40042569558608393,0.41796139345696337,1.0886382190686434,1.3029773813994039,-1.0188785613069054,0.45757901305371396,108.46034652456379,10
666207,SL,4,0.23673751891186673,0.6193280498777177,0.5816619075145676,1.9429644299205824,1.0705839439701612,1.4285806351018038,1.4807096696641824,123.96363328555421,10
666208,FC,3,0.29945732878876924,0.48020025970573404,0.5153896425496303,1.1655959409192296,-0.5082100794161307,0.718437434272202,0.4586077652584336,107.36295673600168,19
666208,FF,1,0.33769578988542465,0.3737634087985114,0.46276732489873684,0.3673035438724839,-0.9614631740783544,1.3722565499357837,0.2593656399099711,104.40754451583048,19
666208,SL,12,0.24189794000916842,0.6642645993614954,0.5848733346845257,1.7497851415096153,2.092066755884842,1.5106951915369564,1.7841823629771378,128.87500010088706,19
666208,ST,3,0.23041622079404137,0.6346163108346855,0.5783272372891766,1.7593765973406938,1.8766750791744162,1.5137628073964313,1.7166048279705137,128.00792534922442,19
666214,CH,131,0.2956188739474956,0.5888512929796428,0.5372399218500372,0.3362592332539696,0.8840401752734374,-0.6789376847905961,0.18045390791227028,103.05895565192183,839
666214,CU,109,0.2944482583891147,0.4607283082775094,0.4662030488739176,-0.32106475545531343,-0.6863595847688514,-0.4001752252350361,-0.46919985515306695,92.48026946032289,839
666214,FC,228,0.314480140864936,0.5687880643056401,0.527404281069968,0.4782964099946997,1.1817849463624528,1.0702696002119592,0.9101169855230372,114.61194619181852,839
666214,FF,371,0.3641432624236212,0.3889232605670756,0.42557017669482194,-0.5573487378678205,-0.6776154771015456,-0.16203323295947697,-0.465665815976281,92.08668189769305,839
666215,FC,2,0.3005788557979576,0.5359437802302724,0.5067579980149357,1.1142856413943318,0.5552125082789273,0.46567159474045206,0.7117232481379037,111.4267308166771,5
666215,FS,1,0.19405727135463013,0.6733596262859597,0.6325504432819826,2.5469782420461446,1.994102318067722,1.558395691968622,2.033158750694163,136.27100364245746,5
666215,SI,2,0.3136781979769969,0.3909937204983838,0.4659901422622249,1.375772509596419,1.0922241462619913,0.49332390500004775,0.987106853619486,118.25098136092265,5
666277,CH,62,0.3006240185161617,0.5140467082151777,0.5483956564814193,0.09370350454373709,-0.5371116334540922,-0.43702478333332545,-0.2934776374145602,95.02512808911635,282
666277,FF,115,0.35765349079696057,0.39927480818757244,0.4020707462233287,-0.330454385906639,-0.48379676455208415,-1.1313262518386749,-0.6485258007657992,88.9792405133846,282
666277,SL,1,0.2719363019302124,0.5925447479867595,0.518189948591151,0.6253053226102321,0.46175476500054713,-0.19436501405470624,0.297565024518691,104.81575778983742,282
666277,ST,104,0.26520010390591475,0.5897452837244435,0.5615400302641195,0.10976954450724369,0.8365834243506853,1.0919021487336638,0.679418372530531,111.08531139413383,282
666364,CH,4,0.3055892919636092,0.5074067732386278,0.5650630120995328,-0.14692001846713718,-0.6632583881145058,-0.07559198751766817,-0.29525679803310373,94.99496873433853,108
666364,CU,31,0.3021563515858948,0.5162841191107072,0.5064660898498031,-0.5733843046182425,0.14490537899829822,0.28000851285278305,-0.049490137589053754,99.20683586119219,108
666364,FF,55,0.36402418447594154,0.40427075595448586,0.42354238385388415,-0.5531855538105178,-0.39025440744306655,-0.24567464064544473,-0.39637153396634295,93.26423815671538,108
666364,SL,18,0.3282217569415023,0.5468147821464124,0.47046130009151477,-1.4817289565601066,-0.577763725670914,-1.4147622372768085,-1.1580849731692764,81.25768732446153,108
666374,FC,8,0.26537168225222296,0.5907514334107757,0.5355156576347855,2.7250276077104245,1.6007814967867038,1.3078001077442432,1.8778697374137905,130.14923575189124,537
666374,FF,181,0.31179164788697633,0.5100325151986003,0.43537215685253217,1.2729599906576015,1.5899913263515189,0.2422740522569216,1.0350751230886805,117.58960702668888,537
666374,KC,80,0.22821862416965394,0.657885090500525,0.6219890293070145,1.193091102826093,1.654394161840413,1.546586133315621,1.4646904659940423,123.77659641231685,537
666374,SI,10,0.3209783762786876,0.34964697417693247,0.4651395477911584,1.0369765081199613,0.1683497224400551,0.46654263151342906,0.5572896206911484,110.30393259106131,537
666374,SL,258,0.21509738442286136,0.6496874998259639,0.5914855237815178,2.753058354986032,1.7607049402988364,1.679765497674999,2.0645095976532892,133.41178350235987,537
666619,CH,2,0.3382622835150383,0.3505218530441986,0.44505238073003217,-1.7302951170633747,-3.643788108296847,-2.678031091675352,-2.6840381056785247,54.50165846599194,328
666619,FF,8,0.29906690665427105,0.40686175044552575,0.4864086364039625,1.7178403473110764,-0.3417415439672962,2.347401808326702,1.2411668705568273,121.09183867011882,328
666619,SI,142,0.31185174702381074,0.36539729684708633,0.4337841960900584,1.4605367789415986,0.5202835884997532,-0.520691917664145,0.48670948325906893,108.99895049312441,328
666619,SL,176,0.2475235263400216,0.639720459335629,0.5797528636736949,1.5391924895152032,1.5341374654149418,1.379767356795212,1.484365770575119,124.02280319798176,328
666720,CH,15,0.3058666200255175,0.5161420722183416,0.522371657441322,-0.16035969223182503,-0.4973035073557368,-1.0013570593630232,-0.5530067529835283,90.62573289677766,163
666720,FF,92,0.3350278583485019,0.41859777783122176,0.4113405309416306,0.46057933722399275,-0.12200032248686536,-0.7489707039090008,-0.1367972297239578,97.67532862155554,163
666720,SI,4,0.3341723818778446,0.33522127435555593,0.42049833593999597,0.42465223935283336,-0.15398604267885377,-0.9390020128822145,-0.22277860540274494,95.8809644975019,163
666720,SL,52,0.2927951370229143,0.5794608196594914,0.5032754560479329,-0.1555408223675155,0.16433522451151106,-0.5757209890861139,-0.1889755289807061,96.94164199152945,163
666721,CH,94,0.2959080044315142,0.5406008054169179,0.6019034634683033,0.322247598968215,-0.03263181599100063,0.7232958290268356,0.33763720400135,105.7234406582158,256
666721,FF,98,0.3811764748857118,0.3351854485022777,0.4117768331146013,-1.1528611727779214,-1.6837832436489153,-0.7309743251927023,-1.189206247206513,79.791157090485,256
666721,SI,7,0.37673696495751774,0.31072790236898207,0.3976592920840293,-1.5507393135584193,-0.7012794078114832,-1.6580975401698617,-1.3033720871799213,75.90147451388536,256
666721,SL,57,0.32695435487062996,0.5523756427890825,0.4694071605248178,-1.4342840241475707,-0.45135607685954093,-1.4417160488873624,-1.1091187166314913,82.05015153204921,256
666745,CH,202,0.30359400627101596,0.543936851414971,0.5629862059996985,-0.05022591332942557,0.030747023943199184,-0.12062767597531204,-0.04670218845384614,99.20833012163158,543
666745,FF,85,0.36270322172261926,0.3662096023238202,0.4310379322520594,-0.5070022664589816,-1.1028979719894862,0.06349807500125688,-0.515467387815737,91.24037609975882,543
666745,KC,27,0.3209703637465553,0.45891745924006305,0.442234960147437,-1.768771179558043,-1.3990689172859827,-1.4558733004997038,-1.5412377991145763,74.98079630081801,543
666745,SI,182,0.3360302373946136,0.3358983543680065,0.4680179392301765,0.33843050689781423,-0.13885699476004323,0.5571698233798789,0.2522477785058833,104.66390187340316,543
666745,SL,9,0.3096407932297785,0.5416755386456177,0.5025620155983701,-0.7861544520496748,-0.6945873127645609,-0.5939632978660784,-0.6915683542267713,88.80773809200346,543
666745,ST,38,0.2843612259052334,0.515075989534124,0.5142838370434122,-0.7989364182117024,-0.8942196073722581,-0.09564076821649992,-0.5962655979334867,90.27139963542115,543
666808,FC,214,0.2749672867652943,0.49407441597801843,0.4462779696455054,2.2860249464687183,-0.24353194236406733,-1.305402860915877,0.24569671439625795,103.94466560603914,739
666808,FF,2,0.30504245695656,0.4567337159946637,0.4338776428696235,1.5089241185982731,0.5920434811728458,0.18062907017924862,0.760532223316789,112.9241468960801,739
666808,SI,170,0.3123534256009809,0.3694051647476871,0.41623867794953157,1.437254238577854,0.6098375915798191,-1.0731188799470242,0.3246576500702163,106.0027145981063,739
666808,SL,353,0.2512241738825425,0.6304351487927613,0.5815803666506227,1.4006595199291003,1.3230668506973249,1.4264956767577983,1.3834073491280745,122.38890383323047,739
666818,CH,10,0.30685573967306234,0.45274984407667584,0.5128182922908431,-0.2082936996516713,-1.7016411821982633,-1.2085224642958226,-1.0394857820485857,82.37920727305178,287
666818,FC,98,0.3184494876932959,0.5107845283290703,0.5104203758965794,0.2966972393882428,0.07524790415115884,0.5729192943202098,0.31495481261987046,105.0566057419652,287
666818,FF,130,0.334679293523049,0.4477984058128005,0.4816351033819861,0.47276580459715956,0.42474189698753323,2.1505054520850524,1.0160043845565818,117.26552736425108,287
666818,SI,5,0.31493940022951306,0.3212939786068679,0.5244712083556632,1.3172410241248094,-0.4651851932766165,2.3346213482736324,1.0622257263739416,119.63988180414012,287
666818,SL,44,0.2637582497901201,0.5484329598665642,0.5097297479896512,0.9314490002719038,-0.5409798438031044,-0.410688032755958,-0.006739625429052876,99.89092668497233,287
666974,CH,179,0.279863078400618,0.5737714907564754,0.6293029567676218,1.0998053042720128,0.5975512084248686,1.3174557962109978,1.0049374363026264,117.03514812270095,551
666974,FF,36,0.36313336383802886,0.34521809209961324,0.4124545960469097,-0.522040825924793,-1.4959355771171123,-0.7030182911288732,-0.9069982313902595,84.58687479953115,551
666974,FS,9,0.28528042266023895,0.5364296299405852,0.6075239712198843,-0.5479680609394001,-1.1340535717937477,0.7125404659155211,-0.3231603889392089,94.23490583786923,551
666974,SI,267,0.31044179704408426,0.4019366580231309,0.4701714378764741,1.5259715389806128,1.336739156512023,0.6249735044069218,1.162561399966519,121.49502494478298,551
666974,SL,56,0.2716658829212449,0.5893851393688054,0.5464468296987396,0.6354284018590279,0.3899315847008958,0.5281490382943996,0.5178363416181078,108.38060319771105,551
666974,ST,4,0.27824842992228527,0.5452529452304931,0.5098983307847136,-0.5090403380767864,-0.19473038661816788,-0.20584805618899032,-0.3032062602946482,95.05292181090388,551
667297,CU,70,0.1935930237604578,0.6282936913259779,0.5659899938867528,2.9803674772081887,1.8208710717438468,1.2855756675463832,2.0289380721661394,132.51720437851375,192
667297,FF,25,0.3741439271354552,0.3881410998929236,0.41598311339061295,-0.9069903692699105,-0.6922603766304608,-0.5574757328785924,-0.7189088262596546,87.78318263104259,192
667297,SI,59,0.3447667402709357,0.33170089075329995,0.4570869164495563,-0.06702428051470881,-0.23264742867717705,0.21300263145210382,-0.028889692579927337,99.46584785743744,192
667297,SL,38,0.25622688675454175,0.6333329057499104,0.5709654469126628,1.2133840060679288,1.388937705465615,1.1550775876193533,1.2524664330509656,120.26977125833616,192
667373,CH,3,0.3378099726554007,0.5231023203149751,0.4623611234742106,-1.7083755523719224,-0.36507138277583,-2.3026897702671953,-1.458712235138316,75.27271042324442,20
667373,FF,9,0.3886486279818404,0.3470870869259046,0.39276181744471805,-1.4141013876933428,-1.4609411797309548,-1.5152963948298734,-1.4634463207513901,75.13084305431104,20
667373,SI,2,0.33606434177367495,0.4304842793617565,0.515308521227424,0.33684774730190753,1.974622897367009,2.046130841691783,1.4525338287868998,126.85643174099425,20
667373,SL,6,0.32643404154911265,0.4956535749516449,0.4524748888584768,-1.4148062033832889,-1.740743402273074,-1.8746656079892154,-1.6767384045485259,72.86386044097432,20
667376,CH,37,0.2724682749599176,0.5913935635746267,0.6188201116773858,1.4581669684798528,0.9323387182800217,1.0901345524649981,1.1602134130749575,119.66730129827155,56
667376,FF,17,0.3776733041725773,0.3768062409392971,0.4156093845985734,-1.030383881666362,-0.9044902624275937,-0.572891115371268,-0.8359217531550744,85.79471690983834,56
667376,SL,2,0.30818628109670754,0.5106662297829936,0.4702839638087389,-0.7317050934501049,-1.3994806874541128,-1.4192966356702152,-1.1834941388581441,80.84646833863698,56
667427,CH,1,0.2797995206659129,0.43778829295266475,0.45902076511621026,1.1028853936570595,-1.9858835920479643,-2.375125679599219,-1.0860412926633745,81.59002379694523,276
667427,FC,1,0.2230527936274992,0.6440670094071659,0.5542772250652006,4.661133321710787,2.61788603659731,1.8572068081034843,3.0454087221371937,148.89409722903915,276
667427,FF,144,0.354442472256656,0.4425073729497232,0.4730241805122268,-0.21819127207922157,0.3256744710165639,1.7953263155570427,0.634269838164795,110.77849998839596,276
667427,SL,130,0.22168741422770533,0.6021720707168828,0.5254698564380856,2.5063619625206024,0.6805998878804578,-0.008221479699662136,1.0595801235671327,117.14812163250318,276
667463,CH,158,0.2986350038358805,0.5591112229371072,0.6481308312168552,0.19009370837745695,0.31903263642121577,1.7257395970352363,0.7449553139446363,112.62807380778925,540
667463,FC,20,0.30505388315397675,0.5800293058580507,0.5355757877754346,0.9095513887742203,1.3962348065091115,1.3095609362191925,1.2051157105008412,119.34815655224105,540
667463,FF,1,0.34929817164843885,0.34126117681529544,0.4006462003453161,-0.03833706149345787,-1.5700234579046377,-1.190085223734006,-0.9328152477107006,84.14815188797753,540
667463,SI,301,0.31796448572126806,0.33587085429563235,0.4100810775641604,1.1768489917146303,-0.1394714714911076,-1.2669931473581053,-0.07653854237819419,98.5848507634057,540
667463,SL,45,0.25859346086126295,0.6380913867748419,0.5902194737793859,1.124791797546948,1.497105925625563,1.6473932442039239,1.423096989125478,123.03123635635714,540
667463,ST,15,0.30961797990078727,0.4638920423698982,0.4635407466946785,-1.9967244681756613,-2.0806421105981454,-1.3708090249222822,-1.816058534565363,70.36939950468187,540
667465,CH,16,0.30324265230030883,0.5149403875529742,0.6009669018462213,-0.03319884902970003,-0.5201333424665693,0.7029864234271334,0.04988474397695469,100.84561881368158,51
667465,SI,27,0.32424492200364846,0.35494087098725147,0.4582577978500743,0.8853784807128142,0.2866394622754911,0.2498682543479957,0.473962065778767,108.7632588068801,51
667465,SL,8,0.31697006762895125,0.39040890180934495,0.3822408711035449,-1.060524311854574,-4.133130576977,-3.670513656033234,-2.9547228482882693,52.18110866197918,51
667498,CH,12,0.32545317023346404,0.51155440880125,0.5668083449795216,-1.1095490499878031,-0.5844608144053173,-0.03774431948340672,-0.577251394625509,90.21475103200356,72
667498,CU,14,0.31182993057029795,0.472771769449981,0.4423751087527878,-0.8900427862718097,-0.5061568811268523,-0.8027125644347698,-0.7329707439444773,88.25288962177738,72
667498,FF,21,0.37831113352786505,0.37960574172235295,0.4032921093397012,-1.052683569013651,-0.8520734009644135,-1.0809480631565056,-0.9952350110448567,83.08741814676804,72
667498,SI,16,0.3709304321308168,0.3340498563727148,0.438392110330467,-1.2812623195961645,-0.1801608498943501,-0.3756100770538516,-0.6123444155147887,88.6781390757787,72
667498,SL,9,0.29537692996579124,0.4618144246027669,0.44701852555584665,-0.25218970317110095,-2.509963799661487,-2.0141820374869326,-1.5921118467731734,74.23344682127211,72
667725,CU,33,0.28331628468698394,0.5129197763765828,0.49345455869248334,0.04333335366310441,0.09456572597120252,0.060198193355740726,0.06603242433001588,101.0582825897961,120
667725,FC,57,0.34534034642249656,0.44903946761339564,0.46145996845103104,-0.9335700698899383,-1.1026664368482955,-0.8608189049357549,-0.9656851372246629,84.49590603425956,120
667725,FF,18,0.38620106161266665,0.3351233230745016,0.4120863906014094,-1.328529965898734,-1.6849464581622997,-0.7182058493239413,-1.243894091128325,78.86181615448497,120
667725,SL,12,0.28392474619481484,0.5860534179079216,0.5462214406488234,0.17652040980507405,0.31419599206024,0.5223859551292751,0.33770078566486306,105.46531028581158,120
667755,FF,92,0.3275905843931238,0.3993075399847391,0.4107516781495874,0.7206001132295723,-0.48318390597104327,-0.7732594159766134,-0.1786144029060281,96.96470614901004,575
667755,FS,64,0.26697175998234773,0.5819085182689477,0.558793495081292,0.07319364041113052,-0.09509164828731291,-0.9344726571330491,-0.3187902216697438,94.31286844304937,575
667755,KC,160,0.21913121626786153,0.6147015585393816,0.5792910810134739,1.4832813551247304,0.9916767156191556,0.8333958380534274,1.1027846362657712,117.90171086312071,575
667755,SI,237,0.3150036979627736,0.40517578704415336,0.4619473277874689,1.314257012771603,1.4091160355708103,0.3660344341804839,1.029802494174299,119.04039674903517,575
667755,SL,22,0.23652280352509172,0.6524951843744996,0.5749493108395334,1.9510022556805324,1.8245282988022091,1.256942958353339,1.6774911709453602,127.14832224294612,575
668338,CH,5,0.33290592556835163,0.448116530510306,0.5601275639565626,-1.4707191373554267,-1.7896657595150307,-0.182617532648433,-1.1476674765062969,80.5453705358791,265
668338,CU,21,0.30598830770664653,0.5906873924663869,0.5743204299047918,-0.6988209614043968,1.2581792814504291,1.426305899871479,0.6618880733058371,110.60788894971468,265
668338,FF,129,0.3387406769335232,0.47939980487584277,0.44013533982542746,0.33077237092997025,1.0164353041678051,0.4387434947343632,0.5953170566107129,110.11655371527115,265
668338,SI,16,0.3432028449411573,0.3136050933183155,0.4714142447034404,0.005554972013123995,-0.6369898719463115,0.6641037252773787,0.010889608448063748,100.20134197233521,265
668338,SL,24,0.3018134152682604,0.5524562081632828,0.5274796872402688,-0.4931381891868627,-0.44952469136318,0.043168869854218944,-0.2998313368986079,95.14756447387474,265
668338,ST,70,0.2570828699343687,0.5518830897560851,0.4945580710411031,0.4947250242015434,-0.04104640754630211,-0.5913470894610507,-0.04588949093526981,99.25127238634853,265
668390,FF,37,0.32690797412587663,0.4782526460824117,0.42127772615349823,0.7444654236193593,0.9949563090857214,-0.3390861342472982,0.46677853281926074,107.93222711824535,77
668390,FS,16,0.28433913825394497,0.5765958286535022,0.6149078104566092,-0.5160329145251105,-0.21645965935221007,0.9621025692444415,0.07653666512237367,101.36539345906333,77
668390,SI,4,0.363315695798732,0.30803423999295604,0.4092852901030911,-0.9278679071596417,-0.7614680803680647,-1.2920488023818166,-0.993794929969841,81.62536033768556,77
668390,SL,20,0.29537541088530805,0.6083099668864645,0.5618804377179704,-0.2521328367097702,0.8201245178436037,0.922778531545422,0.49692340422641845,108.04215064833866,77
668470,FF,1,0.3414498862599321,0.45833596329429777,0.4458290607059965,0.23605343014051847,0.6220433923152162,0.6735953098741871,0.5105640441099739,108.67629865458767,1
668472,FA,4,0.31887978117096444,0.38649591440782244,0.48996076934631516,2.122257491580878,1.0906653042012704,0.513441272849941,1.2421213562106965,126.53591919558201,4
668665,CH,15,0.3122575025391379,0.5137808830258125,0.5634527514028277,-0.47007006001962187,-0.5421618312442577,-0.11051060561985221,-0.3742474989612439,93.65596170562473,213
668665,CU,3,0.3162050259748224,0.4430072348131974,0.42551023765492707,-1.033258763535234,-0.9515147012238111,-1.0876192875156845,-1.0241309174249098,83.58654962952774,213
668665,FC,49,0.33193934926251506,0.5030098920376023,0.4679559569562149,-0.3204692059985211,-0.07306931309064349,-0.6705928151678571,-0.35471044475234054,94.30511679834373,213
668665,FF,120,0.33418600805115145,0.4692452533193305,0.45561813532430534,0.49001197193812757,0.8263050761714353,1.0773702737110618,0.7978957739402082,113.55908648445183,213
668665,SL,4,0.3180245760874028,0.5258550428373672,0.5074811823950731,-1.099999616250476,-1.054213602048969,-0.46818270931016154,-0.8741319758698688,85.85314964703838,213
668665,ST,22,0.2906229593087763,0.4968117241491852,0.44257691567844437,-1.0958957758609142,-1.3175776455488524,-1.8976277832424082,-1.4370337348840583,76.55352419197482,213
668674,CH,73,0.3194489485386153,0.4616549335924219,0.5377574951445214,-0.8185767616648808,-1.5324605883612548,-0.6677140709701981,-1.0062504736654445,82.94259398824224,407
668674,FC,6,0.3121051384322438,0.5001321219059703,0.4930894152346659,0.5869537006309586,-0.12796871182568445,0.06540594573497185,0.174796978180082,102.80636893969407,407
668674,FF,118,0.32796842445793983,0.44650710891875967,0.4431033198476612,0.7073901296456779,0.4005641111435551,0.5611652836034149,0.5563731747975493,109.45475868039165,407
668674,SI,155,0.31462971958924274,0.4093104214987998,0.4819051410624796,1.3316130789325602,1.501502580204892,0.994413378194504,1.2758430124439855,123.58953030687267,407
668674,SL,55,0.27010895910297295,0.6164818746170021,0.5486584434901292,0.693711520552796,1.0058856273010688,0.58469887606892,0.7614320079742616,112.32292716445666,407
668676,CH,167,0.3179521521269719,0.5181516829759758,0.5042279268902473,-0.7460400867744352,-0.45912453781740453,-1.3948051509411585,-0.8666565918443327,85.30891289322264,728
668676,CU,47,0.31063408916524726,0.4360113400912984,0.41125065314885806,-0.8508976752190792,-1.0561921793363822,-1.3285135979758955,-1.078534484177119,82.71463938087584,728
668676,FF,283,0.40354900056917054,0.3502286637501753,0.4160548044335283,-1.9350458178938919,-1.402119407588429,-0.5545186557911992,-1.2972279604245065,77.9554840620536,728
668676,SI,1,0.3861686264483695,0.2664888057531402,0.38530305229104256,-1.9884559101023749,-1.689782096236065,-2.0471382033983754,-1.9084587365789383,64.71380509447957,728
668676,SL,230,0.3259513591419878,0.5373625829740178,0.4988367840623101,-1.3967370880574823,-0.7926279976346714,-0.6892155701465665,-0.9595268852795733,84.47112835314665,728
668678,CH,334,0.29997837145944245,0.544067497387267,0.6091074639122143,0.12499238944679475,0.033229061112660406,0.8795150926675727,0.3459121810756759,105.86371353001937,2088
668678,FC,223,0.32578033912903465,0.5092028384061849,0.4812457693037165,-0.038692082365577314,0.045073907695631764,-0.28141893738206086,-0.0916790373506688,98.5280912432199,2088
668678,FF,956,0.33864276506816937,0.44755238962673616,0.42214231108415745,0.3341955498208126,0.42013557702481524,-0.3034241577354528,0.15030232303672503,102.55417093739574,2088
668678,KC,503,0.2651817981956158,0.5860676652043276,0.5995140077149829,0.01273770477551852,0.5522457611651844,1.1711824447109835,0.5787219702172288,109.39450282518045,2088
668678,SI,2,0.3417782596973554,0.4241586295260503,0.4377520041420377,0.07166894408565165,1.833279100884761,-0.3957640510989779,0.5030613312904781,109.30128582039278,2088
668678,SL,70,0.3040758679398241,0.5774750771688418,0.5138045101327544,-0.5778326334803143,0.11919598159257243,-0.3064984409477676,-0.25504503094516984,95.87238084677398,2088
668684,CH,2,0.2953371825404341,0.5895838840611647,0.6069403735561605,0.34991036032409417,0.8979580807579831,0.8325215836719135,0.6934633415846636,111.75521014026636,29
668684,CU,1,0.3207451792732376,0.3530479663769914,0.3878544360288067,-1.1818778064219022,-2.2975483005112647,-1.723757624063291,-1.7343945769988192,72.20335913306357,29
668684,FF,18,0.35881887881004326,0.36595045505702517,0.4191853528733849,-0.37119849420861095,-1.10775015365858,-0.4253913243140757,-0.6347799907270889,89.21283070548867,29
668684,SL,8,0.29356924741578894,0.5234102333327195,0.47092732537670895,-0.18451948360995674,-1.109788204818698,-1.4028462081856725,-0.8990512988714424,85.44985821836187,29
668754,CH,2,0.31614894852776654,0.5298864420046948,0.6185026971554095,-0.6586545263739818,-0.2361853413609881,1.083251395908015,0.06280384272434836,101.0646162883735,29
668754,FC,14,0.3286148564743791,0.5098761194506161,0.4862109924385408,-0.16837236006427747,0.05791813180953372,-0.1360192063004853,-0.08215781151840967,98.68095471215204,29
668754,SI,5,0.36198879374651527,0.3205790237011642,0.46735911822262255,-0.8662873414441675,-0.4811605386261731,0.5364266065095541,-0.27034042452026213,95.0015765457088,29
668754,ST,8,0.23893697525198476,0.5537886789906803,0.4592767587990334,1.3552843743971448,0.003124354481384344,-1.4779625698509857,-0.03985128032415225,99.34979113060665,29
668800,EP,11,0.38583628174093026,0.08138534110669049,0.4565442344596484,0.8597836107809891,-0.7667597331120275,-0.7579869577718888,-0.2216543600343091,94.83502204449314,14
668800,FA,3,0.45556384429530433,0.26858626328293506,0.46209679737004566,-1.159955469422431,0.07675720074345269,-0.2067573803251826,-0.42998521633472025,90.81405943235588,14
668820,CU,3,0.2924702090930217,0.49713721171708664,0.4867263835769689,-0.2563145644715396,-0.1415840636380086,-0.053464242209445824,-0.15045429010633135,97.58871255454899,19
668820,FF,9,0.33843688603780603,0.4512343607595935,0.4320036214915703,0.3413934593720187,0.48907550086785895,0.10333035261326838,0.31126643761771533,105.28952362602949,19
668820,SL,7,0.33369377393501776,0.5196215464203775,0.4715494774969691,-1.6865727724131903,-1.1959113852840917,-1.3869380954723396,-1.4231407510565406,76.96805540563423,19
668834,CH,2,0.28678430070968286,0.5991878354696192,0.6116124798750663,0.7643939894319834,1.0804157864993034,0.9338365425580702,0.9262154394964524,115.70069601885463,36
668834,CU,6,0.317812309463327,0.47636921222343553,0.4322152050077636,-1.0858721706183119,-0.4523294220027543,-0.9743489123212075,-0.8375168349807578,86.57735962121309,36
668834,FC,4,0.3523750562999326,0.4691592507251654,0.43759491372613046,-1.255410799470951,-0.7188400904092858,-1.5596742121444995,-1.1779750340082453,81.08758754530649,36
668834,FF,6,0.37636883115813086,0.35734453840323627,0.3843722807160332,-0.9847771059136126,-1.2688842900501855,-1.861343904049706,-1.3716684333378346,76.69047571993529,36
668834,SI,9,0.34361255504331495,0.3687014480873962,0.49115662451136305,-0.013459377861503988,0.5941133597622639,1.285699668935163,0.6221178836119743,111.50256616744724,36
668834,SL,2,0.30938461510824444,0.527903653364489,0.45585598315292297,-0.7765644774543295,-1.007645263674038,-1.7882127496304534,-1.1908074969196067,80.72810980133467,36
668834,ST,7,0.2999513749606247,0.4955524212327059,0.451298974382245,-1.5382908989574013,-1.3467677608343198,-1.6784434112269488,-1.5211673570062234,75.18080976791988,36
668868,CH,23,0.31701719874919787,0.5098054939187553,0.5298139899131495,-0.700731046297206,-0.6176870338461954,-0.8399695486916243,-0.7194625429450086,87.80406566114578,500
668868,CS,1,0.2400518821571284,0.4979198476865539,0.45883740564271835,1.7500252715828217,1.4201528566339778,0.5221995820647916,1.2307925700938636,123.38648032035181,500
668868,CU,122,0.2004845446596691,0.5335889481666957,0.5124998757656543,2.754777905060531,0.4038323549974895,0.3819402835186722,1.1801835145255641,118.91446026492522,500
668868,FF,264,0.3617370552868011,0.390327385697129,0.4184464736209753,-0.47322331090359115,-0.6513251353147363,-0.4558682544687903,-0.5268055668957059,91.04770011908239,500
668868,FO,18,0.26476322719434114,0.6290648585410522,0.6085909229399773,-0.22701455646456123,0.9160744039066273,1.3190292041736915,0.6693630172052525,121.11730230736345,500
668868,SL,72,0.3152430628433215,0.5639622911926319,0.5232409047309078,-0.9958742475904896,-0.18797220943115553,-0.06521463914679686,-0.416353698722814,93.26178010606196,500
668873,CH,1,0.25914663940665333,0.6541913155128092,0.6499805438528857,2.1037505225419646,2.125382420507288,1.7658507475268896,1.998327896858714,133.87455824708906,87
668873,FC,21,0.3135438254589526,0.5463888642010101,0.524525790022654,0.5211332061995013,0.7544740210132086,0.9859769485353934,0.7538613919160344,112.10325954793169,87
668873,FF,24,0.3674838993133323,0.3631412147133058,0.423358180206852,-0.674143547582663,-1.1603493752072092,-0.25327258261841884,-0.695921835136097,88.17381335104562,87
668873,KC,7,0.29002276315648706,0.49322816259808466,0.48858665011486263,-0.7805144488903247,-0.8725186173257308,-0.6816540048439698,-0.778229023686675,87.36686157099305,87
668873,SI,34,0.3474914162699573,0.310532212160058,0.42166908316286195,-0.19347452537703022,-0.7056520173902815,-0.9021406146180566,-0.6004223857951227,88.89856986440117,87
668874,CU,3,0.2626690578371367,0.6157699692246276,0.6061702359887606,0.7192072484409232,1.633482367615926,1.9643606427445022,1.4390167529337838,123.06270580712996,9
668874,FF,4,0.3777193994450619,0.38319419122358755,0.3756317404204944,-1.0319954571701757,-0.7848845430393542,-2.2218694367844454,-1.3462498123313251,77.12242847842752,9
668874,ST,2,0.24237847131990178,0.6257468652139981,0.5969727820282649,1.1920732640195162,1.6710850366214534,1.9823232875893022,1.6151605294100904,126.35277193541056,9
668881,CH,33,0.36524911944524163,0.370857776737941,0.4353217543908684,-3.03811181742662,-3.2574423404471218,-2.8890404181325926,-3.061531525335445,48.10259710465957,1532
668881,CU,4,0.29369721977432106,0.5340297715762139,0.49063171669721023,-0.29647998204237097,0.41042826368904106,0.012510508227185638,0.042152929957951904,100.67557283162049,1532
668881,FF,869,0.29847187375623957,0.5119409715054609,0.46858190875003547,1.7386437918020663,1.6257245865280179,1.6120936618006207,1.658820680043568,128.1892620534088,1532
668881,FS,37,0.27835867876756965,0.586552247478127,0.5737074108219067,-0.31313265606436047,0.01099401054799753,-0.4304058618287453,-0.2441815024483694,95.6438678673263,1532
668881,SL,589,0.3038011227235902,0.5648950785068706,0.5002386701073611,-0.5675476035640288,-0.16676839606291055,-0.6533700582698341,-0.4625620192989245,92.51395001369931,1532
668909,CH,24,0.340765010240772,0.46514500477495363,0.5247320707395841,-1.8515804658469548,-1.4661555485129625,-0.9501713285717409,-1.4226357809772194,75.88425868304179,471
668909,CU,90,0.2650262375409519,0.532926630037553,0.531533956358097,0.642046463668483,0.3939222871329937,0.7034925501789715,0.5798204336601493,109.29261459618452,471
668909,FC,8,0.32800152112858016,0.4990515476992473,0.4522766004741326,-0.1403120279953026,-0.14858289277975784,-1.129741206714933,-0.4728787091633312,92.40792297752776,471
668909,FF,247,0.35583015344662994,0.4398540734212214,0.40884622148063426,-0.2667071586836741,0.27599503007924553,-0.8518547610524693,-0.2808556298856326,95.22726413694492,471
668909,SL,102,0.3191405253576592,0.5849969566161347,0.5007691941027338,-1.1417749446328027,0.29018086265198145,-0.6398048300231041,-0.4971329706679751,91.95445775271574,471
668933,CH,17,0.35249157788495517,0.37818096674222973,0.45879390184622115,-2.419864982144693,-3.1183149760881106,-2.3800452257959135,-2.639408394676239,55.25819684353959,1428
668933,FC,775,0.3258959734558813,0.3986029178051952,0.47564884894380494,-0.04398239806662722,-2.064847616055246,-0.4453170529588798,-0.8513823556935842,86.33103945103396,1428
668933,FF,2,0.36598382988387296,0.31767989823143983,0.4250122851926129,-0.6216983614229936,-2.0115509688579913,-0.18504486888142954,-0.9394313997208047,84.03571993855603,1428
668933,SI,211,0.3426274713285638,0.32323082059858643,0.42396316367716286,0.03225764573502533,-0.4219073313326236,-0.8299106628094324,-0.40652011613567685,92.48370018379751,1428
668933,SL,423,0.23721139523628357,0.6187652664908956,0.5695122364826702,1.9252249684658735,1.0577909377630985,1.1179197373706948,1.3669785478665555,122.12302202208409,1428
668941,CH,92,0.3201785577228946,0.5377684463021568,0.597665075352941,-0.8539345590149212,-0.08644151617960139,0.6313860803308621,-0.10299666495455351,98.25405703851533,382
668941,FF,52,0.3396319285850682,0.39237930857759473,0.42310391429270366,0.2996125740149467,-0.6129056578102158,-0.2637604187309536,-0.19235116750874093,96.73126967102878,382
668941,SI,138,0.3356383348523169,0.2998166534100938,0.3951398272933126,0.35661842078312495,-0.9450863513300504,-1.7374237971528028,-0.7752972425665761,85.66524437412943,382
668941,ST,100,0.26136415763017096,0.574126840815243,0.5236329297206368,0.29168724502404403,0.4745544453551869,0.13930089830529108,0.30184752956150734,104.92490929598605,382
668942,CS,5,0.37113204819740664,0.25253085174262113,0.31547550733053525,0.03125368058174344,-0.11803058527238572,-1.1114189739801967,-0.399398626223613,92.41096482127632,21
668942,EP,7,0.44288979014422886,0.0725773451166014,0.4811715128983751,-0.7257972052280917,-0.8916326158511225,-0.33717141627445857,-0.6515337457845576,84.8179957582374,21
668942,FA,9,0.4054913509750809,0.300873887918476,0.430639997411628,0.04244210940783144,0.3543993101642096,-1.019819673904363,-0.20765941811077396,95.56369149307633,21
668948,CH,14,0.3178677516334654,0.5533231730169821,0.544373451813945,-0.7419499305511501,0.20907015699711215,-0.524246578536886,-0.3523754506969746,94.0267246690382,158
668948,CU,13,0.31161902941544106,0.414438734496151,0.4001268607457843,-0.8831390705339589,-1.3789766178941125,-1.516433400232441,-1.2595163628868375,79.81409509145436,158
668948,FC,70,0.33229305906164297,0.4893662103982728,0.496927637491693,-0.3366515677155861,-0.333350671319469,0.1778030060179043,-0.1640664110057169,97.36591052838932,158
668948,FF,54,0.3307757260478734,0.4553784354685297,0.4325597669338204,0.6092417029135454,0.566667688455771,0.1262699679077102,0.4340597864256755,107.37621927047512,158
668948,SL,7,0.2884196139355311,0.5387014726209018,0.49421642383809233,0.008255972604975962,-0.7621928000715774,-0.807355826893291,-0.5204308847866308,91.5774070170476,158
668964,CH,33,0.3128921224997142,0.5339875309705583,0.45199477457941645,-0.5008245576929354,-0.15827206879967798,-2.527484785702888,-1.062193804065167,81.99427334119503,329
668964,CU,12,0.30336192534507095,0.4994900762287149,0.44976242324469834,-0.6128479981196452,-0.10637885641171185,-0.6779149569081186,-0.4657139371464919,92.53613726122896,329
668964,FC,67,0.36974727332451035,0.40115935648365436,0.4484297544480368,-2.050196526109558,-2.0160782773204584,-1.2423908022152057,-1.7695552018817406,71.58975625700594,329
668964,FF,157,0.3728838194067579,0.4088563288795073,0.4271097948458946,-0.862934685502936,-0.3043957635752172,-0.09852781620545066,-0.42195275509453456,92.82952224395629,329
668964,SL,60,0.3139634993674177,0.5647363582442289,0.5251254461760868,-0.9479740555148838,-0.17037637268892306,-0.017027874613521284,-0.3784594342724427,93.87505647989727,329
668968,CH,8,0.29987386510465563,0.5332634672414318,0.5594976744965224,0.13005690150881527,-0.17202797001244574,-0.19627673053281225,-0.07941593301214757,98.6537846702757,69
668968,SI,30,0.3581111575463777,0.353579991865639,0.37451264780116755,-0.6863290465237911,0.2562312312481627,-2.3868779777614137,-0.9389919310123473,82.63863312454583,69
668968,SL,31,0.285967277419613,0.5682959702565736,0.4978052350612003,0.10005867904244256,-0.08946044724591888,-0.715591752505502,-0.23499784023632608,96.19682225240163,69
668970,FC,3,0.32559621679720946,0.5484864857337927,0.5016268722087678,-0.030268413637340653,0.794490476691041,0.31541363208618284,0.3598785650466277,105.77785747513344,184
668970,FF,63,0.34831241603092733,0.4446736221575265,0.4031638429835886,-0.003873232117930639,0.3662345541954665,-1.0862387311021762,-0.24129246967488005,95.89958291392847,184
668970,SI,54,0.3450132372391749,0.3292793103191259,0.4150270143424063,-0.07846402674613555,-0.2867565527898118,-1.1112685453163724,-0.49216304161743996,90.90021666230118,184
668970,ST,64,0.2830099348514306,0.558684059518092,0.5211695522189143,-0.7348521627070919,0.11659722911021767,0.07739649372741406,-0.1802861466231534,97.05847213415426,184
668984,CH,4,0.28259796552794125,0.5470445878603469,0.6060383361896788,0.9672691645047442,0.0897883953284004,0.8129608390182541,0.6233394662837995,110.56650867534422,71
668984,FF,45,0.3220036708456831,0.4709990475035784,0.41457309337064624,0.9159288862178399,0.8591424975242196,-0.6156355492831468,0.38647861148630414,106.56764591151517,71
668984,SL,17,0.31605743429157307,0.5464587874852237,0.49594835107248114,-1.0263600730510725,-0.5858560788158516,-0.7630713299692488,-0.7917624939453909,87.18620777396136,71
668984,ST,5,0.3015565961089507,0.5196487794229971,0.47916462699616125,-1.6144176533832784,-0.7882242489198182,-0.9781826383522185,-1.1269415135517717,81.6129529229996,71
669022,CH,57,0.33832109482507994,0.5150317961503802,0.4979720383288123,-1.7331451886183225,-0.51839674444994,-1.5304645407614232,-1.2606688246098952,78.62983367410973,1382
669022,CU,267,0.24538404852518692,0.6378057890242191,0.5896472840569594,1.2850210814508884,1.9631977416257518,1.6852301315655531,1.644482984880731,126.35565375303203,1382
669022,FC,83,0.32318764004454187,0.49470708383438317,0.5137103250368339,0.07992491527545519,-0.23146249855004228,0.6692609303909093,0.17257444903877406,102.77068619040017,1382
669022,FF,800,0.32017939217729724,0.46904668352401757,0.44652518780232897,0.9797090236512739,0.8225871256301509,0.7023088199971774,0.8348683230928673,114.18738156744988,1382
669022,SL,166,0.31063617010392547,0.5758241153010779,0.5391409379391172,-0.823416177909409,0.0816668613013891,0.34134110853136973,-0.13346940269221674,97.83994669145127,1382
669022,ST,9,0.24228768520466343,0.6596328103840816,0.6046903278405976,1.1963787469788187,2.456547083225098,2.1762643615744612,1.943063397259459,131.70279711003363,1382
669060,CH,59,0.3002415169843963,0.5524692740064575,0.5977132621574155,0.11224001962283557,0.19284762027561816,0.6324310146240808,0.3125062181741781,105.2974339730529,1196
669060,CU,149,0.2884438996506658,0.5218764942799216,0.5118060720791953,-0.12451587478910868,0.22858241426589307,0.3702195099874968,0.15809534982142706,102.53374850221402,1196
669060,FC,226,0.3373078752161248,0.49481717201515085,0.45362634956550324,-0.5660813690852106,-0.22936233951873244,-1.0902156608162115,-0.6285531231400514,89.90856718409263,1196
669060,FF,234,0.3758465539545944,0.3928034927737835,0.40403974388238834,-0.9665173343133777,-0.6049633831085716,-1.0501099990690097,-0.873863572163653,85.14995048530369,1196
669060,FS,32,0.28787505235158095,0.5910576926702901,0.6012173499046464,-0.6359965872060838,0.1139205809888882,0.49938662685281104,-0.007563126454794844,99.86507586429414,1196
669060,SI,428,0.36036790055935686,0.3002620290883942,0.45563163211939883,-0.7910628595294557,-0.9351346323973166,0.1671824798140731,-0.5196716707042329,90.39159951017965,1196
669060,SL,68,0.31218450319341495,0.5377952171190821,0.5060975176448367,-0.8813777044614051,-0.7827935010365281,-0.50356231196268,-0.7225778391535377,88.30588419020009,1196
669062,CH,78,0.2627798207003803,0.6043472492674286,0.6243894046692174,1.9276818947238508,1.1784353166366284,1.210905068368953,1.4390074265764774,124.39326447185411,193
669062,FF,86,0.3139558513570774,0.4395246771309713,0.46428750419316495,1.1972954569714773,0.26982753056753717,1.4349601622348709,0.9673610499246283,116.43890413511713,193
669062,ST,29,0.22816504190988474,0.6106022078500215,0.5860114626362191,1.8661375519055077,1.3200382085482572,1.7068665417685553,1.6310141007407732,126.61143696717173,193
669084,CH,49,0.3306253684733243,0.4881836718747188,0.48637415178658905,-1.3602004139777595,-1.0284625444999775,-1.781965537953382,-1.390209498810373,76.43393122963641,241
669084,CU,20,0.26263573514456107,0.5280827776003745,0.5449306805575793,0.7202980456786998,0.3214451733928308,0.9298101288634276,0.6571844493116528,110.53250532670677,241
669084,FF,123,0.3286624778466202,0.47425973158030865,0.431537218735101,0.6831247466845628,0.9201943916903649,0.08409239974542643,0.5624705127067846,109.55837413335738,241
669084,SL,29,0.2550334364209164,0.6400816907746618,0.5782076822289308,1.2580605706072305,1.542348859265473,1.3402578545603263,1.3802224281443431,122.33735944200967,241
669084,ST,20,0.2529972569353926,0.6237911650274424,0.5330463185165752,0.6884830355363506,1.6257527236709084,0.375858319189889,0.8966980261323826,114.63042103080004,241
669093,CH,2,0.38692870562157156,0.3648282833288392,0.38311406198224585,-4.088732384124333,-3.3719918094540837,-4.021167953098338,-3.8272973822255847,35.12175438929056,243
669093,FF,149,0.28301016419432784,0.5480256887212979,0.4863162929237189,2.279213595036748,2.3013620554255643,2.343592869601669,2.30805617335466,139.2220817400068,243
669093,FS,45,0.2796293244315503,0.5858549707032004,0.5383479457962539,-0.35624210847701543,-0.004935227081197143,-1.62549992895003,-0.6622257548360808,88.18607117737962,243
669093,SL,47,0.29516616439638077,0.5560024774707698,0.5285489826781634,-0.2442997380011005,-0.36891206788334874,0.07051020936900855,-0.18090053217181357,97.07232680184354,243
669105,CH,4,0.29882365372490255,0.576188280341431,0.6286490890187202,0.18095149266818214,0.6434658392030226,1.3032766274217764,0.709231319764327,112.02250025623054,31
669105,FF,24,0.3686616865121423,0.37515995949294795,0.40598257699188295,-0.7153211542220632,-0.9353146533422096,-0.9699729688475778,-0.8735362588039501,85.15551270319816,31
669105,SL,3,0.3221241373087427,0.5354071146127681,0.49205600911958847,-1.2534658362745994,-0.8370790590358288,-0.8625965304613038,-0.984380475257244,84.06890074009304,31
669111,FF,4,0.31519387523555265,0.4525501483404056,0.44747440261639043,1.1540118652245588,0.5137118416597034,0.7414615685628334,0.803061758482365,113.64687493185586,13
669111,SL,9,0.2462423219704561,0.6349947525607598,0.5582831937928496,1.587154108103093,1.4267142586905275,0.830798837263834,1.2815557346858182,120.74054913680344,13
669145,CH,77,0.28293267666878547,0.6025579399630654,0.5779022553683993,0.9510486330972894,1.144441676243123,0.20282791886391963,0.7661060760681107,112.9866099242335,376
669145,CU,36,0.25691584542000506,0.5684295712486244,0.5337173674184797,0.9075350133329729,0.9251421666890156,0.7403780079297391,0.8576850626505759,113.74587073760792,376
669145,FC,18,0.2755755282576599,0.6305393146991227,0.5595600078548,2.258197660187548,2.3598173682281605,2.0119058369513185,2.209973621789009,135.4811701798547,376
669145,FF,78,0.38102836670403384,0.3572168182313914,0.40501243726883246,-1.1476830383480559,-1.271275677326862,-1.0099888178287248,-1.1429825111678809,80.57666273552336,376
669145,FS,10,0.27512986575664056,0.6285595055857361,0.5989008577585719,-0.20358806405910498,0.9706467920671693,0.4210928512456814,0.39605052641791527,107.06543455172738,376
669145,SI,71,0.3320017987045367,0.4596108977069719,0.4916081699144514,0.5253874364395236,2.6254440655518034,1.2999167386941184,1.4835827468951484,127.43050659782723,376
669145,SL,86,0.25732858815607346,0.6356248031847105,0.5723231113668382,1.1721420436822345,1.4410363615309807,1.1897923759493778,1.2676569270541975,120.51561244866377,376
669160,CH,18,0.3206656565870823,0.4804075061331657,0.5423984406097744,-0.877539995049001,-1.1761956285531747,-0.5670748374188695,-0.8736034870070151,85.19115293741429,313
669160,FC,62,0.3121994479544387,0.5187945801011534,0.4978236625347004,0.5826390030871403,0.22805615707250718,0.20404186714418115,0.33824567576794284,105.43054101017147,313
669160,FF,77,0.31434470229377154,0.49043468183865263,0.4303355504605481,1.18370051305569,1.2230484333813154,0.03452657426954225,0.8137585069021824,113.82865072471473,313
669160,SI,95,0.3250097794971401,0.343369317361357,0.4397388196133933,0.8498819969578542,0.02807830837638992,-0.3332084499097251,0.181583951808173,103.35737241387969,313
669160,SL,21,0.22101859041962466,0.6514584298006942,0.601857659266273,2.5313992424016756,1.8009611360030622,1.9449757171635145,2.0924453651894175,133.86389271897497,313
669160,ST,40,0.2092905815475556,0.664339107358325,0.6232398309587903,2.7612487398078027,2.5656370801178907,2.6424113264404774,2.656432382122057,143.34204275872804,313
669165,CH,20,0.27984332653674104,0.5801179814702943,0.5955063085887551,1.100762504942311,0.7181230528567982,0.5845730690187564,0.8011528756059552,113.58070404371459,33
669165,CU,1,0.34193335212653764,0.3788768965113083,0.38474674192087593,-1.8754592260347491,-1.9110777522420417,-1.7762574587487001,-1.8542648123418302,70.28223349841677,33
669165,FF,10,0.3765985359773165,0.3871396402103505,0.42148351228155095,-0.9928080088620894,-0.7110113531474574,-0.3305979686491722,-0.6781391102195731,88.47600508203033,33
669165,SI,2,0.2717222132506121,0.5990306364794611,0.47498793884183754,3.322919452571024,5.740715333245521,0.7766227732297343,3.280085853015426,160.64671271007867,33
669169,CH,108,0.3204448624207814,0.5216326856651239,0.5073791607034857,-0.8668400264132595,-0.39299178294088505,-1.326470420856574,-0.8621007434035728,85.38614113670262,556
669169,CU,87,0.30755199680795425,0.43420182420205217,0.44096123630258705,-0.7500073338314666,-1.083267423807686,-0.8265978206163114,-0.8866241927518212,85.79033018397372,556
669169,FF,268,0.36206101520915357,0.42756752077956073,0.43491501948825917,-0.48454954561138747,0.04594596862658137,0.22341827375640985,-0.07172843440946541,98.78107883596188,556
669169,SL,68,0.3129037585316091,0.5530580048792617,0.4906148332491501,-0.9083028781629837,-0.43584484703376397,-0.899446663154063,-0.7478647961169369,87.896643016192,556
669169,ST,25,0.2909880453728046,0.531296243385155,0.5034310783990413,-1.113209787185507,-0.518240902268603,-0.36836939443696315,-0.6666066946303576,89.12372245709366,556
669194,CH,119,0.28870918861438405,0.5787546106158671,0.5305657113877159,0.6711114514343375,0.6922214726015732,-0.8236684148793764,0.1798881697188448,103.04936556842456,1162
669194,CU,52,0.3075226288131461,0.4690050353821782,0.4353973655082434,-0.7490459911205479,-0.5625173952014944,-0.9205910795308807,-0.744051488617641,88.07530172782126,1162
669194,FC,192,0.3217407815559023,0.4969115848021606,0.49289590011167483,0.14611925728774575,-0.18940709728240718,0.05973912148979911,0.005483760498379234,100.08804188319276,1162
669194,FF,644,0.35573155393693723,0.42698105680971543,0.44236574437193005,-0.2632599384820398,0.03496522490020454,0.5307421309916956,0.10081580580328678,101.71321903753922,1162
669194,SI,1,0.3160445553842633,0.4402133704487509,0.4309921731996213,1.2659515717351653,2.192015055686484,-0.6085997646501974,0.9497889542571505,117.56099700594287,1162
669194,SL,110,0.28419981785853987,0.5631549192593349,0.5305315301883108,0.1662231593949848,-0.20632512175218004,0.12120293904703797,0.02703365889661425,100.43750959518768,1162
669194,ST,44,0.27809860852418705,0.5476059405234952,0.5342284048788991,-0.5019351384021756,-0.14018893914743602,0.4055640189326682,-0.07885335287231449,98.71343783682882,1162
669203,CH,221,0.33129285149575655,0.4266510588019265,0.4801470719919265,-1.3925474978005368,-2.197470896587918,-1.917000207610644,-1.835672867333033,68.88268058269004,2150
669203,CU,329,0.25716964859514324,0.5686443811190008,0.5482567022848832,0.8992269271316105,0.9283563024641455,0.9859982814869173,0.9378605036942244,115.03081937074704,2150
669203,FC,1204,0.303574240177378,0.48337522528886206,0.511804404960707,0.977245633939243,-0.44764106467716247,0.6134486820775956,0.3810177504465587,106.11724751456354,2150
669203,FF,1,0.3197673620405135,0.4618101370258608,0.4767003654061159,0.9941143550330397,0.6870925911897311,1.9469597927206042,1.209388912981125,120.55181816977152,2150
669203,SI,152,0.32644866640725323,0.3556499598014769,0.4489386969306575,0.7831042948830647,0.3024837324530751,-0.04354699682260421,0.34734701017117847,106.42222651495248,2150
669203,SL,210,0.23978719102585924,0.6430175397425016,0.6164082370989972,1.828800589846389,1.6090856090488195,2.3170265784710375,1.9183042591220818,131.0456132876771,2150
669203,ST,33,0.21293788361672208,0.6480927461041925,0.6135641110542477,2.588277389893815,2.1890532163217844,2.3992615537669066,2.3921973866608353,139.030815208308,2150
669211,CH,120,0.30494316500582086,0.5694180906694204,0.5689818961035691,-0.11560787694243445,0.514844480925303,0.009389291727179932,0.1362086319033495,102.30893400548496,659
669211,FF,351,0.3163293173111732,0.4969756309701631,0.4370034800698484,1.114314721972394,1.3455188490137202,0.3095620747474389,0.9231318819111842,115.6872932934302,659
669211,SL,188,0.2963701696382746,0.5390838317595246,0.4925914777432911,-0.2893714233319245,-0.7535011383269965,-0.848904870587586,-0.6305924774155023,89.79456459898627,659
669212,CH,224,0.28588969843266815,0.5122827601553958,0.5039025371155248,0.807747563785374,-0.5706234560723684,-1.4018612514229876,-0.38824571456999396,93.4186716338906,618
669212,CU,8,0.2747984921268227,0.5551892001381331,0.5571089425723705,0.3221578986933866,0.7270304580061633,1.1355436149554181,0.728243990551656,111.67135606702419,618
669212,FF,258,0.37407235007475914,0.39680117592322695,0.4078995541370031,-0.9044879035844928,-0.5301121792488135,-0.8909024328033124,-0.7751675052122061,86.82714762204427,618
669212,SL,128,0.3002643205422447,0.5754376869168398,0.5318981826293795,-0.43514815093022446,0.0728826988085021,0.1561475456223251,-0.0687059688331324,98.88807058171014,618
669214,FF,2,0.3675192328196624,0.40581196003958714,0.4341568146580877,-0.6753788719488323,-0.3613974478364833,0.19214421161872453,-0.28154403605553036,95.21556566817378,5
669214,SL,3,0.33353701327187796,0.4791268107822795,0.47817269448988026,-1.6807044696554925,-2.1164243508440945,-1.2175858116546279,-1.671571544051405,72.94748031104561,5
669270,CH,48,0.2727508027953108,0.5469478132972008,0.5746091215199666,1.444475307019417,0.08794985366832667,0.13141607639139727,0.5546137456930469,109.40150796205576,321
669270,FC,4,0.29638578255740605,0.5913348353594966,0.526737069350692,1.3061203829029033,1.6119110918344721,1.0507312225956964,1.3229208991110237,121.23952118389855,321
669270,FF,91,0.3543998243567284,0.3823167275678082,0.3971789497804054,-0.216700223060359,-0.8013138618530307,-1.33310067984686,-0.7837049215867499,86.6820665591323,321
669270,SI,103,0.3399718024021242,0.3207970052552734,0.44888817639222106,0.1555053222081658,-0.4762898389793197,-0.04513765418352221,-0.12197405698489203,97.74477683709252,321
669270,SL,75,0.2837289335491535,0.5870066374482346,0.5243519831637034,0.18385061539052552,0.3358642640481095,-0.03680492974184675,0.16096998323226275,102.60511950937324,321
669276,CH,59,0.31623363202563565,0.5648347387113445,0.549141189695624,-0.6627583973518479,0.42776908379872663,-0.420857842388561,-0.21861571864722742,96.29414626764411,481
669276,FF,191,0.3597104410379871,0.4181000677472035,0.42681119703328335,-0.4023691494457468,-0.131319269879456,-0.11084423279128247,-0.21484421737216172,96.34903276947068,481
669276,SI,1,0.40423968478102357,0.31910408528455064,0.4058190875111462,-2.827120673144274,-0.5141173732275628,-1.4011834402528,-1.5808071622082123,70.77187545919234,481
669276,SL,230,0.3096003249915999,0.5695377587095024,0.5115522580963635,-0.7846395319865281,-0.06123252197633882,-0.3640873779407925,-0.40331981063455313,93.47271903678623,481
669302,CH,42,0.29592555645555374,0.5577712731982979,0.5222181543272004,0.32139700535941124,0.2935760150000981,-1.0046857853453899,-0.1299042549952935,97.79793433334935,2087
669302,FC,73,0.3453506945950608,0.4199188771813527,0.4665597800604716,-0.9340435028340013,-1.658201741060363,-0.7114779354678059,-1.10124105978739,82.31955301813541,2087
669302,FF,903,0.34394640456452935,0.4268559990811971,0.4179738151874946,0.14877055865182076,0.03262368826970199,-0.4753642384435083,-0.09798999717399517,98.33480149953398,2087
669302,FS,217,0.2163842171290684,0.6539201617383883,0.5999083513065012,1.7894874374360232,1.5500091526311275,0.4551445418162186,1.2648803772944563,122.56512471367833,2087
669302,KC,160,0.27332869152087397,0.5189887051768234,0.4942222787222632,-0.24741888278565352,-0.4771836316090218,-0.5875212469215445,-0.43737458710540655,92.90001588728082,2087
669302,SI,27,0.34989630882915757,0.35268901254594304,0.396874304892057,-0.3050838518025025,0.23632269965001151,-1.6828131448284993,-0.5838580989936634,89.20483305015648,2087
669302,SL,618,0.26973311195475136,0.6061861934302353,0.5442004042058162,0.7077812802246766,0.7718476005711282,0.4707090830490719,0.6501126546149589,110.5213476812266,2087
669302,ST,47,0.2558082997923873,0.5802834111393614,0.5667143880139869,0.5551708314962946,0.6172611723645492,1.2219331875632713,0.798121730474705,113.0220616198298,2087
669308,FF,4,0.33087594451975755,0.4337481688031505,0.4438701379161898,0.6057378808161274,0.1616702338834554,0.5927946203857181,0.45340091169510033,107.70489376506443,8
669308,SL,4,0.26377111919407126,0.6160488519265385,0.5693244706119898,0.9309672368168126,0.9960422984171423,1.1131186597286977,1.0133760649875507,116.40036051579723,8
669330,CH,205,0.2815299078864909,0.5071596564428781,0.532249215040873,1.019028608407393,-0.6679531602645348,-0.7871615180405545,-0.1453620232992321,97.53590272502075,968
669330,CU,52,0.3130501799730672,0.36276480584050164,0.3519031756862321,-0.9299868776719618,-2.1521581408965043,-2.3311002900935724,-1.804415102887346,71.08116039164146,968
669330,FC,238,0.3189062533641937,0.49633009833998054,0.5178872865727844,0.2758000312118495,-0.2005001504750008,0.7915775046060118,0.2889591284476202,104.63924451875263,968
669330,FF,361,0.35505344659043697,0.4263456056296557,0.4842577675241979,-0.23955205848327,0.023067261994315292,2.25868382036485,0.6807330079586317,111.56807446435204,968
669330,SL,89,0.2985200624736421,0.5059606416075978,0.49855359697732315,-0.36985221361341697,-1.5064465648152796,-0.6964565196189372,-0.8575850993492111,86.12094237446233,968
669330,ST,23,0.2543545589803398,0.4753609910722133,0.4886765679665132,0.6241137119916221,-1.8147966730606446,-0.739148612208111,-0.6432771910923778,89.50436393198612,968
669358,CH,13,0.33562303704783114,0.46458539092053996,0.5052975333928621,-1.6023938464173724,-1.4767871995527093,-1.3716106576141824,-1.4835972345280881,74.85087356522291,202
669358,FF,86,0.3105202381963774,0.496970381500827,0.4386593983517928,1.3174108117990602,1.3454205598085123,0.37786458243885795,1.0135653180154767,117.22407895049541,202
669358,KC,30,0.24115206392500302,0.5831580302942855,0.5673657594559024,0.7800846452911896,0.5075929565091316,0.6342053864591127,0.6406276627531446,110.39942960064937,202
669358,SL,73,0.3062569252207543,0.5892591486268933,0.5370609879320412,-0.6594800582871709,0.38706760473799146,0.2881578466358279,0.005248464362216113,100.0849405375444,202
669373,CH,313,0.2856028889092503,0.6055283734838418,0.6115139087738902,0.8216467213420147,1.2008745404057704,0.9316990211958949,0.9847400943145599,116.69277386135644,1296
669373,CU,56,0.31078769615941354,0.4559602152548178,0.4520354171866261,-0.8559259028918451,-0.7577031330728513,-0.6395161306247945,-0.7510483888631636,87.96316442879723,1296
669373,FF,373,0.3230218434365949,0.4527023616341362,0.4642417385524972,0.880331699831415,0.5165618294784682,1.4330724434640854,0.9433219909246562,116.03039504078285,1296
669373,FS,2,0.2217567247958799,0.6018484149059689,0.6421652683812653,1.607213283307592,0.3604338521370033,1.8833615935801218,1.2836695763415724,122.90031895605813,1296
669373,SI,283,0.32214073061868537,0.36633557220643725,0.46299567376300577,0.9830324828625434,0.5412489288016797,0.3990419850575155,0.6411077989072462,111.85367768980032,1296
669373,SL,269,0.31461490635250744,0.5165075836676251,0.5021241103690318,-0.9723593402567376,-1.2666969588410344,-0.6051603114568352,-0.9480722035182023,84.6565095921268,1296
669387,CH,26,0.31350741643515423,0.4887733599051251,0.5581392674485032,-0.5306424913877885,-1.0172595385126357,-0.2257338842931678,-0.591211971397864,89.97809899317576,291
669387,FC,47,0.31599730459608116,0.532464284919643,0.5012241028981138,0.4088855756272723,0.48883396109919686,0.30361908673206534,0.40044620781951146,106.4291717817065,291
669387,FF,118,0.32939412227738063,0.455682820843751,0.42759450800135185,0.6575451117554353,0.5723668924499123,-0.07853460495237197,0.3837924664176585,106.52199875497531,291
669387,SL,40,0.2827799487717626,0.6017348206580866,0.5448094943612064,0.21937566277572332,0.6706604638548038,0.48628320797607094,0.45877311153553263,107.42473074320068,291
669387,ST,60,0.2665889455991431,0.5689879803554204,0.5430189194568781,0.04390447001138974,0.35543780765412747,0.62646867950638,0.3419369857239657,105.57900421474298,291
669391,CH,4,0.31833400962266906,0.4901115671512924,0.5350103739260911,-0.7645453910391964,-0.9918360213000068,-0.7272855906024274,-0.8278890009805435,85.96607982607641,27
669391,CU,2,0.29009316174573563,0.49388589434146846,0.47309938205471214,-0.17850342497251329,-0.19023255206622047,-0.283672011162823,-0.2174693294005189,96.5146818785724,27
669391,FC,9,0.3154131217533844,0.5348054903716541,0.5237455927067501,0.43561216927192314,0.5334972822650615,0.9631299431052943,0.6440797982140929,110.34071389111926,27
669391,FF,6,0.3754216977206785,0.3774995600720296,0.4337122386232198,-0.9516635789863033,-0.8915088004647421,0.17380655669209924,-0.556455274252982,90.54384615791814,27
669391,SI,2,0.3660216332341275,0.28530622518544424,0.4401351094653755,-1.0534485088204446,-1.2693153344581014,-0.3207311210921513,-0.8811649881235657,83.70781672199772,27
669391,ST,4,0.29899024656510104,0.5077195933939134,0.4987519222063048,-1.4927098988478102,-1.0647377953382333,-0.4859560728229157,-1.0144679223363195,83.44805899703172,27
669395,FC,22,0.3199428191391876,0.5368432848922695,0.5107864812425947,0.2283767413967572,0.5723724143326473,0.5836401858919922,0.4614631138737989,107.40879941445978,387
669395,FF,190,0.3106484973910064,0.4555061066652229,0.4491328695895623,1.3129266344623942,0.5690581587390483,0.8098692034239109,0.8972846655417844,115.24805717565462,387
669395,SI,3,0.3040241443125511,0.41406227675643614,0.43379135842013405,1.8238101662651487,1.6076806456831987,-0.5204664091203185,0.9703414676093428,117.94099997799758,387
669395,SL,43,0.2749509666769981,0.6002026422736169,0.542465646808118,0.5124519760323335,0.6358314905023207,0.4263522202912477,0.5248785622753006,108.49457367875964,387
669395,ST,129,0.25666037278893467,0.5672565202138415,0.5140024542242227,0.5147617253561668,0.31530328522629014,-0.10271188738852537,0.24245104106464382,103.95580307612704,387
669422,CU,12,0.30902401630847304,0.46308879209450526,0.4589711992454202,-0.798192959932237,-0.6510403721576026,-0.5223464868778536,-0.657193272989231,89.4673532587616,84
669422,FF,41,0.3606526744773876,0.4128166033156418,0.4305574023137867,-0.43531136342915805,-0.23024498721842612,0.04367741104537112,-0.20729297986740433,96.47735514657266,84
669422,FS,1,0.234785638179132,0.6898116718541089,0.5756643883479355,1.1651787040336827,2.3699481123995025,-0.3642631125210272,1.0569545679707193,118.85578436592274,84
669422,SI,10,0.3570095589353992,0.33415395256755465,0.45901201230434807,-0.6352046507614175,-0.17783486730597314,0.27361496826930837,-0.17980818326602743,96.67546042325964,84
669422,ST,20,0.274802392533221,0.5806480020656524,0.5011383169858287,-0.34561385797262,0.62571223765726,-0.4259862355523888,-0.04862928528924959,99.206570219322,84
669424,CH,55,0.29673793232060997,0.558418352231285,0.5893037367811423,0.28202822844757247,0.30586934623126255,0.4500698568093448,0.3459891438293933,105.86501816039947,371
669424,FF,163,0.37089736437016446,0.41393722481667056,0.4433657548508485,-0.7934845639645586,-0.2092628670034186,0.5719900743066432,-0.14358578555377796,97.55996691817603,371
669424,KC,29,0.2842871584057288,0.4374271791264742,0.4191730790769709,-0.5973580848649458,-1.7288701843123113,-1.8410793918292854,-1.3891025536688475,77.45043641593745,371
669424,SL,124,0.28779569281291245,0.5702004187117062,0.5249204369942951,0.031612329812930946,-0.046169153511901664,-0.02226985493474277,-0.012275559544571164,99.80133377033475,371
669432,CH,298,0.2848115533511451,0.5912829677425738,0.6357882827154963,0.8599958579787758,0.9302375975097569,1.458090552126849,1.0827746692051272,118.35460219422384,1024
669432,FC,76,0.32842663246291454,0.5346938467292098,0.48859867878529156,-0.15976103788754828,0.5313674495951718,-0.0660990953008838,0.10183577213557989,101.63497533450851,1024
669432,FF,416,0.34685039757182123,0.42782255401024816,0.4026192817540829,0.04724162213540049,0.05072112054022294,-1.1087005264530232,-0.3369125945924666,94.27465697026906,1024
669432,SI,151,0.3573977291360569,0.34288072464116026,0.41662972190583775,-0.6532193493674335,0.017160924107602414,-1.0608067200454976,-0.5656217151017762,89.54201225348291,1024
669432,ST,83,0.2963209654616265,0.5407082768790687,0.47823490626503845,-1.3661206701488557,-0.30007389958578196,-1.0015464176526383,-0.8892469957957586,85.4911491162965,1024
669438,CH,94,0.2929274525332465,0.5899601485277929,0.6041112026143344,0.46668896878776117,0.9051064250605716,0.7711708099334958,0.7143220679272761,112.10879582636103,333
669438,CU,4,0.3005103887641349,0.42350938355658296,0.4800945705683442,-0.5195047540571652,-1.2432552118074809,-0.16549878438939267,-0.6427529167513463,89.69878467676665,333
669438,FC,10,0.32706506707771454,0.539511364808882,0.4817248618886942,-0.09746888873288657,0.6232715398705155,-0.2673893699029353,0.08613776041156455,101.38294344599473,333
669438,FF,99,0.3891424221425258,0.3558662659657569,0.39971025518562636,-1.4313653397299078,-1.2965629397684444,-1.2286906320838624,-1.318872970527405,77.58765837162198,333
669438,SI,9,0.3475585824291266,0.36096308369575847,0.4864450212195254,-0.19659165830456693,0.42120309281970336,1.1373531411697684,0.4539881918949682,108.39395451259632,333
669438,SL,98,0.30215311135452155,0.5912817695663505,0.5066064505888319,-0.5058546413876792,0.4330451563837864,-0.4905491558985026,-0.1877862136341318,96.96088973294026,333
669438,SV,19,0.3172372253418057,0.5285621557299672,0.5000238469338721,-2.1894055565808985,0.0843538995998221,-0.6412815757444001,-0.9154444109084922,85.09362004202069,333
669456,CH,37,0.3051563820483905,0.5434166146940411,0.5624991074963941,-0.12594064843872443,0.020863467216779,-0.13119044177456152,-0.07875587433216899,98.66497362291784,1413
669456,FC,254,0.3337453910568372,0.5405998609059676,0.5043777278913443,-0.4030963247945406,0.6440368472168502,0.39596865763691197,0.2123030600197405,103.4085298249698,1413
669456,FF,439,0.3915808997884872,0.35849555003067024,0.37300196361172416,-1.516619003045165,-1.2473331558683765,-2.330341184856961,-1.698097781256834,71.14328032918917,1413
669456,KC,244,0.27412537370631146,0.5373433008541705,0.5484426128751599,-0.27285951524018826,-0.19550424547959888,0.31812920395900063,-0.050078185586928836,99.1870713741873,1413
669456,SL,439,0.2935619720412965,0.6101732637084955,0.5600783202155654,-0.18424713148192942,0.8624803662357221,0.8766993052318637,0.5183108466618854,108.38828253221814,1413
669459,FC,27,0.3275681843561706,0.5147301101283385,0.5152099717041908,-0.12048670109249449,0.15051801209300092,0.7131760206557882,0.24773577721876489,103.97740279995831,449
669459,FF,158,0.36675700996881533,0.37635870722332826,0.4250210655865437,-0.6487301592140907,-0.9128697252704061,-0.18468269948543412,-0.5820941946566436,90.10814972929252,449
669459,SL,263,0.2830555111045739,0.5882659732522574,0.5554856491314754,0.2090600442706395,0.3644910699113959,0.7592670456899115,0.44427271995731565,107.19005809035298,449
669459,ST,1,0.30356879125223685,0.5394276192180614,0.522077022181154,-1.709844931854928,-0.3297590089243158,0.10020111366304324,-0.6464676090387336,89.45230944267188,449
669461,CH,40,0.33111535382826013,0.5356862422297933,0.5382442745263997,-1.3839457330576186,-0.12599962739559845,-0.6571582253418449,-0.7223678619316873,87.75481628750929,662
669461,CU,91,0.21796214640362252,0.5561524370293744,0.501871019698864,2.1826596807601684,0.7414430832111301,0.20238168893967057,1.0421614843036562,116.70242105730584,662
669461,FC,32,0.32512612161877874,0.48242028476225574,0.5217166797732276,-0.008761375275468388,-0.46585852414765927,0.903716018109041,0.1430320395619711,102.29638222231893,662
669461,FF,212,0.36909156595030235,0.38864845898597294,0.4407794586250156,-0.7303505300081177,-0.6827607646091267,0.46531179206084583,-0.3159331675187995,94.63117203824763,662
669461,SI,168,0.364318454879504,0.3467672992666225,0.44064367757506434,-0.974405231724861,0.10400468358564732,-0.3047186708641682,-0.3917064063344606,92.75759630808918,662
669461,SL,119,0.24496176592732793,0.640044930102468,0.5944206124982329,1.6350914567259043,1.5415132277977304,1.7548142206619266,1.6438063017285205,126.6031702325812,662
669467,CU,97,0.278534980555527,0.5380770552790896,0.5265281787722811,0.19984631634549896,0.47098655795510025,0.6189274396500447,0.42992010465021463,106.89020532520142,1002
669467,FF,601,0.32561974785935544,0.38944854858702865,0.434704330906053,0.7895041831838618,-0.6677801702008302,0.2147278941262419,0.11215063570309117,101.90583810373509,1002
669467,KC,34,0.26768557649498087,0.5487911537075112,0.5223852073315589,-0.06721601406759463,-0.01981940769214789,-0.11711158619903485,-0.0680490026529258,98.89534771345616,1002
669467,SI,97,0.35672468213070896,0.3345469191299216,0.4508951171032692,-0.6219837240451352,-0.16905420646350863,0.018051597430842718,-0.25766211102593367,95.23599054296196,1002
669467,SL,173,0.26988419716060513,0.6057367301441783,0.5605350074506721,0.7021254370277875,0.7616305494942613,0.8883765651402282,0.7840441838874257,112.68887999266667,1002
669618,CU,6,0.29789652916815285,0.48798470285164036,0.4798352692188592,-0.43394171557329136,-0.2785303134777716,-0.16987929209345676,-0.29411710704817323,95.2862700876365,190
669618,FF,52,0.3233590597307494,0.480586894989828,0.4677083216331067,0.8685419979844937,1.0386619591577537,1.5760603675108276,1.1610881082176916,119.73101574112613,190
669618,SI,1,0.34717152384128486,0.39388968504491734,0.47153732174338037,-0.17862854884633247,1.1569331697008998,0.6679788502384226,0.5487611570309967,110.14624669238884,190
669618,SL,131,0.3293096955544037,0.522280678697324,0.5038352443767236,-1.522455711821417,-1.1354648679899912,-0.5614074867447795,-1.0731093555187292,82.63292284923054,190
669620,CH,1,0.37122464075140055,0.4411905913310858,0.47394424403346425,-3.3276932480835093,-1.9212460767198838,-2.0515089744695043,-2.433482766424299,58.74893512515701,12
669620,CU,6,0.294347568757427,0.5095838075944848,0.48718478638580187,-0.317768744130044,0.044650623892952664,-0.04572021372812201,-0.10627944465507111,98.29669004170528,12
669620,FF,5,0.36227430996667603,0.38837919949792166,0.4374766316094276,-0.49200672262297346,-0.6878022839286623,0.3290783981214215,-0.28357686947673805,95.18102059967376,12
669622,CH,15,0.2785150355338798,0.5642131859352546,0.6066335546791795,1.1651331914865597,0.4159607052783319,0.8258681944326657,0.8023206970658523,113.6005003124489,253
669622,FC,1,0.3195969565894498,0.424358170048655,0.4081247150975685,0.24420008838358823,-1.5735130765472432,-2.4226684500993514,-1.250660479421002,79.92062128251425,253
669622,FF,2,0.3398681335947885,0.3864588137271403,0.4183023696023219,0.2913544124503225,-0.7237589071638344,-0.4618121865756816,-0.2980722270963978,94.93469292880837,253
669622,SI,132,0.31541159183612105,0.40870042804086415,0.4517053567426695,1.2953269527640476,1.4878725511306796,0.04356228449805539,0.9422539294642608,117.42167916355847,253
669622,SL,27,0.2911558831945784,0.5431772121782763,0.5179901597410789,-0.09417569690353624,-0.6604517656355643,-0.19947351315374504,-0.31803365856428184,94.85298021453048,253
669622,ST,76,0.24166420796267835,0.5742914525869005,0.5355347993512241,1.2259468217205562,0.4783700774236499,0.4383935677519439,0.7142368222987167,111.65340518368468,253
669674,CH,66,0.32963362512933286,0.5321577312581617,0.4903555815656545,-1.3121392588612204,-0.1930349537093319,-1.6956279491143063,-1.0669340538949528,81.91391922652883,465
669674,CU,92,0.2561539519131065,0.45879426237174276,0.4559207766166381,0.9324751147644276,-0.7152981345923453,-0.573878805751516,-0.11890060852647788,98.0944142942434,465
669674,FF,228,0.33117293983097196,0.46336165225021997,0.45150539697223563,0.5953543785066361,0.716142612916989,0.9077300529417199,0.7397423481217816,112.57085298855881,465
669674,FS,17,0.3246780155115947,0.5041124437656033,0.5405689538788601,-1.8846181612340187,-1.8723373589490102,-1.5504333638697783,-1.769129628017602,68.43920468094412,465
669674,SI,2,0.29614520394887833,0.44744389546735913,0.44362744268785037,2.1894660969518824,2.353577880571474,-0.21077375090111922,1.4440900755407458,126.70031208429577,465
669674,SL,60,0.26893783703783186,0.6161250219781572,0.5588147927526558,0.7375522310143185,0.9977737708912204,0.844391551803407,0.8599058512363152,113.91661640448586,465
669684,CH,14,0.32497276499163064,0.5232462783908278,0.553461471691563,-1.0862679954826842,-0.36233643971688156,-0.3271722190490482,-0.5919255514162046,89.96600277616692,210
669684,CU,34,0.2796014098524925,0.5054324288104131,0.5313686848721528,0.16493742869260009,-0.01746521390637693,0.7007005361039258,0.28272425029671633,104.5311398882891,210
669684,FF,89,0.3416515326217826,0.43862097461050675,0.43776872954771284,0.22900350246518364,0.25290692454169744,0.34112671106893433,0.27434571269193847,104.66210922093104,210
669684,SL,63,0.3251154932835265,0.4936087805334234,0.4871546173282576,-1.3654466238298621,-1.7872249941199603,-0.9879226211866547,-1.3801980797121587,77.66303461018838,210
669684,ST,10,0.2741212348274459,0.560286264805206,0.5519513576796705,-0.3133103180853527,0.1537356780328954,0.8509398656010712,0.23045507518287128,103.76007828761777,210
669711,CH,23,0.2875446363640863,0.5184652132989591,0.6091534658855342,0.7275471479096132,-0.4531680287745213,0.8805126487413144,0.38496392262546875,106.52569722942036,329
669711,FC,4,0.3265944249499176,0.555761213642321,0.47973044235334117,-0.07593682722348694,0.9332709108019297,-0.3257932031708289,0.17718029346920464,102.84463311376922,329
669711,FF,88,0.31935529793288603,0.5208727616176789,0.4512985041409079,1.0085208740979796,1.7929602621756187,0.8991962385879889,1.2335591249538624,120.96255601948776,329
669711,SI,102,0.3348630130014398,0.30872752074708965,0.48194964659035305,0.3926005478051004,-0.7459770341732225,0.9958146507799588,0.21414605480394555,103.95942510216685,329
669711,SL,9,0.3199389745302076,0.5187734156385866,0.5196103798963646,-1.171664723020438,-1.2151908142969476,-0.15804530932487976,-0.8483002822140884,86.27120677639601,329
669711,ST,103,0.2739905333947371,0.5081835647567374,0.4623773310346673,-0.30711187254324973,-1.0539831330621754,-1.4000455319778218,-0.9203801791944156,84.98318370555941,329
669713,CH,32,0.2830591242132266,0.5926379503246689,0.6114243095919796,0.944920822828322,0.9559798157628485,0.9297560565431477,0.9435522317114393,115.9945798097117,766
669713,FC,76,0.2996306959367464,0.593567366383963,0.5421882992412942,1.157664326060553,1.654501224226675,1.5031992406423105,1.4384549303098462,123.09442233842529,766
669713,FF,255,0.36333881681477576,0.3674340172091782,0.4100506827220651,-0.5292238398579766,-1.079972461195663,-0.8021737326443255,-0.8037900112326549,86.34074946427924,766
669713,SI,139,0.3465090966068459,0.3177172474592371,0.4335957604295295,-0.1478857794204072,-0.5451056397971937,-0.5266248823505113,-0.4065387671893707,92.48335533761184,766
669713,ST,264,0.24585606305035698,0.5949216320567327,0.5630581356544505,1.027150336151351,0.9565690152676766,1.130051969542368,1.0379237736537985,116.93464395358222,766
669721,CH,25,0.32539204963510143,0.505606003784053,0.48864468162134317,-1.1065870673573996,-0.697469750633639,-1.7327289364815688,-1.1789285848242024,80.01544937717031,141
669721,CU,16,0.3066937794736321,0.4697558392322475,0.4528338197700743,-0.7219141329124067,-0.5512833419879075,-0.6260283154835083,-0.6330752634612742,89.85388563044026,141
669721,FF,69,0.3826821186291128,0.36841335841743766,0.4013554944022764,-1.205501247205186,-1.0616356231603878,-1.1608286092565558,-1.1426551598740433,80.58222559805367,141
669721,SI,2,0.3441302421144583,0.4707734312971696,0.4207470080510171,-0.03748486086632445,2.8748658509774314,-0.9311724818421152,0.635402836089664,111.74819653579287,141
669721,SL,29,0.27159543385691226,0.5641807820334869,0.4998285030622822,0.6380656479016252,-0.18300554774800268,-0.6638578206223616,-0.06959924015624636,98.87361398238471,141
669724,CH,3,0.27937411683756647,0.5608674768030736,0.6202052823970169,1.123501009083367,0.3523982832737657,1.1201720783538776,0.8653571235703368,114.6690592334704,23
669724,FC,2,0.3121721189750464,0.5382917152920649,0.47609245785739074,0.583889314588194,0.6000042106266853,-0.4323265759975564,0.25052231640577427,104.0221407416841,23
669724,SI,14,0.34250843039859724,0.36927739624260686,0.4888655452865592,0.03778224930195058,0.6069826618812193,1.213564213808056,0.619443041663742,111.45311003170914,23
669724,ST,4,0.2975472720445411,0.5020566090841507,0.45121276088303264,-1.4242776039680567,-1.196003404826308,-1.6806099469412612,-1.4336303185785417,76.609053937822,23
669742,FA,2,0.2647929374699324,0.4950009117690434,0.617630114550334,3.4210522110047195,2.0237025495891516,3.813304283981007,3.0860196815249594,165.92783265134625,2
669796,CH,26,0.3347021535314315,0.5019000010947463,0.5206476137671744,-1.5577666494776683,-0.767877098547415,-1.0387430694496063,-1.1214622724915633,80.98958677845339,241
669796,FF,84,0.3546854278256186,0.40847000916062626,0.442887967328439,-0.22668544561048715,-0.3116290772101496,0.5522825281794752,0.004656001786279479,100.07912202690352,241
669796,SL,131,0.25869369896529987,0.6071646989052613,0.5434381235506921,1.1210394050106796,0.7940906640814737,0.45121795509818446,0.7887826747301125,112.76556717801263,241
669804,CH,1,0.3488425601071089,0.48479859667018044,0.43723936873492725,-2.2430288979837973,-1.0927728506764733,-2.847456814257472,-2.0610861876392472,65.06159763609969,54
669804,FF,36,0.3540619606983498,0.3820906336358598,0.3784464153705199,-0.20488788816953984,-0.8055471645834081,-2.10577110058079,-1.0387353844445792,82.34819211713253,54
669804,SL,17,0.3222873350714487,0.5654318753654338,0.48229524627962034,-1.2595751105131483,-0.15456610703958265,-1.1121742629319262,-0.8421051601615523,86.371467912031,54
669854,CH,162,0.2725787687730243,0.5998046645278876,0.5749601139292723,1.452812296504173,1.0921344229250523,0.1390273718309428,0.894658030420056,115.16575213223521,726
669854,CU,9,0.30026080476933664,0.4928566487749379,0.4707084306441731,-0.5113347800521699,-0.20563284531616197,-0.3240635521043231,-0.347010392490885,94.43856468125341,726
669854,FF,262,0.36999334330103373,0.4136117442742382,0.4171737089429419,-0.7618783247254104,-0.21535704943940817,-0.5083666296353865,-0.4952006679334017,91.58477973819862,726
669854,SL,293,0.3349426452753463,0.5167865464113379,0.49712250407002834,-1.733324010789389,-1.2603556698203873,-0.7330488360816326,-1.2422428388971363,79.89568620181421,726
669912,CH,23,0.30115384156540853,0.4690135029664463,0.5629410419579642,0.06802759967536151,-1.3926610799692296,-0.12160706144283107,-0.48208018057889973,91.8280412426521,309
669912,FF,42,0.34375858820664185,0.42003183866038213,0.4134470657897843,0.15533696395266833,-0.0951494752690911,-0.6620813844074889,-0.2006312985746372,96.59056080040692,309
669912,SI,126,0.34057399120212345,0.3438213832309589,0.42108836437480923,0.12755817500952837,0.038179516620467056,-0.92042475495835,-0.25156235444278485,95.34877118398072,309
669912,SL,118,0.2747088077678618,0.5838828564810097,0.5428079102385348,0.521517144332996,0.2648555060802029,0.4351037218154167,0.40715879074287187,106.58941057132742,309
669920,CH,52,0.2883335276579753,0.56926239444767,0.6191564713124755,0.689316463453398,0.5118865343255151,1.097428535151603,0.7662105109768387,112.98838024751444,318
669920,FF,7,0.395849470281967,0.3465552691401778,0.42175328101609105,-1.6658560781896832,-1.4708987476540716,-0.31947067978066973,-1.1520751685414747,80.42214615362292,318
669920,SI,211,0.3391894848511817,0.38391103577452845,0.49333415788975815,0.1918121146166181,0.9339647461754256,1.3542600921647194,0.826678984318921,115.28477153101316,318
669920,ST,48,0.29774491364104966,0.5252348064686775,0.4811899762957031,-1.4336506509762112,-0.6587424766493185,-0.9272858341219751,-1.006559653915835,83.57708938769213,318
669923,CH,55,0.2807004638615951,0.5880369246458944,0.6062219185053991,1.0592245302479824,0.8685686499101056,0.8169418346334776,0.9149116715971883,115.50908074654767,1865
669923,FC,61,0.3125559020050301,0.5661826628055209,0.5161815559473915,0.5663310907917939,1.1320815408514617,0.7416275290469552,0.8133467202300702,113.05829766979228,1865
669923,FF,751,0.35296583219860933,0.41798025732335986,0.42921832627985457,-0.1665652198350975,-0.13356255783510393,-0.011556142508762364,-0.1038946400596546,98.23446062023454,1865
669923,FS,110,0.23172338422300182,0.6466252478393719,0.6113899708917646,1.2690724133024753,1.38335737078427,0.8432051484271215,1.165211644171289,120.78706140164465,1865
669923,KC,184,0.27816021636730454,0.5171419798026896,0.5235050586777017,-0.4017050587034614,-0.505524461278053,-0.0984065396072256,-0.33521201986291327,94.558440097834,1865
669923,SI,434,0.3379526501214212,0.31741131304662645,0.4594901840926911,0.24921272095975708,-0.5519416064529616,0.28867037936449647,-0.004686168709569352,99.91335570464445,1865
669923,SL,2,0.2373942036446036,0.6064566855100308,0.5742054480689553,1.9183815737953749,0.7779963372552827,1.2379227663259311,1.3114335591255295,121.2240883767449,1865
669923,ST,268,0.2500084772805141,0.6106255968396761,0.5736209456035755,0.8302243121556283,1.320580355553155,1.3954942170714701,1.1820996282600844,119.28700048152439,1865
669935,CH,3,0.3405691945848727,0.43556028491243287,0.4675418121980078,-1.842090987879253,-2.0282117149324743,-2.1903461656429726,-2.0202162894848996,65.75440172884059,38
669935,CU,1,0.3040570638416262,0.3722247285716086,0.40344127234032134,-0.6356029165643104,-2.010612149426344,-1.4604413834028123,-1.3688854831311554,78.06126779501261,38
669935,FF,26,0.3810925452189283,0.3891194907119563,0.4334790499889276,-1.1499268372649538,-0.6739413333465712,0.16418810591408717,-0.5532266882324793,90.59871131512821,38
669935,SL,8,0.30496610458864765,0.5753261085795901,0.5370925770121454,-0.6111584569149597,0.07034633687168353,0.28896556331868484,-0.08394885224153047,98.64138152733517,38
669947,CH,7,0.29629056149989724,0.5819722041955215,0.5097218543981156,0.30370839251336046,0.7533499308354356,-1.2756689409343716,-0.0728702058618585,98.76474424601427,376
669947,CU,56,0.3049685810111405,0.4589442996391768,0.42209129239235116,-0.6654408538329202,-0.713053171881752,-1.1453772440100616,-0.8412904232415779,86.51688141224221,376
669947,FF,175,0.39142263661333343,0.35001343392903767,0.42256494198906075,-1.5110858313664706,-1.4061492945545622,-0.28599168480031895,-1.0677422702404504,81.85526198014409,376
669947,FS,2,0.1911764762693577,0.6893606025147312,0.5967854820499621,2.644715559505761,2.3596434658766823,0.3495964935587635,1.7846518396470687,131.83770738721543,376
669947,SL,136,0.30244459804433305,0.5757883871088263,0.5360396702320712,-0.5167663848786311,0.08085469982693089,0.2620432734339406,-0.057956137205919855,99.06204460799876,376
669952,CH,13,0.2784443852317278,0.5660172364739209,0.5939875672821862,1.1685569957917044,0.45023440246058494,0.5516390554216996,0.7234768178913296,112.26398212555765,604
669952,CU,73,0.3018421501360439,0.4494429531289285,0.46429220814793165,-0.5630991191451548,-0.8552189749566863,-0.43245601566688674,-0.6169247032562426,90.11272599339615,604
669952,FF,250,0.37359754607127277,0.3795855245267016,0.43346820558542326,-0.8878878823700254,-0.8524519405776353,0.16374080126032428,-0.5255330072291121,91.0693254329887,604
669952,SI,51,0.3680169586254173,0.31304083485095585,0.4546760699775902,-1.1460501188464443,-0.6495979732553151,0.13709626138245154,-0.5528506102397692,89.77814190443225,604
669952,SL,43,0.297858039773855,0.5788310010036666,0.5174663876190657,-0.3450695318040486,0.15001839469393727,-0.2128660994389166,-0.13597241218300932,97.79943827661717,604
669952,ST,174,0.26901347818948695,0.5773702144948495,0.5399329695090134,-0.071077691353181,0.5497344916988026,0.5489190981100601,0.34252529948522725,105.58860307386236,604
670032,EP,3,0.39260015467389925,0.10884535163532409,0.5335695887434994,0.6718080162105657,-0.37745316682671587,0.5581741540876973,0.2841763344905157,106.62186163580573,19
670032,FA,16,0.41981267686865653,0.19638371439720861,0.48938145866490323,-0.30145783322034336,-0.5441143624164472,0.49846785940844895,-0.11570144540944718,97.52822524880868,19
670036,FC,8,0.3009046042007957,0.558282797444471,0.5385315508281289,1.0993825244988473,0.9813753209062724,1.3961163923050168,1.1589580792367122,118.60709486995012,277
670036,FF,121,0.3300064252412412,0.5025788750968769,0.4511757128041115,0.6361378740002082,1.450432008142662,0.8941314015622593,0.9935670945683764,116.88423802125276,277
670036,SL,9,0.2589782524210195,0.5608820265622269,0.5174885587295055,1.1103872056931574,-0.2579917683926935,-0.2122991954416943,0.2133654139529232,103.45308107358274,277
670036,ST,139,0.25048833336314286,0.5674433641347938,0.5319434004260825,0.8074673940822924,0.3196342492236046,0.34814210937536283,0.4917479175604199,108.02330200943918,277
670042,EP,13,0.5017619458183956,0.13402853975391704,0.4821769115937199,-2.361920263151416,-0.020425609086215633,-0.31999179175951376,-0.9007792213323818,79.01009111555375,19
670042,FA,6,0.4698019051625515,0.2152941982481724,0.4314122089227645,-1.5018559576711654,-0.3815026284838938,-0.9998603626202262,-0.961072982925095,79.46822596001536,19
670046,CH,106,0.32691876356887434,0.5811040982391862,0.5797110457752226,-1.1805735837622675,0.7368574878401609,0.24205166789536087,-0.06722147600891525,98.860498415651,250
670046,CU,8,0.2824249075696923,0.47130007443593547,0.45001726457726104,0.0725120190771567,-0.5281774129880455,-0.6736097945060637,-0.3764250628056508,93.96714425720337,250
670046,FC,25,0.2955434492107628,0.5496717324570431,0.4982461235735678,1.3446574631176291,0.8171015017148603,0.2164130576779849,0.7927240075034914,112.72719960934138,250
670046,FF,104,0.3819067035226719,0.3630877157959707,0.3978658523984914,-1.1783913089518827,-1.161351069993421,-1.3047676564926003,-1.2148366784793012,79.35560492237992,250
670046,SL,6,0.31307275582386346,0.4373518570305884,0.46073091164563723,-0.9146292565816254,-3.0660388120364943,-1.6635633119670312,-1.88141046019505,69.55147166834868,250
670046,ST,1,0.3220104686758499,0.43536350351488706,0.4264032755777108,-2.584431620357433,-2.741921717916045,-2.3040695728555205,-2.543474303709666,58.50096815223767,250
670059,CH,2,0.2883106154263847,0.5930441408991628,0.5987852979688066,0.6904268195986796,0.9636967019864353,0.6556781876852065,0.769933903090107,113.05149714800706,521
670059,FC,80,0.3234576972602178,0.5023586996890863,0.4955134809990587,0.06756969198465039,-0.08549214978681571,0.13639137794943704,0.03948964004909057,100.63400695153493,521
670059,FF,8,0.33931340701556195,0.3979499860059008,0.4423221119752294,0.3107486739051,-0.5086022660116079,0.5289424032250931,0.11036293703952843,101.87545874645677,521
670059,SI,245,0.332032319248323,0.33199137607017976,0.4538721121136275,0.5239710000498423,-0.22615666510718294,0.11178335827892363,0.13653256440719436,102.52440075663303,521
670059,SL,41,0.2844809899036164,0.5679240454029909,0.5201788310130301,0.15569754248024395,-0.09791492026672328,-0.1435103039114886,-0.02857589389932265,99.53753105268397,521
670059,ST,145,0.24788231700397087,0.5970213336617327,0.5146285364284187,0.9310563261190965,1.0052392209131826,-0.08697851073778821,0.6164390120981637,110.05774745117493,521
670090,FF,36,0.34870104149756337,0.4460825238280368,0.4271906502110866,-0.017460293185804884,0.39261433023459674,-0.09519273363336087,0.09332043447181032,101.58584602537913,124
670090,SI,33,0.335966400785229,0.37194366770004705,0.48887056126697565,0.3413931178250435,0.6665592966989736,1.2137221437592918,0.7405581860944364,113.69245244476686,124
670090,SL,55,0.3183357851010538,0.4789454487456102,0.46260946103018863,-1.111649660824477,-2.120547012804564,-1.6155297613709025,-1.6159088116666476,73.84831950583711,124
670097,CS,2,0.48074433885488194,0.08653248989500564,0.3517933879392874,-1.406023192783907,-1.158565962970916,-0.697574260864801,-1.0873878055398747,79.33837582972293,32
670097,EP,8,0.44901152776893655,0.07018841236907468,0.5242740578909417,-0.8959271413183378,-0.9255010371343695,0.3993379327424305,-0.47403008190342555,88.95417657067817,32
670097,FA,22,0.4519749644579642,0.1590102006201813,0.4901253631469295,-1.0737752107416103,-0.8654901625456883,0.5176955203644154,-0.47385661764096104,89.87681770936445,32
670102,CU,84,0.2888949946022959,0.4854533365132706,0.4200057954188024,-0.1392821823465373,-0.31640639009312566,-1.1806085900002667,-0.5454323874799765,91.25851268618966,334
670102,FF,194,0.3517275977234412,0.44791562557111525,0.41604210184436935,-0.12327426524047017,0.42693667823907644,-0.5550426059783503,-0.08379339765991468,98.57605220781379,334
670102,FS,30,0.2667404841677042,0.6240021095261369,0.5893476582718933,0.08104018174692645,0.8665334078068735,0.09820979800172222,0.34859446251850734,106.21883117362695,334
670102,SL,26,0.31825726120707076,0.565493169774329,0.5050879039276753,-1.1087101352166084,-0.15317278276631044,-0.5293776202876171,-0.5970868460901787,90.33681584413625,334
670103,CH,1,0.3011563539572836,0.5735702755099593,0.6451991454413919,0.06790584594103952,0.5937284826864632,1.6621657818148328,0.7746000368141118,113.13059488710732,7
670103,FF,2,0.366537334231119,0.37302662724482083,0.3962890947380407,-0.6410498913998212,-0.9752584110228028,-1.3698049855714134,-0.9953710959980124,83.08510557950132,7
670103,SI,3,0.3421379290566004,0.3271698900045806,0.4196006440088562,0.054976948941152744,-0.3338905996274404,-0.9672661668737647,-0.4153932725200174,92.31964113467903,7
670103,ST,1,0.32133769535881657,0.4089826966406989,0.4037297760788627,-2.5525257056219512,-3.3534177955508855,-2.8738521113383606,-2.9265985375037324,52.24995757325115,7
670124,CH,54,0.3113014096654911,0.53587487706548,0.5678876521721785,-0.42373657244488183,-0.12241590670830103,-0.014339466000710586,-0.18683064838463115,96.83294934179959,437
670124,CU,33,0.32351919140600116,0.4717657366764322,0.4651757607992575,-1.272683336770677,-0.5212098483054521,-0.41752971773682845,-0.7371409676043191,88.18605465184338,437
670124,FC,97,0.35765939445797473,0.4302959178861128,0.43863742841325676,-1.4971713379676612,-1.4602382939182819,-1.5291456032500437,-1.4955184117119955,75.98942233975441,437
670124,FF,169,0.36461129010374227,0.42734173677938814,0.4195960995153098,-0.5737118463545213,0.0417184689490386,-0.40844904764788725,-0.3134808083511233,94.67284634099678,437
670124,SI,16,0.37509781553040966,0.3114273142252518,0.4284767786858427,-1.4746675727355916,-0.6856513649008815,-0.6877978674967625,-0.9493722683777451,82.44670725240616,437
670124,SL,22,0.28364903818168896,0.5670918679111284,0.5431262430289584,0.18684148182237656,-0.11683170435818255,0.4432433290682065,0.17108436884413353,102.76880955116687,437
670124,SV,46,0.2913675668454196,0.5104299657337947,0.5134650837742251,-0.6992084974802866,-0.4070654609505253,-0.24349292788334295,-0.4499222954380516,92.67381764807537,437
670156,FA,5,0.511605107489306,0.23433516926891493,0.43690217848687884,-2.5056819294196178,-0.21776883204353248,-0.8579614011435598,-1.1938040542022366,74.49630202453808,5
670167,CH,40,0.28959733709002605,0.476857685911392,0.5925057995492925,0.6280706365773874,-1.2436357920767844,0.5195068164079022,-0.03201944636383158,99.45722391075249,621
670167,FC,24,0.32150221365168347,0.5117753727606856,0.4741485707529381,0.15703383225759326,0.0941503046374682,-0.4892506365212446,-0.07935549987539439,98.72594588097077,621
670167,FF,180,0.3400588516983897,0.44548610219522744,0.3962930098431283,0.2846865567824772,0.3814471427525174,-1.3696434972309102,-0.23450326589863857,96.01495562822176,621
670167,SI,190,0.33459424952907296,0.33032909068544836,0.44004074939994414,0.4050736664082061,-0.2632996833293829,-0.3237020817608275,-0.06064269956066812,98.8787548427007,621
670167,ST,187,0.26444388088951837,0.5605823007568225,0.5174651679873714,0.14563301660293507,0.16059766766481456,-0.015694272921621143,0.09684547044870949,101.58011946753336,621
670174,CH,96,0.28985932589824365,0.5290473807521018,0.589903581123619,0.6153743227308367,-0.25212598751938003,0.46307752417560144,0.27544195312901937,104.66914088505096,879
670174,FC,192,0.2812463312378345,0.5801445072241104,0.5284444582164037,1.998756204854245,1.3984325100923876,1.1007297574419956,1.4993061574628759,124.0713899931441,879
670174,FF,81,0.35971013847288774,0.38396118485204994,0.44111779338555457,-0.40235857121339974,-0.7705236259038463,0.47926725884683474,-0.2312049794234704,96.07100524400862,879
670174,SI,338,0.34511422637503014,0.311602252478881,0.4639462937271396,-0.08315085958861605,-0.6817424484163871,0.42897259724382125,-0.11197357025372734,97.92967951126745,879
670174,SL,172,0.2750261055659666,0.5716688675620792,0.535272020101364,0.5096391673817908,-0.012788858895079707,0.2424148507282709,0.24642171973832733,103.98806048639108,879
670183,CH,4,0.2930647142646991,0.5722755400638894,0.6160555067585517,0.46003708913878005,0.5691308510466438,1.030183897542029,0.6864506125758176,111.63633420521354,30
670183,FF,22,0.3100995545754057,0.513838430443,0.4650650052236874,1.332118684903398,1.6612519358550983,1.4670301446104432,1.4868002551229798,125.2660233363114,30
670183,SL,4,0.32018097578173477,0.5618892092046791,0.47487979487674553,-1.1807239894413564,-0.2350968249770849,-1.3017835769496036,-0.9058681304560149,85.339535407882,30
670219,CH,3,0.30418452676276714,0.5194440103065464,0.6138971815033339,-0.07884329415229435,-0.4345726560164258,0.9833804603834001,0.15665483673822664,102.65552685328521,11
670219,CU,1,0.3499264420105909,0.3575758606738281,0.396483579307825,-2.1371079612635304,-2.229798773825348,-1.5779811802141197,-1.9816293051009992,68.24099956504489,11
670219,FF,3,0.3695868527409368,0.40586366954334935,0.4375768956792587,-0.7476666671329238,-0.3604292573964453,0.3332140414532715,-0.25829396102536595,95.61066711926583,11
670219,SL,4,0.3058585961772765,0.5085208171175256,0.5319931640438597,-0.6445686935513164,-1.4482495000891535,0.15857617199522955,-0.6447473405484134,89.56548393835871,11
670223,EP,9,0.44795371220663,0.1877131875738461,0.5046402622259287,-0.8665292636170577,0.7406733673041911,0.0638479038714399,-0.020669330813808923,99.51836436697263,9
670241,CH,48,0.3156451816342823,0.5665451210891232,0.5194931786941795,-0.6342413362507391,0.4602632553451565,-1.0637770763778993,-0.4125850524278273,93.00608453081468,150
670241,CU,3,0.3298427477822236,0.44474336784512386,0.42138487291098586,-1.4796809499574664,-0.9255374624753328,-1.1573111424898332,-1.1875098516408773,80.96812264650382,150
670241,FC,31,0.33767689924258953,0.5243245501036496,0.4572831614259062,-0.5829643626954053,0.3335517367308082,-0.9831309545138197,-0.4108478601594723,93.40382948437787,150
670241,FF,56,0.4056529012693874,0.31459255052325685,0.3731488713001591,-2.008602055836892,-2.0693573742313975,-2.3242816083496747,-2.1340803461393216,63.734386215410105,150
670241,SL,12,0.3151318823032875,0.569715957207072,0.4781917416636286,-0.9917122272429356,-0.05718177254258236,-1.2170987851268837,-0.7553309283041338,87.775812000186,150
670242,EP,5,0.40630834472159216,0.03726475796939522,0.5579712580880194,0.2908420814220254,-1.392266875790488,0.9751346283928054,-0.042096721991885744,99.01906445217891,6
670242,FA,1,0.44182608492617276,0.18999696312398606,0.40749496015301656,-0.8300687889577874,-0.5990341998420629,-1.6180482636953764,-1.0157170841650753,78.30084287963513,6
670280,CU,127,0.3237993089100414,0.441694984154742,0.4309289546258922,-1.281852805863448,-0.9711495149308685,-0.996078184915947,-1.0830268352367545,82.64264176815902,630
670280,FF,377,0.30899118770320155,0.5051417286194656,0.4481132004799762,1.370869229247808,1.4984179700888185,0.7678103905225727,1.2123658632863998,120.60240714137342,630
670280,FS,126,0.28090826015613307,0.5722660876102094,0.5512978643621746,-0.3996328194522697,-0.31537228118555644,-1.187813135990697,-0.634272745542841,88.68474532249819,630
670288,FF,2,0.31568305327986856,0.46756753655887695,0.5202342384809273,1.1369093011061648,0.7948921015656005,3.7426237049748354,1.8914750358822001,132.14288686861786,47
670288,SI,26,0.2952856553161185,0.4741327009823404,0.5696886121404638,2.2293571280772655,2.949927219064804,3.7583076033667933,2.9791973168362875,155.08347399343447,47
670288,SL,19,0.2898140695991802,0.5376132521514211,0.49751037996766756,-0.04394518457679551,-0.7869298686253081,-0.7231310470112529,-0.5180020334044522,91.61671526566656,47
670329,CH,19,0.3339905453976536,0.46225883843934173,0.44455912298812733,-1.523281206134994,-1.5209874885746335,-2.688727421003121,-1.9109987052375828,67.60579830144906,95
670329,CU,6,0.254353229345302,0.5300960157984084,0.5039196011683603,0.991420627600954,0.3515686537748911,0.23698940281140612,0.5266595613957504,108.44062065310868,95
670329,FF,64,0.3295260753753582,0.4824367766890063,0.46662811040195706,0.6529317887639295,1.0732984891190913,1.531504342779147,1.0859115402207227,118.45349852601231,95
670329,ST,6,0.29945507192229776,0.516195858346281,0.5031570120643679,-1.5147539928065379,-0.8682615163492878,-0.3752566511610891,-0.9194240534389715,84.99878374253159,95
670426,FF,16,0.36130549279817814,0.41625203729521726,0.4067502463008206,-0.45813509257791046,-0.1659211377438264,-0.9383085205170657,-0.5207882502796009,91.14995572572533,27
670426,SL,11,0.26618680954111834,0.6333365011074905,0.541821596020198,0.8405363720744357,1.3890194339475066,0.40988416980375797,0.8798133252752334,114.23879665175778,27
670712,FA,23,0.4029411927586656,0.269979007958348,0.4601307244658443,0.10367940481156214,0.08873344780191642,-0.2575743657447717,-0.021720504377097716,99.53597645982332,23
670766,CH,4,0.3026985735260862,0.5505048876452566,0.5894808928630921,-0.006832093435163662,0.15552783247049304,0.45391149908673617,0.20086907937402182,103.40502243900542,85
670766,FF,13,0.3771948046164415,0.3812403864823018,0.39264477695629413,-1.0136546571344653,-0.8214668912458405,-1.5201240236736084,-1.118415190684638,80.99414887093495,85
670766,SI,29,0.3330714577672608,0.40129812893641076,0.5096645895357524,0.4757453320391346,1.3224715116651768,1.8684296182345796,1.2222154873129636,122.59799128755594,85
670766,ST,39,0.26235034571100196,0.5651444736144051,0.4900633708568115,0.24491780274162667,0.2663469277692697,-0.704298408724981,-0.06434455940469486,98.95016162889041,85
670768,EP,27,0.3828038134678567,0.1627181927601413,0.5739848259126962,0.944059296071951,0.3863138671468257,1.2487644666314637,0.8597125432834134,120.03297536508764,30
670768,FA,3,0.3607744071292713,0.45111891667441584,0.4670338682974407,1.1162361517583137,1.6463601522716178,-0.07914916152679405,0.894482380834379,119.10917323900087,30
670810,CH,32,0.2911640314232496,0.5585943512185164,0.5705197921229808,0.5521466187098075,0.3092130086528333,0.04273867663894475,0.3013661013338619,105.10859282372007,153
670810,CU,18,0.274922667445862,0.5395887091370029,0.5225465646626626,0.31809309826644744,0.49360498203317865,0.5516640362144836,0.45445403883803653,107.28340360125462,153
670810,FC,2,0.3284915817787088,0.47823348354246703,0.5038697348042354,-0.1627324944998615,-0.5457303898894831,0.3810927786982812,-0.10912336856368779,98.24802216079264,153
670810,FF,72,0.3537724474469978,0.43812029766844024,0.44012795773457886,-0.19476597243373486,0.24353242674946537,0.4384390018602501,0.16240181872532689,102.759784394464,153
670810,SI,1,0.35767522721427264,0.3733327826338225,0.4405107493937427,-0.6660978347182812,0.6975984442315674,-0.3089039625620915,-0.09246778434960176,98.29032915488098,153
670810,SL,2,0.2643212840875503,0.587040736239145,0.5214693206704155,0.910371928676834,0.33663938650905084,-0.11051314090818201,0.37883272475923424,106.13098480997729,153
670810,ST,26,0.281887141361961,0.5282460786284229,0.5280783979189034,-0.6816042819817718,-0.5889424465305668,0.2510150231972947,-0.3398439017716813,94.45514630034938,153
670871,CH,6,0.2863464170854995,0.5713024135152526,0.6084567323468403,0.7856143917793973,0.5506432067522407,0.865403932241919,0.733887176924519,112.44045282088109,41
670871,FF,17,0.33036534309515914,0.4428877741232803,0.43697652195254916,0.6235894457107655,0.3327969679043868,0.30845011950529017,0.42161217770681414,107.16469013514684,41
670871,SI,12,0.32232148252591747,0.3393598830006963,0.4682936435782479,0.9746439174195188,-0.06151069654817589,0.5658504741462681,0.4929945650058703,109.11515767919767,41
670871,SL,6,0.27537650224558013,0.5956230418849645,0.5537344996989115,0.49652214069869766,0.5317295259281395,0.714491046952714,0.5809142378598504,109.40144854297321,41
670912,CH,25,0.32905543962331857,0.49262724283272424,0.5281785982639386,-1.2841196472761816,-0.9440427335477156,-0.8754331332920214,-1.0345318380386395,82.46318381422981,1016
670912,CU,119,0.31601648073744165,0.5403265795260186,0.4977425427366947,-1.0270868545976766,0.5046455157413735,0.13263725770260543,-0.1299346937178992,97.91757419832253,1016
670912,FF,406,0.3472058672992231,0.3511900454917829,0.40431656683381356,0.03481374669070422,-1.384118836247967,-1.0386917413113375,-0.7959989436228667,86.4731474076919,1016
670912,SI,33,0.33405060461435626,0.3218982152816743,0.4476418562031554,0.4303038341818305,-0.45168379692855165,-0.08437849452593801,-0.03525281909088641,99.34819767303959,1016
670912,SL,433,0.29837804189984657,0.6070622814443308,0.5381220057173702,-0.3645357030286735,0.7917625441616712,0.31528753079218397,0.2475047906417272,104.00558878007556,1016
670950,CH,418,0.2657214342302832,0.6245072211816463,0.6090186369246551,1.7851275282033991,1.5614383189258232,0.8775888731044339,1.4080515734112187,123.86851783103342,811
670950,FF,352,0.3840153180569386,0.4097352321412311,0.42078955016012304,-1.2521123512028796,-0.28793949008954756,-0.359222178945786,-0.6330913400794044,89.24152688476646,811
670950,SI,2,0.40107660895441427,0.33319130427105365,0.4384116195522786,-2.6803246089750075,-0.19934480991085504,-0.3749958221737412,-1.0848884136865344,79.94109944199963,811
670950,SL,39,0.3045960709217644,0.5622881798954665,0.4972885240511295,-0.5973063237055232,-0.22602755491120663,-0.7288037897561163,-0.5173792227909486,91.626794760286,811
670955,CH,52,0.31023033281789386,0.48247355782403756,0.5506364107233828,-0.3718308139379228,-1.1369443833701132,-0.38843386771570365,-0.63240302167458,89.27985090583695,154
670955,CU,11,0.3038300389429806,0.5293388045243472,0.5350538418116932,-0.6281714002849098,0.34023872819453427,0.7629557399291441,0.15834102261292285,102.53768582907526,154
670955,FC,27,0.32313552358517716,0.5351252896338424,0.5018911959498343,0.08230926368460789,0.5395981125631681,0.3231539893321644,0.31502045519331345,105.05765963477931,154
670955,FF,62,0.3172356288895756,0.5072322368338765,0.4178714011046603,1.082628402316436,1.537559905724502,-0.47958856446054154,0.7135332478601322,112.12546717660939,154
670955,ST,2,0.28419573086217403,0.4952600821201121,0.4936409451232805,-0.7910879043076727,-1.3535440592827674,-0.6143943624941315,-0.9196754420281905,84.99468211545599,154
670970,CH,3,0.3540551026937558,0.4213535987046069,0.4925302688822788,-2.4956354007914077,-2.29811305672653,-1.648469699486623,-2.1474060523348535,63.59835064389754,372
670970,CU,15,0.28054953074092076,0.5169732013832433,0.5185936662252341,0.13390129186694388,0.15521591072705263,0.48488574102654797,0.2580009812068481,104.13490719645444,372
670970,FF,185,0.28667314727390747,0.5097319602653251,0.4625249047514335,2.1511489696696997,1.5843638421961603,1.3622573222225054,1.6992567113627883,128.8764140144197,372
670970,KN,12,0.25242753681322955,0.600259471715288,0.6445334812582383,1.4393187804674616,1.6607940198819802,1.9521664539305592,1.6840930847600004,125.98442118908847,372
670970,SI,61,0.2845463431077614,0.4036479525556488,0.45205285630442876,2.727760849799523,1.3749772620676066,0.054503433443317935,1.385747181770149,125.62158888138717,372
670970,SL,87,0.24011247639414168,0.6397925071424975,0.5972931285296537,1.8166235998700946,1.5357752323818696,1.8282629919681923,1.726887274740052,127.9477430486059,372
670970,ST,9,0.25182382260693775,0.5542102409886396,0.5616061354280638,0.7441325309658948,0.012895985404630807,1.0935633642033333,0.6168639601912863,110.06468085499365,372
670990,CH,5,0.31583243626390756,0.4818845272516901,0.5376297074550498,-0.6433159358991616,-1.1481348988435047,-0.6704851561342035,-0.8206453302922898,86.0888705577865,542
670990,CU,24,0.2527905707239491,0.5778096412754262,0.5764791847397935,1.0425732679193191,1.0654933460530187,1.4627748276448693,1.190280480539069,119.07628142248944,542
670990,FF,65,0.3341284218654799,0.4666467401271097,0.3980793230081981,0.4920252909008754,0.7776514351968458,-1.2959625251522657,-0.008761933018181567,99.85110360094046,542
670990,SI,300,0.3319958927718651,0.3158940143177232,0.43472933810850944,0.5256615265084847,-0.5858449631532202,-0.49093378057198317,-0.18370573907223953,96.6033970816756,542
670990,ST,148,0.2545402564425766,0.580731658222729,0.5261679362391342,0.6153071091631267,0.6276513524146788,0.20300533216444694,0.48198793124741746,107.86405920433347,542
671096,CH,156,0.33035374450379723,0.5066147529912016,0.5027627893878582,-1.3470371678497135,-0.6783053402595199,-1.4265767622198762,-1.1506397567763698,80.49498607130073,947
671096,CU,103,0.26903176627184394,0.5500293986656885,0.5340416598286578,0.510928017415131,0.6498258934482759,0.7458564422069843,0.6355367843567971,110.18556445388697,947
671096,FF,505,0.37109928814662263,0.39095008333488007,0.41375897918086363,-0.8005441905647945,-0.6396659652194814,-0.6492157333511838,-0.6964752963784865,88.16440807645156,947
671096,SL,1,0.28643872756556815,0.6002438947428389,0.49814588540429017,0.08241004107286116,0.636769228017627,-0.7068814968023738,0.004099257429371478,100.06634190604215,947
671096,ST,182,0.23308683118521517,0.6082984847207029,0.5517466289675361,1.632724327883555,1.2666388692386885,0.845795055674126,1.2483860842654564,120.36852261242626,947
671106,CH,181,0.28410604087449637,0.5800294811732059,0.5698178634647275,0.8941858979546442,0.7164417072858533,0.02751730360122711,0.5460483029472415,109.2563112755355,919
671106,FC,97,0.3274643714340875,0.5029842854715744,0.49373708341585354,-0.11573721928510466,-0.07355781113402396,0.084372017715564,-0.03497433756785487,99.43848631905021,919
671106,FF,414,0.3714054878008476,0.3997142472282385,0.4181350077388305,-0.811249493634428,-0.4755688635436184,-0.4687154468953578,-0.5851779346911348,90.05574602045127,919
671106,SI,25,0.38674564382855825,0.3376498870187426,0.39771078039526037,-2.0152348698909446,-0.09971978657627487,-1.6564764121337072,-1.2571436895336423,76.75620834608789,919
671106,SL,9,0.3029720544757702,0.5490515663070218,0.5226362139455362,-0.5365116064742281,-0.5269178863647542,-0.08067627442400656,-0.38136858908766297,93.82797505631295,919
671106,ST,193,0.2926325283924463,0.5191619178593858,0.5179685346372608,-1.1911985148597848,-0.7995094964832954,-0.0030447245986488214,-0.6645842453139097,89.15672050565713,919
671111,CH,39,0.30075924349592154,0.5074736903918161,0.6012744009562727,0.08715032849547558,-0.6619870832394386,0.7096545635690489,0.04493926960836195,100.76178584521743,129
671111,FF,58,0.35020034738127126,0.3738744580593539,0.4172022950721615,-0.06987878438170113,-0.9593839270367388,-0.5071875229535064,-0.512150078123982,91.29674898764128,129
671111,SI,1,0.3429503435683162,0.2871638165674297,0.42470914598694187,0.01727337832466183,-1.2278082916938196,-0.8064231409245066,-0.6723193514312213,87.56924044588904,129
671111,SL,1,0.34874232057114085,0.48354298725732686,0.47622674496797734,-2.249911979809574,-2.016037284737219,-1.2673427494208167,-1.8444306713225362,70.14994827566302,129
671111,ST,30,0.2571584102411923,0.5083933486290028,0.496010068695776,0.4911425655522706,-1.0491204305810462,-0.5548585487488995,-0.370945471259225,93.9476966985207,129
671131,CH,20,0.29229625706799073,0.576455630969057,0.608710198306499,0.49727751102331624,0.6485450175610274,0.870900359662234,0.6722409627488592,111.39546001660281,112
671131,CU,5,0.33341563125195284,0.364263134324336,0.36907067722063447,-1.5966370275864115,-2.1297391004010753,-2.0410810793168244,-1.9224857357681036,69.18887646580183,112
671131,FC,3,0.335310342224661,0.5107386523270914,0.4817633126019987,-0.4746934530892811,0.07437272482487198,-0.26626339364314455,-0.2221947073025179,96.43265958238833,112
671131,FF,43,0.3528659885176174,0.3981128483070437,0.42822852054088906,-0.16307450111658123,-0.5055528899484719,-0.05238316569937465,-0.24033685225480925,95.9158222520325,112
671131,SI,21,0.3500686590193603,0.3348531260937447,0.4501382061043134,-0.3130824996274288,-0.16221214977365694,-0.005780018171653246,-0.1603582225242463,97.03507789493182,112
671131,SL,20,0.29331405429630075,0.5509126485146991,0.4775864192829342,-0.17496638236093667,-0.48461237985520533,-1.2325765699746831,-0.6307184440636083,89.79252596938639,112
671212,CU,5,0.2697282576291201,0.5343338186036639,0.5186742401642632,0.48812881393154944,0.4149776283273431,0.48624691697632627,0.46311778641173956,107.4222549809013,188
671212,FF,107,0.3219872293042958,0.4490836407223207,0.47201878801829644,0.9165037127437826,0.44880618037966946,1.7538563775182296,1.039722090213894,117.66857552257403,188
671212,SI,3,0.3472982953022366,0.3527077570641381,0.48711292036394144,-0.1845119207718968,0.2367415374664782,1.1583821864510735,0.40353726771521825,107.46114883561246,188
671212,SL,65,0.22649937122867347,0.654012918018589,0.5938616949663993,2.326227354940369,1.8590289190837372,1.7405229841550929,1.9752597527263995,131.96737437987093,188
671212,ST,8,0.17815475932752867,0.6338983783325203,0.6080342776139214,4.237848455967515,1.8600337038300498,2.2602974500926374,2.7860598699634003,145.45702982127767,188
671305,FF,22,0.28940794645896506,0.5579079091422698,0.45913066075841785,2.0555353603573954,2.4863932516623697,1.2222532054932183,1.9213939391709944,132.6513154259085,46
671305,SI,8,0.32099818425048104,0.3377256164403469,0.4982748996260057,1.0360572344579155,-0.09802764675934518,1.5098211264367747,0.8159502380451149,115.0864037985318,46
671305,SL,16,0.30145868457983055,0.5486434005237006,0.48964809730002357,-0.4798589197868829,-0.5361961762393419,-0.9241656087976217,-0.6467402349412821,89.53323116701132,46
671345,CH,54,0.2927953799907681,0.539882864214559,0.577428136745342,0.4730893736799606,-0.04627140026922338,0.19254662269395864,0.20645486536823196,103.49970961887921,688
671345,FF,30,0.3439081142234251,0.40785308891236205,0.4064334660075121,0.15010925939986114,-0.32318007351021044,-0.951374919177019,-0.37481524442912273,93.63055616924937,688
671345,SI,473,0.33096617731958383,0.3407366067217145,0.43972826531302206,0.5734498768026983,-0.030748425083593885,-0.33354075586081744,0.06972023195276231,101.2890829895297,688
671345,SL,118,0.2791723263912368,0.5989007498493181,0.5377759113648941,0.35442625480780826,0.6062373015923949,0.3064380745429057,0.42236721031436963,106.83554186696952,688
671345,ST,13,0.27165590988649924,0.5537574802864706,0.5011755005482929,-0.19639360131074976,0.002401181557126519,-0.42505181673399006,-0.20634807882920442,96.63324866991258,688
671737,CU,84,0.2918530497535568,0.4674332587907878,0.4703594922968506,-0.23611224434903275,-0.5860354177394977,-0.32995834255460654,-0.3840353348810457,93.84517662504813,800
671737,FC,163,0.3125201961499865,0.5279409969743701,0.5107047883734193,0.5679646476317713,0.40254291729017644,0.5812479225662843,0.517251829162744,108.30448834113581,800
671737,FF,373,0.32219527390314046,0.48408137720439354,0.4696520671944074,0.9092300909355878,1.1040914068775314,1.656235034098245,1.2231855106371214,120.78627142409199,800
671737,FS,180,0.27070522166444744,0.5515309397038726,0.5552554345989719,-0.0534722691192523,-0.7890652394965658,-1.0540535130218307,-0.6321970072125496,88.72177593435428,800
671790,CH,2,0.3173747060825699,0.4971951902081312,0.5254314236421421,-0.7180563104480504,-0.8572599956290157,-0.9350058109800566,-0.8367740390190408,85.81546553548085,86
671790,CU,7,0.2978339424327226,0.48540478464457176,0.4569314567266482,-0.4318929784259595,-0.3171328571677571,-0.5568048799233748,-0.4352769051723637,93.0239427802616,86
671790,FF,13,0.38360445315719266,0.3267294134930029,0.41177323246498754,-1.2377477586510424,-1.842111049196136,-0.7311228430275607,-1.2703272169582465,78.41262335150472,86
671790,SI,42,0.36648620069934734,0.29581565823312506,0.4285027671744936,-1.0750087492869114,-1.0344867864960592,-0.6869796105650072,-0.9321583821159926,82.76498112129917,86
671790,SL,22,0.29353074796467277,0.5571438708292418,0.5188937031913531,-0.18307826468022184,-0.3429662907663588,-0.1763703675077171,-0.23413830765143256,96.210732827907,86
671922,FF,132,0.33951460757204244,0.4681622426036874,0.4112389074966361,0.3037143324054194,0.8060271669854134,-0.7531624180829718,0.11885969376928701,102.01984885741979,193
671922,FS,44,0.22536287662890925,0.6167892073373058,0.5947587304894064,1.4848666407733029,0.7017551775637612,0.2810954920930563,0.8225724368100401,114.67447037351884,193
671922,ST,17,0.2880509946943882,0.5376596751540482,0.4946369552559804,-0.9739217296083154,-0.3707392134259308,-0.5893647378526768,-0.6446752269623077,89.48155374082125,193
672282,CH,159,0.314560013452666,0.5638567477124151,0.5681281455122342,-0.5816526936143394,0.4091890237472743,-0.009124350762098988,-0.060529340209721345,98.97393983048767,1455
672282,CU,199,0.2911298734946118,0.39315409442295957,0.36510801170209684,-0.21243952750920972,-1.6974523145653524,-2.108024374702907,-1.3393054055924896,78.53533915285851,1455
672282,FF,533,0.3474891727499906,0.4354741610548115,0.4334448967484794,0.024908867080628328,0.19398710169410954,0.1627793697500895,0.12722511284160912,102.16200707455154,1455
672282,SI,58,0.34865938579816635,0.36440015033665046,0.4289594873412155,-0.2476791474630331,0.4980027988426228,-0.6725996115079989,-0.14075865337613636,97.39746153140707,1455
672282,SL,489,0.2829112715756943,0.5672596486474835,0.529346997288164,0.2144596209765528,-0.11301776803405665,0.09091503633876545,0.06411896309375387,101.03769385025844,1455
672282,ST,17,0.29661032308631863,0.4631709389434664,0.46648607992470703,-1.3798433007403876,-2.097356986641742,-1.296793126116331,-1.59133113783282,74.03602565477371,1455
672335,CU,29,0.20535852446200534,0.6155656492565442,0.6031591069471822,2.5952312629845866,1.6304251891080712,1.9134921301402936,2.046382860744317,132.79678696573927,620
672335,FF,195,0.2991240174269557,0.49120517849809203,0.4662856204519999,1.7158436496607221,1.2374749400285443,1.5173774847715675,1.490232024820278,125.3243413067032,620
672335,SI,194,0.31212674675577207,0.3559849550436604,0.4322332921467216,1.447774240035663,0.30996905025654153,-0.5695226872856545,0.39607353433551673,107.32314912636483,620
672335,SV,202,0.25057118604171524,0.5848718787592511,0.5748671109243437,1.6508281952778199,1.61046233380766,1.5736783373863426,1.6116562888239407,126.24294901646175,620
672391,CH,11,0.33869507148073497,0.4148444519829413,0.5387345527386533,-1.7512685772614591,-2.421775071105658,-0.6465265073271547,-1.6065233852314238,72.76709689441911,254
672391,FC,7,0.35197549872045075,0.426034366506798,0.43685140976440134,-1.2371308838624155,-1.5415361730752235,-1.5814467031601174,-1.4533712533659187,76.66609580007555,254
672391,FF,168,0.3061407944565124,0.5178475844977664,0.46125906211858314,1.4705242195536612,1.7363179168847027,1.3100444641913322,1.5056288668765654,125.58598840378922,254
672391,ST,68,0.2749289358604191,0.5578367436834146,0.5206517668834449,-0.3516151075847946,0.0969568021932517,0.06438460542812963,-0.06342456665447109,98.96517212393869,254
672456,CH,8,0.33412431976794743,0.49454385760703096,0.5416558440148063,-1.5297640837870214,-0.9076305194873577,-0.5831780975659577,-1.006857566946779,82.93230287598168,159
672456,FF,78,0.34609958801823,0.42441063544125046,0.4303777790899396,0.07349130500690809,-0.013162434712647986,0.0362684001285003,0.032199090140920136,100.54717704016076,159
672456,KC,21,0.2709889069070339,0.5171934097162788,0.515620467422911,-0.17270201140137362,-0.5047351904739908,-0.23010406114543425,-0.3025137543402662,95.08923720532191,159
672456,SL,52,0.2746199827037406,0.5700921382449399,0.5368859935263747,0.5248422920983513,-0.04863054934532829,0.283683328846865,0.25329835719996263,104.09935118823792,159
672552,CH,3,0.3089760991133317,0.589684897388084,0.5733517907630958,-0.31104903910417625,0.8998771512629401,0.10415076921651853,0.23099296045842746,103.91566594552214,47
672552,CU,5,0.30092028419616695,0.46661338285257725,0.4806066515694615,-0.5329224214327335,-0.5983029759273603,-0.1568479432929065,-0.4293577802176667,93.11880688603904,47
672552,FF,30,0.38245063716135036,0.3505882881514652,0.40556073663555703,-1.1974082293548796,-1.3953859276282572,-0.9873728336215024,-1.193388996868213,79.72007730004353,47
672552,SL,9,0.2764421085122715,0.5980001191504367,0.5611753161305386,0.4566313921639808,0.5857644617914188,0.9047489318314845,0.6490482619289614,110.50412167364279,47
672578,FF,302,0.30113024398672933,0.49849245452060764,0.4519639812609936,1.6457022793084695,1.373919316121628,0.9266455134759647,1.315422369635354,122.35370364902435,615
672578,FS,60,0.29841289430865525,0.5225992038456422,0.5161624660668352,-0.9935160824187842,-1.4500086583554013,-2.375334101543773,-1.6062862807726528,71.34428606677044,615
672578,KC,102,0.28025216728157437,0.5525295669227163,0.5128747953667014,-0.46850780049395485,0.037552269574310335,-0.27596543722371986,-0.23564032271445476,96.17480622580057,615
672578,SI,2,0.33797591507779423,0.39590350607587965,0.43434824278043893,0.2481330111406322,1.2019310936051453,-0.5029327043278974,0.31571046680596,105.83728683880148,615
672578,SL,149,0.30024259126071484,0.5713601192873119,0.514647980678817,-0.43433471980426097,-0.019807222777179924,-0.284931328853817,-0.24635775714508595,96.01297467678769,615
672582,CH,54,0.3248031914863469,0.5102592658521655,0.5712649708050961,-1.0780502458093701,-0.6090661878653475,0.058897929530055265,-0.542739501381554,90.79977771343428,396
672582,FF,108,0.34933658203771156,0.39990371375629374,0.4227376158240251,-0.039679959346258516,-0.4720213593553393,-0.2788693188784273,-0.26352354586000837,95.52179787673239,396
672582,SI,145,0.32528105475544195,0.29574953932785114,0.4046650481364346,0.8372923081839687,-1.0359641836542,-1.4375187858960958,-0.5453968871221091,89.9159565302664,396
672582,SL,89,0.2932117019411779,0.5433146484009604,0.480746427229758,-0.1711348432758498,-0.65732761078124,-1.151776776875724,-0.6600797436442714,89.31734610776105,396
672710,CH,46,0.35181902978056734,0.4179841783001764,0.4614300169617884,-2.38727243795052,-2.362125950016388,-2.3228808814246955,-2.3574264231305344,60.03820053300883,897
672710,CU,70,0.29446935820742576,0.48079620529890194,0.4665957637011096,-0.32175544464494193,-0.38608965008179463,-0.39354089676188503,-0.3671286638295405,94.11613495812094,897
672710,FF,402,0.34574842385576254,0.4398978780615264,0.44224466785743466,0.08576864998276512,0.2768152126547281,0.5257480261178361,0.29611062958510975,105.03197255411312,897
672710,SI,13,0.35595405609988834,0.34146450645009285,0.45075546617938556,-0.5862195266398151,-0.0144838335017702,0.013654637760393606,-0.19568290746039724,96.38194681394889,897
672710,SL,338,0.2837541800806062,0.5793402008613506,0.5461980958765235,0.18290551674665195,0.16159335780145026,0.5217890411962983,0.28876263858146684,104.67330099836836,897
672710,ST,28,0.2678546134407372,0.5825795152233025,0.549036871467356,-0.016119150448783395,0.6704839053866046,0.7776991489437173,0.4773546346271794,107.78846287386418,897
672715,CH,22,0.3009892452116944,0.5590842599685204,0.528977964245998,0.07600415019662203,0.3185203887869764,-0.8580988249352931,-0.1545247619838982,97.38058100541483,196
672715,CU,2,0.31509798708676456,0.5412609594981183,0.48287663712880835,-0.997020546636498,0.5186263635051513,-0.11849993912484899,-0.1989647074187319,96.81125010960102,196
672715,FF,65,0.35484040240028597,0.43714670031747466,0.43353243801770136,-0.2321036417678302,0.22530313466447582,0.16639022922277297,0.0531965740398062,100.90399895780914,196
672715,SI,48,0.35553757252296775,0.2983335573346458,0.4286102281084765,-0.5668908246944626,-0.9782254651438552,-0.6835961643282653,-0.742904151388861,86.26417214080367,196
672715,SL,59,0.29370382834711634,0.5779211758641076,0.5167112675461321,-0.1895574927292331,0.12933654990203014,-0.2321741349516869,-0.0974650259262966,98.42263734254232,196
672730,CH,13,0.31463200611698944,0.5156975059671616,0.5657161678663984,-0.5851415505129163,-0.5057494620248666,-0.06142825810969812,-0.3841064235491603,93.48883862450676,48
672730,FF,6,0.3532807931717201,0.4407098391833821,0.4024294602257245,-0.17757683472666919,0.29201808521522044,-1.1165301920482795,-0.3340296471865761,94.3236484983399,48
672730,SI,25,0.36235491090786903,0.30226684641908647,0.4302804833139186,-0.88327857442677,-0.8903378921203055,-0.6310075772036534,-0.8015413479169096,85.18000746606145,48
672730,SL,4,0.33489740929449974,0.5223717311378432,0.4678129539355965,-1.7316306112730049,-1.1333950939632418,-1.4824790990865073,-1.4491682681075846,76.5468290931957,48
672782,CH,4,0.3352904378094951,0.4565660747640429,0.49873975041740726,-1.586275660515587,-1.6291397016947649,-1.5138166493430152,-1.576410670517789,73.27755111474426,62
672782,CU,9,0.28812664819804135,0.5517098401794945,0.5524340704892601,-0.11413084940683571,0.674969836685481,1.0565686569914408,0.539135881423362,108.64057503012742,62
672782,FF,23,0.3629234637305844,0.4251602767021036,0.412695228160167,-0.514702332123324,0.0008735828355702722,-0.6930928153697307,-0.40230718821916145,93.16337028401274,62
672782,SL,8,0.3016814672834884,0.5884014790394502,0.5316880421218745,-0.4881987438732146,0.3675713427432557,0.15077435991714952,0.010048986262396871,100.16263162631894,62
672782,ST,18,0.2502949564247707,0.5950111421332129,0.5277131192575726,0.8166381919592322,0.95864382143026,0.24183561077720142,0.6723725413888978,110.9703524301238,62
672839,FC,9,0.22705027570785485,0.6390476667645805,0.5656273902550307,4.478246952316176,2.5221317266563608,2.189580786376093,3.0633198217828763,149.1816602878789,21
672839,FF,12,0.35742433646291727,0.3666774980011953,0.42526694119049685,-0.3224427289311832,-1.0941372589907137,-0.17454094278568666,-0.5303736435691945,90.98706580846302,21
672841,FC,11,0.22015407860217656,0.6783933428344031,0.5906087845336274,4.793750668389099,3.272731621802269,2.9211265621691633,3.6625362841201765,158.80209243473377,22
672841,FF,7,0.3041639926134117,0.47496035988259505,0.443212158602781,1.5396368476935187,0.933312707956039,0.5656546113617663,1.0128680556704412,117.21222998381646,22
672841,SI,4,0.30224896953567626,0.36013942088765316,0.45482285479914514,1.9061947453086183,0.40279871835343367,0.14171783439222976,0.8169037660180939,115.10403392762892,22
672851,CH,62,0.31105287713916085,0.5186523479596532,0.5798472309296965,-0.41169236728653047,-0.44961280869866105,0.24500485268710986,-0.20543344109936057,96.5176050049847,572
672851,CU,130,0.31376286027203365,0.46364053155702123,0.46416624674593443,-0.9533160159091107,-0.6427848597739515,-0.4345839447847238,-0.6768949401559287,89.15160033034768,572
672851,FF,293,0.36813937412071196,0.37616904231483983,0.42527888258286245,-0.6970601523883414,-0.9164209438636771,-0.17404839007170855,-0.595843162107909,89.8745058815215,572
672851,SI,58,0.3609480953873486,0.30234742432414724,0.4465555917227684,-0.8179892823752384,-0.8885374151243155,-0.11857992319448846,-0.6083688735646807,88.75164433183576,572
672851,SL,29,0.335718256447462,0.5207725708541552,0.4654590151312221,-1.7623588533899774,-1.169746677741912,-1.5426681149249752,-1.4915912153522881,75.86026104309641,572
672860,FF,4,0.3471848404019541,0.44157683178892526,0.4692413920357212,0.035548885691591176,0.3082513477916831,1.639295705937738,0.661031979807004,111.23328393999395,10
672860,SL,6,0.27880824370324636,0.5945014583473829,0.5378635429325581,0.36805561436250034,0.506234059121555,0.3086787690776476,0.39432281418723425,106.38167461785652,10
672911,FF,26,0.36328952835719747,0.42170861363879897,0.459259343556842,-0.5275006247304288,-0.06375413425666146,1.22756105064775,0.2121020972202199,103.60436885827906,39
672911,SL,13,0.2826229811339391,0.5611766611526716,0.519635042166259,0.2252517135875755,-0.25129423212450497,-0.15741470764970975,-0.061152408728879726,99.01031652096962,39
673111,CH,2,0.29137276998121775,0.5341323531533404,0.5719779144343842,0.5420308803243762,-0.1555207092720139,0.07435816300059549,0.15362277801765262,102.60412905720773,10
673111,FF,8,0.3160689655692762,0.5180236123185342,0.4534628203789798,1.1234170977042308,1.7396137994758778,0.988468896610695,1.2838332645969344,121.8168924248375,10
673258,CH,2,0.28461402500300503,0.5791417812562402,0.584818563044356,0.8695683352103001,0.6995770144789178,0.35280854430432385,0.6406512979978473,110.85996934948241,7
673258,FF,4,0.3241206858165913,0.422774710024078,0.4668399200807513,0.8419141492518952,-0.04379292300364284,1.5402409648532591,0.7794540637005039,113.24569624950107,7
673258,SL,1,0.3309179762473538,0.5448584403576998,0.47679321767240496,-1.5826613644166385,-0.6222346415368906,-1.2528583310002983,-1.1525847789846089,81.34670182821,7
673316,CU,2,0.29951037290901605,0.5806356869376441,0.505154328975262,-0.48676986836263747,1.1077786211624243,0.2578482787150513,0.2929523438382794,104.6950625888664,19
673316,FF,11,0.3863636613514776,0.37239181146199046,0.3879446871350085,-1.3342147518186278,-0.9871444769759394,-1.7139910306806014,-1.3451167531583894,77.14168318288844,19
673316,FS,6,0.2500274354112187,0.6325095992736509,0.5143871313573878,0.6480671668947371,1.0608863974505562,-2.435337610558287,-0.24212801540433126,95.68050152223822,19
673380,CH,6,0.33894848465494626,0.32462544880730354,0.46220912481582027,-1.7635493048792776,-4.13577294902128,-2.305985872019686,-2.7351027086400808,53.63603933006091,128
673380,CU,1,0.27764345220723685,0.5952321294161396,0.5662604409095049,0.22902993221051068,1.3261808197091394,1.2901444646971112,0.9484517388722536,115.2005620374304,128
673380,FF,50,0.2896571406470113,0.5299101404009305,0.469967478127326,2.04682307322899,1.9621729427146446,1.6692449500503375,1.8927469886646573,132.16450186940466,128
673380,SL,71,0.24805035121731392,0.6702108142719262,0.6140514340074277,1.5194709100174093,2.2272341507278433,2.2567643242684152,2.001156461671222,132.38648370911383,128
673513,CU,1,0.3285131049919837,0.40346415458592383,0.3561238372574096,-1.43615593529869,-1.5431859712383584,-2.259798538037474,-1.7463801481915073,72.01126984585838,184
673513,FF,80,0.30358453593195167,0.4724683997540812,0.4339785961210027,1.559895719005621,0.8866541288198346,0.1847931405346442,0.8771143294533666,114.90529144061037,184
673513,FS,50,0.2917349450940312,0.5643658051994743,0.5729049504945208,-0.7669519488899397,-0.49585366301789147,-0.4575277533976159,-0.5734444551018156,89.7699056147762,184
673513,SL,47,0.28818972247834396,0.5725204428296381,0.5334403697184055,0.01686191139830373,0.006568869031427987,0.19558048370668402,0.07300375471213857,101.18148428569864,184
673513,ST,6,0.26149989345523694,0.5276435071027054,0.4931940803142257,0.28525004611698507,-0.6029098026553421,-0.6256240257966507,-0.3144279274450026,94.86983039072388,184
673540,CU,10,0.33122702248359587,0.42747334356550326,0.40128150997851675,-1.5249943056280748,-1.1839436650264816,-1.4969273318316323,-1.4019551008287294,77.5312705850715,710
673540,FC,198,0.35108817098674755,0.45034522431872265,0.46646268287854037,-1.1965352928333521,-1.0777564354452127,-0.7143212929077895,-0.9962043403954515,84.00591962411421,710
673540,FF,250,0.3364110919881727,0.4690823869665532,0.4380187436483901,0.412218945158008,0.8232556242469311,0.3514391704581867,0.5289712466210419,108.98910248052081,710
673540,FO,194,0.2703740142850843,0.6199319163633922,0.573119330881496,-1.0953551181408037,0.47502537091109265,-0.2177890437333775,-0.2793729303210295,91.186243526397,710
673540,SL,34,0.29322063399243525,0.6036384004832339,0.5296758151095515,-0.17146921275334207,0.7139320121786802,0.09932274049092259,0.21392851330542023,103.4621942080905,710
673540,ST,24,0.27589466724775347,0.5474889898498924,0.5218052474773152,-0.3974144021191531,-0.1428998068826782,0.09337144536871553,-0.14898092121103856,97.56924456243628,710
673858,CU,5,0.3098661850413422,0.4356220419053433,0.43453676173696587,-0.8257608200465171,-1.0620171315347071,-0.9351296905242877,-0.9409692140351706,84.91935822663906,15
673858,FF,6,0.3360135015931649,0.433415514543595,0.46394002480044366,0.4261194366099245,0.1554417333079982,1.4206275021315675,0.6673962240164968,111.34143508010908,15
673858,SL,4,0.30576686219067695,0.5147648506367832,0.48790682302875354,-0.641134650879165,-1.3063121909229627,-0.9686891046921727,-0.9720453154981001,84.26853153270744,15
673904,CH,2,0.286846241787311,0.5917401498387493,0.5444935282557234,0.7613922453234824,0.9389232304150587,-0.5216427123293166,0.3928909211364081,106.66007135951457,15
673904,CU,8,0.2739896625802205,0.4908321150400393,0.4956857838575763,0.34863442165934916,-0.23592533743437974,0.09789139875017384,0.07020016099171442,101.12507770132929,15
673904,FF,5,0.3348959019548864,0.48043668491210056,0.43917439456269536,0.4651927754370618,1.0358494788461685,0.3991068943571252,0.6333830495467851,110.76343029639139,15
673929,CU,13,0.2675696678399636,0.543893273732353,0.5112543893146861,0.5587888836171611,0.5580128932619509,0.36089965644669797,0.4925671444419366,107.89423133494624,141
673929,FF,82,0.3277265621835247,0.4612645234370154,0.4420583367891544,0.7158460795887914,0.6768767155336005,0.5180623333133468,0.6369283761452462,110.82367800233772,141
673929,SL,46,0.2935885613223295,0.5955991366204543,0.5499734529775592,-0.1852424956765296,0.531186119345035,0.6183229986330138,0.3214222074338397,105.2018596667399,141
674003,CH,96,0.28920042883902747,0.6153599115311742,0.5515271394996469,0.6473053197581216,1.387655980641466,-0.36911835064779236,0.5552809832505984,109.41281860709228,343
674003,CU,7,0.30760025782764083,0.4785679713610609,0.4325992654063376,-0.7515871277465878,-0.4194300473476257,-0.967860787449815,-0.7129593208480094,88.57360691899781,343
674003,FC,22,0.33309108542386007,0.5498383659792242,0.5145901742152431,-0.37316158605545285,0.8202803797205382,0.6950261035682819,0.38071496574445574,106.11238630018649,343
674003,FF,199,0.3837293667933627,0.37296655616453417,0.3991459505835551,-1.242114969110882,-0.9763831606611624,-1.251966792413475,-1.1568216407285064,80.34148671290149,343
674003,SL,19,0.3127334866095216,0.5589957177329145,0.506413190874923,-0.9019287842421536,-0.300870718139405,-0.4954907083126037,-0.5660967368980541,90.838356171301,343
674072,CH,121,0.30000349811950283,0.5938159769804596,0.6325507048711377,0.12377471925617638,0.9783601914828335,1.3878834455666678,0.8300061187685592,114.06980839323874,763
674072,CU,162,0.30019530597847155,0.5024357615252252,0.5391505298024748,-0.5091907186144201,-0.06230344927518514,0.8321631441343599,0.08688965874825155,101.392555460739,763
674072,FF,335,0.39236657705251937,0.3419005747417447,0.40528969354811395,-1.5440877252018708,-1.5580515975167473,-0.9985526863754975,-1.366897336364705,76.77155362333727,763
674072,SI,31,0.38014033454255763,0.33751778166722796,0.42745993109801544,-1.7086872374729725,-0.10267162115511971,-0.7198136802843368,-0.8437241796374763,84.40007358893352,763
674072,SL,114,0.3166737248552981,0.5431522223950176,0.5107758951384851,-1.0494307818769564,-0.6610198251409223,-0.383938583197831,-0.6981297300719032,88.7015495475354,763
674285,CH,4,0.3234894777155249,0.49024349273923506,0.558130137510471,-1.0143859906361534,-0.9893296737477478,-0.22593186765082754,-0.7432158440115763,87.40141273226212,98
674285,FF,10,0.3738591226141826,0.3499881357722366,0.4022864541631265,-0.8970330793979072,-1.4066229682853724,-1.1224288362006063,-1.1420282946279618,80.59287826769213,98
674285,SI,46,0.3442489284069197,0.33181198635688103,0.4493781100882355,-0.04299300596281673,-0.23016504745303779,-0.029711915186157494,-0.10095665620067067,98.13337528371595,98
674285,SL,38,0.26449455974115255,0.6354388662388315,0.5685409444654661,0.9038853906926893,1.436809704244269,1.0930842953878204,1.1445931301082595,118.523962254734,98
674370,CH,32,0.3565746299906434,0.39022230588106793,0.4850945936042403,-2.617734926812642,-2.889551312062124,-1.8097128484357068,-2.438999695770158,58.655415165412094,353
674370,FC,21,0.2855097573352528,0.5636325097321407,0.46207024691474013,1.8037027926148839,1.083432112993409,-0.8429477394113241,0.6813957220656564,110.93982178613749,353
674370,FF,105,0.35267320753434234,0.437988562386098,0.41973008997449124,-0.1563345233813177,0.241065861965437,-0.40292227469743036,-0.10606364537110367,98.19760150709757,353
674370,SI,59,0.35496767067240786,0.3083427228536928,0.4491228454007,-0.5404420914958492,-0.7545751697867488,-0.03774901587386015,-0.4442554257188193,91.78599817785434,353
674370,SL,136,0.2910694790552503,0.5407770486878523,0.4785709969502512,-0.09094117595331959,-0.7150114899450242,-1.2074014206877872,-0.6711180288620436,89.13870378207135,353
674444,FC,7,0.32429377054571434,0.4761883379880151,0.44649121298978106,0.029319012016952646,-0.5847457580840872,-1.2991583228416157,-0.6181950229695834,90.07486668706628,62
674444,FF,26,0.31845680308237045,0.4796237825669414,0.41978577431651726,1.0399339065706015,1.0206289831537931,-0.4006254341824155,0.5533124851806597,109.4027466801118,62
674444,SI,9,0.32496711899965,0.3837554471772921,0.42649055074947145,0.8518618398292681,0.9304881890478717,-0.7503349699352787,0.3440050196472871,106.36043522403371,62
674444,SL,20,0.31558782719836326,0.5221971307559845,0.4883279113497495,-1.008780429376945,-1.1373640522181867,-0.957922090879103,-1.0346888574914115,83.25471572614464,62
674681,CH,16,0.295317272430408,0.5738311460197231,0.6468744275450148,0.3508752298058505,0.5986845505259113,1.6984943937653882,0.88268472469905,114.96278722207508,51
674681,FF,26,0.3855492816966373,0.3676361419455141,0.3970036991256195,-1.3057425412902532,-1.0761879491973358,-1.3403293331729078,-1.2407532745534988,78.9151897967084,51
674681,SL,9,0.30713724096013983,0.49323945324197216,0.45965156744156715,-0.6924344945443961,-1.7956204202156962,-1.691161593312836,-1.3930721693576427,77.45468183889885,51
675540,CH,24,0.3254478594537195,0.475270228677206,0.517117485326542,-1.1092916827862607,-1.2737946082341698,-1.1152941565638406,-1.1661268158614235,80.23245794171928,540
675540,CU,61,0.3376337362469677,0.3829724477049679,0.3674241943512358,-1.7347140232185656,-1.849797245962947,-2.0688959399349254,-1.8844690697054791,69.79815859082413,540
675540,FF,244,0.37515801504262225,0.3958667633614723,0.437843654740193,-0.9424447476001285,-0.5476077892144888,0.34421718877635304,-0.3819451160127547,93.50939429750753,540
675540,SL,210,0.3195099272917736,0.5371021300351223,0.4927350853278591,-1.1556034290576815,-0.798548527881225,-0.8452328978217586,-0.9331282849202217,84.89836023473954,540
675540,ST,1,0.29246278558248606,0.4979308009771402,0.46857921472903585,-1.1831485528823484,-1.2916379123886776,-1.2441928796366093,-1.2396597816358783,79.77385472954644,540
675627,CH,1,0.3027044214424629,0.5019538552519983,0.5133042035015069,-0.007115490967188394,-0.7668539669676172,-1.1979854450222003,-0.6573183009856687,88.8575007592005,599
675627,FC,49,0.33647307433283946,0.48034891701900007,0.48492719689333164,-0.5278889020165676,-0.5053741346594024,-0.17361339330246472,-0.4022921433261449,93.54119168724806,599
675627,FF,169,0.36991596312957964,0.3858795406631704,0.4330371663089711,-0.759172971614895,-0.7346050109146323,0.14596150392651652,-0.4492721595343369,92.36526841582314,599
675627,KC,60,0.29852357439786265,0.47384359194529146,0.4654788777815108,-1.0519727773308591,-1.1700045471629177,-1.0676266248859472,-1.0965346497932413,82.19974634534071,599
675627,SI,56,0.3480847660707482,0.3507057037164985,0.42886726179823675,-0.22101146100752758,0.1920065571458701,-0.6755033659679451,-0.23483608994320088,95.6580292349206,599
675627,SL,264,0.2702433056684209,0.6077838717913633,0.5469454237685966,0.688682284871377,0.8081654977752613,0.5408978346147709,0.6792485390871363,110.99287945092179,599
675650,CU,13,0.28497677674178373,0.5454011384680979,0.5185960070378219,-0.011021802139983923,0.5805746218395091,0.48492528554721986,0.351492701748915,105.63327199440987,54
675650,FC,17,0.32385435561855275,0.5416247135768377,0.48218631708988946,0.04942241687805263,0.6635880249861692,-0.25387628895207043,0.15304471763738378,102.45713596672888,54
675650,FF,23,0.3542952500239995,0.42249142934777184,0.43031867043811134,-0.21304411205657145,-0.04909697008768343,0.03383031535695562,-0.07610358892909976,98.70672940280019,54
675650,FS,1,0.2604146937710693,0.6204900475117782,0.6525303526768576,0.29565655183852696,0.7863006044110084,2.2336850709824954,1.10521407574401,119.71672096599424,54
675911,CH,82,0.34477775926989085,0.4333612177824184,0.4554094595185882,-2.0460434332070747,-2.06999001286934,-2.453437099154867,-2.189823515077094,62.87931308523939,1393
675911,CU,5,0.3085004627814369,0.5410806595091907,0.5268067151953042,-0.7810547667978306,0.5159285887536844,0.6236328950953733,0.11950223901707571,101.915227863835,1393
675911,FF,850,0.2861703147568466,0.5366350402296843,0.44704831394129374,2.1687289192683634,2.088087586072156,0.723886471213316,1.660234325517945,128.2132849168848,1393
675911,SL,456,0.29810068499018616,0.5963569888835992,0.5348213279284626,-0.3541529049132099,0.5484133668677377,0.23089088150586592,0.1417171144867979,102.29353331812763,1393
675912,CH,4,0.31976097098949563,0.5774123953347574,0.5985076535923322,-0.8336977700411498,0.666721809974519,0.6496574495710804,0.16089382983481657,102.72738393879413,28
675912,FF,18,0.38846549391484403,0.35560297425336407,0.38129574327704935,-1.4076986838936498,-1.3014927205695173,-1.9882434161695857,-1.5658116068775842,73.39129283619604,28
675912,SL,6,0.29344441091195417,0.5733816703039326,0.5272922452098897,-0.17984625510325145,0.026146007735816573,0.038376072643722996,-0.038441391574570626,99.3778689843443,28
675916,CU,116,0.23487277616940333,0.5720515137086802,0.49014022437579974,1.6291009250947055,0.9793362072883821,0.004207482019635361,0.870881538134241,113.95736683808784,352
675916,FF,236,0.3176508562435358,0.5108549343906887,0.5106447238092667,1.068111290341908,1.605390012116238,3.347080092249586,2.0068604649025774,134.10369561360832,352
675921,CH,35,0.306787291628681,0.5800911756648007,0.5483864650473598,-0.20497661958416616,0.7176137910370652,-0.43722410023672675,0.025137690405390767,100.4261203374948,338
675921,CU,19,0.34282558181290074,0.37741063585224216,0.394585966704575,-1.9046657997574123,-1.9330169714767553,-1.6100385013363416,-1.8159070908568364,70.89698162017191,338
675921,FF,175,0.3771831510600321,0.3836649101286252,0.416296197371826,-1.0132472273693414,-0.7760709689254278,-0.5445617978927703,-0.7779599980625131,86.77969323852554,338
675921,SL,109,0.3240158536627361,0.519255457974658,0.4782735798685229,-1.3242818437765693,-1.2042331870076093,-1.2150062239263024,-1.247840418236827,79.80509562802972,338
675989,CH,19,0.3239595108348942,0.42227036162983383,0.5131971779414244,-1.037164398776511,-2.2806962193299607,-1.2003063019289972,-1.5060556400118228,74.47017099589411,188
675989,FC,27,0.2748420128670057,0.6085491593547963,0.5526078347174102,2.2917562763352106,1.9403098150626599,1.808321007597059,2.0134623663316433,132.32617808927247,188
675989,FF,61,0.3346364238059088,0.44715224136990506,0.429485868265123,0.4742646087537375,0.412643342741475,-0.0005207015055267943,0.2954624166632286,105.02095711155134,188
675989,SI,21,0.34228554682378387,0.3292719695186581,0.4481454211550896,0.04812611500233503,-0.2869205796699399,-0.06852357052306178,-0.10243934506355554,98.10596130446807,188
675989,ST,60,0.2723644747958431,0.55998219389645,0.5015354582139865,-0.22999691316884752,0.1466874414526443,-0.4160061203466417,-0.16643853068761494,97.28440823025963,188
676050,CH,45,0.31412274006910323,0.5624277355285906,0.6146467129033926,-0.560461864310498,0.3820403769613808,0.999634102273683,0.2737375383081886,104.64024858003125,155
676050,FC,4,0.32735142595595745,0.5013061852029436,0.4688490818483633,-0.11056991946498676,-0.10557103371643306,-0.6444388809710533,-0.286859944717491,95.39445791752682,155
676050,FF,42,0.36507320124126597,0.3712581166114639,0.41731827246306413,-0.5898611092625629,-1.0083713779581585,-0.5024037442365662,-0.7002120771524292,88.10090688326048,155
676050,SI,43,0.36215862326254433,0.3141092626553324,0.4131703065283762,-0.8741690066015793,-0.6257244351904445,-1.169727660022273,-0.8898737006047656,83.54679813663464,155
676050,SL,21,0.3203295220545702,0.5156570648453641,0.47098270253663155,-1.186284788209786,-1.2860306720017014,-1.401430242422469,-1.2912485675446521,79.10258318218797,155
676083,CH,1,0.3764061863718881,0.4188890364294509,0.5183675846714777,-3.5787975981338045,-2.3449352822102734,-1.0881856630727433,-2.33730618113894,60.379267837509346,109
676083,CU,19,0.2764885370409014,0.5272625678100854,0.5402020360849412,0.2668353487580055,0.3091726198762743,0.8499267669630279,0.4753115785324359,107.61768136477042,109
676083,FF,47,0.35960180986138995,0.4351028258213135,0.4420496233249644,-0.3985712037190381,0.18703435225804146,0.5177029246025748,0.1020553577138594,101.73428343229646,109
676083,FS,3,0.29718167824989955,0.5677502034980525,0.5903067429619689,-0.9517443661966973,-0.41853732800075355,0.1306253456392425,-0.4132187828527361,92.62828838482669,109
676083,SI,8,0.36943891713594845,0.30611406269925934,0.430257213128461,-1.2120421861253778,-0.8043735771406033,-0.6317402473796578,-0.8827186702152129,83.67909012285449,109
676083,SL,12,0.30141929975866283,0.5666511454243007,0.518825484505281,-0.4783845572137681,-0.12685006247180017,-0.1781146845514918,-0.2611164347456867,95.77412195295781,109
676083,ST,19,0.2818837803093974,0.5483166320275048,0.4760717010299275,-0.6814448858615622,-0.12371540711398306,-1.0559075263197628,-0.6203559397651026,89.87834441114165,109
676092,FC,34,0.2908849713344076,0.5795658384296328,0.5363244454297157,1.5577846488274705,1.3873932097207722,1.3314843460335812,1.4255540681939411,122.88729874215778,322
676092,FF,25,0.31139602001332944,0.5232791962324927,0.4598336654840734,1.2867918687532995,1.838017491874697,1.2512504007079541,1.4586865871119834,124.78827214573444,322
676092,SI,125,0.3525508478777124,0.33948673606187235,0.41026949560965026,-0.4282790914592131,-0.05867622203129558,-1.2610607372875917,-0.5826720169260334,89.22676295736913,322
676092,SL,96,0.2858602397007511,0.5724554331922188,0.5460922655638145,0.10406561374272995,0.005091091409526199,0.519083014023463,0.2094132397252397,103.38911954499065,322
676092,ST,42,0.26764213356454,0.5586361072674502,0.5150668068887277,-0.006042405962471092,0.11548571598171228,-0.07596482247014164,0.011159495849699854,100.1820770404467,322
676103,CU,1,0.23776967699422874,0.5804118495160144,0.5685564207049314,1.5342727112382617,1.1044294088407938,1.3289316025281221,1.3225445742023925,121.19603984419301,26
676103,FF,14,0.3437536972101299,0.403939289394211,0.44980322368010095,0.15550796218617588,-0.39646066995771395,0.8375196412047105,0.19885564447772408,103.3792645223321,26
676103,SL,11,0.22838613969740676,0.5710930685847513,0.5394500658069341,2.255596570492036,-0.025877731209828548,0.34924535060323947,0.8596547299618156,113.91255228695114,26
676106,CH,56,0.285781306501836,0.5797525416545761,0.6065888949239159,0.8130003758487655,0.7111803573425577,0.8248997444532451,0.7830268258815227,113.2734411925353,247
676106,FC,12,0.3274090323315901,0.5508355715604157,0.4900634125381789,-0.11320543369160599,0.8393041322506256,-0.023206381722269635,0.23429743894558328,103.76165001336206,247
676106,FF,79,0.37202032254388934,0.35529469053916746,0.3882102662525325,-0.8327452470462409,-1.307264915682376,-1.7030365530864149,-1.2810155719383438,78.23099019303342,247
676106,SI,70,0.35929822734141637,0.311838558715507,0.4328711328572194,-0.7414200981956995,-0.6764622919922025,-0.5494400426297095,-0.6557741442725371,87.87515086111766,247
676106,SL,30,0.3243968713914379,0.5379434301957847,0.488250963840603,-1.3385451630512433,-0.7794243702934699,-0.9598895994813413,-1.0259530442753515,83.39609511242786,247
676130,CH,106,0.31268618321191083,0.5493312108425351,0.5688522345876348,-0.49084447553188665,0.13323009609108372,0.006577572502631811,-0.11701226897939036,98.01647220789079,417
676130,CU,18,0.31378247578774904,0.5058325838198728,0.4999299423881143,-0.9539581173932978,-0.011477814308546585,0.16959009672153721,-0.2652819449934357,95.74840290020698,417
676130,FF,157,0.34390815376463185,0.46334648286873276,0.4327708082572652,0.15010787696654943,0.7158585867889343,0.13497489723602799,0.3336471203305039,105.6698510101253,417
676130,SI,69,0.3594376739609176,0.30967791850128124,0.4582656419225266,-0.7478917150732599,-0.7247408244185538,0.2501152277962601,-0.40750577056518456,92.46547605683973,417
676130,SL,56,0.3101663310034369,0.5751684547775879,0.5173456508984842,-0.8058278490911478,0.06676260267695301,-0.21595327586587512,-0.3183395074266899,94.84803039207054,417
676130,ST,11,0.2899062316641605,0.5660920550516502,0.5456833152907368,-1.0619053506482872,0.2883114694483143,0.6934246525715979,-0.026723076209458296,99.56398938685206,417
676194,CH,1,0.3526658948602547,0.4393017148001969,0.434523274998453,-2.4283126064620872,-1.9571313143264815,-2.9063555007296333,-2.430599807172734,58.797805468830155,96
676194,CU,6,0.289877285225634,0.5794981186804052,0.548519827945369,-0.17143684380433807,1.0907575279238524,0.990443395194132,0.636588026437882,110.20241240704576,96
676194,FC,28,0.34002309560499977,0.5400743840236356,0.4629010753946366,-0.6903037643444242,0.6340122922421174,-0.8186180699741954,-0.2916365140255007,95.31777000287371,96
676194,FF,61,0.37919144761717477,0.3480743570195891,0.4042030030261358,-1.0834609686367256,-1.4424558840523043,-1.0433759657274528,-1.1897642728054942,79.78167425124177,96
676206,CH,11,0.3366353441278559,0.46390964088377057,0.5030981379809186,-1.6514515465707504,-1.4896252279974407,-1.419304704051816,-1.5201271595400025,74.23163831633153,68
676206,CU,7,0.30788620347765316,0.4095431670299214,0.38936482610237844,-0.7609473775067167,-1.4522275281301884,-1.69824184727862,-1.303805584305175,79.1042845337138,68
676206,FF,38,0.33275857260007874,0.4590165275164827,0.49378717183908466,0.5399177406260487,0.6347860358490125,2.651748030482709,1.27548393565259,121.67500763619593,68
676206,SL,12,0.29750529702501755,0.5376261648334554,0.48912858664628606,-0.33186468050844825,-0.7866363417990325,-0.9374492315103073,-0.685316751272596,88.90891330798941,68
676254,FF,5,0.39038507629435065,0.3321906159035486,0.44370028992690597,-1.4748108143490584,-1.739857428869055,0.5857888135648596,-0.8762931432177511,85.10866343363783,478
676254,SI,235,0.3357699632944494,0.3190654157061812,0.43657706058237067,0.3505096398695498,-0.514981427539304,-0.43275757253972996,-0.19907645340316135,96.31920229594486,478
676254,SL,238,0.2724122119701798,0.5507824730014723,0.5069344289017078,0.6074897294376891,-0.4875714866584848,-0.48216291755123686,-0.12074822492401086,98.0458247546821,478
676265,FF,209,0.36950519635808116,0.40846100875708363,0.3994548812219477,-0.7448118098070654,-0.3117975975793747,-1.2392241724816815,-0.7652778599560405,86.99520786212638,398
676265,KC,115,0.2774203781596569,0.6107707303587286,0.5643228543838602,-0.3780796378510436,0.9313521359677999,0.5833792823131929,0.37888392680998306,106.15049419930574,398
676265,SL,74,0.3358238255288832,0.4892699476505543,0.5088414866834011,-1.766310809953717,-1.8858539112160755,-0.43340042176591503,-1.3618550476452358,77.95989611032067,398
676272,CH,102,0.3031818465731904,0.5299389767618035,0.5141758887674159,-0.03025212546385226,-0.23518727599746667,-1.1790828878351176,-0.48150742976547883,91.83775020023648,646
676272,CU,93,0.249175976061696,0.5614980486112678,0.5320619071133132,1.1608947350193037,0.821427868804081,0.7124114869881503,0.8982446969371782,114.39590827976274,646
676272,FF,185,0.30492041372210776,0.47728118443534323,0.4422566427519309,1.5131909745348568,0.9767670051643286,0.5262419607113186,1.0053999801368345,117.08532082432494,646
676272,SI,147,0.31129247269752236,0.4010655646893222,0.4381742287604466,1.4864922964158858,1.3172749683117992,-0.3824701568132389,0.807099035971482,114.92275067073183,646
676272,SL,115,0.263902812844834,0.6220226286072996,0.5724653223461,0.9260373124438005,1.1318362183267505,1.1934286382291306,1.0837673896665605,117.53956553731555,646
676272,ST,4,0.21057358686954109,0.64259003786288,0.5942222315470125,2.700402898612813,2.0615027391139087,1.9132022577494754,2.225035965158732,136.30342883585072,646
676282,CH,4,0.30263643280051744,0.5802303421526627,0.5097411041837345,-0.0038206741312593172,0.720257702590909,-1.275251507959728,-0.1862714931666927,96.84242783430776,18
676282,CU,1,0.15759444634594846,0.5616888930051865,0.48832930853081374,4.158758110514242,0.8242834163303749,-0.026385227297645534,1.652218766515657,126.47963289064162,18
676282,FF,8,0.36852514126138874,0.3911228251489382,0.4127857971626451,-0.7105472811236887,-0.636431608654487,-0.6893570694360014,-0.6787786530713923,88.46513697478932,18
676282,SL,5,0.2725447292384768,0.5787154993036876,0.5324105834210048,0.6025289731139146,0.14739284817043197,0.16924937278344987,0.3063903980225988,104.9585866094153,18
676391,FA,16,0.40285733851501665,0.3084726896450479,0.5068460454723297,0.1056930081464972,0.4197416004147344,0.9498741380136912,0.4917695821916409,110.5058638840994,23
676391,KN,7,0.42496613106630693,0.14285077494465065,0.3825045125703082,-0.9429703699789062,-0.9672231596180944,-0.6636488543327292,-0.8579474613099098,86.76244894387006,23
676395,CH,73,0.2975671130726998,0.5181157627920631,0.5890287768523057,0.24184506514501,-0.4598069563415919,0.44410733113378426,0.07538181331240078,101.27783114564738,281
676395,FF,141,0.33301034122997436,0.47106553737173307,0.41816568525724346,0.5311154462757134,0.8603874302739664,-0.46745007561453933,0.3080176003117135,105.23431432746604,281
676395,SI,1,0.35858338720237787,0.43345953429006906,0.40506198176620434,-0.7082448837293583,2.041103628674083,-1.4250211875028562,-0.030720814186043832,99.43199157715706,281
676395,SL,66,0.2892489333470496,0.5714720206966188,0.5149100894677204,-0.022789426745536755,-0.017263516872984035,-0.27822934067239413,-0.10609409476363829,98.28298549488419,281
676440,CH,204,0.31434160984284404,0.5105828144675315,0.47275453351921615,-0.5710685744132779,-0.6029193493876465,-2.077307931858322,-1.0837652852197488,81.6286054265372,1078
676440,CU,84,0.2768339581393869,0.5202444518744285,0.5020692005353742,0.25552820785866853,0.2041626523954034,0.2057296571737532,0.22180683914260835,103.55483413707746,1078
676440,FC,256,0.25560142099802735,0.6103525520079556,0.5504563038082672,3.172020883201906,1.9747132482116074,1.7453163838150993,2.297350171742871,136.88400241643672,1078
676440,FF,484,0.3514074805864851,0.40538122245595404,0.442017416651602,-0.1120823813777245,-0.3694624258443251,0.5163744794860275,0.011609890754659291,100.19729332822514,1078
676440,ST,50,0.2553508355494712,0.5871585960929409,0.5598856866210885,0.5768658285472683,0.7766250861439024,1.0503286756799335,0.801273196790368,113.07348057885372,1078
676475,CH,4,0.349886282914609,0.4293299711852407,0.5895339688695578,-2.293609044605245,-2.146576406752075,0.45506245607398377,-1.328374331761112,77.48212705937054,13
676475,EP,3,0.3826609753155621,0.435324819042715,0.5511195237256574,0.9480289280965332,4.2511175428056065,0.8580564740580635,2.0190676483200676,147.0482055603872,13
676475,FA,6,0.33613384087373904,0.5192020583001886,0.5619377401315111,1.707933413909477,2.2318088271228573,2.3738263415426317,2.1045228608583217,144.9597362622905,13
676477,CH,196,0.26797309041649414,0.5866198258149546,0.5578609452743368,1.6760093799544178,0.8416463352809039,-0.23176932049860352,0.7619621315789061,112.91636405057437,686
676477,FC,14,0.3009923902052609,0.5666087311240896,0.511536822945986,1.0953662804438198,1.1402096725088047,0.6056129107685838,0.947062954573736,115.20511445519638,686
676477,FF,46,0.33855980385499146,0.39670088669745945,0.38487918529492565,0.3370960264145632,-0.5319899592034116,-1.8404353518124763,-0.6784430948671082,88.47083930191155,686
676477,SI,298,0.3420111360857752,0.35191037566712685,0.37791444675835395,0.06086131912440501,0.21892440929385845,-2.279771111542693,-0.6666617943748099,87.67384509735743,686
676477,SL,60,0.284622579366831,0.5916790886961061,0.54557068853316,0.15039717043026057,0.4420768837093738,0.5057465551058802,0.3660735364151715,105.92449158800233,686
676477,ST,72,0.29814693487314764,0.5477730209688314,0.5216613919015117,-1.4527162928921724,-0.1363160842548689,0.08975637063530909,-0.49975866883724407,91.8459955014983,686
676534,CU,60,0.23788576713871584,0.5899176894101722,0.5390267785781657,1.5304725738798446,1.2466624450738202,0.8300725526563365,1.2024025238700002,119.27055790923123,389
676534,FC,114,0.2631780819028401,0.6141459635550253,0.555963597546271,2.825385682052484,2.0470803948434995,1.9065899070283385,2.2596853279747737,136.27929260526184,389
676534,FF,108,0.34429752746937453,0.45760388762693716,0.4489000794495801,0.13649465611831846,0.6083362667202309,0.8002671895443678,0.515032704127639,108.75223707866267,389
676534,ST,107,0.24106589940683534,0.6216967751018434,0.5597823819679688,1.254321284983179,1.5772056405339336,1.0477326411553722,1.2930865222241614,121.09784977557143,389
676568,CU,6,0.2563560559775024,0.6014432944146941,0.581075446835143,0.9258593662115092,1.4191166219239095,1.5404217876725177,1.2951325919359788,120.75671592297272,9
676568,FF,3,0.3278597715143447,0.5015525668905971,0.40794082949450594,0.7111888363866696,1.4312157766657159,-0.889199927037149,0.4177348953384121,107.09880132024789,9
676596,CH,162,0.30102240059577745,0.5637442090010382,0.6673368154056152,0.07439739773690736,0.40705099178400894,2.1422227345397156,0.8745570413535438,114.82501119275875,523
676596,CU,63,0.28634017472876405,0.5431985420050947,0.5138836870769621,-0.05565177178646178,0.5476178304336684,0.405317701808992,0.29909458681873285,104.79350254279002,523
676596,FC,40,0.33469504104430087,0.5019221630339936,0.4994513939683767,-0.44654318331989895,-0.09381998654728838,0.2517077436421831,-0.09621847540833471,98.45521047547817,523
676596,FF,8,0.3471273625160983,0.37734135227319443,0.42470348928198576,0.037558418293595804,-0.8944710272746544,-0.19778193162822424,-0.35156484686976097,94.0256631012594,523
676596,SI,250,0.3135785622627278,0.4328389238987771,0.5154788438361713,1.3803965311207722,2.0272363690059314,2.0514935104146304,1.8197088035137778,133.6452647790442,523
676604,FC,4,0.30207367603699786,0.5286201859173822,0.5126420772590911,1.0458970305337343,0.4154998467505945,0.6379787633271738,0.6997918802038341,111.23517246866184,15
676604,FF,4,0.3095188181915507,0.5763627431098293,0.4493199007925284,1.3524222969648394,2.8319350287029277,0.817583775041618,1.6673137002364617,128.3335886673235,15
676604,SL,4,0.2738209440004613,0.5973942642948897,0.5530109180063341,0.5547541394460471,0.5719923691726986,0.6959894317560755,0.6075786467916071,109.83298223962396,15
676604,ST,3,0.22447282016753345,0.5709494308386401,0.5110013098002741,2.04123919329553,0.4009034100780386,-0.17813031533423937,0.7546707626797764,112.31312066701267,15
676614,CH,1,0.32953574754964216,0.5560235394688249,0.5984070688087088,-1.3073959857468136,0.26037223533023784,0.6474762613613556,-0.13318249635174004,97.7423633842816,27
676614,CU,4,0.3432203127540685,0.3923715755253884,0.4123100681950415,-1.917587067128403,-1.709160910539041,-1.3106163684364993,-1.645788115367981,73.62342929766491,27
676614,FC,6,0.3220539284673156,0.5086224096199333,0.49518605167385893,0.13179266355591776,0.034001031852122866,0.1268030604580522,0.09753225195536427,101.56588223295236,27
676614,FF,12,0.3808571111394771,0.37872712452519774,0.4056207712615835,-1.1416956288404216,-0.8685243182783857,-0.9848965547189522,-0.9983721672792532,83.03410670674455,27
676614,ST,4,0.272464118154275,0.5568230539357215,0.5050323480770016,-0.23472244614941404,0.07345989750761492,-0.3281296642642941,-0.1631307376353644,97.33837779819312,27
676617,FC,3,0.40620132916046153,0.3174008177065661,0.3897167499565306,-3.71798384510922,-3.61394510040134,-2.9617203937056313,-3.431216446405397,44.91175213201292,11
676617,FF,1,0.3421762123590144,0.40264019937765483,0.4227250340039485,0.21065973386825546,-0.42078437146841485,-0.2793882876415133,-0.16317097508055756,97.22714490397159,11
676617,SI,2,0.3254366027991834,0.3382061369916213,0.4719723862856132,0.8300734358387704,-0.08729063146939209,0.6816770141534308,0.47481993950760304,108.77912034950602,11
676617,SL,1,0.24406582038124683,0.6692216759718895,0.5695818873137232,1.6686309915397246,2.204749385348634,1.1197006736319164,1.664360350173425,126.93581456492957,11
676617,ST,4,0.26428861920211927,0.5305683087134491,0.5138167998652443,0.15299621908796615,-0.5351141237225732,-0.10737736092711665,-0.16316508852057454,97.33781733313269,11
676632,FA,4,0.44075493207452954,0.19520077730089852,0.4597933490184382,-0.8043470501353118,-0.5542864687401211,-0.2662944916135154,-0.5416426701629827,88.42867803821404,4
676637,FF,12,0.43139832740418366,0.2941299896182435,0.3805121050537248,-2.9087095041208366,-2.4524911195876573,-2.0205665424732984,-2.460589055393931,58.185842193366256,57
676637,KC,12,0.3271661639312559,0.33133002905808256,0.3469045696759034,-1.96662306848179,-3.3570934710954576,-3.0481912465622023,-2.79063592871315,54.699080965415774,57
676637,SL,33,0.3504468128206154,0.47404146117484114,0.4238431775926842,-2.313719291974016,-2.2320228397412136,-2.6067638764984657,-2.384168669404565,61.41489121397024,57
676641,CH,31,0.28735468077720105,0.5912982325487866,0.6068979651794484,0.7367526394128895,0.9305276012177836,0.8316019549970204,0.8329607318758977,114.11989337376646,97
676641,FC,23,0.3483171834404271,0.492868209172609,0.4633807635094005,-1.0697615282992685,-0.266542824171205,-0.804571063224283,-0.7136251385649188,88.54273429492473,97
676641,FF,35,0.3844571594071588,0.35027568241370177,0.40970531692194956,-1.267559937434731,-1.4012390467801135,-0.8164192123131919,-1.1617393988426787,80.2579165151921,97
676641,KC,8,0.2981271289368507,0.4960733961526633,0.4792128850122173,-1.0393129947397193,-0.8288541501188785,-0.8382254226393635,-0.9021308558326537,85.35553977565235,97
676660,FF,17,0.350927337419158,0.4078110557980972,0.43265986644800936,-0.09529569317567373,-0.32396708665934876,0.13039882372888567,-0.09628798536871226,98.3637247323911,39
676660,SL,22,0.3085538743467898,0.5551566907734449,0.4840549856880912,-0.7454658701651489,-0.38813821194177045,-1.067178622887589,-0.7335942349981694,88.12759611958248,39
676664,CH,266,0.31201870632929674,0.4750235886878046,0.5460005003376599,-0.458497689252576,-1.2784803219259973,-0.48896391520816285,-0.741980642128912,87.42235119695903,1523
676664,CU,68,0.30135610332213547,0.5130857296050242,0.526216288191528,-0.5471886845115055,0.09704883444101764,0.6136585156952427,0.05450622187491827,100.87355547264934,1523
676664,FF,708,0.33921885862501006,0.44593157666796607,0.42380137543775626,0.31405425953081234,0.3897880490541885,-0.23499188241859206,0.15628347538880294,102.6558119845942,1523
676664,SI,63,0.3340467274859074,0.3794996769173739,0.4383885178283134,0.4304837689123803,0.8353949194050179,-0.375723188278941,0.2967185000128191,105.48613738555039,1523
676664,SL,136,0.30069073672916363,0.5342888390883714,0.5038861732324742,-0.451110952027791,-0.8624993291784768,-0.560105261852733,-0.6245718476863336,89.89200177112997,1523
676664,ST,282,0.28178913214675144,0.5209892508696349,0.5102806935160483,-0.6769562473695231,-0.7571526810292056,-0.19623932297635993,-0.5434494171250295,91.13314231795997,1523
676680,FF,62,0.3437119405264506,0.42974729921148186,0.4279613664541158,0.15696785264588597,0.08675936820767317,-0.0634026068551288,0.06010820466614345,101.0214521396305,276
676680,SI,76,0.33472131623949786,0.33602374251004025,0.42611873202390926,0.3991765921678753,-0.13605525320159303,-0.7620418165178124,-0.16630682585051004,96.92509198202576,276
676680,ST,138,0.2546264170586557,0.4844563833197449,0.43808208802803594,0.6112209880275595,-1.6039692821305458,-2.010582305715778,-1.0011101999395882,83.6660020469564,276
676684,CH,74,0.29903032392862455,0.5633007064777491,0.6289416242768449,0.1709359893837601,0.39862524602080424,1.30962027536697,0.6263938369238446,110.6182846908405,661
676684,FF,347,0.35217957488928026,0.44426592110054774,0.4302659171075658,-0.13907621822800117,0.3586009039563266,0.031654371770473415,0.08372635249959962,101.42280845650252,661
676684,SI,37,0.3567357208868197,0.3059625674006462,0.4567329060214857,-0.6224960247420551,-0.8077586713540584,0.20185648553443028,-0.40946607018722775,92.42923135675225,661
676684,SL,203,0.26653243136301935,0.6201879739255233,0.5627044858380964,0.82759809119479,1.0901314536137883,0.9438490221043759,0.953859522304318,115.43715170281739,661
676689,SL,4,0.2544782504284856,0.6016718235075142,0.5362530063738362,1.2788438425401358,0.6692284334197016,0.2674981698788903,0.7385234819462425,111.95217824041369,4
676701,CH,3,0.4471615657302461,0.11827063748344523,0.41436000266989553,-7.007694079541368,-8.056141122655463,-3.3435974998493387,-6.135810900682056,-4.010900350741409,10
676701,CS,1,0.4204035208081154,0.1122151886677862,0.4205905501723127,-0.6148120815263968,-0.9975778883272344,0.08637406955122233,-0.5086719667674695,90.33464514705769,10
676701,EP,4,0.43959728316044194,0.061223485045207936,0.48445276179241076,-0.6342947532988318,-1.052598769664831,-0.2811034860089638,-0.6559990029908755,84.71394657538924,10
676701,FA,2,0.4177939185295755,0.20484534164005527,0.3990596452274122,-0.25298111520210775,-0.4713526135001126,-1.836075415520757,-0.8534697147409924,81.76699621739556,10
676702,FC,71,0.304769442714233,0.5319994733652835,0.5403877461158352,0.9225646501942967,0.47996672233716053,1.4504725185734355,0.9510012970349642,115.26834462125613,184
676702,FF,76,0.32431481876187707,0.4402751819696461,0.47568755183154626,0.8351269044382297,0.28387971744112717,1.905183753575855,1.0080634584850705,117.1305827926831,184
676702,SI,3,0.3481058923623363,0.4171388941472967,0.4407887566589476,-0.22199191693891557,1.6764262755618713,-0.3001508036197519,0.38476118500106793,107.11399094243143,184
676702,SL,34,0.2422934143932834,0.6139143772940416,0.5603881138672508,1.7349806403521337,0.9475221255375907,0.8846205710580202,1.1890411123159148,119.24330323543325,184
676710,CH,14,0.3464617047676283,0.45859362648615287,0.4848382781843101,-2.127649592970981,-1.5906198862818728,-1.8152710666053222,-1.8445135152860583,68.7328187684715,1365
676710,FC,446,0.3331154838150509,0.5142286588889401,0.4993529303062228,-0.3742778219995462,0.140951795794029,0.2488243707081311,0.005166114834204635,100.08294207577589,1365
676710,FF,472,0.34281376022354315,0.4500785039590015,0.44142093586859815,0.1883698879556162,0.4674336473793342,0.4917711317767041,0.38252488903721815,106.50045810782755,1365
676710,FS,99,0.2801357487811305,0.6091441895737987,0.5595338404817447,-0.3734236698026516,0.5271052981853177,-0.9094501519831627,-0.2519228412001655,95.50576447231693,1365
676710,KC,126,0.3167680266915364,0.4082540707858574,0.4316383567824544,-1.6345769997194435,-2.1765762189929845,-1.6328699709413985,-1.8146743965512755,70.54204847487566,1365
676710,SL,60,0.29119989555716547,0.5585769981735281,0.4999326226585159,-0.0958232905253626,-0.3103889129683166,-0.6611955355981467,-0.35580257969727525,94.24173238238298,1365
676710,ST,148,0.2931382407128505,0.511999455947885,0.49008274111283545,-1.2151816511807199,-0.9655323700814892,-0.7038116363302324,-0.9615085525308138,84.312137934645,1365
676714,FF,166,0.3574703478225821,0.42021070522389276,0.40850323522049287,-0.32405137068848516,-0.09180044106389346,-0.8660020906198745,-0.42728463412408435,92.73891465929734,366
676714,SI,40,0.3602711403816558,0.33025162622193605,0.40392434808809785,-0.7865722895799963,-0.2650305918762782,-1.460839993875718,-0.8374809584439974,84.5155067998534,366
676714,SL,160,0.2909688924788622,0.5831589231564207,0.5117570483464091,-0.08717573842720137,0.248399292674079,-0.35885099559276684,-0.06587581378196307,98.93387348229014,366
676720,FF,21,0.3864999437525405,0.35766728241509466,0.40961307175104866,-1.3389794352083868,-1.2628413454437597,-0.8202240960225236,-1.1406816255582233,80.61576296388792,44
676720,FS,13,0.2778991744746084,0.5956727569900853,0.5213879466065363,-0.29754296098857747,0.21935139249379568,-2.1987211130179607,-0.7589708938375808,86.46016399580051,44
676720,SL,10,0.3278821157323325,0.5430197804800326,0.4781420752443388,-1.46901455867177,-0.6640304510409603,-1.218368730161868,-1.1171379132915327,81.92036978486203,44
676760,CH,188,0.28544828734212335,0.5747009295469397,0.6070423603305887,0.8291389116793281,0.615208864333647,0.8347331741522739,0.7596936500550829,112.87790999624626,458
676760,FF,204,0.3428739007669114,0.4495887880583723,0.4204564866534203,0.18626726394985466,0.4582643802460789,-0.3729602196307309,0.09052380818840089,101.53832140013367,458
676760,SI,1,0.2535400072675561,0.29458763043605407,0.2537918853908341,4.166742497777204,-1.0619265145132468,-6.187814691552368,-1.0276662360961368,80.99910131160911,458
676760,ST,65,0.287193115378152,0.526106407430644,0.4731400921118212,-0.933237261862386,-0.6385391306316217,-1.1295785346827385,-0.9004516423922487,85.30833540149996,458
676766,FF,6,0.2873115624688298,0.5699789188296686,0.469583243397127,2.1288288002913203,2.7124065631551493,1.6533962237569657,2.164877195734478,136.78896177156724,7
676766,SL,1,0.29910066365162497,0.5508328354061928,0.5092620218789176,-0.39158689772125965,-0.48642666509609045,-0.4226475510895259,-0.4335537046356253,92.98341720842691,7
676775,FF,83,0.35119771126534477,0.4115460879196967,0.4429781209108926,-0.10474846010598977,-0.25403366765001223,0.5560011390711413,0.06573967043837976,101.11715076836606,397
676775,FS,204,0.24107339549443713,0.6467395393230744,0.6391784813623858,0.95185268998403,1.3859683514857013,1.7824129100118549,1.3734113171605287,124.50128740331465,397
676775,SI,82,0.34977750556360554,0.31844735972376886,0.4529453697902752,-0.29957027806937186,-0.5287916100915557,0.08260454221843086,-0.24858578198083223,95.40380612606761,397
676775,SL,28,0.2709484721399664,0.5991230995438545,0.5259160837048745,0.6622845249568494,0.6112916814638487,0.0031883241484250437,0.4255881768563744,106.88766961531815,397
676831,CH,22,0.32070341738651104,0.4901577980498081,0.44531915510743264,-0.8793699318463233,-0.9909577178477313,-2.672246070266734,-1.5141912399869295,74.33226076821578,59
676831,FF,34,0.3841820989418669,0.3996957060661071,0.4362086506841628,-1.2579433176809383,-0.4759160216986331,0.2767773408501782,-0.4856939995097977,91.74633184004533,59
676831,SL,3,0.328529918889777,0.5460937684449269,0.49482870670262297,-1.493264934876716,-0.59415357116825,-0.7917000660203354,-0.9597061906884337,84.46822649523888,59
676840,CH,1,0.3197231359924642,0.5232323072863184,0.5622098975110644,-0.831864237532787,-0.36260186543251083,-0.13746198094193285,-0.4439760279690769,92.47396193417947,45
676840,SI,29,0.34689997711236886,0.3416823463384496,0.45277131790278996,-0.1660262613173492,-0.009616299312347544,0.07712445581043854,-0.03283936827308607,99.39282085211049,45
676840,SL,15,0.2513645310970149,0.6613514391747503,0.571761502559572,1.3954052768539944,2.025845759985088,1.1754323249010026,1.5322277872466947,124.79739651584998,45
676879,CH,134,0.30513881294550527,0.5114731448161249,0.5224661825347187,-0.1250892271671401,-0.5860046831375423,-0.9993072759682311,-0.5701337287576378,90.33540579912338,509
676879,CU,37,0.22946744916122447,0.5259216622160079,0.4953107096664288,1.8060408814449505,0.2891090509469564,0.09155508238629703,0.7289016715927346,111.6818965310837,509
676879,FF,16,0.365039718403985,0.3478558261393183,0.41512209879902257,-0.5886904876900761,-1.446547578880865,-0.5929904417901165,-0.8760761694536858,85.11235058943926,509
676879,SI,161,0.35039235100761723,0.327769891763431,0.41718589604598116,-0.32810481097371696,-0.32048383056898827,-1.0432953767908324,-0.5639613394445125,89.57271154916882,509
676879,SL,161,0.25141772721602373,0.5926654115829627,0.5515678869590256,1.3934138912242973,0.46449765004537896,0.6590918631360052,0.8390011348018938,113.57829690213089,509
676886,FF,47,0.3378368002474585,0.470651939172629,0.43700906089003877,0.36237356227158374,0.8526433640336295,0.3097922696901079,0.5082697319984404,108.63731013333133,64
676886,FS,4,0.28489857591203904,0.5734094030348985,0.5998999718106771,-0.5350130690899165,-0.289253322774939,0.454861328092889,-0.12313502125732217,97.80330443797685,64
676886,SL,13,0.28327053817734194,0.5532197979988414,0.5277829633704989,0.20101055061049136,-0.43216701923801104,0.05092348597759693,-0.06007766088330757,99.02771011525307,64
676917,CH,3,0.31143527943197397,0.5547752215196914,0.5743362922640919,-0.4302240731186493,0.23665645217518128,0.1254997545110429,-0.022689288810808367,99.61538362317067,23
676917,FF,7,0.36144750373788254,0.39830817213119435,0.43482840588143906,-0.4631000562144209,-0.5018957158219521,0.21984567804893002,-0.24838336466248104,95.7790833931524,23
676917,KC,11,0.27625957654991035,0.5159399182493299,0.4884621021124009,-0.34101149744825815,-0.5239719371250977,-0.6837343489869564,-0.5162392611867708,91.61979076780555,23
676917,SL,2,0.333328221602991,0.5406043248699508,0.4742838418739761,-1.6728883970402546,-0.7189377907674385,-1.317021791577789,-1.2362826597951608,79.99214504802974,23
676946,EP,8,0.42510294999696946,0.15558680181782575,0.5103831891142134,-0.23148102197854262,0.28521058032557384,0.16197944911248327,0.07190300248650483,101.67547989004174,8
676961,CH,2,0.2973180282981361,0.588885243124469,0.6043642087882777,0.25391603296143483,0.8846851666182627,0.7766572668677663,0.6384194888158212,110.8221369445744,19
676961,CU,5,0.35475794955849327,0.33390869931406747,0.3317760964895949,-2.295264300988802,-2.583923423166917,-2.671117130176705,-2.5167682847774744,59.66448172462046,19
676961,FC,3,0.3655024403173315,0.4192180296126215,0.46010438291913275,-1.855993755024144,-1.6715718534627868,-0.9005153629687653,-1.4760269904852321,76.30235749281482,19
676961,FF,2,0.372592303598382,0.40437028610928566,0.42419011878171814,-0.8527427566905008,-0.3883908400645088,-0.2189571870290546,-0.4866969279280214,91.72928851984669,19
676961,SI,4,0.3604373266965243,0.3107290687537846,0.4585326507943447,-0.794284876403322,-0.701253345468415,0.25852209835885315,-0.41233870783762794,92.37611810359036,19
676961,SL,1,0.3463828860306428,0.5325924285765807,0.4919169991989143,-2.1615870394623617,-0.9010615730457137,-0.8661509433039883,-1.3095998519373546,78.80558812737391,19
676961,ST,2,0.292893820110502,0.5319820353752444,0.46220571570095104,-1.2035901348398026,-0.5023445305612109,-1.4043582063619597,-1.0367642905876577,83.08427403769394,19
676962,CH,4,0.33065033603617067,0.46049437480610494,0.5307947915144787,-1.3614103741132233,-1.5545091061560148,-0.8187007959853685,-1.2448734254182021,78.89758861602698,221
676962,FF,127,0.34536719304149677,0.41882834334369823,0.4433964099978268,0.09909718040363842,-0.11768329546589992,0.5732545228214629,0.18488946925306715,103.14192954210907,221
676962,KC,90,0.24444112153348546,0.5941493664749233,0.5424607881793727,0.6750544246226516,0.6762718466644322,0.2182138803545507,0.5231800505472115,108.49288037414397,221
676969,FC,2,0.29798594743898366,0.5855694800794882,0.5333415989688275,1.232912213424768,1.5019250526830867,1.2441357895852478,1.3263243518977008,121.29416368566083,14
676969,KC,6,0.25773498481142987,0.5345186402781811,0.5160842385311668,0.25053848120501665,-0.2388529888164326,-0.22235762210444962,-0.07022404323862186,98.86003986965764,14
676969,SI,6,0.3348925420389535,0.35560079406265016,0.4492702920416996,0.3912301265052826,0.30138514616342627,-0.03310660524033938,0.21983622247612317,104.06463270329397,14
676974,CH,13,0.3155419892105632,0.5155177894641058,0.5632825855797303,-0.6292404989743786,-0.5091637505230936,-0.11420066363526495,-0.4175349710442457,92.92217622589945,107
676974,FF,43,0.34381893884241044,0.42924013404352296,0.4449976007175405,0.15322699473019114,0.07726338717107069,0.6392996547830817,0.2899300122281145,104.9269418871916,107
676974,SL,50,0.22134739142843082,0.6866807932954037,0.6188821862507365,2.51909064515499,2.6016242781040235,2.380284197743421,2.500333040334145,140.46509947079034,107
676974,ST,1,0.18149463031418384,0.6499952524707929,0.6313161067086277,4.07945686071576,2.233152518757819,2.8453672441391777,3.0526588745375856,149.80682827030054,107
676979,CH,32,0.36337435068581675,0.36635976699007,0.42450047468815094,-2.947258117525067,-3.3428963899413926,-3.1237006405979892,-3.1379517160214823,46.80716395541657,523
676979,FC,145,0.2676046737771511,0.6275060443185924,0.5607801605460209,2.6228673716733675,2.3019514816302293,2.047636330499068,2.3241517279342214,137.3143019308447,523
676979,FF,270,0.28938434348017567,0.4879485189634314,0.4284510240056955,2.0563605639061264,1.1764983999631702,-0.04320545156817652,1.0632178374337065,118.06785181776861,523
676979,SL,2,0.28078622799854985,0.579078216378635,0.5262453189030858,0.2940101844547368,0.15563801300625205,0.011606700413302262,0.1537516326247637,102.48829856166924,523
676979,ST,74,0.23829490615485044,0.6277825231995825,0.5910541786800133,1.385734157925702,1.7182707379355715,1.8335894390622527,1.6458647783078422,126.85373890056174,523
677020,FF,50,0.3402883400411661,0.4424051947837744,0.45875338905346974,0.2766632222474076,0.32376132321481377,1.2066916866610717,0.602372077374431,110.23644360541616,104
677020,SI,17,0.35218817914697326,0.2878637825130876,0.4217878130472183,-0.41144789765035655,-1.2121678679054024,-0.8984023614173332,-0.8406727089910306,84.45649335107728,104
677020,SL,37,0.281860227654958,0.5659542068587032,0.5315859952668043,0.25380523112504955,-0.14269263992593503,0.1481650738283726,0.0864258883424957,101.39870653717522,104
677053,CH,6,0.3773873056347889,0.33007908759878274,0.42302855929408256,-3.6263438966472092,-4.03216367617977,-3.155619230941384,-3.604708934589454,38.894951644071384,492
677053,FF,306,0.32893157605115486,0.4865576004445722,0.45617322375248165,0.6737165785325472,1.150455334088393,1.1002662898057758,0.9748127341422386,116.56553474786301,492
677053,SL,4,0.2712152357834234,0.5811042631287633,0.551583166963511,0.6522982835542092,0.2016934390495618,0.6594825650651599,0.504491429222977,108.16463068573489,492
677053,ST,176,0.255497027737264,0.5967130897691176,0.5494143264427381,0.5699327422303505,0.9980942563111544,0.7871845507912407,0.7850705164442485,112.80911952487256,492
677076,CH,9,0.3234765681787543,0.49432284801733634,0.588067985211292,-1.013760377917931,-0.9118293019434011,0.4232724958447055,-0.5007723946722089,91.5111810836831,25
677076,FF,13,0.3388783655467193,0.4567586269946074,0.43077616535170554,0.3259585237777505,0.5925099059157356,0.052700841877057494,0.3237230905235145,105.50120645425461,25
677076,SI,1,0.3866242411145062,0.30046234741716843,0.38927651474872277,-2.0096006576307186,-0.9306586095649898,-1.9220323058317945,-1.620763857675834,70.0331014333109,25
677076,SL,2,0.2559684461637095,0.6130207424128269,0.6120722764956666,1.2230586757299817,0.9272083123548982,2.2061582751218376,1.452141754402239,123.50129346357866,25
677161,CH,75,0.2789752596333436,0.5881526722791245,0.5791834127341978,1.142830141038369,0.8707676455844857,0.2306099077534552,0.7480692314587699,112.68085922922832,268
677161,FC,32,0.32800015818204287,0.5383698069025945,0.4929901389891874,-0.14024967265789903,0.6014939691092005,0.062498777415764754,0.1745810246223554,102.80290180105627,268
677161,FF,104,0.3550181820156136,0.43080328365392667,0.42014539943888995,-0.23831914408935367,0.10653124702332518,-0.3857917929606721,-0.17252656334223354,97.068160191311,268
677161,SL,14,0.31209214300124744,0.5779599439765061,0.5199561879694778,-0.8779202199143106,0.13021781383796466,-0.14920317309304404,-0.29896852638979665,95.16152809892,268
677161,ST,43,0.2570147081281949,0.6119913370665999,0.5415577149483465,0.4979575614038029,1.3522376432098553,0.5897487715735087,0.8133146587290556,113.26994767575279,268
677651,CH,69,0.28027139300953163,0.5878184108423208,0.5695165972336932,1.080017854349369,0.8644172828761413,0.020984323885521836,0.655139820370344,111.10557083249873,773
677651,CU,52,0.3185375068943684,0.4105436683773538,0.4001412561804397,-1.109611049246675,-1.4372573260244277,-1.516190210937296,-1.354352862069466,78.29417791469601,773
677651,FC,249,0.3312228798260087,0.5245969190474266,0.48488207115232135,-0.28769044892321793,0.3387477359119419,-0.17493483856878805,-0.041292517193354694,99.33704782027854,773
677651,FF,328,0.364682514011839,0.4125516730453073,0.4470519465562884,-0.5762019651755533,-0.23520544779824654,0.7240363075405774,-0.029123701811074126,99.50508474352021,773
677651,SI,8,0.35465918202220503,0.4029303249587405,0.4877212592621686,-0.5261253560860601,1.358942196636874,1.1775359559148486,0.6701175988218875,112.39005054101175,773
677651,ST,67,0.28669007746388064,0.4773982680754017,0.46902254574011665,-0.9093809578219261,-1.767573443595124,-1.233052020286926,-1.3033354739013254,78.73492951713206,773
677865,FC,101,0.3335812341492212,0.48313460892370286,0.47683895679244587,-0.39558608203636236,-0.4522313179527292,-0.41046638130692276,-0.4194279270986714,93.26607634007661,240
677865,SI,63,0.33816990952483916,0.39873909145749215,0.4800638138802855,0.23912986899104413,1.2652909717988978,0.9364385282253349,0.813619789671759,115.04331528215818,240
677865,ST,76,0.27237389734759354,0.57323537520267,0.5423456738863491,-0.23044377264607308,0.4538906450387486,0.6095500926681287,0.2776656550202681,104.53036063462869,240
677944,CH,44,0.3031642453579557,0.5587641403963242,0.5545436146397319,-0.029399147986605208,0.31243869592726436,-0.3037058720057404,-0.006888774688360411,99.88322527058808,404
677944,CU,28,0.3115423329595747,0.45341667980335354,0.42673896425591445,-0.8806284606240158,-0.7957612924839356,-1.0668617929924045,-0.9144171820334519,85.34489997338294,404
677944,FC,1,0.26873566446363945,0.624788363302783,0.5385413235375398,2.57112410520885,2.2501061128561215,1.3964025726602003,2.072544263575057,133.27473911732008,404
677944,FF,233,0.35867130128332575,0.3840300074110848,0.3914771639585599,-0.3660389124521365,-0.7692350166759777,-1.5682851537413904,-0.9011863609565015,84.68563914497767,404
677944,FS,4,0.2935057850932247,0.5767057638339149,0.5204409949864526,-0.8270315956708546,-0.21394819808521676,-2.2307265820540993,-1.0905687919367235,80.54454694637982,404
677944,SL,93,0.2941582256236469,0.5868965083725226,0.5387990582975591,-0.20656776008550684,0.33336084624625045,0.3325994202927677,0.15313083548450376,102.47825165286686,404
677944,ST,1,0.28151342139653357,0.5632981081350127,0.5678572105396703,-0.6638808125010638,0.22354894763494945,1.2506521914273354,0.270106775520407,104.40703083308888,404
677960,CH,171,0.328030356201336,0.4951307088513617,0.5417835464389642,-1.2344427891961327,-0.8964814073044532,-0.5804088613863636,-0.9037776859623163,84.67965646995398,572
677960,FF,230,0.3292763182607114,0.44537312998038464,0.4449219895646127,0.6616637568416169,0.3793318910010463,0.6361808829144936,0.5590588435857189,109.50039774323261,572
677960,SI,56,0.35003449582921126,0.34141832879990547,0.4225265972350051,-0.31149701065142754,-0.015515652296619043,-0.8751414749976278,-0.4007180459818915,92.59097679102926,572
677960,SL,9,0.3148650505086676,0.5362132927980446,0.47106671499937036,-0.9817234346157128,-0.8187532826008177,-1.3992820865566418,-1.0665862679243907,82.73849174109557,572
677960,ST,106,0.2778969087451639,0.5450587831769317,0.5064943229588373,-0.4923696342587348,-0.1992309818707898,-0.2913903969353649,-0.3276636710216298,94.65387753308575,572
677976,CH,1,0.2740844266681111,0.6227239744401225,0.6666504108825939,1.37984618275445,1.527559856260687,2.12733800348217,1.678248014165769,128.44873966794214,5
677976,SI,2,0.3112753370504066,0.43859870728091443,0.5121984586291364,1.4872875494200737,2.1559361344515744,1.9482093998784933,1.8638110279167135,134.4606870128194,5
677976,ST,2,0.29531370971855003,0.5483239946760878,0.4941928611618067,-1.3183521052522365,-0.12354474399700567,-0.6005247733962139,-0.6808072075484853,88.8920285347354,5
678061,CU,89,0.27357635954012643,0.5912516284475761,0.5280593562369502,0.36216363492674536,1.2666217755014575,0.6447943882548023,0.757859932894335,112.14600221972368,233
678061,FC,6,0.3011841823757816,0.5461157559759113,0.48039280560791714,1.0865917135940497,0.7492639185165882,-0.3063968061754559,0.5098196086450606,108.18516389382016,233
678061,FF,127,0.327103041682815,0.44445011297601555,0.44918007064191307,0.7376455030633939,0.3620496474171163,0.8118161293540039,0.6371704266115047,110.82779130048115,233
678061,FS,9,0.3081725223672496,0.46789092575626284,0.5130484952531548,-1.3246329573145923,-2.699815325243932,-2.480581396487814,-2.168343226348779,61.31734177956224,233
678061,SI,2,0.33385737156672785,0.3408487209684365,0.4425953695269888,0.439271640334518,-0.028243282737272085,-0.24326894634316876,0.055919803751359035,101.03392180110009,233
678226,FF,29,0.3276900585474121,0.4609904747241884,0.4482938736486872,0.717122313844241,0.6717455244650504,0.7752627090518581,0.7213768491203831,112.25875785355095,68
678226,SI,2,0.30851165036042993,0.43799177303294856,0.4446707760122863,1.6155482522690656,2.1423744620462575,-0.1779240251506253,1.1933328963882326,122.06397045010604,68
678226,SL,37,0.26430005409010243,0.6372573720528055,0.5909730665382472,0.9111666692072314,1.478147378224154,1.6666622270740687,1.351992091501818,121.88048295319558,68
678368,CH,8,0.2824864082553667,0.5747153030739011,0.5650163612133923,0.9726753730909349,0.6154819353479863,-0.0766036153122252,0.503851231042232,108.54100966144614,41
678368,CU,1,0.32185258316394944,0.41176550925976013,0.3921811884397324,-1.2181279714513558,-1.4189752867271845,-1.6506636262600318,-1.4292556281461906,77.09373292012182,41
678368,FC,9,0.3274933839758246,0.5057113938084145,0.49091931116605647,-0.11706455442221046,-0.02153259677371749,0.0018574325207710192,-0.04557990622505231,99.26821370463071,41
678368,FF,15,0.3959035150829374,0.3296754194208312,0.40917050961053825,-1.6677455838300175,-1.7869510772742416,-0.8384786828193125,-1.4310584479745236,75.68122818276001,41
678368,FS,2,0.2903808158594838,0.5869706409472686,0.5491580201472898,-0.721010132495251,0.020552179172159464,-1.2601364905413792,-0.653531481288157,88.34117467208587,41
678368,ST,6,0.27556524091227436,0.5394372540927467,0.5180963101872725,-0.3817915343488229,-0.3295356765559518,0.00016626086239293405,-0.23705365001412723,96.13226013047722,41
678394,CH,378,0.30538457318172063,0.5377899902937632,0.5925585339801446,-0.13699908358895027,-0.08603221930648858,0.5206503663035976,0.09920635446938625,101.68169169746228,1401
678394,FC,12,0.2974995214355551,0.5723518942929638,0.5230700159938576,1.2551663934205588,1.2497723513839343,0.9433466081549257,1.149428450986473,118.45409650003123,1401
678394,FF,179,0.3536993638334904,0.43219925719405783,0.4111178524672171,-0.19221083489120092,0.13266896132660427,-0.7581556367509049,-0.2725658367718338,95.36813720011851,1401
678394,SI,563,0.33901932435657545,0.33748532536418424,0.4503994930797413,0.19970914025070585,-0.1033968426281899,0.002446696420851783,0.032919664681122576,100.6086637776852,1401
678394,SL,110,0.27330301786585426,0.6022295511166549,0.5626435141499719,0.5741425963658028,0.6819065133571275,0.9422900071055994,0.7327797056095098,111.8592216314122,1401
678394,ST,159,0.2659358719635799,0.5975445694367266,0.565860783188152,0.07487613788929055,1.0173676074941125,1.2004821925569604,0.7642419793134545,112.46928352791656,1401
678495,CH,7,0.34242399831939974,0.35178655179075413,0.4799585068229848,-1.9319771570538942,-3.6197611196193207,-1.9210892567535083,-2.490942511142241,57.77490905447537,189
678495,FF,96,0.29414059582715374,0.5081068335448159,0.44995684125189633,1.8900732342259707,1.5539355448780727,0.8438559837002899,1.429288254268111,124.28868993143054,189
678495,SI,9,0.31330828809633243,0.3809594112924344,0.4524418202256514,1.3929397599424467,0.8680120265458616,0.06675010269056741,0.7759006297262918,114.34591187280067,189
678495,SL,77,0.2705787084308567,0.5976017164059938,0.580694212428799,0.6761265523532898,0.5767081020943978,1.4038371648230128,0.8855572730902335,114.33175603594363,189
678606,CH,33,0.30840921803399374,0.5002696539783592,0.544090694793287,-0.28357725454241645,-0.7988507448901173,-0.5303781847049264,-0.5376020613791532,90.88686477801252,160
678606,FC,3,0.3467979717714007,0.4693145614350958,0.4573127122625205,-1.0002569999724154,-0.7158772183930081,-0.9822655989033493,-0.8994666057562575,85.55904586585112,160
678606,FF,42,0.3240557410598456,0.3715607063405572,0.43665558679129746,0.8441847373931735,-1.0027057950063467,0.2952123428837882,0.04556376175687167,100.77429033514929,160
678606,SI,80,0.3245232882026377,0.3351239315413965,0.4370937307202608,0.8724597065039823,-0.15616112401767412,-0.41649002703375515,0.09993618515085101,101.84775685203883,160
678606,SL,2,0.3013543672718905,0.5625860199487787,0.4722043964843626,-0.47595382310255624,-0.21925715311905478,-1.370192150661929,-0.6884677089611799,88.85791857479188,160
678692,CH,23,0.3072487650995442,0.5340684247062686,0.5948126214286958,-0.2273402161736423,-0.1567352341366504,0.5695304134574171,0.061818321049041475,101.04791026557993,63
678692,FF,13,0.3440202403579186,0.4667484383470343,0.4185523657697725,0.14618912351721997,0.7795555966591687,-0.4515004668873956,0.1580814177629977,102.68636541894237,63
678692,SL,27,0.3189955478039742,0.5601433742330976,0.504097647100833,-1.1363477401220952,-0.27478256935213735,-0.5546979827899047,-0.655276097421379,89.39508776021142,63
678906,CU,9,0.2568477181319851,0.6032056515078379,0.5858454745592208,0.9097651169604268,1.4454862434487477,1.6210042575880153,1.3254185393323965,121.24210005312256,55
678906,FF,3,0.362729841144984,0.3880515375002334,0.3928858401532251,-0.5079329304229061,-0.6939373111604911,-1.5101807667858582,-0.9040170027897518,84.63753647458249,55
678906,SI,25,0.34106211041486995,0.3548887657615677,0.4449365207828218,0.10490491495366779,0.28547519447597786,-0.1695569552725112,0.07360771805237817,101.36096014860806,55
678906,SL,4,0.258915800445991,0.6527183433579299,0.5662361890253529,1.1127250823641481,1.8296010751616998,1.034152873113384,1.3254930102130773,121.45162489991395,55
678906,ST,14,0.23585687505302702,0.6052688608656762,0.5479009521988496,1.501356478977672,1.1964134544933032,0.7491536231701577,1.1489745188803775,118.7465350374253,55
679156,SI,1,0.36539393126978864,0.2856792524771356,0.37409912397782696,-1.0243173140950124,-1.2609802076381607,-2.3998979243785494,-1.5617318153705742,71.12456655672682,2
679156,SL,1,0.3094968111373517,0.5848767980347912,0.5726244818968718,-0.7807645124237265,0.28744945743826433,1.1974982668466805,0.2347277372870728,103.79880643284449,2
679346,SI,28,0.33594801851684686,0.35340141806321396,0.4528737792438151,0.34224622562166973,0.2522410800632913,0.0803504880609888,0.22494593124864992,104.15910798651703,39
679346,SL,11,0.312477189088053,0.5201398370464128,0.49520075563713734,-0.8923343399351398,-1.1841297738307548,-0.7821869643328334,-0.952883692699576,84.57864101014746,39
679358,FF,6,0.37436894511916347,0.40578348139408393,0.40588273428592375,-0.9148574118301388,-0.36193067191165973,-0.9740912319684503,-0.7502931052367495,87.24985212999086,11
679358,FS,5,0.27408697866402176,0.619541321413805,0.6229473264684245,-0.1682058227581138,0.7646270251336492,1.2338255119212207,0.6100822380989186,110.88370255039328,11
679525,CH,103,0.30438294825085244,0.562319216813597,0.609728710328951,-0.08845905409169695,0.3799787176582837,0.8929868655412257,0.3948355097026041,106.69303495810907,760
679525,CU,104,0.29839650033184456,0.5212590513923537,0.5075121301502116,-0.4503079549786291,0.21934380120517527,0.297679796106039,0.02223854744419508,100.35641077578683,760
679525,FF,245,0.3496146497484748,0.43796271702212525,0.42327452122156756,-0.04940171793261022,0.24058194252128984,-0.2567233075413528,-0.02184769431755773,99.62872998402439,760
679525,SI,115,0.3508570404637913,0.31942689526311174,0.44248380102713397,-0.3496707129522455,-0.50690432965145,-0.24678172077180763,-0.36778558779183435,93.19987711260255,760
679525,SL,114,0.2710041578020507,0.6242449540320858,0.5496144181089996,0.6601999438009115,1.1823533864221687,0.6091426599809905,0.8172319967346902,113.22598770048748,760
679525,ST,79,0.26555851978751854,0.6055046062413275,0.5572395847957999,0.0927718630166653,1.2018779337724557,0.9838324290298036,0.7594940752729749,112.39181727606623,760
679845,FA,3,0.45558428899838055,0.24221543510630783,0.5057335675967733,-1.1604464108525199,-0.15000622471063674,0.9211199794771712,-0.1297775520286618,97.22751193608103,3
679885,FF,54,0.2962704743370652,0.4865855614984418,0.4699826259205655,1.8156087642780392,1.1509788669610814,1.6698697588199078,1.545485796686343,126.26329937089304,243
679885,FS,63,0.17019167013833117,0.6547778171949422,0.6011029232411691,3.356671321004385,1.5696022296741154,0.4955191863657176,1.8072642456814056,132.2411066108895,243
679885,SI,93,0.29664558896088644,0.35803047630862056,0.46848200030262527,2.1662435900128623,0.3556753016115635,0.5717809534994548,1.0312332817079601,119.0668511055342,243
679885,SL,33,0.316794256107751,0.5192824497398042,0.48569101930626396,-1.0539428441953422,-1.2036196191107231,-1.0253460768700482,-1.094302846725371,82.28992984950781,243
680232,CH,7,0.328806546029174,0.4347459359788293,0.554950218340151,-1.2720579443082012,-2.043682871728144,-0.2948886417504645,-1.203543152595603,79.59819672758766,22
680232,FF,11,0.363818992170513,0.36227376544832723,0.3912933113360202,-0.546011653426047,-1.1765911881132538,-1.5758686168277223,-1.099490486122341,81.31574689693491,22
680232,SL,4,0.2582922771896863,0.5379273554786715,0.5204933953318709,1.1360665455295507,-0.7797897754575542,-0.13546705455694225,0.07360323850501804,101.19118626176291,22
680570,CH,303,0.2874500199178363,0.5978256179387285,0.5909307781809727,0.7321323823125928,1.0545361173052124,0.4853523656561248,0.7573402884246433,112.83801710091507,1020
680570,CU,88,0.2556160996567113,0.6030819680701669,0.5831185455458057,0.9500813677488366,1.4436356052024106,1.574936878550359,1.322884617167202,121.20148961456101,1020
680570,FC,20,0.35748951867987794,0.44292927104956015,0.4373076226924484,-1.4893994546471878,-1.2192310344929504,-1.568087134968964,-1.4255725413697007,77.11240467064033,1020
680570,FF,459,0.312592250903396,0.47611260858470167,0.41878052238408053,1.2449694367462036,0.9548870046860166,-0.4420895744094626,0.5859222890075859,109.95690320627914,1020
680570,SL,86,0.2975830399055038,0.6089291128403441,0.5390306739163857,-0.33477496903881676,0.8341987393229993,0.33852171365234107,0.27931516131217454,104.52040412371888,1020
680570,ST,64,0.2751830525431379,0.5809719220380917,0.49986646338561413,-0.36366645535144104,0.6332205672378849,-0.4579477760700134,-0.06279788806118985,98.97539693920926,1020
680572,CU,1,0.26448473508930137,0.47136789514070826,0.49940272574602146,0.6597722034828581,-0.5271626320884402,0.16068356165341904,0.09776437768261231,101.56684143969447,3
680572,SI,2,0.3372708021270502,0.40146024083187415,0.4592011883952544,0.2808567938249571,1.3260938289534956,0.2795712456729694,0.6288406228171407,111.6268653630996,3
680573,CH,78,0.26036656841615347,0.6000627408883827,0.5121940964270061,2.0446311972528424,1.0970374069822766,-1.2220581961402908,0.6398701360316092,110.84672752036751,420
680573,CU,22,0.2817068525274101,0.4866772169347319,0.44065080123312317,0.0960170961328531,-0.29809383378365256,-0.8318421558891477,-0.34463963117998236,94.47656018793587,420
680573,FF,178,0.39023753057377525,0.35767801692391094,0.4362170810714146,-1.4696523445938092,-1.2626403563013726,0.27712507334180264,-0.8183892091844597,86.09265717691868,420
680573,SL,142,0.3235212443714759,0.5232468204588111,0.5118164209178487,-1.3057662480285668,-1.1135028523352657,-0.35733286919283286,-0.9255339898522217,85.02126542392028,420
680686,CH,29,0.3379340676190042,0.44450791616443786,0.5229678207136532,-1.7143893535545198,-1.858222905053345,-0.9884292162655178,-1.5203471582911274,74.22790901819133,1385
680686,CU,251,0.3011973132431773,0.5394668450760649,0.5226778431505746,-0.54199079184059,0.4917815665761664,0.5538817895305339,0.1678908547553701,102.69073823013989,1385
680686,FC,141,0.3392336773009742,0.46679480011111224,0.4780472409537549,-0.6541875680351608,-0.7639468609686861,-0.3750834413354496,-0.5977392901130988,90.4032838824023,1385
680686,FF,318,0.3548561542737389,0.44433312971756717,0.432016139013802,-0.23265435623436004,0.35985929430533503,0.10384666925028486,0.07701720244041996,101.3087961395299,1385
680686,SI,170,0.3534267070328575,0.35959346989343166,0.4382208142131097,-0.46892708214609613,0.39059968928594657,-0.3810033970461497,-0.15311026330209976,97.16908807648721,1385
680686,SL,421,0.32523923119064446,0.5312622285883942,0.48802234083970525,-1.3700787265974068,-0.9312992401552489,-0.9657353731252873,-1.0890377799593143,82.37513907842731,1385
680686,ST,55,0.29721729125436275,0.5199763559997228,0.48881324559459916,-1.4086284414801573,-0.7806311607800926,-0.7357139185081562,-0.9749911735894687,84.09215705263318,1385
680689,CH,33,0.3111434545017413,0.5234375749704916,0.6117197245573152,-0.4160818625116816,-0.35870215070841294,0.9361621511446806,0.05379271264152874,100.91186455461529,86
680689,CU,5,0.3153111172037376,0.41457066147253024,0.4417560725229994,-1.0039972260375911,-1.3770026340462467,-0.8131702538338748,-1.064723371305904,82.93598609721427,86
680689,FF,29,0.3223639392553283,0.4706838109765469,0.44929932546489604,0.90333324001625,0.8532401204055717,0.8167350939870104,0.857769484802944,114.57655374051194,86
680689,SI,15,0.35393212407389796,0.3149832822005289,0.43143423802106873,-0.492383121917469,-0.6061948621147368,-0.5946811944211284,-0.5644197261511114,89.56423626890148,86
680689,SL,4,0.3030435846521362,0.5551352816872759,0.47199253571028943,-0.5391893237205055,-0.3886248762226654,-1.3756093227067339,-0.7678078408833016,87.5738870963992,86
680694,CH,76,0.302927779081553,0.48255830678373574,0.5359107356232776,-0.01793968878390258,-1.1353343064244008,-0.7077611829569933,-0.6203450593884322,89.48425086764772,1356
680694,CU,222,0.23329019422836814,0.5836110301665047,0.5551109103150031,1.680905742665178,1.152297791060953,1.1017898542682871,1.311664462664806,121.02166743954342,1356
680694,FF,351,0.34268756982211324,0.41888427569952025,0.46825797042038064,0.19278173647714802,-0.11663603783904838,1.598732011957119,0.5582925701984062,109.48737603354489,1356
680694,SI,291,0.3455646018439785,0.3270520357784563,0.4561416313719998,-0.10405245976014324,-0.3365239992281978,0.18323999009244654,-0.08577882296529818,98.41400381999065,1356
680694,SL,416,0.22263146574788747,0.6369794070112722,0.5921027779684733,2.4710215905909862,1.4718287686401685,1.69554837272935,1.8794662439868348,130.41706336238963,1356
680704,FF,142,0.35170318976060505,0.44872626284730754,0.4040412834333369,-0.12242091796894991,0.4421147635820922,-1.0500464964241922,-0.2434508836036833,95.86290378604518,573
680704,FS,56,0.2755828977430466,0.5227546946077136,0.6047920671321535,-0.21895817188145364,-1.4464564831113007,0.6202064228290979,-0.3484027440545522,93.78458903205157,573
680704,SI,125,0.35059640056719166,0.32110674033097,0.4382863231620372,-0.3375746036321836,-0.4693689482187287,-0.3789408241789076,-0.39529479200993994,92.69124932666682,573
680704,SL,250,0.2754756611399898,0.5475506915463486,0.487276627526663,0.4928101481499327,-0.5610352760726061,-0.9848028825806082,-0.35100933683442714,94.31930566806291,573
680723,FF,69,0.36714218644176233,0.3680662139419306,0.41399725009844757,-0.6621966371192575,-1.0681354334088775,-0.6393876510367541,-0.7899065738549631,86.57667843426988,169
680723,FS,16,0.30259629274594296,0.5355679255142801,0.6054339469335925,-1.1354470872360125,-1.1537391472586516,0.641900946260045,-0.5490950960782064,90.20429161121416,169
680723,SI,43,0.3259499910650287,0.4199653487317173,0.5052158470857978,0.8062474572824608,1.7395821302049166,1.7283593588142707,1.424729648767216,126.34235003906474,169
680723,ST,41,0.3108061189105986,0.43507972137335804,0.4459073519571684,-2.0530713252539132,-2.7484996693515487,-1.813934287351175,-2.205168427318879,64.02072760809298,169
680730,CU,92,0.299950861348588,0.5511621266000624,0.5511859671642294,-0.5011889784650821,0.6667745623850402,1.0354838217538924,0.40035646855795015,106.4163974696675,414
680730,FF,207,0.3767107665992248,0.3753923883685049,0.41751024929854097,-0.9967317978169229,-0.9309627373706723,-0.49448517758704885,-0.8073932375915479,86.27951783551397,414
680730,FS,74,0.2752348117469467,0.581492966307955,0.5763123275642377,-0.20714858789611879,-0.10458490286276918,-0.34236379043863396,-0.21803242706584064,96.11036031811146,414
680730,SL,41,0.2611393430827978,0.6231208299892654,0.5661782396255719,1.0294872271134625,1.1568001696889707,1.0326711364876204,1.0729861777633511,117.36508365628552,414
680735,CH,20,0.3182309776510632,0.5808189303826395,0.5419276101111843,-0.759552329478144,0.7314398143593407,-0.5772848303751462,-0.20179911516464985,96.57921210447913,149
680735,CU,21,0.29645147827211527,0.44509881033520077,0.4347903824946132,-0.3866388896606521,-0.9202190829178423,-0.9308451479062437,-0.7459010401615793,88.04565949951085,149
680735,FC,30,0.2963385538275585,0.5718815981494044,0.5209031567647969,1.3082811157740721,1.2408004827746164,0.8798931156044445,1.1429915713843775,118.3507522707891,149
680735,FF,76,0.371960618355662,0.37774503388549296,0.4247751428464575,-0.8306578788187434,-0.8869126356945713,-0.19482640043334987,-0.6374656383155548,89.16719200290608,149
680735,SL,2,0.27191401553861055,0.5698035410014018,0.534737177286208,0.6261396090356448,-0.05519084663621108,0.2287391924602248,0.2665626516198862,104.3140189882684,149
680736,CH,4,0.3752850433841448,0.38772498547345946,0.44789386394573316,-3.524465570227383,-2.9369958828116287,-2.6164133253994613,-3.0259582594794905,48.70561559235169,80
680736,CU,2,0.28345903509536574,0.44893642315044646,0.42800286902363455,0.038660509450379375,-0.862798031366718,-1.0455100160610555,-0.6232158459924646,90.01189966609986,80
680736,FF,53,0.29626676254666745,0.5100467230397936,0.464466193226513,1.8157385352970157,1.5902573489395564,1.4423306401187774,1.616108841451783,127.46343603415812,80
680736,SI,2,0.3668763669238562,0.3023844916256012,0.3947070555356348,-1.0931160819179735,-0.8877091629685793,-1.7510497719197466,-1.2439583389354332,76.99999713868188,80
680736,SL,6,0.30809305079681887,0.5256778611435737,0.46684660117226806,-0.7282150366017885,-1.0582412378348733,-1.5071882468644515,-1.0978815071003711,82.23201322571788,80
680736,ST,13,0.27802882420379993,0.5034024606673086,0.49106970382111387,-0.498625654331132,-1.1648071276197551,-0.6790093724653471,-0.780814051472078,87.26032846411691,80
680739,CH,89,0.3006435434104336,0.526873721852161,0.5522652544782481,0.09275730311176403,-0.29342157504164396,-0.35311227467138945,-0.18459218220042312,96.87089459255664,448
680739,CU,34,0.3067210489809805,0.4510657332664373,0.4247416371600752,-0.7228067829653312,-0.8309378016288694,-1.1006036410322908,-0.8847827418754971,85.81984258522434,448
680739,FF,151,0.3888195042357067,0.37667854171173165,0.4337464224181267,-1.4200755358016173,-0.906881257550998,0.17521655315147253,-0.7172467467337141,87.81142727247611,448
680739,SI,16,0.3556263962920087,0.3184603918255616,0.4567032269358375,-0.5710130716511124,-0.5285004136467055,0.20092202882607543,-0.2995304854905808,94.4618707815962,448
680739,SL,152,0.2817147593967649,0.5756079943384014,0.5029324023231798,0.25925080505676273,0.07675407090682992,-0.584492698033788,-0.08282927402339844,98.65950065116037,448
680739,ST,6,0.2731721699408494,0.5727259830113418,0.5604787192031448,-0.26830142343460867,0.44208314694134326,1.0652315189761021,0.4130044141609455,106.73853213753085,448
680742,CH,1,0.3041561685413504,0.5670249966407332,0.6313113900509822,-0.07746901835140718,0.4693800228572279,1.361008815264919,0.5843066065902465,109.90484505081183,31
680742,CU,3,0.2551199915639866,0.5796226145124809,0.5515739058551277,0.9663211519725997,1.0926203217844304,1.042037464561998,1.0336596461063425,116.5661645524634,31
680742,FF,14,0.33460124351392917,0.4643824354517857,0.428422336519243,0.4754945764644242,0.735255396161867,-0.04438873898364592,0.3887870778808818,106.6068749643725,31
680742,SI,6,0.36084288652807056,0.3190164592847559,0.4639615334743099,-0.813106615216951,-0.5160753367258943,0.42945242617607815,-0.29990984192225567,94.45485672112417,31
680742,SL,7,0.29854368341237897,0.5875641813281194,0.49738703404433254,-0.37073645853272663,0.3485381675127307,-0.726284939423165,-0.2494944101477203,95.96221144896585,31
680767,CH,37,0.3042875288117918,0.4767793299071579,0.5499774117741527,-0.083834905626661,-1.2451244144318525,-0.4027243069501643,-0.5772278756695592,90.2151497124426,283
680767,FF,192,0.3071656291209616,0.47698128769114745,0.4356250204421211,1.434694114823579,0.9711518447082526,0.25270404597164614,0.8861833351678259,115.05940609671777,283
680767,SL,54,0.2730713919546953,0.6037869031856322,0.5867018695070444,0.5828134640821259,0.7173077265974632,1.5574498952655504,0.9525236953150464,115.41553283400084,283
680885,CU,27,0.30181167409173626,0.5622925341266536,0.5448968317789981,-0.5621015051356123,0.8333155176972552,0.929238304475923,0.4001507723458553,106.4131008358962,233
680885,FC,42,0.3347090182190465,0.4729421652889002,0.45425561434697326,-0.4471826445337915,-0.6466731953775066,-1.0717885070870803,-0.7218814489994594,88.41017906770509,233
680885,FF,50,0.3242464462586512,0.46185354838730885,0.4232279577016589,0.8375173329007154,0.6879054101511409,-0.2586439368449723,0.42225960206896135,107.17569217727466,233
680885,FS,41,0.2827250291340462,0.594110160426809,0.6219902631917975,-0.4612707079827143,0.18365398671456062,1.2014782848654146,0.3079538545324203,105.49381369046594,233
680885,SI,18,0.3401927243049739,0.3150504213136272,0.450956579750796,0.14525249628654355,-0.6046946688722658,0.01998677104014635,-0.1464851338485253,97.29158252957254,233
680885,SL,55,0.2577676174138026,0.6507787654841481,0.601719077137998,1.155707074907291,1.7855112310771355,1.941432242754506,1.6275501829129775,126.34008309408064,233
680897,CH,15,0.3263146132285731,0.5051309840311615,0.5199504946802197,-1.151295682987993,-0.7064942667529192,-1.0538601465905455,-0.9705500321104858,83.54776828861671,122
680897,CU,5,0.313209892189762,0.49617464118972165,0.4578983032290779,-0.935214955937682,-0.15598671823980664,-0.5404714572051648,-0.5438910437942177,91.28321535618976,122
680897,FF,56,0.35019438471718906,0.44444234755634787,0.43478570162916175,-0.06967031867894265,0.36190425044870395,0.2180842339297174,0.17010605523315958,102.89070676868653,122
680897,SL,46,0.3171943443299671,0.5662294158898648,0.4882521892507956,-1.0689200634206741,-0.13643667906012205,-0.959858266367093,-0.7217383362826297,88.31947060714108,122
680911,FA,12,0.38826068685510345,0.1122363640342764,0.45451272544920984,0.45620438577385825,-1.26769957875395,-0.4027824979078807,-0.4047592302959908,91.35297193378383,12
680983,CH,1,0.32040906950492276,0.5328940976730945,0.5645353703219542,-0.8651054557790547,-0.1790453237185633,-0.08703393711236666,-0.37706157220332825,93.60825907979421,7
680983,FF,1,0.32511174734123377,0.32567255623337416,0.402788573161009,0.8072648156045236,-1.8618992703317079,-1.1017176772691342,-0.7187840439987727,87.78530312537566,7
680983,SI,5,0.3307780599029314,0.3510261489155567,0.44250207146791665,0.5821802702172211,0.19916676078909654,-0.24620646935886534,0.17838018721581744,103.29813683300466,7
681035,FF,107,0.34107848051600953,0.4649570892996624,0.4022744913480357,0.2490384580320679,0.7460150113460271,-1.1229222725486774,-0.0426229343901941,99.27568477927409,195
681035,FS,18,0.29198309829271146,0.5594531220680409,0.6046754483994449,-0.7753710926471704,-0.6080835548076735,0.6162648938643871,-0.2557299178634856,95.4378472516497,195
681035,SL,36,0.3233151087709267,0.560400686146035,0.5080743229202023,-1.2980496047780603,-0.2689334398709929,-0.4530164083022116,-0.6733331509837549,89.1028545029757,195
681035,ST,34,0.25614410421192585,0.5809023730939183,0.5103155979335056,0.5392454865006874,0.6316084517795345,-0.19536217882029086,0.325163919819977,105.30533681613038,195
681190,CH,61,0.30929508969740016,0.5410819413166913,0.5953303948899908,-0.32650773215668333,-0.023491104143462737,0.5807583679093894,0.07691984386974779,101.30390299590907,473
681190,CU,67,0.29471355967121404,0.513498555201283,0.4968505825498659,-0.3297492249061518,0.10322582023547457,0.11756892705996748,-0.036318159203569914,99.4179393537561,473
681190,FC,60,0.33014838820170783,0.509190128390847,0.48398627216410955,-0.23853203666191353,0.04483143794716493,-0.20116707999125744,-0.13162255956866867,97.88679720449178,473
681190,FF,125,0.3565921530131156,0.41634542954120674,0.42975457143677,-0.2933480649864782,-0.16417249439662862,0.010562635545728265,-0.14898597461245952,97.46819850321442,473
681190,SI,98,0.3544488922908622,0.3122765673492283,0.4623997008604471,-0.516365961563598,-0.666675186352444,0.38027756342422575,-0.2675878614972721,95.05246969495921,473
681190,ST,62,0.27311600665161934,0.5421777931441961,0.4897267247402084,-0.26563790948114085,-0.2660111267361308,-0.7127582884580701,-0.41480244155844725,93.23213145591562,473
681217,CU,7,0.3162141880123081,0.4346556387420911,0.433844442398955,-1.0335586770298928,-1.0764771327197722,-0.9468253882129142,-1.018953732654193,83.66952287430253,385
681217,FC,21,0.30769009896276844,0.5334177656860083,0.5164008923122958,0.7889434839683788,0.507023572633317,0.7480504928509032,0.6813391831508663,110.938914052743,385
681217,FF,121,0.3495583568783958,0.4242870746146547,0.44802562062202184,-0.04743361566162564,-0.015475943881549225,0.7641979393607204,0.23376279327251517,103.97246110876955,385
681217,FS,112,0.2799262880272268,0.5803348025332342,0.5834034470941215,-0.3663172524443752,-0.1310430707588598,-0.10269515084626797,-0.2000184913498343,96.43172407180123,385
681217,SI,47,0.36147290935089377,0.2918630472130129,0.45216939535380596,-0.8423455193080991,-1.1228060994695146,0.05817270741511787,-0.635659637120832,88.247055375572,385
681217,SL,33,0.2847962581933425,0.5641489727095373,0.5241138203438119,0.1438955397522752,-0.18372862680160912,-0.04289463169668942,-0.027575906248674446,99.55371473665738,385
681217,ST,44,0.28950341398744983,0.4898027870776852,0.47485859255654683,-1.0428019377725375,-1.4800418775206636,-1.086392808287507,-1.2030788745269025,80.37070456872954,385
681293,CH,26,0.3072887300121522,0.4824142127738306,0.5044889806354609,-0.22927696712408605,-1.1380718319844751,-1.389144181849688,-0.9188309936527497,84.42448105606294,415
681293,CU,83,0.26294075204454403,0.6120414054737044,0.5941994520123002,0.7103135106288478,1.577692984564342,1.7621321871783349,1.3500462274571747,121.63680089644042,415
681293,FC,93,0.3241293497644952,0.5221728214484803,0.5141726155276336,0.0368413270957283,0.2925030761337348,0.682798471649108,0.337380958292857,105.41665795401708,415
681293,FF,167,0.3354665188304303,0.4352661279254632,0.37860037543996755,0.445242959997828,0.19009196303695972,-2.099420630909501,-0.488028569291571,91.70665919781698,415
681293,SI,3,0.3204776545198013,0.34480978744325186,0.38518565305655555,1.0602146432383377,0.0602649635631584,-2.0508345606083793,-0.31011831793562766,94.26610845667813,415
681293,ST,43,0.25837873066364697,0.5804979686078127,0.548029675270734,0.43326952219125536,0.6222345248101697,0.7523884197512201,0.6026308222508816,109.83245462655448,415
681402,CH,6,0.3271639654989444,0.4930149968982748,0.5600654334727359,-1.1924563839518225,-0.9366761076472611,-0.18396483662330454,-0.771032442740796,86.92988101048108,130
681402,FF,67,0.32568180825538084,0.491054325686405,0.4218432899302126,0.7873344375982402,1.2346504253938677,-0.31575803609763525,0.5687422756314909,109.66495368758427,130
681402,SI,1,0.3376299674221239,0.30013522548401594,0.48069373285889927,0.26418819193451926,-0.9379680018243264,0.9562717542978184,0.0941639814693371,101.74103245698831,130
681402,SL,56,0.256670641519115,0.6044075144087782,0.5794691060677081,1.1967721389290122,0.7314152560942213,1.3725118193915673,1.1002330714716002,117.80604421889402,130
681432,FF,96,0.3051553586646644,0.3924840884444,0.3949508099701806,1.5049768672357715,-0.6109437966827942,-1.4250059013694683,-0.176990943605497,96.9922944954819,138
681432,FS,1,0.21616280737771612,0.575095304096244,0.5580397236236287,1.7969992508472596,-0.2507390346311659,-0.9599489418100122,0.1954370914686938,103.48654499020898,138
681432,ST,41,0.24606212041386433,0.6236720223331604,0.5619337060117591,1.0173781758943512,1.6229910458124677,1.1017951767966947,1.2473881328345044,120.3522401525818,138
681464,FF,14,0.31666376619155795,0.47699946769257284,0.4492548903791684,1.10262177400065,0.9714922406180816,0.8149022572958674,0.963005423971533,116.36488656174373,23
681464,SL,9,0.27017604880086094,0.5839812437607724,0.5452544909272523,0.6912000316930039,0.2670920132518309,0.4976615434332322,0.48531786279268896,107.85432791394585,23
681517,CH,11,0.28439112422245105,0.5347799207637746,0.5372126783098556,0.8803703930760849,-0.1432180959530633,-0.6795284629032946,0.019207944739908972,100.32560254196606,153
681517,CU,6,0.26421875371166914,0.5259796174066292,0.5225055777771396,0.6684789354302526,0.2899762171121055,0.5509716242075436,0.5031422589166339,108.06371563977413,153
681517,FF,61,0.34277504376932477,0.4406130505509418,0.4255716915049161,0.18972348640182748,0.2902058491306515,-0.16197075081332635,0.10598619490638421,101.80108233409607,153
681517,SL,44,0.2827302023733978,0.6017403406595077,0.5556290979092678,0.22123790883198916,0.6707859427052749,0.7629349578474052,0.5516529364615563,108.92788704031496,153
681517,ST,31,0.21929918622468983,0.6376644340134882,0.5878347502704858,2.286596015978163,1.9473293005132404,1.7526855586648955,1.9955369583854328,132.55894964955652,153
681584,FA,3,0.38783605153044826,0.13614198191142865,0.40208095392001786,0.4664012114638823,-1.0621345596688008,-1.7579838048525427,-0.784572384352487,83.23887654763809,3
681676,FC,28,0.3424140492349633,0.4879181727015041,0.460805250018677,-0.7996908284975667,-0.3609749759935866,-0.8799914338258983,-0.6802190794390172,89.07906923449062,194
681676,FF,73,0.34918423297992085,0.43349996178572675,0.4331967224495434,-0.03435355608773475,0.15702289357005594,0.152542797603554,0.09173737836195839,101.55894427278903,194
681676,SI,1,0.34421808338104376,0.4159317592467469,0.4879561964756106,-0.04156151059375466,1.64945338990721,1.1849330387544375,0.9309416393559642,117.21252207467916,194
681676,SL,92,0.30117367592409006,0.5914244926149621,0.5260160808172148,-0.46918968015143847,0.43628948962021946,0.0057451993599929516,-0.00905166372374202,99.85350892579159,194
681799,CU,2,0.27328041619418647,0.587247138543862,0.6011966894051975,0.37185115293139703,1.2067037920395434,1.8803400266964507,1.152964990555797,118.47823684394054,74
681799,FC,35,0.3085670800268779,0.5456179720199984,0.5119124232393458,0.7488212571218913,0.739767663211418,0.6166118488154254,0.7017335897162449,111.26634665326316,74
681799,ST,37,0.2508006054903964,0.5886301540008666,0.565507593817283,0.792658055462335,0.8107351834203269,1.191606582671105,0.9316666071845889,115.20096434497468,74
681806,CH,24,0.2994339008043538,0.5528743820396729,0.58816561150355,0.15137813609098508,0.20054394017294552,0.4253895289580785,0.25910386840733635,104.39218663574057,369
681806,FC,78,0.3092312816717807,0.553077296109843,0.5152808795438746,0.7184337719648848,0.882069650086947,0.7152524592249405,0.7719186270922574,112.39316881560276,369
681806,FF,157,0.35799913005648715,0.4275837010402601,0.44751856399635404,-0.34253857011436256,0.04624892209909011,0.7432831155724394,0.14899782251905566,102.53200283484928,369
681806,SI,2,0.32916885234021603,0.34365545631200234,0.4107098637563459,0.6568624307429966,0.03447195435049446,-1.2471955874745866,-0.18528706746036516,96.57415931999725,369
681806,ST,108,0.27931605976695606,0.5399108788533876,0.48921489828444603,-0.5596721124511446,-0.31855725255308126,-0.7256204307683813,-0.5346165985908691,91.27725756108234,369
681807,EP,4,0.3991839651875854,0.08321616222597619,0.5737690846969312,0.48883655768171325,-0.7408037822689447,1.2450780155783632,0.3310369303303772,107.71380471537042,26
681807,FA,22,0.4292761516509866,0.10791922156819855,0.5167473406367908,-0.5287055377199948,-1.3048227971536208,1.2057924058115252,-0.20924530968736338,95.52981147763428,26
681808,CH,1,0.31808806619394386,0.5057522356345276,0.47792994481884243,-0.7526266568732759,-0.6946916099695337,-1.9650787685537954,-1.137465678465535,80.71830581967315,2
681808,ST,1,0.2540025193884744,0.5978286361595786,0.5729282783935478,0.640809001351641,1.023952155405743,1.3780875665774226,1.0142829077782687,116.5489223268898,2
681810,CH,1,0.28951161777925627,0.5717608622684891,0.6471398469930556,0.6322247043776397,0.5593529038506526,1.704250033434166,0.9652758805541527,116.36282718754121,73
681810,FC,1,0.3500155809045259,0.46295250345757083,0.44673481643650803,-1.1474638768662457,-0.8372465917993288,-1.2920247309197896,-1.0922450665284547,82.46398386772117,73
681810,FF,17,0.3471718211631744,0.46017905879095755,0.40997560053540766,0.036004062224121974,0.6565528598233379,-0.8052706859708114,-0.037571254641117185,99.36153078178044,73
681810,SI,18,0.35529391882287026,0.308363980214336,0.4404767664643974,-0.5555830324835715,-0.7541001836375726,-0.30997392734040957,-0.5398857144871846,90.01785462637223,73
681810,SL,33,0.282919507701318,0.5915242844850201,0.5477912360346266,0.214151303330133,0.4385579254748663,0.5625248232951268,0.4050780173667087,106.55573557672295,73
681810,ST,3,0.27512771844558376,0.5843692316814767,0.5286497035968797,-0.361042265369721,0.7119687848852231,0.2653718717933178,0.20543279710293993,103.35181769955989,73
681857,CH,150,0.2985691179352304,0.5600005550726102,0.6004328611695263,0.19328662367184443,0.3359283384281048,0.6914057132485272,0.40687355844949213,106.89709735652666,844
681857,CU,39,0.2883929130519927,0.4378096930158439,0.4466175061897207,-0.12284686077200802,-1.0292839629636392,-0.731043617500646,-0.627724813745431,89.93963574243914,844
681857,FF,232,0.358852253925602,0.4022350076668233,0.42381796933697224,-0.372365349631569,-0.4283710375987603,-0.23430742537672652,-0.3450146042023519,94.13697501657755,844
681857,SI,194,0.3598895553367503,0.29356102180558363,0.4590272298512655,-0.7688632032954527,-1.0848656219726995,0.274094098218601,-0.5265449090165171,90.26451768123002,844
681857,SL,229,0.2975696728261496,0.5623011574600556,0.5145256736682632,-0.33427457520872356,-0.22573255319610985,-0.28805865679526543,-0.2826885950666996,95.42500061627662,844
681867,CH,127,0.27543102098446093,0.5502935964425013,0.6499355269633087,1.3145884941505956,0.1515136817882935,1.7648745530643999,1.0769922430010963,118.25658167738781,448
681867,FC,64,0.33157016490115865,0.5206392321682282,0.49481832314673047,-0.303578877004292,0.2632466986118083,0.11603463625965127,0.025234152622389205,100.40513481912724,448
681867,SI,118,0.29764446574820047,0.4827185318065178,0.5169760940709546,2.1198864398825332,3.1417737417403777,2.0986349736848533,2.453431718435921,145.36240063502942,448
681867,SL,9,0.3323131542186498,0.5166608796599844,0.488570185662844,-1.6348895610346525,-1.263212284936844,-0.9517272601379644,-1.2832763687031536,79.23160432213942,448
681867,ST,130,0.26446136800320985,0.5345130255271534,0.5199622639524036,0.14480369958889172,-0.44367723665296027,0.047057472915566494,-0.08393868804950069,98.63046609767392,448
681869,CH,31,0.259331118097644,0.6277572358212538,0.6449457304687455,2.094810448442033,1.6231827186576326,1.656670460051517,1.7915545423837276,130.36944977559173,209
681869,CU,33,0.2522941618501686,0.5528193126605333,0.543561019441879,1.0588228980204566,0.6915705412368082,0.906671756922059,0.8856883987264412,114.19467211550653,209
681869,FC,29,0.30238841089217816,0.5685210763952614,0.5261569974451894,1.0314977877532032,1.1766916014881683,1.0337446145867826,1.080644667942718,117.34977150369302,209
681869,FF,96,0.3512244698707471,0.44624429802057125,0.4226913533749566,-0.10568399016489206,0.3956433329374069,-0.2807775297592279,0.0030606043377623265,100.05201055108421,209
681869,ST,20,0.24696612813787172,0.6150517127289912,0.5717005983173843,0.9745060930811049,1.4231758719974072,1.3472361018409462,1.2483060223064861,120.36721633078614,209
681871,FF,12,0.39165565392209123,0.3672973325056688,0.3912294710311457,-1.5192325450426718,-1.0825316971892194,-1.5785018705107436,-1.3934220375808781,76.32080462890622,18
681871,FS,2,0.2691532614642459,0.5776889618942156,0.5482142800518098,-0.0008186015441973694,-0.19148710931491963,-1.292033415118555,-0.49477970865922405,91.17326347051574,18
681871,SL,4,0.31936192158316024,0.5208089113639484,0.4969369439696911,-1.1500628661982597,-1.1689205972671897,-0.7377935132998462,-1.0189256589217652,83.50982550064624,18
681882,FF,9,0.37161991701626235,0.40896987681630886,0.42454798270616845,-0.8187463333804069,-0.30226973220963166,-0.20419619083813903,-0.4417374188093925,92.49331045397423,125
681882,KC,30,0.23596716819478733,0.5818303216278372,0.5640431427982283,0.9456550935811412,0.4872172332462415,0.5787072173471288,0.6705265147248372,110.88478330030637,125
681882,SI,54,0.333890107872604,0.3234436585524923,0.4583596364672986,0.43775237202686906,-0.41715156311561635,0.25307467991523835,0.09122516294216368,101.68669556127544,125
681882,SL,32,0.26745865861064455,0.6168921824828238,0.5657424983655521,0.7929249671939902,1.0152126102880827,1.0215294544897426,0.9432223439906051,115.26500084466794,125
681885,CH,4,0.33845635810480484,0.4492299085535888,0.47368400301387537,-1.739700220732041,-1.768513590500378,-2.0571523195478147,-1.8551220435934113,68.5529888163259,43
681885,CU,21,0.28097661545863045,0.5040080968088023,0.4861842233633323,0.11992094411091245,-0.038777067193267255,-0.06262322652398661,0.006173550131219532,100.09894170458517,43
681885,FF,18,0.3343456712119302,0.43642206097770164,0.43283957394216493,0.4844298541871505,0.21173524423431458,0.1378113105862409,0.27799213633590203,104.72407492517748,43
681892,CH,5,0.2878422880942244,0.5034918210657253,0.564381893386917,0.7131225631019149,-0.7376353982820048,-0.09036209539942143,-0.038291643526503744,99.35090106530848,199
681892,FC,84,0.3285578245750013,0.46570824256496185,0.49106551875301013,-0.16576312835111043,-0.784675186458968,0.00613892063276512,-0.3147664647257711,94.94641818719748,199
681892,SI,38,0.34515544168081386,0.32146507389144685,0.423187554704505,-0.08506363215691322,-0.46136214620466354,-0.8543309908529262,-0.46691892307150096,91.3669644468652,199
681892,ST,72,0.25163183433080144,0.6195077199418934,0.5994428590813798,0.7532374722790081,1.526464256829499,2.0443960511538135,1.4413659267541068,123.51715934830061,199
681911,CH,23,0.3479812339749239,0.479151128232506,0.4844362564406267,-2.2012879283108733,-1.2000645362088989,-1.823988936801855,-1.7417804671072088,70.47429304299166,637
681911,FF,436,0.2886384655124263,0.5299009425802097,0.4515900323001087,2.082437829466502,1.9620007259760728,0.9112210495664009,1.6518865350029917,128.07142627162918,637
681911,SI,1,0.17241691225217368,0.4693444659608863,0.34048463308383053,7.931606735715229,2.8429362641495723,-3.4582622852670304,2.438760238199257,145.0911342454236,637
681911,SL,177,0.3038352843777653,0.57359630158791,0.5387760950224108,-0.568826437969216,0.031024935245842725,0.3320122610475736,-0.06859641389193322,98.88984360615193,637
681982,CH,6,0.2941967750191259,0.4960011647318643,0.6080780683072541,0.4051759722485195,-0.8799443200003949,0.857192575525335,0.12747474259115318,102.16088190517914,235
681982,FC,3,0.3391402700871655,0.4933916925487327,0.4636102726629194,-0.6499141514530866,-0.2565562994376659,-0.7978502032958831,-0.5681068847288785,90.87903273655598,235
681982,FF,52,0.34500891034179754,0.45071269566624406,0.3878291388896317,0.11162340253342837,0.4793080283621264,-1.7187571082127073,-0.37594189243905085,93.61141041324579,235
681982,SI,77,0.33692199653340416,0.3220699171734783,0.43101022184530924,0.29704460945577926,-0.44784719549137164,-0.6080314965357506,-0.2529446941904476,95.32321259640071,235
681982,SL,97,0.32047011613957255,0.5163515229319653,0.4719931201396274,-1.1915478984838181,-1.2702444799774484,-1.3755943791463427,-1.2791289192025364,79.2987261630643,235
681987,CH,1,0.3666957225137866,0.3039279179953083,0.4279638565382301,-3.108216058499301,-4.528988598065744,-3.048596958062355,-3.5619338715424664,39.620051046920054,5
681987,FA,3,0.369232495645515,0.36320678095430897,0.4445901690100693,0.9131309241351461,0.8904014504305776,-0.65925030478083,0.3814273565949645,108.14858021962192,5
681987,SL,1,0.28972437896909836,0.5240356587398874,0.5359332388654616,-0.04058763453007491,-1.0955712408796354,0.25932187761911735,-0.29227899926353096,95.2697906288351,5
682010,FF,36,0.3625010025569679,0.40590354847571675,0.4122672649428327,-0.49993231250927517,-0.35968257838643997,-0.7107452329209741,-0.5234533746055631,91.10466578635257,91
682010,SL,55,0.32746847070803414,0.5648751717010226,0.5045323617821628,-1.4535298433855548,-0.16722091100336348,-0.5435825498860648,-0.7214444347583278,88.32422707526898,91
682016,FC,1,0.3241676390090072,0.5664281403877034,0.4991552426329531,0.03508957917668884,1.1367645318647535,0.24303535906634585,0.47162982336926274,107.57202613636322,8
682016,FF,6,0.32053112770490183,0.49199052009833166,0.4308718163607359,0.9674117026993757,1.2521793980912774,0.056646207932390225,0.7587457695743477,112.89378869443854,8
682016,SL,1,0.29713869092921114,0.5899979072386099,0.5215282342797486,-0.31814085770801126,0.4038608216781318,-0.10900674993545988,-0.007762261988446449,99.87437645369083,8
682027,SL,4,0.2840166075225681,0.5307786078615053,0.4688673899014085,0.17308160014337096,-0.9422927469037151,-1.4555177087016047,-0.7415762851539829,87.99841554710457,4
682051,CH,47,0.320199268126246,0.5242802558294011,0.571571737035985,-0.8549382117382065,-0.3426927385769232,0.06555017713503844,-0.377360257726697,93.6031959266576,341
682051,FF,147,0.36855138170731955,0.40957755040217364,0.4054096975629987,-0.7114646953744743,-0.29089186714243964,-0.9936028194412165,-0.6653197939860435,88.69385084980975,341
682051,KC,20,0.2827990160595808,0.5322412778982556,0.5292088286518214,-0.5498368986750088,-0.27380260298654274,-0.0031356061191765163,-0.27559170259357607,95.52626794583276,341
682051,SI,57,0.37723610691140946,0.3363640373895613,0.41227679417961016,-1.573904131068219,-0.12845151738879618,-1.1978602183564124,-0.9667386222711424,82.1256143534425,341
682051,SL,70,0.309913180278398,0.5588048324030279,0.5045284346129789,-0.7963512044527276,-0.3052098604582017,-0.5436829656011071,-0.5484146768373453,91.12452057726728,341
682052,CH,12,0.3120295101903913,0.4946526603883728,0.5569732151496004,-0.45902125822540596,-0.9055634634374456,-0.2510198115941779,-0.5385348444190098,90.87105275163529,81
682052,FF,40,0.37292245692024034,0.35555080611470175,0.3934233181013544,-0.8642855240358319,-1.3024694983270395,-1.4880111391621065,-1.2182553871749926,79.29750890484982,81
682052,SI,1,0.3078863643217193,0.5058512538327699,0.4144789748987957,1.6445673256313094,3.6586639963515037,-1.1285237647188533,1.3915691857546533,125.7292340525404,81
682052,SL,28,0.2883788435078504,0.5148261121233674,0.49233145095975467,0.009782205069160931,-1.304919615028798,-0.8555536229526074,-0.7168970109707482,88.39782205359062,81
682120,CU,92,0.2742795494118495,0.5839173846311646,0.5710426635046695,0.33914515981499904,1.1568816811913663,1.3709329486840822,0.9556532632301491,115.31597878799317,283
682120,FF,99,0.3142531963915237,0.43977351441912566,0.4264047265760797,1.1868997276945918,0.27448667184694114,-0.12761012748077638,0.4445920906869188,107.55520057232302,283
682120,SI,21,0.3169212791458128,0.35558539269734457,0.4121935877726082,1.225263455289628,0.30104100959250607,-1.200480002069518,0.108608154270872,102.00809607589454,283
682120,SL,71,0.2789049248817929,0.622940919212403,0.5626100615479024,0.3644363745907455,1.1527104972874544,0.9414346411155998,0.8195271709979333,113.26313253414233,283
682171,FF,123,0.3146750707138095,0.517941549258916,0.46831841831227566,1.1721502254823926,1.7380772798030533,1.6012253370481624,1.5038176141112027,125.55520877856388,337
682171,SI,31,0.3245927571498853,0.4189284115150229,0.5127129809468657,0.8692357028452214,1.7164122351383237,1.9644093204926023,1.5166857528253823,128.04256023924194,337
682171,SL,6,0.2576958176433783,0.5499495013051603,0.5360602593566051,1.1583948843509608,-0.5065063243433702,0.26256972685760854,0.30481942895506636,104.93316222851973,337
682171,ST,177,0.26187855628626516,0.5557932356929581,0.5288687900409633,0.2672921638787938,0.049589141047062545,0.2708774899385669,0.19591959828814107,103.19660145066221,337
682175,CH,1,0.28150982127030233,0.45709994203736976,0.6180758098740495,1.020002031604286,-1.6189971891268808,1.0739943147527773,0.15833305241006085,102.68397504470369,134
682175,FF,2,0.31896226005615846,0.32732911690597166,0.4118341729257632,1.022262201137894,-1.8308824148243081,-0.728609200696153,-0.512409804794189,91.2923353079369,134
682175,SI,101,0.2977267830895256,0.3298418833356659,0.4476006066721033,2.1160661515360597,-0.2741861121202395,-0.08567725087797057,0.5854009295126166,110.82369291027142,134
682175,SL,3,0.2885070491818615,0.5715069572251968,0.5615373519343332,0.00498285237899861,-0.016469351235872173,0.9140060028684162,0.3008398346705142,104.86875693691255,134
682175,ST,27,0.27554507176412707,0.47012803703533557,0.44389034113751924,-0.3808350232851674,-1.9360943605519647,-1.8646215465025664,-1.393850310113233,77.25809994382975,134
682227,CH,90,0.27422006535087495,0.6187047722213057,0.600872009782495,1.373272958127724,1.4512022837816996,0.7009286822545608,1.1751346413879948,119.92023777501426,489
682227,CU,15,0.3021264910211315,0.3496268900079957,0.301277550442734,-0.5724068379417908,-2.348736841930563,-3.186344359754862,-2.035829346542405,67.37235115775641,489
682227,FC,136,0.3269074279331765,0.49578250246278255,0.5067498906228137,-0.09025683618593215,-0.21094667088242097,0.4654341809118486,0.05474355794783184,100.87890890490604,489
682227,FF,193,0.3813064952050267,0.35811765014304026,0.42283112185714145,-1.15740692227264,-1.2544088195641123,-0.27501242774088563,-0.8956093898592127,84.78041171540501,489
682227,SL,5,0.24530090191752993,0.5918110182016075,0.5095753729604644,1.622395971604346,0.4450758616861493,-0.4146353235944121,0.5509455032320276,108.91643802310803,489
682227,ST,50,0.2611868270847337,0.5238229166052352,0.4948001203810113,0.3000970512982691,-0.6914694935925384,-0.5852644162796132,-0.3255456195246275,94.68843541574299,489
682243,CH,28,0.3160649420714265,0.4804856034567694,0.4905160642252612,-0.6545834656974359,-1.1747119206621992,-1.6921478711900955,-1.1738144191832434,80.10214190754147,1017
682243,CU,3,0.2951225436806881,0.5028529829947637,0.5180564004997706,-0.34313705744149825,-0.05606068934499362,0.4758094417546911,0.02553723165606639,100.40927783475186,1017
682243,FC,6,0.3412326894638759,0.46083197524788383,0.4676886352936895,-0.7456431567031748,-0.8777000395687974,-0.6784209624208706,-0.7672547195642809,87.68171031194511,1017
682243,FF,494,0.31742990645549374,0.4974352331533231,0.46191887275594407,1.075836101299479,1.354124277563226,1.3372600107703017,1.255740129877669,121.3394901679026,1017
682243,FS,106,0.24875424519987765,0.5885606400729994,0.6047487376507056,0.6912629486802875,0.05687559451414273,0.6187419547956511,0.45562683266336046,108.1282597836946,1017
682243,KC,11,0.26516043213038876,0.6003382644850743,0.5728866505246275,0.013419992169886416,0.7712499667473751,0.7264216659005803,0.5036972082726139,108.1766117232017,1017
682243,SI,173,0.3458695654102304,0.31243366428222114,0.43386761248831657,-0.11820559857021946,-0.6631649261417722,-0.5180655223006538,-0.4331453490042152,91.99141646898781,1017
682243,SL,124,0.2867586830944385,0.5979974723758851,0.547466516592065,0.07043257252428621,0.5857042961858578,0.5542219126013228,0.4034529271038223,106.52943530468883,1017
682243,ST,72,0.2859999186180013,0.5106338312540228,0.5327700788918119,-0.8766505436793668,-0.9971869797301063,0.368916447925809,-0.5016403584945547,91.81529407121357,1017
682610,CH,28,0.34681069925812136,0.42750591697591783,0.49794893203569074,-2.1445623138317025,-2.18123013749543,-1.530965602376428,-1.9522526845678534,66.90648347531655,288
682610,FC,62,0.33558070698628617,0.4837596447839695,0.4743018131534808,-0.48706274672760774,-0.44030747020015754,-0.4847631435679207,-0.47071112016522865,92.44272366173655,288
682610,FF,68,0.3510505589136364,0.4380549509350373,0.42109252518885437,-0.09960374324981064,0.2423088976500689,-0.34672521308951754,-0.06800668622975309,98.84432457192169,288
682610,SI,69,0.3467290128221902,0.3271402065842987,0.4496733262232386,-0.1580919321113934,-0.33455386228411393,-0.020416928775928236,-0.17102090772381184,96.83793158992837,288
682610,SL,61,0.2664645498802644,0.5882495312544986,0.5463103899828655,0.8301392203560782,0.36411731584489465,0.5246603442788715,0.5729722934932815,109.27291703792949,288
682842,FF,11,0.3032596225765974,0.4342573331745708,0.46217992791540463,1.5712552874847012,0.1712036472978266,1.3480278863541155,1.0301622737122145,117.50612024588838,197
682842,SI,136,0.2961663325369309,0.38519857540903457,0.4475886116770607,2.1884855344432377,0.9627342393957445,-0.0860549176200348,1.0217216187396492,118.89098647354479,197
682842,SL,50,0.22797650780869516,0.6313234177395839,0.5897936823897283,2.2709310548838473,1.3432586872303989,1.6365059753215048,1.750231905811917,128.32554984601785,197
682847,CH,52,0.305037499867179,0.47035732982149914,0.4999125143076698,-0.12017946538020793,-1.3671308003521678,-1.4883851807044877,-0.991898482145621,83.18588107514336,786
682847,FC,51,0.31722769482255425,0.5127823696769115,0.5181002665318469,0.35259474131332424,0.11336084707140805,0.7978143298065284,0.4212566393970869,106.76328367202058,786
682847,FF,227,0.3353947196156253,0.41106123284350815,0.3896931607271026,0.4477531925994789,-0.26311192242747783,-1.6418708468077485,-0.4857431922119158,91.74549588110908,786
682847,SI,199,0.3366138711879683,0.310137016213026,0.40808591119028964,0.31134448415377647,-0.714482492828963,-1.3298116797228199,-0.5776498961326688,89.31961879425843,786
682847,SL,257,0.2678828262215172,0.6086469267835155,0.5826887898151637,0.7770463410721402,0.8277841790124336,1.4548374923064022,1.0198893374636586,116.505770560929,786
682967,CH,14,0.2913182870084726,0.5260566625117654,0.4956796740962018,0.5446711950995429,-0.3089442246639497,-1.5801746227086648,-0.4481492174243572,92.40322031589889,43
682967,FF,24,0.3841766721906413,0.38803503651231025,0.42524014087123546,-1.2577535884772892,-0.6942462698159803,-0.1756463892515195,-0.709215415848263,87.9479081433088,43
682967,SL,5,0.31844402165177005,0.548687068685385,0.5178393133566045,-1.1157014735454103,-0.535203526000263,-0.20333057834483312,-0.6180785259635021,89.99708893558831,43
682989,CU,3,0.26483352699418766,0.5674363739982061,0.5671765470885345,0.6483547213707644,0.910281253599989,1.3056207056921942,0.9547522268876492,115.30153813881641,17
682989,FF,1,0.341088762164623,0.43030937997666446,0.4479390383191147,0.2486789926866822,0.09728356944312859,0.7606266348617375,0.3688630656638494,106.26829514782084,17
682989,SI,11,0.32977771699961334,0.32834777613681704,0.44549221432136754,0.6286054617322043,-0.30757126452698474,-0.15206074393236407,0.05632448442428517,101.04140409077483,17
682989,SL,2,0.2729717475721397,0.6037335153984911,0.5723873789341468,0.5865436307784654,0.716094133040385,1.1914356648995614,0.8313578095728039,113.45459821451871,17
682990,CH,49,0.2758940751993771,0.5752286265806399,0.5815333404122298,1.2921482926758028,0.6252341535089618,0.2815682571218856,0.7329835677688834,112.42513533418469,431
682990,CU,47,0.29729739820512696,0.48915429876713046,0.48044949090463834,-0.4143295429359144,-0.26102999997805193,-0.159502937200192,-0.2782874933713861,95.5399667332968,431
682990,FF,73,0.3748020830681672,0.3660428925032099,0.4296995172511653,-0.9300007111482947,-1.106019387644867,0.00829178741468751,-0.675909437126158,88.51389515651508,431
682990,SI,153,0.3421773074430717,0.32734337724603946,0.4318504007952893,0.05314942647119143,-0.3300141053563513,-0.5815781594844249,-0.28614761278986156,94.7093116329294,431
682990,SL,109,0.2903909258141753,0.5783861938418521,0.5440224457536889,-0.06553967677559383,0.1399071850966341,0.46615877610235973,0.18017542814113333,102.91593819875646,431
683003,CH,34,0.32291830488224355,0.4708386321973408,0.5245976507145386,-0.986706222170851,-1.3579869257604444,-0.9530862364058909,-1.099259794779062,81.36595100060335,370
683003,CU,11,0.26496340948323444,0.5714293009486536,0.5576786024810934,0.6441031003480541,0.9700262240541907,1.1451671654067097,0.9197654966029847,114.74081591924282,370
683003,FF,184,0.2970122722200864,0.5120099007855758,0.42206341019061316,1.7896741459837933,1.6270151939636037,-0.30667862321658784,1.0366702389102695,117.61671371666525,370
683003,SL,141,0.27823450948993145,0.6243918060206503,0.5769650550487347,0.38953323507898685,1.1856915773588856,1.308484510711649,0.9612364410498404,115.55653889884692,370
683004,CH,5,0.34623941057906604,0.3691005405972408,0.47311443390071845,-2.1168769313315328,-3.2908266487429394,-2.069503466406098,-2.4924023488268565,57.75016268689649,55
683004,CU,4,0.2756251767868293,0.5339752100135096,0.5335767005960061,0.29509689989800353,0.40961187536234245,0.7380016527708644,0.4809034760104034,107.70730109030528,55
683004,FC,2,0.3728904454470055,0.39577595017567846,0.4075333017196988,-2.193997880639795,-2.1187778523162923,-2.439987177529179,-2.250920970161755,63.8614193326613,55
683004,FF,34,0.31362149386305843,0.5149160524274007,0.4314016521757406,1.208985209907796,1.6814289483452853,0.07850061658536729,0.9896382582794829,116.81747312192098,55
683004,SL,10,0.30152669448705643,0.5941756981034102,0.5395840619827311,-0.48240485649147896,0.4988289847701441,0.3526715645440407,0.12303189760756858,101.99113393874325,55
683155,CH,31,0.3146685814903629,0.5335692909034093,0.5693608370999551,-0.5869140400423882,-0.1662178735893522,0.01760665427172936,-0.24517508645333702,95.84392643476875,346
683155,FC,4,0.338815585483675,0.5456697341434104,0.4674031019032393,-0.6350597037940183,0.7407551324402246,-0.6867824150804871,-0.19369566214476028,96.8902123157043,346
683155,FF,170,0.3785983666502934,0.3861827669414216,0.41566541250531464,-1.0627257672487065,-0.7289275094417655,-0.570580103666853,-0.7874111267857749,86.61908495368456,346
683155,SI,11,0.37571051967803887,0.3295003792416791,0.45611661875968695,-1.503102729621656,-0.2818168672856395,0.18245245897891188,-0.5341557126427945,90.12379873614773,346
683155,SL,56,0.3228025398158648,0.48781952466299583,0.4431037861503156,-1.2788616927582104,-1.9188244478686902,-2.1142799294309014,-1.7706553566859338,71.34391939755005,346
683155,ST,74,0.2699460097249386,0.49067703679458835,0.42993693877983796,-0.11530250066854855,-1.4597771344705672,-2.2152690068223104,-1.2634495473204752,79.38570367083278,346
683175,CU,3,0.2771796259110421,0.5173812201567837,0.5367699506190843,0.2442129922693401,0.1613209734723643,0.7919468264264549,0.39916026405605304,106.39722624566599,96
683175,FF,63,0.3211331412618766,0.47631568119515305,0.45937762145689826,0.9463642015330029,0.9586892643436751,1.2324397196415067,1.045831061839395,117.77238867374814,96
683175,ST,30,0.2607436793244679,0.5636401107739863,0.5356947955676096,0.321113096816552,0.23147642586829267,0.4424142550007041,0.3316679258951829,105.41145542517602,96
683232,CU,66,0.22314334501330604,0.582833334216169,0.518105521983687,2.013056425591297,1.14066135940273,0.47663927561077374,1.2101190202016001,119.39422796685541,309
683232,FF,174,0.31748367045396236,0.4649143474914089,0.46097118433430906,1.0739564130310557,0.7452147288615683,1.2981702220931768,1.0391137879952668,117.65823830478139,309
683232,SL,69,0.24266320194412766,0.6527109809659918,0.575701520121818,1.7211377204453295,1.8294337156980616,1.2761765664323315,1.6089160008585743,126.03850965637272,309
683409,CH,7,0.304754089154934,0.5560655111580218,0.5386789479425648,-0.10644501857457161,0.2611696215092456,-0.6477323012978077,-0.16433589945437788,97.21426798529616,23
683409,FF,12,0.37189933701049127,0.31998145752746115,0.39671280165740086,-0.8285153702838196,-1.968457387495547,-1.3523281297180416,-1.3831002958324694,76.49620772490925,23
683409,SL,4,0.29735799044082356,0.578952928581224,0.5103657966077995,-0.3263502892259764,0.15279001214574695,-0.3944245936722324,-0.18932829025082062,96.93593294411282,23
683627,CH,33,0.3049490600265606,0.5495893544288871,0.547676122357895,-0.11589355721233843,0.1381343573179951,-0.4526279321416185,-0.1434623773453206,97.56810448110681,173
683627,CU,9,0.3156209210990753,0.5145702802298846,0.4753058958080397,-1.0141384603487147,0.11926172095778996,-0.24639626803702608,-0.38042433580931695,93.90304906405296,173
683627,FC,1,0.3924819446634924,0.30348946853557573,0.4089727622784764,-3.0903166359653667,-3.8793327686816714,-2.397834554683116,-3.122494653110051,49.868286625521854,173
683627,FF,82,0.3849738095357854,0.35521098789001143,0.4247220835781682,-1.285622976146883,-1.3088321344491887,-0.19701496319030892,-0.9304900245954602,84.18766569710513,173
683627,SL,48,0.344816688671963,0.4680494810167269,0.4478108185997299,-2.102956767715914,-2.3682305550900997,-1.9939235080475197,-2.1550369436178443,65.12313244675994,173
683769,CH,70,0.2786568549498256,0.5714953174784733,0.5170726235812922,1.1582604405983339,0.5543080331409572,-1.1162669867105237,0.19876716234292252,103.36939189458253,412
683769,CU,8,0.2979989739785772,0.4439406776123473,0.40271786444469926,-0.437295181562929,-0.9375478760982862,-1.47266227568219,-0.9491684444478017,84.78795152934671,412
683769,FC,8,0.37554893151464636,0.38085565271547617,0.41381307014248353,-2.3156246585023577,-2.403413289493674,-2.2560927955177306,-2.325043581171254,62.67137934780654,412
683769,FF,168,0.3654700258087403,0.389446089498888,0.4098511437112212,-0.6037348259754094,-0.6678262132965048,-0.8104042202061253,-0.6939884198260131,88.20666895231085,412
683769,SL,158,0.3143107332486952,0.5449516412925564,0.49187454896296334,-0.9609726835013556,-0.6201160286459585,-0.8672363742078208,-0.8161083621183782,86.79219707161468,412
683822,CU,1,0.31363740361326226,0.48961678698156946,0.4512978511119815,-0.9492092716375302,-0.2541099272970383,-0.6519762041209566,-0.6184318010185084,90.08857217291919,15
683822,FC,2,0.3690017937114106,0.3421965725569738,0.39142301777078625,-2.016090542103401,-3.1409149519867734,-2.9117546873094984,-2.689586727133224,56.818631933877846,15
683822,FF,1,0.39320405625483335,0.2743547534776203,0.38057425693020996,-1.573367538394276,-2.822755639411526,-2.0180029322589825,-2.1380420366882613,63.66706300537173,15
683822,FS,11,0.2764690185652787,0.588679391886722,0.5941291356286172,-0.2490217722231922,0.059588471133166024,0.2598161802518472,0.023460959720607022,100.41853719252919,15
684007,CH,13,0.31835446309469795,0.5460228645938355,0.5683791767464403,-0.7655365925408834,0.07037750129304658,-0.003680720536943968,-0.23294660392826025,96.05121696212433,445
684007,CU,8,0.3187789058042664,0.4448739903064191,0.44208927353576827,-1.1175130896811796,-0.9235829976960898,-0.8075413220665127,-0.9495458031479274,84.78190371046828,445
684007,FC,3,0.3512092502467626,0.45441946712288767,0.4451343596964074,-1.2020747163574637,-1.0000318535577826,-1.3388919055259432,-1.180332825147063,81.04973316196899,445
684007,FF,243,0.3407178383178397,0.45153287889245297,0.4002676833090652,0.26164717256794534,0.49466484869338867,-1.20569810938287,-0.14979536270717864,97.45444412133371,445
684007,FS,147,0.3011966279539789,0.5996890187836387,0.606863857575178,-1.0879603767759027,0.31110260347784596,0.6902296673827384,-0.028876035305106074,99.48485931982752,445
684007,SI,1,0.3013416498160055,0.3762786143439708,0.39834125628900124,1.9483027980686465,0.763421726981089,-1.6366256513877269,0.35836629122066954,106.62596605166789,445
684007,ST,30,0.26726565876297737,0.5866742219857968,0.5125530055659131,0.011811710148555211,0.7653974967817176,-0.1391363721035635,0.21269094494223645,103.47024079819289,445
684320,CU,10,0.2943055334982439,0.4697889460242449,0.45455312864446934,-0.31639274654215016,-0.5507879749716145,-0.5969831686498654,-0.4880546300545433,92.17808942959991,175
684320,FF,62,0.3415841944638521,0.4053983646156728,0.450072017939957,0.23135776831379085,-0.36914146211515,0.8486067354178796,0.23694101387217348,104.02647037838207,175
684320,FS,19,0.29068873469838685,0.5398246122735679,0.5573861366730938,-0.731456957215108,-1.0564954452740551,-0.9820391483888039,-0.9233305169593222,83.52803265736654,175
684320,SI,17,0.3563841065302989,0.30679041025242204,0.43478334212107994,-0.6061778564552092,-0.7892608956946782,-0.48923344477246655,-0.6282240656407846,88.38453438910793,175
684320,SL,67,0.2586721902844959,0.6014212630159422,0.5515981133263405,1.121844577994439,0.6635327750207828,0.659864735947173,0.8150806963207982,113.19117130449727,175
685107,CH,6,0.3073992056086364,0.5631152652461621,0.5842081566526339,-0.23463075629886626,0.3951021980350106,0.33957183814656444,0.16668109329423625,102.82548645412984,23
685107,FF,13,0.3316470048518709,0.44161589903969767,0.4410295124477609,0.5787801934825522,0.30898282916289005,0.47562588988653937,0.45446297084399384,107.72294192664364,23
685107,SL,3,0.2775860853409169,0.5571256827290568,0.5406969378711222,0.4138068579739512,-0.3433797366569253,0.3811272339727195,0.15051811842991514,102.43596774356459,23
685107,ST,1,0.30292302272204,0.47641667414162314,0.4955060021341055,-1.6792197046919797,-1.790326380728485,-0.567525685777638,-1.3456905903993674,78.04386834702143,23
685116,CH,2,0.27770854378334575,0.6101377950082595,0.650778262897945,1.204216816657792,1.288445212139859,1.783149341937262,1.4252704569116377,124.16040289804454,12
685116,CU,1,0.3241588415952162,0.3952168995637746,0.3968794767541284,-1.293621880616013,-1.6665871788590865,-1.5712930861606347,-1.5105007152119112,75.7916413791781,12
685116,FF,1,0.3773412711038974,0.3861577080722187,0.4116035148020336,-1.0187753949149474,-0.7293967028363102,-0.7381232742116822,-0.8287651239876466,85.91633348807775,12
685116,SI,6,0.32384904128509223,0.4166901907795911,0.48134021743079475,0.9037510188845759,1.6664002009081824,0.976626554045228,1.1822592579459954,121.85922587958078,12
685116,ST,2,0.30780896878519215,0.5026162753441358,0.4652307045681996,-1.9109330835466927,-1.1830305748291987,-1.3283405701893531,-1.4741014095217482,75.94873231022927,12
685126,CH,4,0.3102084713124394,0.4827171584612261,0.5139835446347977,-0.37077137732955634,-1.132316411872942,-1.1832538840749414,-0.8954472244258133,84.82086988392223,20
685126,FF,6,0.36340016434644057,0.448509494419081,0.3812241655055513,-0.5313686623944621,0.4380560682815896,-1.991195821092936,-0.6948361384019361,88.19226319925284,20
685126,SL,10,0.31267098447794717,0.47358439798951507,0.459785550219896,-0.8995890299713186,-2.242412649219979,-1.68773572193847,-1.6099124670432559,73.94536365065002,20
685299,CH,16,0.30173652068606727,0.5516238019501942,0.5063249288200362,0.03979022175816739,0.17678518044294722,-1.349331514469951,-0.3775853707562788,93.59937993407465,71
685299,CU,7,0.31915992633902457,0.5109849914039029,0.4684484342862348,-1.1299855555813278,0.06561611771076527,-0.36224280368465017,-0.47553741385173753,92.37869923780471,71
685299,FF,27,0.3980885924122419,0.320940505651116,0.4038286165292693,-1.7441399060247913,-1.9505005099913857,-1.0588184769072686,-1.5844862976411482,73.07394343367554,71
685299,SL,21,0.3202736663539902,0.5351376885178928,0.46248862766680965,-1.1841938416981943,-0.8432035641025967,-1.6186194089049495,-1.2153389382352469,80.3310958048046,71
685314,CU,26,0.23311850968921555,0.5959625015190279,0.5707296208795127,1.686525727324331,1.3371091588070394,1.3656445626655629,1.4630931495989778,123.44857126147792,74
685314,SI,48,0.3422030349840659,0.34621349371791066,0.4274839601196501,0.05195542987871829,0.09163014803579513,-0.7190571178778034,-0.19182384665442997,96.45329840732718,74
685410,CH,6,0.2893418321223349,0.5403239524992305,0.5587876390977234,0.6404527351915602,-0.037891520673030685,-0.2116738988176905,0.13029577190027966,102.20870244644215,145
685410,CU,5,0.26772079455971437,0.5058278470242336,0.46953252477839413,0.5538418461565977,-0.011548689563473243,-0.34392871946473136,0.06612147904279768,101.0597098439524,145
685410,FC,65,0.34062670474933415,0.48900144044304483,0.4793880933121325,-0.7179191188905243,-0.3403094103092536,-0.33581842402719964,-0.4646823177423258,92.53951620380073,145
685410,FF,69,0.3885862799707028,0.3430266084196627,0.4330919017971354,-1.4119215865544201,-1.536968141617915,0.14821920658135213,-0.9335568405303276,84.1355495888979,145
685503,CH,19,0.3058363901899709,0.580634155997147,0.6129621701386265,-0.1588947156084313,0.7279294352431926,0.9631046722254785,0.5107131306200798,108.65732881872802,106
685503,FC,32,0.36239279165776095,0.43396205565096196,0.4108807451386788,-1.7137261120404699,-1.3902991570992096,-2.341961900574995,-1.815329056571558,70.85485611520127,106
685503,FF,3,0.3861808452741453,0.3551228893085982,0.41841134038939093,-1.3278231655224337,-1.31048166109515,-0.4573174128280416,-1.0318740798152084,82.4647900813082,106
685503,FS,18,0.31521681998604484,0.5665851973708396,0.5631974003764282,-1.5636262672407277,-0.4451518089459941,-0.785627614184491,-0.931468563457071,83.38285210318622,106
685503,SI,17,0.360268398102042,0.32669071100854263,0.47911400941009497,-0.7864450223640871,-0.3445976384698764,0.9065335921597472,-0.07483635622473878,98.61632310872032,106
685503,SL,17,0.34773407989521055,0.5211571938827387,0.464502017330886,-2.212168700210734,-1.1610035539979204,-1.5671380610657883,-1.646770105091481,73.3488639180862,106
685801,CU,2,0.22880558461316725,0.5923454517798705,0.5933065044047786,1.8277065982583494,1.282988326525569,1.7470471755428658,1.6192473667755947,125.95120979153312,19
685801,FF,9,0.2966301937144703,0.4942906085035658,0.452135529018344,1.8030323132533357,1.2952454390154102,0.9337214314989923,1.3439997279225793,122.83933458625839,19
685801,SL,5,0.2859564647362069,0.5616749606802462,0.5548135916963435,0.10046344959252267,-0.23996705172347213,0.7420828795032876,0.2008597591241127,103.25069100856662,19
685801,ST,3,0.2579914390562348,0.5853789737664993,0.5835152630324157,0.45163661953445766,0.7353741844000601,1.6441373213900614,0.9437160417748596,115.39756152273263,19
686218,CH,53,0.283437545290896,0.5553848059459149,0.5457880781915652,0.9265820517910107,0.2482374536957082,-0.49357030460281553,0.2270830669613011,103.84938757588293,266
686218,FF,151,0.3410212377900353,0.4324487679178852,0.4029602458204959,0.2510397690121123,0.13734071177711216,-1.0946366073438478,-0.23541870885154112,95.99939899717371,266
686218,SI,1,0.3678989680593591,0.43475810675281945,0.3707094006925459,-1.1405742619097459,2.070119645472293,-2.5066245837151055,-0.5256930667175195,90.2802677065332,266
686218,SL,50,0.3071236195567905,0.5640359452645093,0.5360182009395481,-0.6919245801485426,-0.18629792937817816,0.26149431456325417,-0.20557606498782222,96.67298084521006,266
686218,ST,11,0.27821480309748975,0.5431299477142844,0.5500000560870393,-0.5074456038957672,-0.24394058174909608,0.8019038720681134,0.016839228807750073,100.27474690487942,266
686294,CH,3,0.32000826229934903,0.5070172375267719,0.5222963036892833,-0.8456818242562282,-0.6706588620722336,-1.002991110852568,-0.8397772657270098,85.76455648386414,119
686294,FC,6,0.3160909211081145,0.5112627521981606,0.48204226422946506,0.4046025835695222,0.08437101047060527,-0.2580946788609423,0.07695963839306175,101.23558851557418,119
686294,FF,77,0.35049233112765316,0.4140341082290515,0.44311158711638216,-0.08008707316745112,-0.2074488562927985,0.5615062878616298,0.09132345280046007,101.55191020559656,119
686294,SL,33,0.26756200288358667,0.5695979806631761,0.5111259775313837,0.7890562958720421,-0.05986357640120433,-0.3749871547869547,0.11806852156129435,101.91080723738645,119
686539,FF,16,0.3354851589217046,0.4733634672655762,0.42804069524413535,0.4445912681242957,0.9034130559950624,-0.060130491709387265,0.42929127746999024,107.29518534669239,274
686539,SI,108,0.3374984918480788,0.37368420260468055,0.4310558366911406,0.27028987835058915,0.7054507651995062,-0.6065952966745779,0.12304844895850581,102.27508799092772,274
686539,SL,147,0.26329344985466363,0.6154163309071853,0.571238092769337,0.9488486889972853,0.9816640393637346,1.162049003254781,1.0308539105386,116.68321993786199,274
686539,ST,3,0.2906925906870184,0.47634221973875795,0.4940437494994836,-1.0991980067325304,-1.7920522026691041,-0.60427193300341,-1.165174047468348,80.98915533231406,274
686563,CH,58,0.28107696142024907,0.614756193325449,0.6540931679382764,1.0409789754105365,1.3761864266999575,1.8550332942595078,1.4240662321233337,124.13998954005753,290
686563,FC,59,0.3458401058914437,0.4584293105000674,0.4449843699124753,-0.9564342611506008,-0.9235358235207977,-1.3432841500749855,-1.0744180782487947,82.75019651691689,290
686563,FF,17,0.3759579708692121,0.37931257681811714,0.40681763769707274,-0.9704126745647751,-0.8575625168325723,-0.9355287931530774,-0.9211679948501416,84.34608013124009,290
686563,SI,101,0.3385865984864837,0.35819731302073515,0.47056509545471636,0.21979163528901896,0.3594031927998781,0.6373679551370891,0.40552092774199533,107.4978254548076,290
686563,ST,55,0.28888729490024406,0.5360457939222631,0.4768672015049862,-1.013582819585787,-0.4081483058661873,-1.0359166872317669,-0.8192159375612471,86.63376774301813,290
686580,CU,9,0.19961008950138742,0.6261069357707889,0.5728211645523333,2.783402640863285,1.7881513030987717,1.4009780585782312,1.9908440008467623,131.90668170180172,172
686580,FC,66,0.3205474259777858,0.5064262695969245,0.5248298493121462,0.2007157419476889,-0.007894867155200798,0.9948809066707173,0.39590059382106846,106.35619185911352,172
686580,FF,39,0.32086407123511235,0.4742172572375618,0.4470694151632569,0.9557713845383414,0.9193991171353526,0.7247568441001612,0.866642448591285,114.7273369471774,172
686580,ST,58,0.25019106035822924,0.6045932104203132,0.576996974628654,0.8215654073473811,1.1807521595540664,1.4803334536436057,1.1608836735150176,118.9408434236913,172
686610,CH,129,0.3140275370591027,0.5467843020148216,0.5916060520018843,-0.5558482042754507,0.08484343505197954,0.4999957266442323,0.009663652473587053,100.16381293535997,779
686610,CU,11,0.28911428979124315,0.48426895986265844,0.4735166113683196,-0.14646067147428743,-0.3341278633070395,-0.2766235471797053,-0.25240402732034406,95.95479356667938,779
686610,FF,427,0.3576946151884786,0.43171335344836237,0.3987279734902684,-0.3318921702694897,0.12357107163258625,-1.2692073072023637,-0.49250946861308903,91.63051278444702,779
686610,ST,212,0.2630923187607252,0.5715838711139551,0.5409403670207991,0.20973012769398394,0.41560947049912017,0.5742348863303879,0.39985816150783066,106.52403940342514,779
686613,CH,101,0.2974768241760424,0.5346420420471719,0.5599230992364903,0.24622058094135332,-0.14583754218221961,-0.18705136469201664,-0.02888944197762764,99.51028202802182,1283
686613,FC,277,0.3212478029481471,0.4803516402535143,0.49817831199338314,0.1686732214955201,-0.5053221833461956,0.21442728881013445,-0.04074055768018035,99.34590954117252,1283
686613,FF,505,0.34629904964048525,0.4279518885085697,0.44888932091010325,0.0665177598459638,0.053142733894275845,0.7998234265680311,0.30649464010275684,105.20843381793075,1283
686613,KC,280,0.24486916967013572,0.5529174197151898,0.5345007034804702,0.6613854666411352,0.04350446478541854,0.08525538038884632,0.26338177060513335,104.27552592676271,1283
686613,SI,82,0.35188438208397893,0.3227943009720084,0.4683538277319219,-0.39734889541380397,-0.43166116577841934,0.5677453939158313,-0.08708822242546399,98.38979385219045,1283
686613,SL,31,0.31183019716298016,0.5369834902633973,0.5052563854543618,-0.8681143320449765,-0.801245408015965,-0.5250696334957021,-0.7314764578522145,88.16186997889868,1283
686613,ST,7,0.26853513255296463,0.5776587684382094,0.5535698879840844,-0.048392405378597445,0.5564230515063988,0.8916133534103601,0.4665479998460538,107.61214307370147,1283
686642,FF,4,0.32430215345454705,0.4306996453387266,0.42660307950043763,0.8355697068763351,0.10459075990397937,-0.11942856303445283,0.2735773012486205,104.64905117806896,5
686642,SL,1,0.2997161962394863,0.6583362097191113,0.5999677105244023,-0.4146292318786389,1.9573045591519906,1.896650690808984,1.1464420060274452,118.55388424783337,5
686651,CH,2,0.3034601928858034,0.5605332661415374,0.5622858264427067,-0.04374114496436973,0.34604888520366556,-0.13581545664164396,0.05549742786588395,100.94076195191074,55
686651,CU,5,0.30705935617612246,0.44090651944723935,0.43396877615243545,-0.7338810547440439,-0.9829470762783526,-0.9447249557775328,-0.887184362266643,85.78135250897715,55
686651,FF,33,0.3678411238581312,0.4036467875589522,0.41582188786668545,-0.6866327746709949,-0.4019373707571143,-0.5641258844640805,-0.5508986766307298,90.63827251055736,55
686651,SL,15,0.2621097057913321,0.5836566551988738,0.4943687563000723,0.9931619013308031,0.2597135731906225,-0.8034607634575773,0.1498049036879494,102.424425159032,55
686654,FC,4,0.33913622220294803,0.42449275865064195,0.4458567903187397,-0.649728959166196,-1.5709455214654606,-1.3177365182734573,-1.1794703329683713,81.06358049094578,79
686654,FF,33,0.33090062936175446,0.44447857931135015,0.44829890151495927,0.6048748533399148,0.36258264100105425,0.7754700960216515,0.5809758634542068,109.87284584683736,79
686654,SI,1,0.33532852517744316,0.4786728026346708,0.4491767220771972,0.3709964639936098,3.0513737456071746,-0.03605268929650483,1.1287725067680934,120.87028968161522,79
686654,SL,41,0.306677643612259,0.5543154388289013,0.49604580513152424,-0.6752295636007551,-0.4072612734966246,-0.7605794793347429,-0.6143567721440408,90.05732136706078,79
686730,CH,42,0.31061029792676376,0.5182905579930834,0.5509022081244923,-0.3902444107086074,-0.4564861636806988,-0.382670032107663,-0.4098002021656563,93.05329178472111,282
686730,FC,51,0.32995949494960264,0.5288643532341054,0.5150956463098287,-0.2298900964640012,0.42015784174870385,0.7098281587078623,0.30003196799752163,104.8170191765905,282
686730,FF,86,0.37411775713161854,0.4010559938513061,0.39593346826167924,-0.9060754178042928,-0.45044647483571004,-1.38447369259748,-0.913665195079161,84.47357937900259,282
686730,SI,47,0.3574777865997752,0.27819512315963907,0.39165445834731244,-0.6569347584266654,-1.428209706357475,-1.847161894589014,-1.310768786457718,75.7647142227817,282
686730,SL,2,0.2986294228458537,0.5672604405858002,0.5047541105903446,-0.37394609635783904,-0.11299976595361431,-0.5379125458472962,-0.3416194693862499,94.47127019205979,282
686730,ST,54,0.260016682313572,0.5697560207348944,0.5421787083906148,0.3555905412325653,0.373240662652207,0.6053542681989768,0.444728490694583,107.25613849214986,282
686747,CH,7,0.32301951126719064,0.5251684722702126,0.5791968081847712,-0.9916108134597121,-0.32581823275117305,0.23090038905492014,-0.36217621905198827,93.86058742047652,144
686747,FC,11,0.27911172552972907,0.5303046601076806,0.49644386930856005,2.096415251273205,0.4476346650307586,0.16363652007691715,0.9025621454602935,114.49065308528324,144
686747,FF,2,0.35889114160054086,0.36052113623504056,0.39846983419030846,-0.37372493426907527,-1.2094067969622322,-1.279854910839101,-0.9543288806901361,83.7825587620453,144
686747,SI,67,0.3253234852432477,0.4804115698566629,0.5274241437967095,0.8353231398958512,3.0902257160352558,2.4275955849105513,2.117714813613886,139.15520741173574,144
686747,ST,57,0.2788283234579339,0.5304371521500313,0.5043115050589669,-0.5365414788557462,-0.5381542780464543,-0.34624436970199163,-0.47364670886806404,92.27203521292296,144
686752,CH,189,0.27605924731308523,0.597694430206049,0.5783632884528976,1.2841438400863814,1.0520437876683675,0.21282545419655785,0.8496710273171022,114.40315713500353,671
686752,CU,6,0.25230338493272336,0.5498407725887443,0.5483991053877332,1.058520986254123,0.6470035379346954,0.9884039685007174,0.8979761642298453,114.39160458363398,671
686752,FC,4,0.359573382323902,0.4222487448776452,0.47008876584010384,-1.5847370317790108,-1.6137547109613608,-0.6081364401480022,-1.2688760609627912,79.62816976081416,671
686752,FF,339,0.3356547914403494,0.46007647370851507,0.4160196452254024,0.43866060328682555,0.6546320930612343,-0.5559688856181351,0.1791079369099749,103.04368074870399,671
686752,SI,1,0.3800399021778716,0.3764369600140928,0.3861773185311531,-1.704026243978255,0.7669598896604769,-2.0196116157317974,-0.9855593233498583,81.77763149492255,671
686752,SL,132,0.31686554956807894,0.5483090866540518,0.5254616553218927,-1.056611700026062,-0.5437956887865681,-0.008431178062046091,-0.5362795222915587,91.3209145087425,671
686753,CH,27,0.3169887519955716,0.490126025596872,0.5668486019438301,-0.6993524801118334,-0.9915613369855151,-0.03687134433999084,-0.5759283871457798,90.23717792901274,272
686753,CU,10,0.30237860124145677,0.4428553710366751,0.4315792127003135,-0.5806595063395232,-0.9537869934430245,-0.9850930492416053,-0.8398465163413843,86.54002249102685,272
686753,FF,86,0.32443137273428124,0.48797515252669454,0.461741784420124,0.8310519631986171,1.1769970773717586,1.3299555576754247,1.1126681994152667,118.90818931132911,272
686753,SI,83,0.35176634041717053,0.31179760814725566,0.4557120408333377,-0.39187066692820105,-0.6773773139954874,0.16971417715276435,-0.29984460125697465,94.45606297975935,272
686753,SL,66,0.28349850086660594,0.5636927664719819,0.5130755528948807,0.192476814842436,-0.19409895642648228,-0.325137506098659,-0.10891988256090175,98.23725327343408,272
686796,CH,5,0.29432947644100377,0.525478290309932,0.5971155724844206,0.3987450910536031,-0.31993225037576095,0.6194700714192738,0.23276097069903864,103.94563628521021,56
686796,CU,11,0.33638836594869037,0.35284665473882354,0.37350764114665186,-1.693947615213341,-2.3005604662793053,-1.9661252231318225,-1.9868777682081562,68.15688396296233,56
686796,FC,9,0.3398967383486861,0.44990556584121966,0.46012927791994784,-0.6845228704243661,-1.0861438274048305,-0.8997863471067383,-0.8901510149786449,85.70860785991636,56
686796,FF,23,0.38956195798804655,0.35340830297663084,0.39092282001883555,-1.446033084493508,-1.3425849685038702,-1.59115046154043,-1.4599228381792693,75.19071955257337,56
686796,SI,2,0.3802888683144313,0.34456549559455335,0.42385022153458807,-1.715580582527759,0.054806372233962675,-0.8334666868741875,-0.8314136323893278,84.62768782091345,56
686796,ST,6,0.30160478061991564,0.5125392343348518,0.4668609940441011,-1.6167027780448768,-0.953020532668918,-1.2873715756991908,-1.2856982954709952,79.02269567553886,56
686799,CH,5,0.3063017871499656,0.5436736244215641,0.5447154411527404,-0.18144844951608655,0.025746187176790503,-0.5168305153237375,-0.2241775925543445,96.19986443235284,34
686799,SI,18,0.3284657253191295,0.3840322136292935,0.45994237445009073,0.6894940478665134,0.9366724107611869,0.30290775574239265,0.6430247381233642,111.88912068340848,34
686799,SL,10,0.24628891578710194,0.6422044435175442,0.5733178229425413,1.5854098782865182,1.5906025740190264,1.2152266441102324,1.4637463654719256,123.68910114106788,34
686799,ST,1,0.23724027891386928,0.6301108936126356,0.6081064370921606,1.4357492907743676,1.7722413909809138,2.262110809811936,1.823367163855739,129.74984724345413,34
686826,CH,33,0.28378694909988195,0.5851546910567125,0.5996790132252895,0.9096494948308617,0.8138114249173009,0.6750584667897489,0.7995064621793038,113.55279494651009,345
686826,CU,5,0.3129979756618685,0.47717747590691567,0.474458946539049,-0.9282780026065269,-0.4402356145056467,-0.2607042066772761,-0.5430726079298166,91.29633219136504,345
686826,FC,25,0.3171160370970889,0.5383506756317404,0.4833111621991233,0.3577031259451322,0.6011290006722219,-0.2209367468710859,0.2459651265820894,103.94897496898805,345
686826,FF,145,0.36322928683813654,0.3993907373003916,0.4220951874900434,-0.5253944704287375,-0.48162614888983096,-0.30536788870606835,-0.4374628360082123,92.56595081601041,345
686826,SI,32,0.3668345484281213,0.300373291959741,0.4216092986269774,-1.0911753157397732,-0.932648513650291,-0.904022952277491,-0.9759489272225184,81.95532164057195,345
686826,SL,105,0.2855756641477757,0.5744492669316251,0.5253274999285948,0.11471864026641611,0.05041426192475171,-0.011861463113218857,0.05109047969264965,100.82684238836327,345
686839,FF,43,0.302630798918976,0.4959080512426864,0.44499827130588443,1.5932401190784262,1.3255298641865885,0.639327314883231,1.1860324327160818,120.15490851536615,167
686839,SI,10,0.32973471138925686,0.35710874222723915,0.4367941744889685,0.6306013210424424,0.3350795687156117,-0.4259216629398774,0.17991974227272556,103.32660223221116,167
686839,SL,56,0.2544078124668748,0.602194820014444,0.5488206883254046,1.2814806729546542,0.6811170174043941,0.5888473938392031,0.8504816947327505,113.76409695039982,167
686839,ST,58,0.2753557145554847,0.5722789199568024,0.5623953796704325,-0.3718548589407586,0.4317204121845907,1.113396984854731,0.39108751269952097,106.38093851434175,167
686842,CH,2,0.3119424920361285,0.5108504582995006,0.5511885923015283,-0.4548042468027244,-0.5978346006774534,-0.3764597707947654,-0.4763662060916477,91.92490140353715,21
686842,FF,12,0.3252190153417895,0.4238122699949461,0.4448175259689476,0.8035145290193568,-0.02436601747037585,0.6318720195942502,0.47034017704774367,107.99275211875059,21
686842,ST,7,0.22325189140071172,0.6192146418267458,0.5967345416761177,2.0991410870627862,1.5196708286107172,1.9763363338496582,1.8650494165077203,130.42993004506457,21
686972,FF,29,0.3038759703924787,0.524363722304268,0.42841574242626956,1.5497066342635955,1.858323774052406,-0.044660728906667356,1.1211232264697781,119.05187028672063,40
686972,SL,11,0.28944141319451655,0.5838004878759459,0.5653157833955008,-0.029994869725095144,0.26298313013499447,1.010618570127243,0.4145356101790474,106.70879616014602,40
686973,CH,57,0.3035600545672042,0.5233962372586722,0.5545274385472349,-0.048580570193770475,-0.3594874924639445,-0.30405665172572344,-0.23737490479447948,95.97615083515679,514
686973,FF,197,0.34288131733114,0.45388583186202996,0.41167497150491594,0.18600796722398463,0.5387207070029074,-0.7351758630673997,-0.00348239628016922,99.94082170393911,514
686973,KC,34,0.25807863565299816,0.6138107101776686,0.5778330040145646,0.23956460113986947,0.9780052829124467,0.8090413571725635,0.6755370804082932,110.96612075748172,514
686973,SI,9,0.35297142133971676,0.3160374694339989,0.4152369559038617,-0.4477976020168509,-0.5826395231927659,-1.1046584595883333,-0.7116985282659833,86.84114437423845,514
686973,SL,159,0.31518020279418046,0.5507187145034709,0.5189146296448252,-0.993521094750135,-0.48902082379206874,-0.17583528875497606,-0.5527924024323932,91.05367197478039,514
686973,ST,58,0.26926875543782386,0.5929007968070296,0.5642312683991627,-0.08318407832355149,0.9097268987762077,1.1595326658633491,0.6620251621053351,110.80152578941303,514
686993,FC,8,0.31007859899314194,0.568981718657121,0.5035560263671952,0.6796686729565772,1.1854793023993944,0.37190625854700243,0.7456847446343245,111.97198331420536,18
686993,FF,9,0.3419706875517904,0.47000936666428444,0.4135942393736281,0.2178452591270289,0.8406120638983325,-0.6560108403763777,0.13414882754966126,102.27966560789174,18
686993,ST,1,0.2738218193538512,0.49920744978905873,0.49814111991975235,-0.29911069938893786,-1.2620457264965477,-0.5013054668306942,-0.6874872975720598,88.78303696040342,18
687014,FC,15,0.3078953248205263,0.5555197521350846,0.506524777532163,0.7795543206708945,0.9286645346987016,0.4588420536388572,0.7223536363361511,111.59740190931873,55
687014,FF,17,0.3547178986804056,0.4294176177722415,0.4515211042705693,-0.22782068641376116,0.08058652966723194,0.9083779399038633,0.25371459438577804,104.31151315748436,55
687014,KC,8,0.3254219360827751,0.42412752214207045,0.4150822719297384,-1.9109242460137104,-1.932973793073483,-1.909408763000424,-1.9177689340292057,68.86849541582463,55
687014,SI,12,0.36384374362513,0.2932606177492671,0.4892991894179162,-0.9523742253314238,-1.0915780153079697,1.2272176555747052,-0.2722448616882294,94.96636470706319,55
687014,SL,3,0.3069010000048538,0.5243211039563298,0.4875023058242934,-0.6835908636128928,-1.0890825944283897,-0.9790324034988112,-0.9172352871800311,85.15557066393897,55
687134,FF,4,0.3782729079820236,0.40656570707909373,0.4624217023019109,-1.0513471336271691,-0.34728455514246087,1.358000478041756,-0.013543736909291282,99.76984374892864,4
687145,FF,34,0.3240265597391134,0.4539879539270906,0.446319078652224,0.84520497003583,0.540632804391491,0.6938073305433694,0.6932150349902301,111.78018848920384,41
687145,SL,7,0.293006384485465,0.5669018510595775,0.5358174559600062,-0.16344882710679987,-0.12115110471408917,0.25636136772084345,-0.009412854700015197,99.84766345298974,41
687330,FC,45,0.32458831754325396,0.4895218616127841,0.4905884465784603,0.01584337162300981,-0.3303813034762486,-0.00783148190554972,-0.10745647125292951,98.27478423006454,459
687330,FF,3,0.32971616297917855,0.4450441729811634,0.369908512565049,0.646285976528028,0.37317261661902523,-2.457938341197588,-0.47949324935017823,91.85170463487488,459
687330,SI,252,0.31124191105622995,0.30716754031128796,0.3916278279594552,1.4888388256635328,-0.780834094390124,-1.8480003619486296,-0.37999854355840684,92.97406728538863,459
687330,ST,159,0.24501406592323363,0.5424830991640588,0.5189656549230159,1.0670815995730034,-0.2589342607966362,0.022012798066485997,0.27672004561428437,104.51493218119505,459
687396,FF,65,0.3697443667936085,0.3895669498125908,0.4031610051059239,-0.7531736481118709,-0.6655632675748597,-1.0863557864926106,-0.835030900726447,85.80985566043604,117
687396,FS,4,0.2897949936992615,0.6078212017377095,0.6169707935284309,-0.7011348255908346,0.4968817364958903,1.031828138562784,0.27585834982261326,104.92123854460561,117
687396,SL,48,0.3044578897009387,0.5493306138707329,0.47567413424928245,-0.5921335384991325,-0.5205746692439011,-1.2814727239291699,-0.7980603105574011,87.08428464150548,117
687424,FC,2,0.3779835699034707,0.3339477328527357,0.40037762595054704,-2.427010317467267,-3.2982785770542127,-2.6495313015876483,-2.7916067320363758,55.18069873864448,56
687424,FF,17,0.37246078244414055,0.3915838642459755,0.4209665359633838,-0.8481445352464342,-0.6277992758382999,-0.35192195506378676,-0.6092885887161736,89.64602027205207,56
687424,SL,37,0.3284423161716349,0.5535342766513712,0.47714900162605733,-1.4899855453783648,-0.4250183942998787,-1.243761116586032,-1.0529216854214252,82.9596377569621,56
687765,CH,8,0.269048082320767,0.533904600898417,0.5946434585455594,1.6239138927769137,-0.15984759017169875,0.5658621042666191,0.6766428022906112,111.47007758571436,398
687765,CU,52,0.2561110758888775,0.5269459028519933,0.5268672871646027,0.9338786342636324,0.30443445691965554,0.6246561677420047,0.6209897529750975,109.9524233841675,398
687765,FC,144,0.3127834231586807,0.5232166680893277,0.5032380238977775,0.5559219089830465,0.3124166030427146,0.36259399356291366,0.4103108351962249,106.58754856922249,398
687765,SI,48,0.3043309159000111,0.44422147914325133,0.49770273369764656,1.8095731184968817,2.281574439197783,1.4918062759664936,1.860984611220386,134.40842835586272,398
687765,SL,146,0.25515448294380455,0.5948171112049067,0.559037780669305,1.2535292192474785,0.5134093757000717,0.8500932392143307,0.8723439447206269,114.11791306455095,398
687792,CH,45,0.29780417571631174,0.5806532931033176,0.5682171329623703,0.23035670522205276,0.7282930056464485,-0.007194651556531181,0.31715168643732333,105.37618140259751,179
687792,FF,96,0.3514741952843803,0.41929732509270684,0.40880766838469906,-0.11441484991683833,-0.10890224724639888,-0.8534449803044423,-0.3589206924892265,93.90066112709417,179
687792,KC,4,0.29352016649863594,0.5975858614650534,0.5567770583931957,-0.892197821004401,0.7290101262905729,0.457340709368824,0.0980510048849986,101.59168044382028,179
687792,SL,34,0.29508218487682863,0.5952861045958754,0.5560798141403867,-0.24115598218693657,0.5240703786760365,0.7744595422261713,0.352457979571757,105.70413899771486,179
687798,CH,49,0.28626249319438185,0.5699964536931368,0.5869580857090976,0.7896814512393139,0.5258323322694912,0.3992042459468887,0.5715726764852312,109.68898645336405,155
687798,FF,76,0.36283339153778704,0.4124656659155807,0.4052080652471102,-0.5115532426036687,-0.23681581484333264,-1.0019196506260508,-0.5834295693576841,90.08545696458323,155
687798,SL,13,0.2984502881816465,0.5973484872423281,0.5193295763866804,-0.36724022753264146,0.5709517803222204,-0.16522531199124912,0.012828746932776608,100.20761895009437,155
687798,ST,17,0.2550180925755664,0.6086039695610467,0.5416609002077716,0.5926459861210714,1.2737198801621976,0.5923418057477098,0.8195692240103263,113.37199643772487,155
687830,CH,18,0.27471379486276626,0.58417166849744,0.619394465740797,1.3493461923970675,0.7951357743200965,1.102589461310958,1.0823571426760406,118.34752451355317,82
687830,FF,27,0.34511623322383017,0.42974473864668356,0.39084861187167297,0.10787119719089139,0.08671142509899017,-1.5942113629131633,-0.46654291354109395,92.0717768911433,82
687830,SI,14,0.3203758572289918,0.3493645562382684,0.44822883935143,1.0649389819684492,0.162039220802714,-0.0658971185463033,0.3870270280749533,107.15588494768184,82
687830,SL,23,0.287182125815794,0.6047037863651908,0.5794246507684975,0.054581082490454375,0.7381500124251931,1.3713751200418143,0.7213687383191538,111.67454786235282,82
687863,FF,58,0.31814325307211,0.4641225824945509,0.4265304305259247,1.0508961916059032,0.7303900013948378,-0.12242515241603517,0.5529536801949019,109.39664930750772,84
687863,ST,26,0.2663665275632333,0.6007635577128908,0.5502850648565158,0.054452526406763575,1.091982410377677,0.8090661109704267,0.6518336825849558,110.6352427911633,84
687888,CH,20,0.2921248350891746,0.5486258525293286,0.6208797669952306,0.5055848400960868,0.11982956394762327,1.13479832499147,0.58673757634506,109.94605351649246,106
687888,FC,33,0.30579064623354635,0.5807791261908141,0.5340146238254427,0.875844189587854,1.410539175358987,1.2638443969339759,1.1834092539602723,118.99965896343541,106
687888,FF,5,0.36685626398546567,0.36818737710921223,0.3995285085173373,-0.6522002621827234,-1.0658668171640526,-1.2361872297988945,-0.9847514363818901,83.26557135946074,106
687888,SI,26,0.3373837893800526,0.34740758533368477,0.4403056927153155,0.27561313703288143,0.11831158736688838,-0.3153602459874122,0.02618815947078587,100.48420250414189,106
687888,ST,22,0.28564182182648856,0.5617083639973618,0.562733122080748,-0.8596679948656959,0.18669934294876148,1.1218844143277438,0.1496385874702698,102.44148584399922,106
687911,CU,4,0.30843331765521353,0.5014285766914388,0.5184202256196789,-0.7788568136147733,-0.07737365438618589,0.4819557219181214,-0.12475824869427926,98.00053558738429,54
687911,FF,29,0.35525431706213223,0.41428863880651684,0.4456873070818707,-0.24657485961177197,-0.2026831158801168,0.6677483256916292,0.07283011673324682,101.23764266425705,54
687911,ST,21,0.2482200846057882,0.5945023492694871,0.5361587214572788,0.9150378782539034,0.946850215496191,0.4540726613749424,0.7719869183750121,112.59564905569319,54
687922,CH,3,0.3160848897574318,0.5500758175301687,0.5385124957010653,-0.6555501561593648,0.14737627635868283,-0.6513418300313013,-0.3865052366106611,93.44817526145036,73
687922,FC,20,0.3171954508397633,0.503600471002744,0.5103245696888766,0.35406991614310956,-0.06180280165685647,0.570113741285095,0.287460285257116,104.61518056170316,73
687922,FF,34,0.3426031726155764,0.41755498369064525,0.44554478996067054,0.1957324180397853,-0.14152523076052892,0.6618698491550314,0.23869234547809592,104.05623173003129,73
687922,SL,3,0.30080428335251813,0.5481245135038415,0.5080827616700531,-0.45536154621138575,-0.5479913447202482,-0.4528006337682763,-0.48538450823330337,92.14459350398522,73
687922,ST,13,0.26383910919000214,0.5637805493182818,0.5166111967110706,0.1743139909975247,0.2347317326295672,-0.037154476787673404,0.12396374894647283,102.02257815539737,73
688010,CH,4,0.3371553300818874,0.5246274821140299,0.5755901180994463,-1.6766507331814207,-0.33609606720989793,0.152689057212759,-0.6200192477261866,89.48977384820945,11
688010,FF,3,0.3787430758425514,0.35046439064289636,0.40623581391310654,-1.0677850667570778,-1.397705740711216,-0.9595275761321139,-1.1416727945334693,80.59891947844156,11
688010,SL,4,0.3298497851884462,0.438661325521703,0.4179690655501626,-1.542673854723946,-3.0362724064761313,-2.7569619284220077,-2.445302729874028,60.425504681038795,11
688107,CH,15,0.32956553579026593,0.4256330632703875,0.5155378120506525,-1.3088395621135638,-2.216810970401287,-1.1495494842631864,-1.558400005592679,73.58285802610425,111
688107,FC,11,0.3391445191758384,0.5125312915597806,0.517221739465143,-0.6501085489225421,0.10857101430662269,0.7720878728522129,0.07685011274543119,101.2338300791366,111
688107,FF,35,0.3433190684343422,0.4251208397347766,0.4269194390820694,0.17070338355060619,0.00013517902249797478,-0.10637951768404653,0.021486348296352542,100.3651294621434,111
688107,SI,25,0.3391312284966678,0.33232538166489806,0.39988352811991507,0.19451574994636509,-0.21869346053058542,-1.5880666669369778,-0.537414792507066,90.06354041088287,111
688107,ST,25,0.2521138904295928,0.5426977164693241,0.5259755508052166,0.7303762196158117,-0.2539595213586742,0.1981707074559752,0.22486246857103756,103.66882996654844,111
688297,FF,40,0.32891320115482536,0.42777086767041245,0.4143447617047659,0.6743589987030673,0.04975336381334324,-0.6250536622027486,0.033019566771220615,100.56111985569139,132
688297,SI,71,0.33005572930890187,0.342692668687928,0.43620115663062264,0.6157031112887394,0.012958898533740569,-0.4445930439410924,0.06135632196046256,101.13443958409273,132
688297,ST,21,0.27344966980817403,0.566561864972508,0.5384669985377128,-0.2814617062249673,0.299201467059404,0.5120794094941848,0.17660639010954052,102.88148938520229,132
688427,CH,1,0.3635280977730351,0.3818086297914215,0.4630443085756673,-2.9547088986694874,-3.049395939640736,-2.287874852595987,-2.76399323030207,53.14630305586575,30
688427,FC,8,0.2801935016973599,0.6013529856611911,0.5917395551154534,2.046923568304105,1.8030279645669056,2.9542396235660044,2.2680637188123383,136.41380783576506,30
688427,FF,15,0.3240989389639397,0.4907438878209979,0.4868924514330179,0.8426744592170888,1.228837896716449,2.3673579741010657,1.4796234433448678,125.14406378374791,30
688427,SI,1,0.32415986047034606,0.44072458172277024,0.4228297924669616,0.8893261250266025,2.2034378413529545,-0.8655952638440496,0.7423895675118358,113.72631352879351,30
688427,SL,3,0.27731277289949857,0.5523343303201319,0.5604089624861421,0.42403825226358816,-0.45229517826887344,0.8851536596201893,0.2856322445383013,104.6226390648195,30
688427,ST,2,0.2741126408267879,0.5406418603724543,0.5020706076537562,-0.3129027522005462,-0.3016134064507016,-0.4025578740238736,-0.3390246775583738,94.46851266763248,30
689017,CH,34,0.3324850432429448,0.48768921452302116,0.4808437113548756,-1.4503226397638467,-1.0378563398390768,-1.9018935333189957,-1.4633575043073064,75.1939663686347,179
689017,CU,5,0.2931072068688374,0.4968742167393925,0.48630644074352514,-0.2771662832440566,-0.14551917874703332,-0.06055854704364962,-0.16108133634491317,97.41839595434298,179
689017,FF,80,0.3459691984709773,0.44385041881381093,0.443753463499004,0.07804996338941196,0.35082118625332087,0.5879820910694372,0.33895108023739,105.75998414961091,179
689017,KC,9,0.3010484615058757,0.4691955779548058,0.4588811874862453,-1.1326005685358047,-1.241335441647116,-1.1778288448469652,-1.1839216183432952,80.78117721339764,179
689017,SL,49,0.3050027477683478,0.55887614261861,0.5185830571554912,-0.6125301867110593,-0.3035888601729599,-0.18431342836295234,-0.3668108250823238,94.06357621785646,179
689017,ST,2,0.28631511030546325,0.5390354834140436,0.525412121473088,-0.8915983408807165,-0.33884855297050875,0.18401179056128772,-0.34881170109664583,94.30882872629398,179
689147,FF,58,0.3163170156622815,0.47124476092606,0.4412271385897718,1.114744810242661,0.8637431486488112,0.48377747636994706,0.8207551450871396,113.9475484872405,202
689147,SI,27,0.34626903681424986,0.3170372878234961,0.422042200944063,-0.13674477786048955,-0.5602990316014345,-0.8903928668005379,-0.5291455587541539,90.21643331253796,202
689147,ST,117,0.22837181885719707,0.6184259375467064,0.571992939428913,1.856331265771417,1.501388993033891,1.3545826016892917,1.5707676201648666,125.62846237509953,202
689167,CH,3,0.27417256781345545,0.6168564050223212,0.6211742780246462,1.375574749742866,1.4160866502105698,1.1411848176780806,1.3109487392105055,122.22248385519785,28
689167,FF,9,0.3994655099998386,0.3338017181508567,0.3801906302326489,-1.792279477293874,-1.7096917208216422,-2.033826578719382,-1.8452659256116326,68.6423702326124,28
689167,SI,9,0.3961845144561625,0.2980800633663352,0.39123883318682734,-2.453286037263843,-0.9838896736911135,-1.860248002563493,-1.7658079045061499,67.35132875033717,28
689167,ST,7,0.25712541812203576,0.5496933776087937,0.4428145791628066,0.49270719915782546,-0.09180301994272652,-1.8916553261264937,-0.49691704897046496,91.89235904178597,28
689172,EP,2,0.40760255484287317,0.1761240769011069,0.42012201318180953,0.25487453450655295,0.5763720143385751,-1.3803471104662706,-0.18303352054038086,95.73496276561603,4
689172,FA,2,0.33987155142426195,0.4953114905425702,0.503044342034258,1.6181792631110399,2.026373224400218,0.8516117044237379,1.498721397311665,132.01776516996466,4
689225,CH,194,0.3015801515321952,0.5375259701486069,0.541177024194296,0.04736807161742742,-0.09104812452153299,-0.5935613395381208,-0.21241379748074213,96.3992778329534,635
689225,CU,10,0.34907644039361735,0.3473648276287197,0.34198889604131993,-2.1092836966487587,-2.382583404037155,-2.4985871869070344,-2.3301514291976493,62.655336160550156,635
689225,FF,243,0.34918738148277806,0.43596843074382374,0.4569606077715818,-0.0344636335383032,0.2032416323487224,1.1327439208622676,0.4338406398908956,107.37249519157295,635
689225,SI,90,0.34185030915300635,0.352495552281056,0.47459168634978166,0.06832518089599977,0.23199991716634558,0.7641466207029056,0.35482390625508364,106.5604695942752,635
689225,SL,98,0.32898797594270424,0.5240704561061776,0.4821775663272473,-1.5104122051997475,-1.0947802386337204,-1.1151832793532916,-1.2401252410622532,79.92995715918084,635
689266,CH,34,0.3137807343084596,0.5822315510537424,0.549526573684356,-0.5438878262666534,0.7582770520514523,-0.4125007630952734,-0.06603717910349147,98.88057396709964,163
689266,FC,9,0.33048407254732853,0.5396334865092612,0.5078887251487357,-0.25388972682764754,0.6256012630994942,0.498783383821605,0.2901649733644839,104.65860438272745,163
689266,FF,83,0.3852807993538435,0.3650403932610909,0.4090026297382893,-1.2963559047973807,-1.1247898285067326,-0.8454033097109561,-1.0888496810050232,81.49657201415219,163
689266,SL,37,0.3273321392848802,0.5427273555618121,0.4832466572729867,-1.448426304969532,-0.6706777577694331,-1.0878471685987157,-1.068983743779227,82.69969127036636,163
689672,CH,68,0.30356979518206156,0.5433545194089121,0.455867086654669,-0.04905261288952105,0.01968376911334841,-2.4435134220566805,-0.824294088610951,86.0270188084368,189
689672,FC,29,0.333567783895374,0.5260882421899499,0.503465234933413,-0.3949707276597569,0.3671977997110798,0.3692475562695848,0.11382487610696923,101.82746063574413,189
689672,FF,61,0.4122120136452695,0.3076718435361985,0.3965998813581681,-2.237920687921348,-2.198938241492996,-1.356985811012439,-1.9312815801422607,67.18065839393694,189
689672,SL,25,0.30886307269462726,0.5093539722983492,0.4966102963308368,-0.7570406458834164,-1.4293104914949086,-0.7461457269903911,-0.9774989547895719,84.18027046794235,189
689672,ST,6,0.29804977745717026,0.5054901469450996,0.48686956229370376,-1.4481086544029362,-1.1164154322372175,-0.7845584652111098,-1.116360850617088,81.78558579271504,189
689690,CH,5,0.27962727647744284,0.45738900544005484,0.4438287334979659,1.1112325680647694,-1.6135055073154474,-2.7045659692114836,-1.0689463028207205,81.87980868663661,21
689690,FF,7,0.32098338105136215,0.4592022301087307,0.4301103237235825,0.951600093929378,0.6382630654359057,0.025236531939769685,0.5383665637683512,109.14876232822263,21
689690,SI,5,0.31256180159365926,0.43343476795692704,0.5028185998895054,1.4275836592843634,2.040550236114875,1.6528811668405565,1.707005020746598,131.56144312281023,21
689690,ST,4,0.278527674880859,0.5617424128684027,0.4785330493900559,-0.522283380886293,0.18748858154895576,-0.9940541138460606,-0.4429496377277993,92.77288506661516,21
689981,CH,2,0.3293505531391772,0.49118177008479846,0.5783075535169211,-1.2984212269627018,-0.9715041012787068,0.21161683813314836,-0.6861028300360867,88.36956121361033,43
689981,CU,5,0.2449112526372276,0.5884399583649853,0.5738970694107447,1.3004977554155746,1.2245515978858812,1.4191538587831731,1.3147344040282096,121.07086850295354,43
689981,FC,2,0.31870988330854244,0.4922640703366151,0.48882558180259994,0.2847840380976745,-0.27806801809965204,-0.05945455248732032,-0.017579510829765957,99.71776060615396,43
689981,FF,17,0.32916034698345487,0.46255308509785,0.43647250138521443,0.665718325987184,0.7010032878394685,0.2876605255667592,0.5514607131311372,109.37127848816365,43
689981,SI,4,0.3476033581599168,0.30958222560737036,0.43340505612180447,-0.1986696676254343,-0.7268790390325509,-0.5326292762114981,-0.48605932762316106,91.0130704733486,43
689981,SL,13,0.2409547099353437,0.6589178784065122,0.5941454223975982,1.7850947627660199,1.9705268597788652,1.747777750004783,1.834466457516556,129.68879204560506,43
690544,CU,2,0.27209744058238744,0.5473008936751723,0.5045300315749481,0.41057511039010525,0.6090000902053043,0.2473017097244394,0.4222923034399496,106.7679567586653,56
690544,FC,4,0.3146470874919901,0.5676865058155935,0.5325061830416986,0.47065853648060757,1.160770446937948,1.2196717830648034,0.9503669221611195,115.25815972011759,56
690544,FF,10,0.33918752411600733,0.40196699717040446,0.44602253801341635,0.31514977159551855,-0.43338917124119114,0.6815757672568082,0.18777878920371188,103.1910293623758,56
690544,ST,40,0.23718506030387462,0.5859200874560212,0.5590168140449845,1.4383680038203461,0.747916973567776,1.0284940037954358,1.0715929937278525,117.48398704468585,56
690829,CH,6,0.24276794217323064,0.5923276053577033,0.5982256592011942,2.897483208636154,0.9500838227228319,0.6435423810785978,1.4970364708125277,125.37694099565533,141
690829,FF,89,0.2583215440316955,0.5025657033003155,0.4188702067098519,3.1423731628717437,1.4501853840874868,-0.43839031918799887,1.3847227425904103,123.53136341486339,141
690829,SI,22,0.3032334791945029,0.44021139140293003,0.4737829326780867,1.8605043632328593,2.191970834798986,0.7386827198644569,1.5970526392987674,129.52849313666113,141
690829,SL,23,0.2610709000417724,0.6106393769204669,0.5897706267761557,1.032049378091583,0.8730758979333004,1.6359164550298515,1.1803472436849116,119.10260267544204,141
690829,ST,1,0.24330112127489084,0.5658989938345548,0.529633225961688,1.1483170833725405,0.28383639112488557,0.29008768020673126,0.5740803849013857,109.36662900091076,141
690925,FF,3,0.32194853846589316,0.5193650491910605,0.49734242549590285,0.9178564156139631,1.7647303885243224,2.7983933951045876,1.8269933997476244,131.0471145765927,3
690986,CH,118,0.30889248927676666,0.4751185271820991,0.5482663432330525,-0.306997199130895,-1.2766766622531394,-0.43982895035082403,-0.6745009372449529,88.56623013553627,559
690986,FC,5,0.33011576654109204,0.5247196207376648,0.5367143709953638,-0.23703958292385574,0.3410885236433201,1.3429027799785584,0.48231724023267425,107.74361282535129,559
690986,FF,347,0.33910536668975094,0.41206331821607767,0.4037340364909713,0.31802214632017956,-0.2443492307125216,-1.0627196680854474,-0.3296822508259298,94.39752622167349,559
690986,SV,89,0.2862774053547759,0.5177222210132241,0.526472345526076,-0.40599458880947703,-0.20943045783487801,0.1414523808035759,-0.15799088861359306,97.42740008294349,559
691094,CH,3,0.32024506901302996,0.5259319344257066,0.5797065277661031,-0.8571577814863027,-0.31131383269880075,0.24195369454523905,-0.30883930654662145,94.76472550123049,11
691094,SI,6,0.3771260330494624,0.36597122506392604,0.4424736799392826,-1.5687956826504457,0.5331077560055975,-0.24710038687057698,-0.42759610450514174,92.09401848978062,11
691094,SL,2,0.308662721550411,0.47233073309352325,0.4333915255136491,-0.7495405425503272,-2.2709105458735426,-2.362617485276159,-1.794356191233343,70.96034784446867,11
691172,SI,16,0.3231767338732052,0.38074513959159556,0.45854950553208473,0.9349523202086206,0.8632242218994025,0.25905277585126085,0.685743105986428,112.67895628507512,27
691172,SL,11,0.23189058553434022,0.67658187443271,0.6072158645032162,2.124408370868643,2.3720589875850755,2.081982294935551,2.1928165511297566,135.4882883325026,27
691441,CH,1,0.3261820788315313,0.3421601898456588,0.4667151505174543,-1.1448728960309693,-3.802644585022056,-2.208272383169129,-2.3852632880740514,59.566325269480856,15
691441,CU,8,0.21792846306011227,0.6819767004475248,0.6075084315486635,2.183762283677886,2.6241138642271915,1.9869674512757411,2.264947866393606,136.29966517389533,15
691441,FF,4,0.33948284355261726,0.44454765108823746,0.43703028783602155,0.3048248609444438,0.3638759164957536,0.3106678283798469,0.32645620194001473,105.54765173605497,15
691441,ST,2,0.24767198845177424,0.6063350802155736,0.510529705437406,0.9410310452152914,1.221127973403585,-0.1899816808920031,0.6573924459089577,110.72593892907216,15
691587,CH,24,0.3504439471107558,0.4091646347269186,0.481220929153334,-2.320634167179886,-2.5296813256762056,-1.8937135384444592,-2.2480096771001836,61.892973186905344,371
691587,CU,47,0.31867718288129504,0.5379437255242767,0.47614578450046513,-1.1141832542201364,0.4689915847535328,-0.2322076072566902,-0.29246642557443125,95.31272508277995,371
691587,FF,177,0.29426633537914687,0.5137971685836714,0.4487475472950946,1.8856771482299446,1.6604793634103139,0.7939756178113095,1.4467107098171894,124.584759404759,371
691587,SL,123,0.3405802759193446,0.5454334845666265,0.4715550216306017,-1.9443675391365067,-0.609162926368333,-1.3867963348002263,-1.3134422667683552,78.7434029321074,371
692230,CH,13,0.2973123166344855,0.5685524983116488,0.5818220610740461,0.25419282751150474,0.49839979175630145,0.28782918527395557,0.3468072681805872,105.878886555587,56
692230,CU,5,0.34007737174372865,0.4116685809288302,0.41277651942609744,-1.8147048836195294,-1.4204255963219883,-1.3027363739232853,-1.5126222846216009,75.75763959911174,56
692230,FC,8,0.3446614001056026,0.4752096913346832,0.4672555253592929,-0.9025080102197336,-0.6034154607998881,-0.6911039912153565,-0.7323424874116593,88.24222688922579,56
692230,FF,9,0.3825714805431217,0.4109920427407767,0.40954064015423586,-1.2016331362349864,-0.26440741341338775,-0.8232117191150105,-0.7630840895877948,87.03248782164187,56
692230,SI,14,0.36673413138127076,0.2928634043579517,0.44738904905782145,-1.0865150331347362,-1.1004535696304982,-0.09233821861169463,-0.7597689404589762,85.9523528581739,56
692230,SL,6,0.3092895391936681,0.5374339385686107,0.4830870435310099,-0.7730053304047823,-0.7910059658087336,-1.091928410653958,-0.8853132356224911,85.67219343808546,56
692230,ST,1,0.30847612581302397,0.48946679054800013,0.47623985134417723,-1.9425726487705968,-1.4878301366509168,-1.0516819274921643,-1.4940282376378926,75.62360849301176,56
693312,CU,20,0.22565872653424562,0.6098648359073259,0.5730927970920183,1.9307170045265176,1.5451256258200934,1.4055668832608945,1.627136504535835,126.07764672346278,179
693312,FF,100,0.3186699734147893,0.4578203496432413,0.4318807025498617,1.0324810796894783,0.6123892248723877,0.09826025220250863,0.5810435189214582,109.87399555380607,179
693312,SL,59,0.28029822477026434,0.6119253329718443,0.56589285217279,0.31227848361190136,0.9023078264736498,1.0253739247318723,0.7466534116058078,112.08375207760174,179
693433,CH,31,0.3157646875367566,0.41866802701753325,0.47403963023922585,-0.640032745642049,-2.349134061288876,-2.0494405177916377,-1.6795357749075208,71.52943091841489,575
693433,FF,262,0.3142388489915939,0.5025757491398652,0.4155620280917825,1.1874013391836673,1.45037347883036,-0.5748444534101024,0.687643454867975,111.68550753061241,575
693433,SI,166,0.3226003476666438,0.312873949295094,0.4244463133106076,0.9617019876850942,-0.653326955835163,-0.8146985224671376,-0.1687744968724021,96.87946630567644,575
693433,SL,67,0.3105941319990042,0.5393343988089243,0.5375720803398617,-0.8218424902118913,-0.7478053308577023,0.30122621908971886,-0.42280720065995825,93.15733738038948,575
693433,ST,49,0.2584941641498357,0.5462802587928075,0.5392831301847775,0.42779515084698405,-0.1709176876036048,0.5325887076563096,0.2631553902998963,104.29361283777779,575
693821,CH,151,0.30638210424327433,0.5231064706394364,0.537538425659637,-0.1853407189257157,-0.36499253411790894,-0.6724646083807999,-0.40759928714147486,93.09060048881354,1172
693821,FC,1,0.3167739860406394,0.5775920649402543,0.521753149073617,0.3733520956225844,1.3497394108245422,0.9047839714165514,0.8759584926212259,114.0635309131079,1172
693821,FF,155,0.39842250026537274,0.3110256896325542,0.41403670689447036,-1.7558139386886877,-2.1361420146565773,-0.6377601564054,-1.5099053699168883,74.34133860248323,1172
693821,SI,519,0.35123416391929885,0.346047277895093,0.4805672453282349,-0.3671727400957955,0.08791613033916937,0.9522892488071328,0.22434421301683555,104.14798259700818,1172
693821,SL,346,0.2592435397794411,0.6023293504570415,0.5296755987639786,1.1004562287131778,0.684175119024818,0.09931720864485688,0.6279828521276175,110.16320152850466,1172
694037,CU,5,0.29662186483786396,0.5659186210969305,0.523489498151368,-0.39221638598245173,0.8875715713621685,0.5675934844024629,0.35431622326072654,105.67852375804239,169
694037,FF,96,0.2934344815905057,0.5281319449780836,0.42474393320215853,1.9147602866141693,1.9288786412099002,-0.196113720582551,1.2158417357471727,120.6614745745443,169
694037,FS,2,0.26649073883487817,0.47808788703689037,0.5514508984041048,0.08951334216130732,-2.4668664802864706,-1.1826408270927655,-1.186664655072643,78.83022267109241,169
694037,SI,12,0.3068180352751479,0.4095681209164736,0.4359458326520695,1.6941477049428284,1.5072607576240205,-0.45263201142785503,0.9162588170463314,116.94104597731823,169
694037,SL,54,0.28986861472517694,0.5913978250718194,0.5360119869620688,-0.04598707000196837,0.43568329183090926,0.2613354263252806,0.2170105493847405,103.51207352197005,169
694297,CH,103,0.30419060763856,0.5348698575851025,0.5688624978892857,-0.07913798119657355,-0.14150945901986084,0.0068001329312307015,-0.07128243576173456,98.79165925371856,1011
694297,CU,31,0.2925271147457756,0.5220147194299574,0.5173434977548106,-0.25817733497536344,0.2306506358004722,0.4637660182524668,0.14541310635919186,102.33049384979415,1011
694297,FF,368,0.3498369078902418,0.44453058307588195,0.4213040860152019,-0.057172271342711106,0.3635563410755552,-0.33799885555945947,-0.010538261942205127,99.82091745596726,1011
694297,FS,5,0.3320370196897198,0.5026703891763645,0.4851091979131274,-2.1342885842436563,-1.9052809920259515,-3.4248855160886102,-2.4881516974527393,55.61204492739067,1011
694297,SI,176,0.3460490710005584,0.3098501541123804,0.4238095316812285,-0.12653632334603834,-0.7208922972641129,-0.8347478215723559,-0.5607254807275024,89.6325405301086,1011
694297,ST,328,0.23967253380380452,0.600541942907211,0.5233290936926059,1.3204009034818565,1.0868454718046714,0.13166553247467636,0.8463039692537346,113.80819744147783,1011
694361,CU,8,0.241278040674499,0.5879675377985085,0.5567037464900984,1.4194286480560503,1.2174829103951297,1.1286984343824082,1.2552033309445294,120.11678119152191,27
694361,FF,16,0.3159978470052728,0.4887673234107458,0.4795771097931449,1.1259035335020144,1.191829404526586,2.0656183387151423,1.4611170922479142,124.8295750707722,27
694361,SL,3,0.2736517302002737,0.5882885470986582,0.52056533518599,0.5610886227940525,0.36500421113746073,-0.13362758914223102,0.26415508159642737,104.2750551546868,27
694363,CH,115,0.32453467241821055,0.5691050090353192,0.5474709044120171,-1.0650374671871208,0.5088964961596207,-0.45707809794054055,-0.33773968965601353,94.27482206118883,431
694363,FF,189,0.3833794066210105,0.3560055745882645,0.4007586186309086,-1.229879717843814,-1.2939545744445966,-1.1854482492528007,-1.2364275138470704,78.98869985334132,431
694363,SI,10,0.3698486291869495,0.3349667524385696,0.4171142975290808,-1.2310566264444212,-0.1596732202762794,-1.0455496819004584,-0.8120931762070529,84.98491083519428,431
694363,SL,117,0.32639884257323654,0.5405822830317774,0.5178394705680686,-1.413488537056388,-0.719438838558064,-0.20332655852779996,-0.7787513113807507,87.39677924112895,431
694462,CU,1,0.31489659810296317,0.452397883062272,0.462879329262103,-0.9904282057939696,-0.8110052430871216,-0.45632448706734186,-0.7525859786494776,87.93852192145914,36
694462,FF,17,0.36100757692224805,0.3599912909572272,0.45037202895989076,-0.4477194056328697,-1.219327432345569,0.8609814432884124,-0.2686884648966754,95.43402753605554,36
694462,FS,11,0.22187649310831106,0.6421180691696466,0.6159164369393555,1.60314987955023,1.280391199173506,0.9961925512223063,1.2932445433153474,123.07113378390353,36
694462,SL,7,0.2846251969716674,0.5747222193499084,0.5221561676540453,0.15029918093868622,0.056618926211393944,-0.09295081350210399,0.03798909788265872,100.61481114708702,36
694646,CH,1,0.2622057613177478,0.6044126893409507,0.5696037591298491,1.9555015490749095,1.179678559669687,0.022874435822773296,1.0526848481891231,117.8445360553017,18
694646,FF,12,0.36596602141172313,0.4033615429024524,0.4001316071725504,-0.6210757444835538,-0.4072781907109285,-1.211310911332255,-0.7465549488422458,87.31337669986692,18
694646,SL,4,0.30273121878243947,0.5971080562887694,0.5575461958523142,-0.5274959724815066,0.5654863832382458,0.8119541754428178,0.283314862066519,104.5851348160975,18
694646,ST,1,0.2612969381455534,0.5844402657076039,0.5206051357890996,0.2948750931304888,0.7136153239225821,0.06321277117688562,0.35723439607665214,105.82859498846872,18
694738,CH,6,0.2952451207447026,0.5291762357799401,0.5809410766552677,0.35437179308466293,-0.2496779750552688,0.26872497529339595,0.12447293110759669,102.10999684367029,76
694738,CU,46,0.2532924508136671,0.6106647798250963,0.5925570949656286,1.0261445410294592,1.5570949471538718,1.7343870261521466,1.4392088381118255,123.06578430079034,76
694738,FF,2,0.3967023769579318,0.3602522978687095,0.4561277892769998,-1.6956752642349062,-1.214440431347782,1.0983922307746685,-0.6039078216026732,89.73745863910139,76
694738,SI,22,0.3291333651270047,0.3202040022925535,0.4433192775502754,0.658509366672871,-0.4895402230905181,-0.22047644132431118,-0.017169099247319436,99.68255421467526,76
694813,CH,165,0.305771463839352,0.5547935384976058,0.5824565512795233,-0.15574830133991052,0.23700444162496545,0.3015881506514066,0.12761476364548718,102.16325546527823,598
694813,CU,11,0.2811550678713617,0.579264242415542,0.5502424459901359,0.11407941739634303,1.087258107396605,1.0195444455020026,0.7402939900983168,111.86447792884694,598
694813,FC,47,0.3498632895072789,0.4478835900162588,0.4525032743498742,-1.1404964858504352,-1.1247171852373372,-1.1231033739970258,-1.1294390150282658,81.86683428938628,598
694813,FF,147,0.35743133796736465,0.43246490119954517,0.41586465101637904,-0.3226875144037282,0.13764278563072002,-0.5623620109730371,-0.2491355799153484,95.76630058115907,598
694813,SI,137,0.349359748485876,0.32748830947060015,0.4563383594785254,-0.2801824738714268,-0.32677566007656467,0.18943404542972236,-0.13917469617275635,97.42674789821669,598
694813,SL,90,0.2564408045938914,0.6273492870840498,0.5545181405940744,1.2053760363296482,1.2529200607989948,0.7345283453578302,1.0642748141621576,117.22409995972907,598
694813,ST,1,0.23598282208992988,0.5868164545910436,0.5729671971474555,1.4953835081138322,0.768694389126027,1.3790655905651732,1.2143811626016774,119.8137022531061,598
694973,CH,8,0.2883635763604684,0.5714349596716216,0.6111590731846075,0.6878602647702208,0.5531613439821559,0.9240043861243316,0.7216753316255694,112.23344431865581,308
694973,CU,27,0.3059894108562735,0.5531202112705886,0.5252910838013162,-0.6988570723087972,0.696072797048288,0.5980285740570429,0.1984147662655112,103.1799361423991,308
694973,FF,124,0.3260247447224877,0.4206740551484048,0.41712429661472583,0.7753447479844459,-0.08312484113224765,-0.5104047651912472,0.06060504722031698,101.02989526137799,308
694973,FS,101,0.3156892127284182,0.48500315915236547,0.5284730013500228,-1.5796532313462288,-2.308887587601362,-1.959257453626413,-1.9492660908580013,65.22561877792853,308
694973,SL,12,0.30071744474487294,0.5590912675697702,0.48150387848883675,-0.45211076103025616,-0.2986987107834627,-1.1324091341210207,-0.6277395353115799,89.84073628258095,308
694973,ST,36,0.2691718912208744,0.5717604280975671,0.4955800708369434,-0.07859034464140172,0.419701987588254,-0.5656643474550185,-0.07485090150272206,98.77874136932907,308
695243,CH,6,0.3192230823382999,0.4764580596432553,0.5214245595896395,-0.8076309957520469,-1.2512279683526861,-1.0218949438533846,-1.0269179693193724,82.59224993987512,289
695243,FC,16,0.31395880924834013,0.4564612061313885,0.48161762347901144,0.5021475354514908,-0.9610814722509159,-0.2705296992509009,-0.24315454535010864,96.096148968245,289
695243,FF,167,0.26485478599981704,0.5740627750068222,0.4781070270105386,2.9139590078230726,2.7888712402751006,2.0049810828427774,2.5692704436469835,143.66104105968859,289
695243,SL,100,0.2479090088718516,0.6205673899546588,0.5696914147661818,1.5247620312658332,1.0987562135648552,1.122501234784368,1.2486731598716854,120.2083813658525,289
696131,CH,4,0.3150213439036086,0.5038466367414545,0.5670270978436851,-0.6040093592749325,-0.7308945422112831,-0.03300064801572803,-0.4559681831673146,92.27067749802193,72
696131,FF,20,0.3877134912849651,0.3434967174044893,0.3770131267059097,-1.3814072888808353,-1.5281659874340707,-2.164890690663224,-1.69148798899271,71.25560420391147,72
696131,SI,22,0.34699744392649384,0.3177101450608228,0.4465717092604734,-0.1705496257527829,-0.5452643396908138,-0.11807245671087957,-0.2779621407181587,94.86065583407967,72
696131,SL,3,0.27620287083907513,0.6146495218281677,0.5511075978327575,0.4655872046059809,0.9642331884587407,0.647322504705897,0.6923809659235395,111.20541312129913,72
696131,ST,23,0.2876968792211078,0.5300242030698475,0.5130417422049495,-0.9571279926824513,-0.547726265135384,-0.1268544743376778,-0.5439029107185043,91.12574316906709,72
696136,CH,77,0.3091318175747045,0.5949634149908264,0.6158486143482597,-0.31859535556991253,1.000159438266569,1.0256974208628113,0.5690871678531559,109.6468534745555,271
696136,CU,18,0.2713040594129936,0.4903717149740955,0.4973726789484289,0.43654594051180484,-0.24281416577466383,0.12638896328697408,0.10670691267470502,101.7101608647617,271
696136,FC,12,0.3228854808800878,0.518761065189364,0.4899690740050191,0.0937488152843829,0.22741679102805823,-0.02596895592681313,0.098398883461876,101.57979601891913,271
696136,FF,108,0.35076095219013936,0.4166057525004946,0.432422659637453,-0.08947855955590105,-0.15929829947756827,0.12061463318087341,-0.04272074195086531,99.27402268101854,271
696136,SI,43,0.37275288736922785,0.307420467202301,0.4113242344121084,-1.3658411507050567,-0.775182556929666,-1.2278519059508874,-1.12295853786187,79.23720692602294,271
696136,SL,8,0.27186373250262613,0.5892114264481638,0.5702267254251316,0.6280219440093726,0.38598279992143775,1.136188855579844,0.7167311998368848,111.5994944782806,271
696136,ST,5,0.2397105194226846,0.6153149340828765,0.6090331087893871,1.3185994558226264,1.4292772329685952,2.2853979672272584,1.6777582186728266,127.37410857581688,271
696147,CH,2,0.29533523510118764,0.48256325036218356,0.5736573227217658,0.3500047357290535,-1.135240387375524,0.11077625154036852,-0.22481980003536728,96.18897808344242,76
696147,SI,23,0.3447116946824029,0.3332883664103789,0.4192789973231417,-0.06446965451475258,-0.1971760001247868,-0.977393328699051,-0.41301299444619677,92.3636509706961,76
696147,SL,51,0.25176828363821685,0.6472356314600708,0.5787007531820517,1.380290884611025,1.7049698778249975,1.3528654275999192,1.4793753966786474,123.94203956655362,76
700241,CH,2,0.32173636945334627,0.5234078780472539,0.555268555763944,-0.9294281145534679,-0.3592663385360151,-0.2879854720017373,-0.5255599750304067,91.09099561964183,27
700241,CU,1,0.27111312317808556,0.5112220972935018,0.520372402950474,0.44279611723916923,0.06916386214596373,0.5149348323401532,0.3422982705750954,105.48591550200392,27
700241,FC,3,0.3325794501566044,0.5642197148860898,0.48752519939770184,-0.34975407237516476,1.0946342620224698,-0.0975344628642154,0.21578190892769658,103.46438281294948,27
700241,FF,1,0.3763336009277971,0.36907147331249246,0.3866948835587676,-0.98354539226622,-1.049313312879307,-1.7655423175464748,-1.2661336742306672,78.48388655451518,27
700241,SI,15,0.3480938207797674,0.3458373941104175,0.4567224778027987,-0.2214316835121671,0.08322637170304531,0.20152814931060653,0.021107612500494907,100.39026640419681,27
700241,ST,5,0.264099079850549,0.6049998282603369,0.5659559043558797,0.16198502146331398,1.1901773911421927,1.202872576997355,0.8516783298676205,113.89588488614818,27
700249,CH,18,0.32023430743938186,0.53850666649823,0.5794768325436437,-0.8566362618173955,-0.07241666770016769,0.23697273725716253,-0.23069339742013353,96.08941208276606,174
700249,CU,31,0.2876877896349833,0.48739583320081087,0.4911143440580332,-0.0997650922798527,-0.28734139375216555,0.02066377421086173,-0.12214757060705217,98.04237617093558,174
700249,FC,25,0.33380529420815763,0.5064200615791828,0.5007092192804091,-0.4058369174076073,-0.008013297893502932,0.2885414280811377,-0.04176959573999085,99.32938831478243,174
700249,FF,62,0.3681920018273763,0.39856233716517925,0.4075918363625193,-0.6989001138054365,-0.4971368197159727,-0.9035950251175819,-0.6998773195463304,88.10659560537265,174
700249,SI,12,0.37353415051129346,0.3027587313083599,0.4096243809602931,-1.4020990087592173,-0.8793469458163048,-1.2813724045301456,-1.1876061197018892,78.04191402853715,174
700249,SL,16,0.28717710150161063,0.5738617630485316,0.5274165795275426,0.05476916664490512,0.03705931755525208,0.041555237794732455,0.04446124066496322,100.71955555403215,174
700249,ST,10,0.2737821020610508,0.5730463493911293,0.5222309273048826,-0.2972271280202021,0.4495091057295032,0.10406873242599811,0.0854502367117664,101.39419615504997,174
700270,FF,63,0.346763034099931,0.4390823824204778,0.44117433924821325,0.0502960097903045,0.2615461610083085,0.4815996349436961,0.26448060191410305,104.49446590887938,83
700270,KC,7,0.3323017007284976,0.3909666519720099,0.4038666263298881,-2.13061732679901,-2.441878141456831,-2.0967453896205708,-2.2230802859588037,63.91231869216292,83
700270,SL,13,0.2737583138437853,0.600811622925343,0.5746948785160123,0.5570986863098807,0.6496746376881405,1.250437253480396,0.8190701924928057,113.25573684710076,83
700363,CH,7,0.30991996045460546,0.5559106293020986,0.510588667029811,-0.3567897709238549,0.2582271463871994,-1.256872047167881,-0.45181155723484545,92.34113834055037,135
700363,CU,17,0.31305306809906625,0.43276497818232396,0.4185119870920167,-0.9300814186474528,-1.104766520600899,-1.205844243022808,-1.0802307274237197,82.68745418036032,135
700363,FF,85,0.3664593923173314,0.4081916464978611,0.43770477281448683,-0.6383248987441771,-0.31684104114993317,0.3384886550061929,-0.2055590949626391,96.50682001672945,135
700363,FS,8,0.27468597098412983,0.6155822016149397,0.5896700437849784,-0.18852795634046055,0.6741812188966431,0.10910591913179071,0.19825306056265773,103.53678111920252,135
700363,SL,18,0.3403831763700345,0.5325687859571716,0.458984116670372,-1.9369891585811385,-0.9015990092670635,-1.7082279694498066,-1.5156053790993362,75.47161860664632,135
700669,CH,8,0.3047166221083082,0.5633456440005635,0.5226780485284861,-0.10462931741504052,0.39947897767413193,-0.9947129467764781,-0.23328776217246225,96.04543383472424,31
700669,CU,4,0.26034369261107937,0.54927124345268,0.5200735361491278,0.7953266064324727,0.6384818439920708,0.509885925620668,0.6478981253484037,110.38367609510993,31
700669,FF,11,0.39279529582003025,0.32213493808890087,0.402135085508353,-1.5590765218073426,-1.9281363799302549,-1.1286724164663948,-1.5386284394013305,73.85323151386535,31
700669,SL,8,0.303500288018702,0.5795715321306006,0.5162115404600245,-0.5562859190766873,0.16685190386499707,-0.24495190192028649,-0.21146197237732556,96.57772400376135,31
701542,CH,2,0.2720606808114654,0.620061942696015,0.6613363559207546,1.4779195039639976,1.4769860680371392,2.012102342470153,1.6556693048237632,128.0659977736053,23
701542,FC,1,0.30263292927475705,0.5229552570793001,0.5234298703241904,1.0203109760699558,0.3074296490412522,0.9538844473291528,0.7605416908134536,112.21051187877161,23
701542,FF,8,0.3641109879737948,0.40829544801641976,0.39686773841515716,-0.5562203637431932,-0.314897498268685,-1.3459373740849152,-0.7390184120322645,87.4414492598896,23
701542,SI,6,0.319226269364797,0.3919561352975554,0.4658875979504436,1.118290524306103,1.1137288714742155,0.4900952603853363,0.9073715520552182,116.77672606898446,23
701542,ST,6,0.26443343215223725,0.5741553499849261,0.49780001364624354,0.14612854238010908,0.4752152759931954,-0.5098774298142709,0.03715546285301119,100.6062242240885,23
701581,CH,22,0.3507576760051465,0.42178037745536784,0.4875283739235567,-2.33583787199848,-2.290005032392459,-1.7569361485580322,-2.127593017649657,63.93421033867051,85
701581,FF,34,0.32773961183972083,0.46370153279311355,0.4506678436205395,0.7153898396074374,0.7225064158631115,0.8731830617828178,0.7703597724177889,113.09115190167454,85
701581,SL,29,0.2517850958132519,0.6597018680151183,0.5746158647895679,1.3796615243420316,1.9883482528121688,1.2484169127546394,1.5388088966362798,124.9039044257091,85
701643,CH,7,0.29274433167574326,0.4966137849441526,0.565260978446379,0.47556324053443566,-0.8683056440355742,-0.07129907316115927,-0.15468049222076596,97.37794115187133,188
701643,FC,31,0.32325505157182505,0.4414543758391966,0.43228157288146996,0.07684081152405839,-1.2473677016145295,-1.7152680916098424,-0.961931660566771,84.55616817619271,188
701643,FF,2,0.34775970599287903,0.40358424167656304,0.39584976011387285,0.015450527348461786,-0.4031084577138065,-1.387926445352083,-0.5918614585724759,89.94216918336578,188
701643,SI,103,0.35730361282183226,0.29881596187348425,0.4209582251110457,-0.6488514792120402,-0.9674463530003382,-0.9245222365817946,-0.846940022931391,84.34061468050666,188
701643,ST,45,0.27828660066256694,0.5086930431879,0.5059781314360824,-0.5108505650194772,-1.0421736359614524,-0.30436223289714837,-0.6191288112926926,89.89836609702367,188
702352,CH,12,0.24468706974718302,0.6387554602264518,0.6359993716600462,2.80447982365861,1.8321290894643503,1.4626680309508764,2.0330923146912787,134.4638655868137,88
702352,FC,1,0.3553924891576529,0.36737961278363634,0.414212289640043,-1.3934595334358517,-2.660496536503353,-2.2444022015582066,-2.0994527571658037,66.293244486211,88
702352,FF,7,0.3819859915592851,0.3435729219511212,0.3993202400386818,-1.1811633645372772,-1.5267391604841205,-1.2447777861810279,-1.3175601037341418,77.60996864694091,88
702352,SI,44,0.31987539946037946,0.44939606455298464,0.5228279440951293,1.0881648654889142,2.3971982195254378,2.282882580777338,1.9227485552638965,135.55040461444287,88
702352,ST,24,0.2772769112795257,0.5272405242433761,0.4654064227252597,-0.462966586049132,-0.6122507769101906,-1.3239247923076753,-0.7997140517556659,86.95195825076449,88
702795,FF,6,0.3651069934403272,0.36626009462855796,0.41584604152707455,-0.5910425466918625,-1.1019525719530174,-0.5631296060894221,-0.752041574911434,87.22013941273029,10
702795,SL,1,0.279330625359464,0.5659366027172924,0.5483415775431024,0.34850036591972605,-0.14309281145837927,0.5765967752543952,0.26066810990524736,104.2186224099047,10
702795,ST,3,0.26941268133239454,0.5323392145400551,0.5322204303351153,-0.09000968689650928,-0.494065266801908,0.3551038403958632,-0.07632370443418468,98.75471128745676,10
703231,FC,1,0.3494275354186378,0.4771413192616393,0.4366970158086369,-1.120560565784137,-0.5665656754038721,-1.5859679178244337,-1.091031386337481,82.48346952717668,4
703231,FF,3,0.4034165103942415,0.3180524074104535,0.4033422118618133,-1.9304137177043785,-2.004576238881739,-1.0788814588202693,-1.6712904718021289,71.59883184253638,4
800049,CH,7,0.30508307566944476,0.4969100665845752,0.5340720184616087,-0.12238812724371016,-0.8626768287630192,-0.7476338958025752,-0.5775662839364348,90.20941320114953,158
800049,CU,12,0.3041811586096151,0.4667905395971926,0.4573973180645295,-0.6396650802036293,-0.5956522325994317,-0.5489348507713178,-0.5947507211914596,90.4681019984983,158
800049,FF,73,0.3678697976185163,0.4081924386178275,0.44479606468379534,-0.6876352620704179,-0.31682620977614245,0.6309867949970213,-0.12449155894984637,97.88444572647691,158
800049,SI,9,0.3539744555108323,0.32476395716125817,0.4698837351118123,-0.494347693326195,-0.38765008537022905,0.6159150791698019,-0.0886942331755407,98.36009972925167,158
800049,SL,57,0.26907160426124227,0.6078916005865569,0.5362702956476598,0.7325446828813483,0.8106143531925708,0.26794024780125214,0.6036997612917238,109.7702068072889,158
806185,CH,19,0.2227690651905292,0.6452623739056377,0.6187630967738841,3.866654451020106,1.9557486800753487,1.0888981802144775,2.303767103769977,139.0521961220968,125
806185,CU,30,0.26215700630323957,0.5644387770955995,0.5365905437335049,0.735968931114282,0.8654291086440774,0.788916015958235,0.7967713519055314,112.76962429178337,125
806185,FF,53,0.3578620149204439,0.3848700151411749,0.4436382842465488,-0.33774477277813625,-0.7535070093531606,0.5832312335769535,-0.16934018285144775,97.12230812649003,125
806185,SL,23,0.2612843349242682,0.6255654612178552,0.5610963317650073,1.0240594877424838,1.21237071994619,0.9027293418493142,1.0463865165126625,116.9345978285837,125
808967,CU,64,0.2644918623493171,0.5637395113860345,0.5489179917390216,0.659538897140028,0.85496620519604,0.9971697757896767,0.8372249593752482,113.4179625727722,300
808967,FC,13,0.3467978252346351,0.42986607640840746,0.4687803554788351,-1.0002502958580488,-1.4684384063657703,-0.6464514381867659,-1.0383800468035282,83.32878782409338,300
808967,FF,113,0.3507255641386764,0.44324926335039344,0.4205339969558499,-0.08824132819156857,0.3395653642030079,-0.3697631125720129,-0.03947969218685783,99.32909964155134,300
808967,FS,84,0.2440215183224762,0.6082561841657868,0.5937219435380643,0.8518311305794513,0.5068188786903888,0.24605373075648568,0.5349012466754419,109.5424939444084,300
808967,SI,11,0.349617606096841,0.3140703471932537,0.4234534352233689,-0.2921494593250549,-0.6265939836629213,-0.8459596468897667,-0.5882343632925808,89.12391869133388,300
808967,SL,15,0.2558473248929543,0.62830040155055,0.5891048636711472,1.227592825260561,1.2745404809437166,1.618893231657369,1.3736755126205487,122.23140492170232,300
814005,CH,6,0.3207811418856871,0.489301516591832,0.5011171343570711,-0.883136560817306,-1.0072255167615833,-1.4622629089820602,-1.1175416621869831,81.05604681353341,53
814005,CU,7,0.2558863685332269,0.5466741487075525,0.5465372034112316,0.9412342872408227,0.5996222929058647,0.9569499249005716,0.8326021683490863,113.34387443639237,53
814005,FF,21,0.34182192891932184,0.45572433920343824,0.4111695693531358,0.22304613451283203,0.5731442675165945,-0.7560224439256582,0.013389319367922814,100.22753214794092,53
814005,SI,2,0.3590106882542893,0.3044674687107469,0.48204367163881634,-0.728075616874704,-0.8411659781817542,0.9987750633186514,-0.19015551057926894,96.4841448861049,53
814005,SL,13,0.3258807990176736,0.565838901904963,0.49646933248108777,-1.3940956845076171,-0.14531371407887567,-0.7497501008039454,-0.7630531664634794,87.65083619487756,53
814005,ST,4,0.2553936191115507,0.599071933158607,0.4923696403533402,0.5748368409979292,1.0527712602142805,-0.6463421109675743,0.32708866341487847,105.33674070946914,53
