pitcher,total_pitches,weighted_stuff_z,weighted_stuff_plus_by_pt,stuff_plus_overall,stable
405395,27.0,-0.0644611985790658,100.64051552764916,96.55098663896668,False
424144,73.0,-0.18273437287856767,97.56387958602585,93.77596408831562,True
425794,4918.0,-0.3232498123034445,94.61743701176196,90.47907520858323,True
425844,4551.0,-0.8224490742086684,86.65050653997606,78.76645129990712,True
425877,40.0,-0.5638516255986138,90.57998135733588,84.8338774570552,False
434378,6981.0,0.8278508129705948,113.96676707709551,117.48714539967351,True
434671,1232.0,-0.9163116364028536,85.03748239869138,76.56417061966457,True
444876,24.0,-0.7234536266573812,88.11396687486246,81.089163960607,False
445276,2350.0,-0.3496881252129222,94.36800602245134,89.8587577531712,True
445926,2576.0,-0.5827969859432144,90.57862613052062,84.38936582119308,True
446321,471.0,-0.36433533180893407,93.64239371442964,89.51509293780869,True
446372,3528.0,0.24885815335184414,104.16505087037739,103.9023431262958,True
448179,4604.0,-0.7354558539405466,87.97914069073973,80.80755782662024,True
448281,55.0,0.40406403347282593,106.79683052573068,107.54391121542744,True
450203,7667.0,0.3060732659238425,104.74813880072229,105.2447711837628,True
453178,1181.0,-0.9519938511014887,84.01855470696783,75.72696513302446,True
453268,1895.0,0.21445116494443078,103.59997768730797,103.0950580483729,True
453286,5551.0,-0.0030802080357872044,100.02818747101783,97.9911579537871,True
453343,886.0,-1.0393704704094426,83.32114655317305,73.676862982513,True
455117,30.0,-0.2712754593900156,95.25556362943443,91.69854024995458,False
455119,2007.0,-0.024835064582843156,99.93102192425387,97.48072760589278,True
456034,596.0,-0.3976635041050659,93.33847797254901,88.73311993132162,True
456501,3232.0,-0.7281183419721409,88.34426434019412,80.97971657097284,True
456713,1103.0,0.9836776615118995,116.17705966915702,121.14328316092094,True
458677,555.0,0.6944985095791629,111.49790745981083,114.35832391260156,True
458681,7178.0,0.178701829744872,102.89908200054585,102.25627772530198,True
459429,629.0,-0.14183498288124255,97.71550979007937,94.73557923539066,True
461325,113.0,-1.0863320962995118,81.63202540656165,72.57501066788606,True
468504,786.0,-0.3962357357691053,93.2025306118086,88.76661940702998,True
471911,5591.0,0.2505754806391525,104.08221189553257,103.94263647241893,True
472551,178.0,-1.2202042989873754,79.3566649658931,69.43399087565989,True
472610,2751.0,0.37379500355713474,106.57522760304984,106.8337143250517,True
475479,1151.0,-0.7428609693067738,88.16678241113897,80.63381291571241,True
476595,1257.0,0.5688343334917284,109.00164993196584,111.40988759543167,True
477132,4212.0,-0.13132994381913338,97.77102644589013,94.98205710719448,True
488984,750.0,-0.737349939085451,87.91024780837105,80.76311724217587,True
489119,2557.0,-0.017131395091007716,99.670084296398,97.66147743939662,True
489265,346.0,0.717902155920753,113.07470366137261,114.90743952355925,True
489334,701.0,-0.674558291910037,88.56471899066244,82.23638654382707,True
489446,1876.0,0.037885405526342356,101.02095512083781,98.95232689263958,True
491624,23.0,0.1636282816814354,103.22762329883936,101.90260973556465,False
493603,2848.0,0.025964272418389847,100.47333335111337,98.67262345692971,True
500743,37.0,0.37162902209604154,106.81554569300425,106.78289428547447,False
500779,6045.0,-0.5395489119812962,90.69669139808005,85.4040877243411,True
500871,44.0,-0.17125007529251654,96.1766949059574,94.04541812950822,False
501303,12.0,1.5402866396906962,134.20256736102752,134.2029010792633,False
501381,731.0,-0.9733170898086587,83.88143695115477,75.22666175809795,True
501625,273.0,-0.04405376669825037,99.11588247726208,97.02980260045202,True
501925,450.0,1.5747602454198673,127.21492495137994,135.01174918761333,True
501985,1750.0,0.09163595156021216,101.58506221230446,100.21346643875577,True
502042,1787.0,-0.4318411527152597,92.92040175881075,87.93121581246079,True
502043,7849.0,-0.1978037098077168,96.88151750031221,93.42239490367656,True
502083,144.0,-0.22688710188684297,96.24837428277469,92.74001642396628,True
502085,3067.0,-0.29325607958755456,95.41147409318046,91.18281284949599,True
502154,39.0,-0.48344339170565803,92.11843749991844,86.72048161419006,False
502171,4924.0,0.2627876905345344,104.71963710387233,104.22916939126281,True
502179,2266.0,-0.969812127804861,83.76790737304337,75.3088980611085,True
502202,1428.0,-0.3741590519790144,93.97457133477131,89.28460073055444,True
502624,2900.0,-0.5020190768523082,91.69504860934946,86.28464360205373,True
503285,385.0,0.7544939314253166,113.0586839952929,115.76598587436901,True
503449,769.0,-0.5090249062672946,91.43002341274382,86.12026706673416,True
503556,4.0,-1.8604200551918888,70.0133410988515,54.41272192543496,False
506433,6463.0,0.21444203492811711,103.39993962172913,103.09484383241643,True
506702,35.0,-0.29009461629128575,93.55835440034294,91.25698970314149,False
516853,76.0,0.2406893183115011,104.22811599149904,103.71067919587574,True
517008,877.0,-0.14283701970062293,97.78794266220982,94.71206862288844,True
518397,1217.0,0.1956996250316874,103.18558853301064,102.65509398699136,True
518489,2129.0,0.38956097194771044,106.31282927308723,107.20362845034532,True
518516,3141.0,-0.7920059500458796,86.9731591660731,79.48073293278256,True
518553,1175.0,-0.12476608400404479,98.21778620681198,95.13606378803368,True
518585,2178.0,0.17502353875637183,102.98883903338323,102.16997463500785,True
518586,28.0,-0.7400218820368462,84.34974164536266,80.7004259177222,False
518617,2842.0,0.3379608634222258,105.4753514087826,105.9929442387957,True
518626,11.0,0.27784529586850815,105.11038556858124,104.58246331956111,False
518633,23.0,-0.4980116436061591,91.51991946200425,86.37866929887093,False
518748,277.0,0.027353494803415954,100.09607726604618,98.70521853581509,True
518813,80.0,-0.095439351791532,98.68797071286292,95.82415171421502,True
518876,6656.0,-0.4071410676914136,93.36785459377168,88.51074953471128,True
518886,3119.0,0.8097571811678912,113.25367381896801,117.06261771980813,True
519008,1222.0,1.0924708306998652,119.48757902227472,123.69587802988839,True
519043,2870.0,0.6570832238668921,110.74370489189359,113.48045568757463,True
519076,12.0,-0.06690546952527295,98.64914776977461,96.49363714246589,False
519151,2705.0,1.3591514555809203,121.90845455675091,129.95295832091566,True
519242,3686.0,0.019734125897260247,100.26298002847872,98.5264466320293,True
519293,2444.0,-0.5679437506552072,90.69086180338232,84.73786465128256,True
519326,1878.0,0.11095191360962262,101.84554232778868,100.66667343681011,True
520980,73.0,-1.2020995595841437,80.11195228837268,69.85877917119006,True
521230,1035.0,0.9240514150674233,115.2569642007185,119.74428309624781,True
523260,1767.0,0.9072794137822195,114.70704762294487,119.35076459924586,True
527048,6888.0,-0.531169638096108,91.21996879531734,85.6006891441237,True
527054,1207.0,0.3909561799783299,107.26742776750334,107.23636396937361,True
527055,115.0,0.6235085633873102,110.09790261073317,112.69269937247518,True
528748,934.0,0.17014681267931964,103.44256254092068,102.05555287439036,True
541640,2468.0,-0.48536865207396235,92.30736890462371,86.67530957099801,True
542194,62.0,-0.2260158570550211,95.89118002404959,92.76045828721857,True
542208,42.0,-1.7644959366352322,60.89195179873309,56.66337253765219,False
542585,1771.0,0.12458675383484573,101.88463873248543,100.98658527923436,True
542609,31.0,-0.787100442147967,86.78759864584742,79.59582999616762,False
542881,7263.0,-0.44222374651115387,92.6905692259513,87.68761085226166,True
542882,88.0,0.05690316458794633,100.70320571383212,99.39853720678197,True
542888,2715.0,0.18100506779699582,103.01383556497177,102.310318191976,True
542914,1384.0,0.22858818612572476,103.64866067967577,103.4267524736682,True
542947,1236.0,0.3667092289622611,106.57183769647432,106.66746205012915,True
543037,7650.0,0.8777019507569296,114.50921158503583,118.6567938203913,True
543056,1480.0,0.9839509511532358,115.87421804392149,121.14969530739506,True
543063,55.0,0.2622765973369841,104.42632829659262,104.21717770204769,True
543101,1879.0,-0.8414274680573101,86.177494559126,78.32116460478761,True
543135,6282.0,-0.2022957557508356,97.28179319643114,93.31699882494149,True
543238,389.0,1.7548548866465106,128.94783464636404,139.23727787250172,True
543243,6569.0,1.0958813785426564,117.64820265743833,123.77589911015342,True
543272,1964.0,-1.3867669765369244,77.18731748020693,65.52596025895929,True
543281,101.0,-0.20655080767842254,95.5335619221395,93.21716329483775,True
543294,4832.0,-0.11316307554307661,98.47063135350275,95.40830312146906,True
543305,18.0,-1.6084063209959198,64.28481289118224,60.32567555680242,False
543339,1175.0,-0.13102926037622895,98.11478226158768,94.98911198958527,True
543351,964.0,-1.1403974255544316,81.53482007068813,71.30648541878054,True
543475,5877.0,-0.571995117676774,90.32574721371647,84.64280814407034,True
543507,1301.0,-0.003882854856890384,99.78506904505083,97.97232559351637,True
543510,24.0,-0.6900753472123949,88.13724049669993,81.87231262225714,False
543518,1813.0,-0.5596245158089799,90.1505000433304,84.93305738572276,True
543521,2195.0,-0.2049386459547809,96.75605802279527,93.25498915995804,True
543543,39.0,-0.3968360070564378,91.4675815085941,88.75253534808152,False
543548,401.0,-0.6819573570552739,88.86744268895366,82.06278358818327,True
543594,73.0,-0.6501845636217625,89.29383597734133,82.80826301576589,True
543606,1904.0,-1.2127467620339902,79.86878704882172,69.60896574498699,True
543766,1838.0,-0.7801710559087741,87.47332800872464,79.75841295878634,True
543829,28.0,0.7173019686971978,115.92792423849765,114.8933574369843,False
543859,2318.0,0.5000690460309467,108.14982492060373,109.79645982928034,True
543901,309.0,1.1696854748420118,120.9752276191349,125.50755155606225,True
544150,1337.0,0.0652375212687919,101.17731175510357,99.5940847421508,True
544365,718.0,0.21065233472248307,103.3435054587488,103.00592676738349,True
544727,1134.0,-0.14968689502087326,97.6167700071742,94.55135121088504,True
544931,83.0,0.08948471083087488,101.41391968963923,100.16299225835817,True
545121,46.0,0.5613349093182076,109.70850914958312,111.23392993367382,False
545341,10.0,-2.3469424534069097,62.53915885361287,42.99753302533281,False
545343,568.0,0.31968628563194496,105.23096644422449,105.56417105525674,True
546276,28.0,0.1372193119173995,102.16055168649947,101.2829807531795,False
547001,864.0,-0.10813866548720712,98.1901780253702,95.526189965137,True
547179,5711.0,-0.18621074037985633,96.856254864637,93.69439869305533,True
547184,832.0,0.5397454431769778,108.74624295294828,110.7273801115923,True
547943,1225.0,0.02012419333045941,100.45795439624906,98.53559871516069,True
547973,2611.0,1.1141570989892076,118.80847678219206,124.20469910363417,True
548384,1999.0,0.12572836555142033,102.03933415931398,101.01337071284047,True
548389,4708.0,-0.3352821119500267,94.71592835910704,90.19676349205736,True
552640,1211.0,0.8705948255265505,114.22833324694676,118.49004059928758,True
553902,23.0,-0.3146402468293584,94.45088718797746,90.68107991914756,False
554340,2754.0,0.37895934384166824,106.5623966838276,106.95488432690289,True
554430,8666.0,0.556228788830124,109.07253505490873,111.11412593260007,True
554431,892.0,1.09100814338262,117.87740017382002,123.66155925630387,True
570257,1293.0,0.5405644948684828,108.78677763340798,110.74659737643309,True
570488,310.0,-0.12851315078290634,97.49171557014436,95.0481470235457,True
570560,15.0,0.9640236920878927,119.71203109753782,120.68214555567401,False
570632,3778.0,-0.6645247771123418,89.33007086248901,82.47180112528903,True
570663,422.0,-0.5305699202451031,91.3028969316107,85.61476021789359,True
570666,1698.0,-0.522639412314435,91.45375854420192,85.80083232153049,True
570731,17.0,-1.9796888480329107,70.36326159144687,51.61433935319888,False
571439,51.0,-0.4330886486615965,92.99048202431443,87.9019460359165,True
571446,149.0,-0.2866191104226627,94.94677371011086,91.33853488206707,True
571466,60.0,1.0349353688977017,117.86082958275662,122.34593367514557,True
571479,1647.0,-0.34755832702734674,94.46493423451219,89.90872883096051,True
571510,1441.0,-0.3688461133404583,93.88810981865932,89.40925726927964,True
571527,83.0,-0.6663991132331452,89.16150987237003,82.42782390870096,True
571539,623.0,-0.4330135714017485,92.13991753175713,87.90370756037336,True
571578,7592.0,-0.533579044854538,90.89214525884748,85.54415765988873,True
571616,102.0,-0.6551509732409444,89.05709105933028,82.69173702607611,True
571656,2875.0,-0.06753199613994854,98.81326271825156,96.47893705941996,True
571670,2619.0,0.48409371520658484,108.47569043156645,109.4216334702663,True
571704,67.0,0.2183313030192529,103.49294685927795,103.18609704112038,True
571710,1179.0,-0.2706971333022757,95.62662876273163,91.71210941256996,True
571760,5919.0,0.07207338793720354,101.01343230494557,99.75447347163608,True
571771,9.0,0.5921113133750292,110.22583656804444,111.9560312537023,False
571800,1759.0,-0.6521292032982954,89.22229960197235,82.76263627929558,True
571863,769.0,-0.5488981031483713,90.94653615615094,85.18472930707834,True
571875,8.0,-0.2001586147694344,96.1306054911917,93.36714218544935,False
571882,2336.0,0.16314112592297442,102.68239592011497,101.89117968624522,True
571901,1818.0,0.5648399235782824,108.72220181925604,111.31616746276416,True
571912,80.0,-0.3433343547928431,92.3885846896328,90.0078351437275,True
571917,61.0,0.36114371165719034,105.75577433047718,106.53687930286559,True
571927,3420.0,-0.5505062405802819,90.26703522504084,85.1469978632025,True
571945,8355.0,-0.518773726977062,91.63214862356452,85.89153221225774,True
571946,1438.0,-0.7091979370021012,87.96500690345744,81.4236426832995,True
571948,2937.0,0.26310337056988375,104.94762394678679,104.23657613604728,True
571976,43.0,-0.0688123451422966,99.71137213496206,96.44889645743847,False
572008,19.0,-0.04210527523999987,99.0142154112098,97.07551971059488,False
572020,3383.0,-0.12402427409140668,97.81834135715788,95.15346874269108,True
572070,708.0,1.078037626697419,117.47129530014091,123.35723431949376,True
572096,20.0,-0.37509587365681707,93.95251289055662,89.262620249374,False
572125,295.0,-0.3564019295804875,94.21843418940023,89.70123294984198,True
572143,629.0,0.21817828831830177,103.46216564124742,103.1825068842802,True
572191,37.0,-1.8383774734388516,70.14407190246416,54.929903118901116,False
572193,1159.0,-0.6960555382330427,88.60126053502029,81.73200045901483,True
572362,40.0,-1.1527019010818416,81.12772231301228,71.01778768774618,False
572383,25.0,0.4658498952386948,107.48141579787456,108.99358195206902,False
572403,1546.0,0.10549167476994062,101.71804538369578,100.5385608195425,True
572703,289.0,-0.1402959132484862,97.5819111829268,94.77169015372203,True
572816,18.0,0.0267300996778081,101.28472720213516,98.6905919263428,False
572888,105.0,-0.6140158799683328,90.21553196983754,83.65688243737259,True
572955,2095.0,0.6573468718772425,110.52776457490542,113.4866416141678,True
572971,2131.0,0.9600964094920063,116.76293038890707,120.59000041937483,True
573009,2203.0,1.1894998674533819,119.65680087779941,125.97245314215452,True
573124,2691.0,-0.9713794975181226,83.80827830647871,75.27212314299821,True
573131,14.0,-1.493700485944127,74.2036054609232,63.01699825821171,False
573186,6394.0,0.3114558507336935,105.0295307170224,105.3710618182756,True
573204,2101.0,0.5102961541786988,108.39857103744461,110.0364166572428,True
573668,234.0,-0.0011659632910102644,99.91585152955652,98.03607153935442,True
579328,6921.0,0.34979638335967567,105.60264849201404,106.27063894784219,True
592094,2630.0,0.34486324861776213,105.66529324946337,106.1548936807071,True
592145,17.0,0.9434180530713782,115.34590863509155,120.19867909525243,False
592155,559.0,0.78453474184824,112.86343717038763,116.47082809118771,True
592169,154.0,-0.5839792619860761,90.07384801587477,84.36162628769812,True
592222,54.0,1.2222165414950894,121.84464531334139,126.74007867335176,True
592229,735.0,-0.32519424142820436,95.01024036579307,90.43345341225191,True
592230,3.0,-1.3785249305681389,77.36766118442654,65.71934192443285,False
592254,312.0,0.4623331667065581,107.69916966305965,108.91106957308708,True
592288,192.0,0.19547650722117194,104.24315966866897,102.64985901330186,True
592332,8131.0,-0.00543306373537361,100.21688573252469,97.9359533170345,True
592346,451.0,-0.23178563073931135,96.13439245492167,92.62508310868895,True
592351,6055.0,-0.24935645650407717,95.89268129282236,92.2128219343392,True
592390,453.0,-0.050511888726250884,98.99528708757025,96.87827682659245,True
592426,1114.0,1.424518342975952,122.78944039724232,131.48665002794414,True
592454,1319.0,0.9933169548543136,116.38276294541171,121.3694481941668,True
592473,410.0,1.2025231272477408,120.98093904749973,126.27801558119768,True
592527,41.0,-1.1707059096160222,80.53900700011297,70.59536282276413,False
592662,3384.0,-0.5170439809243619,91.6275416325998,85.93211693767475,True
592712,54.0,-0.9531985911242659,84.86688479218365,75.69869853114555,True
592716,1734.0,-0.3581291916967495,93.62708178812557,89.66070650458589,True
592717,1070.0,-0.32202061136697446,94.3269640333373,90.50791573254979,True
592741,1303.0,-0.1803693707851265,97.34629830069711,93.83145371375694,True
592743,25.0,0.7698596618874682,119.88782738102725,116.12650928800227,False
592761,1234.0,-0.4068962393593348,93.47942877719962,88.51649389852481,True
592767,4850.0,-0.7143670486978654,87.64789902588491,81.3023607306713,True
592773,2603.0,1.817648837760976,130.28966252504688,140.71060123106702,True
592779,811.0,0.7378443692429386,112.22854087403695,115.37534014436123,True
592789,3631.0,-0.355093840283251,94.04314118336873,89.73192441745157,True
592791,7001.0,-0.20013310575488355,96.59377643009871,93.3677406989419,True
592804,362.0,0.03945098303967795,100.71657682677092,98.98905976068028,True
592826,2019.0,-0.2426942493429174,95.94561208346981,92.36913612154882,True
592836,6304.0,-0.46038397493220157,92.92826406396934,87.2615206277297,True
592848,435.0,0.5468609713227431,108.90419455530713,110.89433048881214,True
592858,1134.0,0.2024707683807036,103.5449544099863,102.81396412469164,True
592866,5053.0,0.1034837840379822,102.14425632786981,100.4914500347561,True
593140,61.0,-0.6171954186934137,90.00706376438924,83.58228148314078,True
593160,13.0,1.2722473858912196,130.2420070014546,127.91394351844166,False
593334,2819.0,-0.20561632411462422,96.44344949129464,93.23908891726322,True
593423,3978.0,0.48275897113428246,108.25727650238187,109.39031660638804,True
593576,2984.0,-0.013651506749401928,100.06056977513337,97.74312544350997,True
593619,692.0,0.7006148344423778,112.02402668015145,114.50183016009221,True
593643,185.0,0.0744916860541937,101.66378594659838,99.81121357224292,True
593833,193.0,-1.0877615051011957,82.73310232842364,72.54147270222086,True
593934,3.0,0.10128430653190446,108.78237077309105,100.4398440834052,False
593958,3926.0,-0.3621067769802549,93.93925479159437,89.5673811252322,True
593974,2411.0,-0.2886233345766637,95.21399560917268,91.29151012555019,True
594311,466.0,0.0015796106099707833,100.0795248978747,98.10049045374332,True
594577,1399.0,-0.581567449966564,90.48478076840883,84.41821420614808,True
594580,2198.0,0.4224875360245066,106.85985525963166,107.97617859427893,True
594798,1490.0,0.8161832274000187,113.34139641068406,117.21339090494752,True
594835,4223.0,-0.32445923295887985,94.65365572055671,90.45069878584889,True
594838,5.0,-0.25162722664162274,95.98480693062436,92.15954325659715,False
594902,2923.0,-1.450564163148471,75.52703416928635,64.02909816352907,True
594943,462.0,0.32532366437061405,105.8865916062171,105.69643987461515,True
595014,557.0,-0.05443340696296975,99.52791221343813,96.78626693843196,True
595191,83.0,-1.624551569886406,74.00373616751395,59.94686244028357,True
595345,2610.0,-0.48819271903372224,92.05049582693732,86.60904898786664,True
595411,122.0,0.8043471306425453,113.8515609844493,116.93568266207492,True
595881,1380.0,-0.050613225975232344,99.03256429550439,96.87589916865937,True
595897,320.0,1.179858277366142,119.20449742864969,125.74623422079141,True
595928,371.0,-0.5851851330239876,90.35930739262837,84.33333314901134,True
595939,83.0,-0.04918948341163759,99.28053947535038,96.90930418838339,True
595978,71.0,-2.0601745435438326,59.652495731268345,49.72591772783472,True
596001,3631.0,-0.2376572485775943,96.01474073091225,92.48731837880372,True
596043,119.0,-0.5551111314182231,90.97137178796997,85.0389541246772,True
596057,1269.0,-0.491346794486287,91.8751407836402,86.53504547389011,True
596071,634.0,-0.23600417232940518,95.73195033515358,92.52610421417037,True
596082,336.0,-1.5598925665845946,74.74766103872055,61.46394518814978,True
596112,1719.0,1.0702697475280871,117.05381477189334,123.17497794569387,True
596117,107.0,-0.09987916809922454,98.13709757647096,95.71998109016974,True
596133,4005.0,-0.13613153332354036,97.93934489963767,94.86939826267951,True
596271,818.0,-0.05746456951182051,99.68749401311109,96.71514730815595,True
596295,6126.0,-0.7471387480434034,87.55589377874702,80.53344415051143,True
598264,1412.0,-0.3220637206671885,94.72809685228088,90.50690426667052,True
598265,30.0,-0.5543757267364787,87.78642842775322,85.05620879453605,False
598286,946.0,0.09157385240911001,101.91143515524345,100.2120094173669,True
598287,837.0,0.086247937171705,101.53054365510346,100.08704841100015,True
600887,13.0,0.2166732050869677,103.29856642274805,103.14719338286878,False
600917,2843.0,0.14552026862611353,102.68098434699606,101.47774463091501,True
600921,1771.0,0.008254727874967057,100.24301509940355,98.25710754843377,True
600986,773.0,-0.14089542691005028,97.79944368173166,94.75762387081285,True
601713,7206.0,0.7021822234383914,111.54381981258632,114.5386055306303,True
605121,532.0,0.20827083014521114,103.23605486502343,102.95004994708547,True
605130,3195.0,0.7685351486563171,112.34686099361986,116.09543246853877,True
605135,8552.0,-0.47171326876624936,92.15121952254236,86.99570341212997,True
605151,454.0,-0.6203763437448531,89.70589337498001,83.50764800177905,True
605154,2569.0,-0.23769678310771855,96.12362587217568,92.48639078712223,True
605155,547.0,0.04798812184225267,100.68304008479191,99.18936513707266,True
605156,557.0,-0.0026034199081085875,100.17573650302485,98.00234474922085,True
605164,2180.0,-1.3854475314287418,77.46145612533128,65.55691816595078,True
605170,14.0,0.08836931233034817,101.96226941125279,100.13682186079967,False
605177,2500.0,0.3843402087655928,105.4169176729944,107.08113460803668,True
605182,4404.0,-0.3299584186479606,94.43358844860006,90.3216723655486,True
605194,741.0,-0.4546994406767309,92.66099781012622,87.39489584863087,True
605195,313.0,0.4497103224953802,107.03290254000008,108.6149020139864,True
605200,3871.0,-0.4770455454849357,92.22306863228503,86.87059314745409,True
605218,1597.0,0.7475767333909651,112.46738678650179,115.60368888144282,True
605240,83.0,0.2862284549171108,104.34402102811426,104.77915589624513,True
605242,1993.0,0.5210759350937249,108.47565073029097,110.28934074850396,True
605280,2906.0,0.7796664788105393,112.94729287030245,116.35660489736432,True
605288,4899.0,-0.4266360283003414,92.81608507141075,88.05334272514317,True
605347,2842.0,0.5773022537262797,109.7421244613913,111.6085689088163,True
605397,5511.0,0.442547872577143,107.25099597199821,108.4468507195256,True
605400,9190.0,-0.034169301843251024,99.13589923251637,97.26172004949485,True
605441,62.0,0.5116685956178145,108.36735051386384,110.06861800776501,True
605446,208.0,-0.491533041642139,91.82960714120746,86.53067558984375,True
605447,2222.0,0.6955926784052479,111.20779465067756,114.38399620206694,True
605452,764.0,-0.5109510233022327,91.44293592065996,86.07507492372451,True
605463,1543.0,-0.040557989776133736,99.24368480735765,97.11182339551712,True
605483,6634.0,0.7802713019469887,112.69079387433901,116.37079575554279,True
605488,2564.0,-0.15700592913294925,97.40741176080073,94.37962600920437,True
605498,626.0,-0.6828304351053747,88.7533020354018,82.04229871245504,True
605507,2105.0,0.2718463359920965,104.41281520567674,104.44171078597867,True
605513,1682.0,0.6799118092212224,111.19258815515495,114.01607874439148,True
605521,655.0,0.06148505436170539,100.8945390593608,99.50604127541025,True
605525,488.0,0.5293514934669503,108.75098462376911,110.48350870959018,True
605538,777.0,-1.6509946066754917,73.53882233895328,59.32643414932056,True
605540,3581.0,0.3984118866159556,106.56451488601493,107.41129589432607,True
605612,79.0,-0.09421911516519407,98.37701369145479,95.8527819101599,True
606115,10.0,-0.014994435131780759,99.4076886936964,97.71161655261325,False
606131,285.0,0.3195371100419036,105.59430236928054,105.56067097479621,True
606149,2360.0,0.7120352487757808,111.60666260268158,114.76978531983723,True
606160,3318.0,0.06823285783546162,101.31569243937929,99.66436379374917,True
606273,114.0,-0.2853564568627742,95.51569642751134,91.36816029901476,True
606303,2720.0,0.11230991253302788,101.9610053568296,100.69853592514298,True
606424,1015.0,-0.4614023974674161,92.00878282163663,87.23762556007762,True
606625,689.0,0.17298194603634226,102.81810421726554,102.12207310644162,True
606930,1299.0,0.7436327226024935,112.16428208588434,115.51115125452242,True
606965,1490.0,0.43916644792493836,107.26421027663392,108.36751295152563,True
606993,28.0,0.4960326991578645,111.01456791810257,109.701755737153,False
607054,51.0,-0.6709411706519041,88.32056764863738,82.3212544195665,True
607067,3899.0,-0.32611968411914793,94.59449778506294,90.41173991422572,True
607074,6396.0,1.2687307152377734,120.88016007881549,127.83143249745719,True
607179,2406.0,0.2849741880534323,104.75724840656139,104.74972725486592,True
607188,71.0,-0.061298312643757055,99.24947679538535,96.62519687174012,True
607192,3991.0,1.3391054336464467,121.62155297698307,129.48262205702082,True
607200,4473.0,-0.2390091252740761,95.86826334486783,92.45559953519734,True
607216,1071.0,0.1837014718187359,102.91611421505381,102.37358344219281,True
607229,207.0,0.2655825956418692,104.91100989625356,104.29474575501327,True
607237,1415.0,-0.38897608989564714,93.73816158923809,88.93695119298148,True
607259,4802.0,0.08087513176520979,101.54191403604611,99.96098722889704,True
607359,316.0,-0.939645778769459,84.52945040183981,76.01668576816765,True
607391,135.0,0.31684611458052375,106.24613994151751,105.49753262467364,True
607455,1243.0,0.3902075902953446,106.23260516783526,107.21879994216481,True
607457,295.0,-1.1872716216300008,80.78049764738951,70.20668445441349,True
607461,22.0,1.599879268239217,135.52584112035893,135.60111237319504,False
607481,2242.0,0.8888879014095686,114.45151127681086,118.91924780030172,True
607536,6299.0,0.22014389483801636,103.6061001062339,103.2286255620803,True
607572,58.0,-0.9454696025774075,84.57414460883489,75.88004242115517,True
607609,41.0,-0.6684542275785801,88.89689399423543,82.37960512463157,False
607625,5605.0,-0.1390357845871562,97.49511636874061,94.80125632942183,True
607644,794.0,-0.7125677139627528,88.42396596815563,81.34457820302444,True
607732,92.0,-1.4801903136788044,75.44699709898894,63.333985038362826,True
607755,1033.0,0.07955748407434429,101.49111701650367,99.93007149438985,True
607968,350.0,-0.5941372490218287,90.56960779566909,84.12329123614997,True
608032,2697.0,0.5461325299039547,109.1405996340382,110.87723919675933,True
608328,1472.0,-0.23563512919945054,96.40669171725843,92.53476300779667,True
608331,6003.0,0.9683512928957864,115.88841540522026,120.78368328731305,True
608334,1102.0,0.06452934388648275,101.02878711929101,99.57746890159855,True
608337,5943.0,-0.5796774644982035,90.46765509503345,84.46255860060748,True
608344,5523.0,-0.5120736136047355,91.40776941907501,86.04873578618941,True
608348,120.0,0.8208543573853224,118.22733881383417,117.32298880086104,True
608349,795.0,0.7476904985201503,112.40044099484953,115.60635813252901,True
608371,1829.0,0.5221558849125423,108.63728106659032,110.314679419919,True
608379,5924.0,-0.33420705198002937,94.62207937407025,90.2219874338152,True
608566,3279.0,-0.2749305293300957,95.37179828803329,91.61278199100869,True
608638,1329.0,0.4014038230378365,106.29870160215968,107.4814951689292,True
608648,961.0,-0.21153991888460005,96.39133144177312,93.10010466183117,True
608652,285.0,-0.7182217480637063,88.206224617432,81.21191860184923,True
608665,2148.0,0.12071481502270633,101.77157829618396,100.89573866433571,True
608678,1993.0,0.4125312890566896,106.6517508840393,107.74257693423066,True
608686,13.0,-0.6615934645259307,88.6572233440762,82.54057799357278,False
608700,18.0,-1.2430551218402668,75.64570246991794,68.89784606435103,False
608703,21.0,-0.5408994579784513,89.29756343367664,85.37240010269744,False
608716,302.0,-0.004345348071138385,100.02817510234634,97.9614741971058,True
608717,3315.0,0.4950915615735904,107.9310335666538,109.67967399262307,True
608718,3039.0,0.18575476484891598,103.04718414051037,102.4217594930648,True
608723,3086.0,-0.2583970774773043,95.75074748193084,92.00070344490842,True
611093,191.0,-1.1435539191936934,81.2075211536721,71.23242516731761,True
612434,1981.0,0.2597562580036737,104.09335716632683,104.15804342644671,True
613534,1158.0,-0.4401746425636785,92.71521446472211,87.73568861542773,True
613564,25.0,0.22838038231753066,105.07126089967328,103.42187680970412,False
614177,10.0,-1.2542706119978395,79.606350864261,68.63469900426574,False
614179,2477.0,0.657204887267556,110.87951828233876,113.4833102544063,True
615698,6976.0,-0.31996273701319106,94.45594190540163,90.55619927420645,True
617228,838.0,0.14393444858038137,102.42385779489716,101.44053681592024,True
620443,37.0,-0.005669298405977408,100.31676744514519,97.93041058477883,False
620454,39.0,0.71917962043942,111.70291037013074,114.93741244741076,False
620982,277.0,-0.1951900988554555,96.81173274798441,93.48371759476107,True
621011,26.0,-0.3846300722256676,91.45916375862546,89.0389210361953,False
621016,2210.0,0.3773777447325163,106.2132689292936,106.91777554699586,True
621051,2435.0,-0.3022560628697784,95.05714429699925,90.97164783501512,True
621053,428.0,0.29115736031570855,105.05182308043656,104.89480193104673,True
621057,396.0,0.8461144362891551,113.96460720745642,117.91566156038176,True
621074,1611.0,0.31070115073477317,104.94354602697356,105.35335442580572,True
621076,3409.0,-0.6661851272898981,89.23959432237342,82.43284462300537,True
621079,154.0,-0.5133343637282488,91.48506564210668,86.01915502923242,True
621082,298.0,-1.2098030120932124,79.51055219051833,69.67803442871447,True
621097,261.0,0.5724937612850771,109.31041735439663,111.49574810191733,True
621107,5733.0,-0.21409298978029473,96.88147117457918,93.04020241137644,True
621111,1697.0,0.23958742299438415,103.83889044832429,103.6848256211191,True
621112,4514.0,-0.39274804042631783,93.37465500217799,88.84845058542997,True
621114,359.0,0.700769248458593,111.18968353541847,114.5054531488187,True
621121,1025.0,0.38082204875046327,105.77798430835908,106.9985886424227,True
621139,123.0,0.23821458734427586,104.35061743296792,103.65261502129415,True
621142,70.0,0.39767689020963853,106.7662183590439,107.39405080376132,True
621199,371.0,0.21313622530642623,103.83466656196762,103.0642058524306,True
621219,342.0,-0.02917128744201103,100.44256752644574,97.37898757659106,True
621237,2734.0,1.3573742001298832,122.0236724197129,129.91125889089608,True
621242,1539.0,0.35339325722653814,105.78392787086888,106.35503176262463,True
621244,7957.0,-0.1585268229544726,97.24885226322786,94.34394154671429,True
621248,514.0,0.13833365483528653,103.04962111499361,101.30912638378939,True
621249,1360.0,-0.04192956628696089,99.48143664537041,97.07964233865421,True
621294,438.0,-0.03941785292937094,99.42610948705075,97.13857422451392,True
621295,983.0,-0.6161116566009252,89.7871620995165,83.60770960125808,True
621345,2712.0,1.3720170719377982,122.41646925605276,130.25482199989287,True
621348,119.0,-0.016958495231387007,99.36619252783007,97.66553415819439,True
621363,2406.0,1.1646302523759888,119.30581629367678,125.38894176626961,True
621366,1020.0,-0.07499306399967726,98.57539527944496,96.3038793450624,True
621368,2098.0,0.22916048511971002,103.79017578559979,103.4401802236498,True
621381,2969.0,-0.0028796463267335734,99.80571002326222,97.99586369766111,True
621383,2693.0,-0.5518612187597566,91.13943395445399,85.11520625004971,True
621389,2970.0,-0.8775225250726344,84.6933556195429,77.47427267195663,True
621433,66.0,0.3219385706443457,106.96909868038784,105.61701601977995,True
621550,13.0,-4.38098306618174,22.88490416928772,-4.726801785338083,False
621593,260.0,0.272803075823269,104.3214049523391,104.46415860326552,True
622065,1410.0,0.4055605957646777,106.68467433918694,107.57902479154426,True
622072,4797.0,-0.4463642579086935,92.03249072995919,87.59046276633724,True
622075,1619.0,0.20362489526733793,103.36398332965186,102.84104319951729,True
622088,137.0,0.2233763493489294,103.59385294878314,103.3044680700274,True
622098,2246.0,0.411632297501664,106.96249934911492,107.72148405452386,True
622103,280.0,0.38183865334876815,106.45945487384729,107.02244105614288,True
622110,29.0,-0.18693053004139898,99.87228357694156,93.67751039565115,False
622250,1677.0,1.2491082091674148,120.50902788242232,127.37103311130693,True
622251,1548.0,0.9630650907724134,115.63800987998799,120.65965406271042,True
622253,1613.0,-0.13337112433167456,97.86243095756957,94.93416525017957,True
622259,440.0,0.2603146168441011,103.95640920967777,104.17114410107321,True
622268,21.0,-0.42692377336450427,94.10804572113018,88.04659141364232,False
622338,22.0,0.6637921333524652,110.55853389559944,113.63786564315423,False
622379,60.0,-0.28182187479482035,95.29445116330143,91.45109157234695,True
622491,8130.0,0.6819481978212065,111.43082418498932,114.06385816961037,True
622503,1417.0,0.15362869210783867,102.5031727868458,101.6679911356299,True
622554,2751.0,0.9183013084221038,115.54339819259737,119.60936936197191,True
622569,71.0,0.4965887664779881,108.80849818381553,109.71480264624428,True
622608,1641.0,-0.9552107286077294,84.47974682931917,75.6514881055804,True
622663,5617.0,0.49132500165867454,108.10303582988747,109.5912998641347,True
622694,1346.0,-1.2430695781588739,79.66396150182857,68.89750687830676,True
622766,352.0,0.07942152708772167,101.30529472324521,99.92688155968123,True
622772,576.0,1.0675121134820893,117.98924022050743,123.11027606625746,True
622780,546.0,0.31898374689790393,105.21764846875475,105.54768751331059,True
622786,654.0,0.15581869960669276,102.71236133120105,101.71937489387778,True
623149,2723.0,0.43875059565105085,107.32201630272144,108.35775588324186,True
623167,5869.0,0.18151476437103253,102.88783174448744,102.32227711246087,True
623211,2244.0,0.2599398322591737,104.42681604567063,104.1623505967053,True
623352,2876.0,1.104303153115911,118.74804407073313,123.97349771605623,True
623354,14.0,1.5660641185030735,125.11988171097175,134.80771350124274,False
623381,59.0,-0.8415801281414185,86.22752841505657,78.31758276825964,True
623433,1141.0,-0.33643728325369593,94.49782164252004,90.16965991225972,True
623437,1171.0,-0.2157440873963808,96.69731415774193,93.00146300030455,True
623451,1297.0,-0.45391095596329883,92.54073228382474,87.41339592587643,True
623454,54.0,0.8076590245304827,113.2656334473505,117.01338904206196,True
623465,2545.0,0.42736262495886057,107.08103078014643,108.09056194290713,True
623474,1668.0,-0.04029374381869576,99.54471263083946,97.11802335163694,True
623485,375.0,-1.1492569196557159,81.14064809466528,71.0986166770812,True
623507,18.0,0.28053920435849145,106.22946456018548,104.6456700175581,False
623520,15.0,-2.063287022952379,54.93108821157055,49.65289017447523,False
624133,6934.0,0.23620107638404747,104.03770864805168,103.60537237008681,True
624418,45.0,-0.2686918404786021,95.76277737191643,91.75915924309419,False
624431,43.0,0.11953399332059331,103.0201555086989,100.86803325378028,False
624503,85.0,-0.025219813219894756,99.43998581935425,97.47170031673382,True
624512,7.0,-2.432967632398499,61.177353873812386,40.9791394797183,False
624522,2679.0,0.36930312008248445,105.9600839214272,106.72832205828556,True
624647,932.0,0.029990660294749012,100.24394929278768,98.76709388287999,True
625643,3816.0,0.31790967267492853,105.35072212867694,105.52248669996062,True
628317,3443.0,-0.6996891027938783,88.83949719675859,81.64674677697505,True
628452,2485.0,-0.030598998433205005,99.51737983971331,97.34548944635281,True
628708,2031.0,0.460758012111001,107.78409107718925,108.87411199966165,True
628711,4550.0,0.2824611655202477,104.63500884904137,104.69076465205099,True
629498,40.0,0.33148094868858013,105.61852476155136,105.84090714654157,False
630023,2154.0,0.031465197547424745,100.742676042127,98.80169068940171,True
640444,1609.0,0.4785817168272496,107.71704958806741,109.2923064280828,True
640448,2879.0,0.39954847947509997,106.83614892707654,107.43796357136878,True
640451,2509.0,1.2337340325745898,120.68113425605924,127.01031152760493,True
640454,202.0,1.7515096655890754,129.91346528308685,139.15878954303668,True
640455,6662.0,-0.7003516699656467,88.1282833119797,81.63120108071833,True
640461,26.0,-0.21741261049539076,95.17228205193115,92.96231473821167,False
640462,2901.0,0.25096737856046325,103.99716083674983,103.95183150396882,True
640470,1484.0,0.07180526496881032,101.13114852086711,99.74818254989455,True
641149,264.0,0.4298919890478955,106.75778814238085,108.14990796475401,True
641154,8269.0,0.29473834136628724,104.71088458638786,104.97882185549422,True
641302,3350.0,-0.5403709562881912,90.93136123334878,85.38480024429518,True
641312,184.0,0.3501412369337166,105.67988168622979,106.27873018620036,True
641329,2296.0,0.8395814404086641,113.96618913374033,117.76237903457617,True
641343,56.0,0.7992991750528481,117.82411968578002,116.81724337371507,True
641360,2364.0,0.41710233276327896,106.91690821863766,107.84982652350503,True
641386,32.0,-0.9606645399524261,84.46082628962799,75.52352629548975,False
641394,160.0,1.1977013627796236,119.6596526063804,126.16488337508076,True
641401,1626.0,-0.17470741824186142,97.3016013657651,93.96429910394228,True
641409,20.0,-0.3786964655048235,93.70318964805504,89.17814020025816,False
641420,75.0,0.07080053663764256,101.15974061075579,99.72460878692775,True
641427,107.0,0.1539096807601425,102.34118412293653,101.6745839226354,True
641447,781.0,-0.18349953849461217,97.02018588718053,93.75801114292388,True
641461,12.0,-1.1136900759158463,81.37326915409568,71.93311523533995,False
641464,54.0,-0.6429308007567792,89.09772254636066,82.97845676973101,True
641482,6071.0,0.08188009634024317,101.47726667615109,99.98456653481183,True
641501,717.0,0.42638426262119883,107.93650299806886,108.06760680057836,True
641525,7.0,1.4415921644740577,132.0110243392454,131.8872500791701,False
641531,23.0,-2.485436841555371,60.34010741295009,39.7480637139116,False
641540,6695.0,0.05060485182634438,101.15413263848058,99.25076100944884,True
641541,8.0,0.26603225320836765,104.09559796141275,104.30529599089299,False
641582,768.0,-0.2804982041335484,95.58197015930818,91.48214862274254,True
641585,2800.0,0.3309397234944425,105.27340796279908,105.82820847562479,True
641627,1738.0,-0.03584998558730555,99.85264050010852,97.2222864643401,True
641645,55.0,0.5027503149581195,111.16373476860505,109.8593699674527,True
641656,1592.0,0.6928125610194166,111.43477075724425,114.31876680000825,True
641672,584.0,0.20823194553293461,103.13747682791868,102.94913760431139,True
641682,173.0,0.5270238841655982,108.285984545193,110.42889642460999,True
641703,1189.0,-0.0675898779111983,98.55795115586614,96.47757898966796,True
641712,5255.0,0.325159220213509,105.49669152226106,105.6925815504686,True
641726,941.0,-0.15628755641876294,97.98379911244812,94.39648106102358,True
641729,2568.0,-0.28546942274218134,95.38253587440148,91.36550980058462,True
641743,281.0,0.6647576942192379,110.88455428585792,113.66052042683776,True
641745,3830.0,0.31385931007206913,105.1736710966359,105.42745375924673,True
641755,1607.0,0.020061343573160327,100.47740610161387,98.53412408243149,True
641771,3717.0,-0.4607567540129493,92.0966614469146,87.25277417815131,True
641778,3545.0,-0.537498046397107,91.32076474208156,85.45220682047753,True
641793,4038.0,-0.5924558780669542,90.46887178110542,84.16274094521054,True
641816,2715.0,-0.9896776230208245,82.97679701518607,74.84279746365137,True
641835,2122.0,0.5683165476436125,109.30959462780991,111.39773887774112,True
641853,135.0,-0.38862781556063053,93.54774638073725,88.94512269204886,True
641871,1097.0,-0.2246782981902297,96.31131880882046,92.79184119407469,True
641907,142.0,0.5613490610217593,109.31895972733318,111.23426197258897,True
641914,33.0,0.019917486829560016,100.20964863980916,98.53074879712341,False
641927,5071.0,-0.6248782009533709,89.66846082369432,83.40202172306083,True
641941,2545.0,0.4189944954043462,106.51119695490328,107.89422200058222,True
641974,33.0,-0.44651445050278665,92.6466974979597,87.58693882409068,False
641995,9.0,-0.7705067063053002,87.16658630271978,79.98516588264972,False
642016,97.0,0.487271831011969,108.03941750668865,109.49620103878516,True
642028,603.0,-1.0463278730559713,82.78538566660238,73.51362267588873,True
642048,1317.0,0.09255768191086673,101.38853209495335,100.23509283479896,True
642060,71.0,-1.7353046512463774,71.31247209980356,57.348282498988226,True
642068,37.0,-0.5598953121703134,90.79512106095336,84.92670373863596,False
642086,15.0,0.6108922076687582,110.55018496556906,112.3966840517283,False
642100,1439.0,-0.02193799457911936,99.52747168956921,97.54870104652092,True
642121,811.0,-0.44516999766825444,92.59767263477754,87.61848348293839,True
642130,336.0,0.8907573474426813,114.73590750690045,118.963110281628,True
642133,13.0,1.965611812927421,136.22156142637016,144.18223032346418,False
642152,1005.0,0.27716632545220493,104.62092225915019,104.56653275688174,True
642165,74.0,-0.11613233307682216,97.80098662303807,95.3386359576034,True
642203,329.0,-0.3001041720456272,95.01739676390567,91.02213726847225,True
642207,2071.0,0.9588784484793377,115.79332913535319,120.56142361575061,True
642216,681.0,0.06572369393093777,101.43501408726452,99.60549172525543,True
642231,586.0,-0.10853501193745654,98.14228117387236,95.51689055854013,True
642232,3934.0,0.6013719805960872,110.23880638090777,112.17331264929109,True
642239,603.0,0.41291111286235743,106.67083635940003,107.75148867294271,True
642397,2934.0,0.5455742803675532,109.08163891686664,110.86414108671384,True
642520,161.0,-0.04750587566542157,98.9452161904869,96.94880637888323,True
642528,1233.0,0.996364000697224,117.26891145719868,121.4409404913595,True
642545,2590.0,-1.0176626830432742,83.5994361360428,74.18618895454881,True
642546,1785.0,-0.002236083056483563,99.72167769578624,98.01096350874077,True
642547,6476.0,0.10052835594498753,101.70563062784761,100.42210734861055,True
642563,8.0,-0.12108645998492487,98.18579422823474,95.22239815498928,False
642575,8.0,-1.8659868235766135,67.96756363425487,54.28210982431096,False
642578,48.0,-0.007667327837190818,99.53281702814239,97.88353117394605,False
642585,2016.0,1.5908277566166544,127.7315376529659,135.3887383583869,True
642629,200.0,0.6230752192288549,110.61920996956873,112.68253189520038,True
642657,74.0,-1.1125006003174358,81.6288961602772,71.9610236907322,True
642659,76.0,-0.550283435882081,91.07900440467832,85.1522254903932,True
642701,1986.0,0.3548486761142397,105.9471909626569,106.3891799983335,True
642758,1195.0,-0.386404665114646,93.72611258197732,88.99728407739795,True
642770,692.0,0.2775981456846278,104.88544226419344,104.57666447854982,True
642851,26.0,-1.0111716980871055,84.19360554586044,74.33848578547425,False
643230,157.0,-0.9851399240239038,83.38662753803168,74.9492646919058,True
643239,6.0,-1.3205050436210408,78.90750565193447,67.08065226059333,False
643256,1917.0,0.5281136407939144,109.48354374500352,110.4544651914602,True
643290,540.0,-0.8121300614765028,86.43676149191357,79.00856446886377,True
643316,258.0,0.7330980338451644,111.45980835408687,115.26397771716854,True
643338,1000.0,0.4015057004531641,106.64975354219327,107.48388550068964,True
643361,644.0,-0.6705878626787729,89.00136841764039,82.32954402199385,True
643377,3047.0,1.1897791764378352,119.3834987723131,125.97900651941059,True
643396,69.0,-0.2233152484733894,94.87106472703537,92.82382218827979,True
643400,210.0,-0.6846721701460179,88.66027066098354,81.99908640923937,True
643410,2764.0,-0.3010568768065367,95.09180861702622,90.99978412532465,True
643493,1662.0,0.00835901624255685,100.08469605454572,98.25955444794032,True
643511,3017.0,0.06315984477308247,101.19873433832583,99.54533658634371,True
643524,42.0,0.7756248405885268,114.92570345486058,116.26177665525375,False
643615,250.0,0.3084392848490711,105.59686460594793,105.30028466694834,True
644364,678.0,0.2323881770443615,103.72203584731201,103.51591098787856,True
644374,26.0,0.05249244494028685,101.19373641442579,99.29504927252006,False
644429,133.0,0.5893277978574045,109.82776146824466,111.89072212187892,True
645261,6014.0,0.30890373697078877,105.4138299576318,105.3111820248581,True
645444,38.0,-0.19137591025460815,93.31875724891897,93.57320922667571,False
645801,57.0,-0.12250325583405382,98.46460412131614,95.18915612479698,True
646241,136.0,-0.569462752250115,90.60752225818621,84.70222458577058,True
646242,481.0,-0.2618891249699549,95.6675191507689,91.91877015278665,True
647315,1381.0,0.5294078413203351,109.05887416128205,110.48483078929887,True
647336,1903.0,-0.12113415726355668,98.07428647531978,95.2212790421846,True
649144,66.0,-2.5068813475853853,58.92915801746716,39.244915065257196,True
650204,366.0,0.27858667315963925,104.47781986155563,104.59985812369666,True
650339,8.0,0.3405823558351724,108.91104658605933,106.05445185119703,False
650382,182.0,1.2061311877169378,119.83603788341946,126.36267086525035,True
650489,51.0,-0.07668833690840826,98.36760730215455,96.26410345691956,True
650496,273.0,0.2997743956204949,104.98828749438705,105.0969819049264,True
650530,317.0,-0.6369330931375884,89.68680959033172,83.11917992182397,True
650556,3501.0,1.5302300051610327,124.77682328203473,133.96694404362307,True
650633,4648.0,0.2355984817752757,104.05383421091308,103.59123379945872,True
650644,5521.0,0.0852593207319714,101.02630818159251,100.06385267848978,True
650671,958.0,0.5253878071635035,108.72574832999094,110.39050943954507,True
650893,2491.0,0.40605211177370454,106.73877023271139,107.59055714465082,True
650895,1157.0,-0.6244009628699392,89.97810961878155,83.41321907572677,True
650907,26.0,0.4711009020791518,108.32870102639737,109.11678539597922,False
650911,4076.0,0.800606508821198,113.11935273906477,116.84791711448415,True
650959,122.0,-0.03795246307114255,99.29266599578506,97.17295640733909,True
650960,723.0,0.08033791254187635,100.93504084340982,99.94838254936406,True
655889,508.0,0.7795546355419753,112.53501208935769,116.35398073855364,True
656008,43.0,0.9780890420906304,116.19526100659237,121.0121583727948,False
656061,1846.0,-0.3441564976870297,94.43706948721145,89.98854535054542,True
656186,83.0,0.3269036273744537,105.72806417983642,105.73351026687288,True
656222,2677.0,-0.15516224563687847,97.42098875317566,94.42288402868479,True
656232,2051.0,-0.5783616462808728,90.49518828623277,84.49343141050099,True
656234,2627.0,-0.8676377711935606,84.93484235819878,77.70619690232017,True
656240,19.0,0.2686710064954559,104.53515348411797,104.36720859212859,False
656257,1229.0,-0.2255228242323876,96.38145167613128,92.77202622905426,True
656259,43.0,0.27819955116031003,104.61669307153498,104.59077514875874,False
656266,205.0,0.7479210562294524,112.54995302293125,115.61176766724667,True
656271,2479.0,-0.18457403353392365,96.94211131292315,93.73280045603471,True
656288,4090.0,0.4296279944837671,106.79028066894777,108.1437139070309,True
656290,466.0,-0.26010420677585366,96.06377051510935,91.96064937239021,True
656302,8754.0,1.3057118410688986,121.46062132212361,128.69911410605226,True
656322,383.0,0.0011390641636612104,100.34899716374325,98.09015399046363,True
656349,6.0,-0.3341423710893219,94.43182004781038,90.22350503010338,False
656353,1835.0,0.06587556350194076,100.93048690920921,99.60905501411436,True
656354,1319.0,-0.30650704133626827,94.93358261864941,90.87190787980795,True
656382,352.0,-0.6615308003474415,89.3423602521966,82.54204827209922,True
656412,3000.0,-0.324565690071865,94.77917050319947,90.44820100145304,True
656420,523.0,0.5222187354180596,108.63743582172967,110.31615407020352,True
656427,5270.0,-0.20049080709793818,96.68912545426353,93.3593480156538,True
656457,827.0,-0.6823805906612107,88.69173826775669,82.05285333301235,True
656458,796.0,1.4601914245726793,124.14953798095569,132.32364122623102,True
656464,2565.0,0.5918646956127802,109.43581840798441,111.95024490480547,True
656492,111.0,0.44808682209904066,107.1732329476466,108.57681011159588,True
656529,2243.0,0.9225127429687539,114.94633103642987,119.70818150518835,True
656546,2596.0,0.7065584100682708,111.37332883985846,114.64128322280943,True
656548,68.0,0.4011631962122858,106.64509813198669,107.47584938431955,True
656550,378.0,0.23306305536364222,103.69771626259666,103.53174553840991,True
656557,4637.0,0.4708467948917178,108.32952345601076,109.11082332402515,True
656578,1157.0,-0.16288537117804494,97.32306190857508,94.24167770133981,True
656605,7882.0,0.12541602314806619,101.87350092245885,101.00604227832464,True
656629,5236.0,0.28823452176596026,104.73360128341815,104.82622388758503,True
656638,2646.0,0.7176164493652183,111.64946524145932,114.90073604122546,True
656641,880.0,0.5420438853343874,108.89096190241439,110.78130805303763,True
656647,70.0,0.7145105669278204,111.60295026425617,114.82786327143216,True
656657,1195.0,-0.7023565669002593,88.51677166088318,81.58416053886906,True
656669,14.0,-0.45854727250873223,91.8009013742437,87.30461485153954,False
656671,96.0,-0.22905556859443124,96.18477764095918,92.6891380734905,True
656685,750.0,0.5634881888075662,108.79268958367338,111.28445194913688,True
656686,429.0,-0.01775282155938297,99.7133368956125,97.64689702018046,True
656701,46.0,-0.21888838931902554,96.30433818258814,92.92768880093033,False
656716,46.0,0.24254519161835636,104.41150377355088,103.75422322272864,False
656726,25.0,0.349457265194472,105.67462463598513,106.26268227836621,False
656730,1918.0,2.1277764051444428,135.00519320764212,147.98706944260215,True
656731,4121.0,-0.15131274050322813,97.42668002350628,94.51320428615651,True
656755,84.0,0.5638084523966271,109.03315212891738,111.29196623703065,True
656756,7413.0,0.13148530186087307,102.11809449729897,101.14844469031686,True
656786,577.0,1.0658172144757365,117.09315032899323,123.07050895091993,True
656793,1371.0,0.060660526128489385,101.09278960616065,99.48669551544081,True
656794,1016.0,0.45025962266140956,107.2852798389631,108.62779014653916,True
656803,467.0,0.11506808808713519,101.89298615277349,100.7632505098883,True
656814,549.0,-0.1349981777698634,98.03814907939103,94.89598998339714,True
656818,669.0,-0.3480978513840012,94.46230374193338,89.8960700664925,True
656820,139.0,0.0257490259864489,100.39937382729825,98.66757316800224,True
656848,220.0,1.2006719577163818,119.76404015434532,126.23458191819654,True
656849,4847.0,0.38955229743383896,106.14810772610798,107.20342492176201,True
656876,2985.0,1.2649563283647425,120.52472466853195,127.74287472643618,True
656887,768.0,0.2537644317312786,104.06763924157121,104.01745826735244,True
656896,56.0,-0.8281920789424897,86.61667939516057,78.63170419652344,True
656919,16.0,0.21995762572253053,103.5693415401761,103.22425516279894,False
656924,308.0,-0.23362822313513484,95.81085203637828,92.58185068950048,True
656945,3321.0,2.0486776084441676,133.41743222803228,146.13118837850905,True
656954,179.0,-0.16301534409382815,97.11853651740503,94.23862816982594,True
656970,1519.0,-0.5950441077836925,90.37487329651158,84.10201376956186,True
656976,17.0,2.370025011045955,152.36675215427644,153.67090559752057,False
656981,236.0,-0.25591690645443343,95.752331299021,92.05889525855257,True
656986,528.0,0.1634912306124108,102.6450917896409,101.89939413059432,True
657006,6228.0,1.4476740385269724,123.756672584996,132.0299480133975,True
657024,2352.0,-0.12558815031918655,98.25001726234649,95.11677579161218,True
657031,341.0,0.4045812184580018,106.52127276769441,107.5560458351772,True
657041,21.0,-0.10039393484041018,100.25937698838457,95.70790320925063,False
657044,1992.0,1.2575642167017351,122.0313858352441,127.56943491911495,True
657053,2062.0,-0.267800603466164,95.54175078085612,91.78007017934104,True
657061,10.0,0.009808759219271889,100.04528048796803,98.29356951075452,False
657093,1805.0,-0.8422204402317669,86.19717778329148,78.30255923903846,True
657097,1767.0,-0.02826013190403135,99.53154353663417,97.40036585767652,True
657140,3412.0,0.12711625444191527,101.9178904391091,101.04593450417973,True
657228,38.0,-0.6452067338223559,89.02128026882976,82.92505695512254,False
657240,1760.0,1.1449909058274694,118.70293906201591,124.92814725496154,True
657248,2421.0,-0.0585844462321039,98.90401819759002,96.68887183892008,True
657252,18.0,-0.6047956494878656,89.42162838429898,83.87321507287541,False
657265,1425.0,0.008751335776337837,100.10423458735426,98.26875937170897,True
657272,558.0,0.0423464325622488,100.83922855896475,99.05699518024599,True
657277,8429.0,0.7027485535801531,111.33629655911632,114.55189323448886,True
657376,4944.0,0.3630868091156863,105.71188705878771,106.58246985454711,True
657424,306.0,0.8188869751953627,113.54178078951418,117.27682846082432,True
657508,2287.0,0.36196111526981933,106.063926281037,106.55605789912347,True
657514,1485.0,-0.6099953047519081,89.58167196639604,83.75121648191183,True
657571,2350.0,0.9525800980471191,115.50600642210274,120.41364653455847,True
657585,1282.0,0.5801183948435092,109.75078808027533,111.67464352930747,True
657612,2165.0,0.41608027110689194,107.15535867617108,107.82584607179712,True
657624,24.0,-0.3180724536714375,94.61956809294482,90.60055065761655,False
657649,1311.0,-0.3045178774077713,94.8622889078286,90.91857928091994,True
657697,303.0,-0.5257939993087792,91.59842921508319,85.72681680533974,True
657745,18.0,0.9704106648367935,116.02662009098478,120.83200196659362,False
657746,7329.0,-0.40079761395245816,93.32822791146884,88.65958486680474,True
657756,1991.0,-0.9460740695940588,84.48122528344986,75.86585991855246,True
657766,29.0,-0.15484186169436376,97.52996320962609,94.43040114041035,False
657770,450.0,-0.898497280338961,85.28454003254916,76.98214570231049,True
658431,414.0,-0.1109419865055022,98.32635038458672,95.46041614035755,True
658551,351.0,-0.32210481794012724,95.19113234521912,90.50594000863103,True
658648,1898.0,-0.2809256615247587,95.16590455199581,91.47211926564549,True
659262,375.0,-0.8669487719153325,85.77015197040743,77.72236277041148,True
659275,1300.0,0.037143833261811275,100.70665266353511,98.93492751387765,True
659418,86.0,-0.5566929967079816,90.65732358616653,85.00183909942172,True
660261,1451.0,0.32324054682758596,105.10242893860745,105.64756405647806,True
660271,4723.0,0.6722663001873355,111.15529590971387,113.83669351941631,True
660431,17.0,-0.5025527570971955,92.00499732608029,86.27212195694554,False
660593,481.0,-1.1090797212054417,81.96728762695899,72.0412871717376,True
660600,340.0,1.9663492992549148,132.36664396698643,144.1995338346087,True
660623,147.0,0.182443486383442,102.92433032519553,102.34406755262607,True
660634,10.0,0.3979876283859343,108.18540963305206,107.40134159858167,False
660636,60.0,-0.07180102238925976,99.20901307256005,96.37877365227946,True
660730,581.0,-0.6347632793516662,89.54319994694302,83.17008987856023,True
660761,3143.0,-0.2829977561133228,95.29048959439682,91.42350207713758,True
660787,970.0,-0.2736109351239902,95.43522710754942,91.64374339625836,True
660813,1680.0,0.555668372102116,109.95784763291007,111.10097697412158,True
660825,799.0,-0.15257883301101532,97.4677864467105,94.48349818178305,True
660853,2672.0,-0.4856490776207448,92.07442337921039,86.66872999603767,True
660896,1089.0,0.15698937615939587,103.03185914144866,101.74684227058862,True
660906,513.0,-0.5121964883656542,91.42033216944813,86.04585279742653,True
661255,195.0,0.4815443850724446,107.68485598485877,109.3618189886377,True
661269,843.0,-0.5227527615789175,91.29895027138465,85.7981728278042,True
661309,1958.0,0.45300859460175147,107.6067320677972,108.692288788524,True
661383,839.0,0.24029080894435695,104.19068002657934,103.70132904114267,True
661395,2665.0,0.9122156860422006,114.60653872298032,119.46658348141193,True
661403,2818.0,1.6616941185411342,126.49503379108903,137.05146326272606,True
661440,939.0,0.05804548038695247,100.90959457709548,99.42533916014952,True
661527,2164.0,-0.2376133407339912,96.25021506455289,92.48834858076516,True
661531,8.0,-0.9114267564928957,79.76147151425599,76.67878369222005,False
661536,25.0,0.6689927419860783,111.16005193257668,113.75988660285927,False
661563,2125.0,0.18686908723327453,103.2207020061936,102.44790464190015,True
662165,8.0,-0.05442265762929431,98.75040083283766,96.78651914814503,False
662253,2670.0,0.5357551852225382,108.95891029500335,110.63375739560392,True
663158,2008.0,0.8358022303944347,114.04661404838889,117.67370809904708,True
663321,190.0,-1.4730062938170878,76.08102243383264,63.50254242458894,True
663362,2672.0,-0.3187594648069288,94.83661763133901,90.58443143696633,True
663372,4613.0,-0.0881284581334382,98.4769430397249,95.99568591786502,True
663378,291.0,0.47003630870366736,107.67854476738134,109.09180703007554,True
663385,596.0,-0.181773986455459,96.86563919661081,93.7984974649435,True
663423,1896.0,0.288005126274156,104.70975597108169,104.82084162177078,True
663432,1182.0,0.24345045019727418,104.16868534457828,103.77546314450757,True
663436,1102.0,-0.08746338586106468,98.49126424429947,96.01129039085376,True
663455,1079.0,-0.517670749779398,91.37772620631223,85.91741117098613,True
663460,2729.0,-0.2559607272358504,95.60842784356916,92.05786709931579,True
663462,634.0,0.8947280489594059,114.63239837280162,119.05627414838034,True
663465,598.0,-0.8119977660096255,86.54411850279466,79.0116684939828,True
663472,4.0,-0.5966962845482514,90.224578467905,84.0632490386204,False
663474,4668.0,-0.7856541944044066,87.24319842675452,79.62976305094509,True
663485,1829.0,-0.3380356351168647,94.64321782343427,90.13215806545094,True
663489,7.0,0.9505873518626691,115.71047708146351,120.36689108360922,False
663500,20.0,-0.7269654118602797,88.23038942153832,81.00676756608385,False
663506,23.0,-0.4361336825675101,93.09755464585467,87.83050094444538,False
663531,695.0,-0.28477071220284367,95.50787356990756,91.38190352227615,True
663534,16.0,1.0706896551637202,117.25368297880428,123.18483016421234,False
663542,925.0,-0.20461447498821198,96.45412597214495,93.26259512595855,True
663546,1735.0,0.32259932509497047,105.65801312066378,105.6325191844814,True
663554,1698.0,0.1486663095308366,102.46033529103012,101.5515596317179,True
663556,4436.0,0.9030727207640479,114.71025123415872,119.25206370567273,True
663558,1454.0,0.31864823094946754,105.28918818336314,105.53981536200892,True
663559,4295.0,-0.7717931856677531,86.95437226665895,79.95498144511434,True
663562,786.0,-0.9197747333390456,84.59072006425816,76.48291658932386,True
663567,2339.0,-0.42770632934096015,92.98807291668678,88.02823044130287,True
663568,811.0,0.48590091579943717,108.07252923039937,109.46403549784708,True
663574,565.0,0.1893737822589,103.11789041703524,102.50667185787944,True
663578,2.0,0.189597842152051,104.70521819120911,102.51192893548705,False
663623,4267.0,-0.23960723576441215,95.95177766704079,92.44156617464628,True
663629,225.0,-0.22023563417852624,96.31728852519015,92.89607863329505,True
663630,49.0,0.39465252916598786,107.39946260253289,107.32309075599775,False
663658,695.0,0.11021926981174725,101.35710586492665,100.64948354508073,True
663671,10.0,-0.6464082875734901,89.43776687762228,82.89686511217113,False
663687,2050.0,-0.597350460624678,90.24189371846552,84.04790022114821,True
663704,1008.0,0.7817272786857329,112.39238380113221,116.40495708001193,True
663734,82.0,-0.8371904265594315,86.45892926005912,78.42057755936752,True
663738,3594.0,-0.14965714603155966,97.4449796648539,94.55204920615483,True
663752,648.0,-0.0064560500787237554,99.93111924357714,97.91195116956007,True
663753,365.0,-0.5086250121763379,91.56460084246795,86.12964971099689,True
663765,1932.0,-0.30973140046393804,94.75328203632193,90.79625531240477,True
663767,39.0,0.32302092219213135,105.73695570553208,105.64241104253661,False
663770,15.0,-0.40224985578536754,93.80484394224206,88.62551117377002,False
663773,1899.0,0.4226608199792558,107.34614434958162,107.98024432503271,True
663776,6597.0,0.2294696319590352,103.57074967005347,103.44743368121252,True
663795,33.0,0.16485426652474913,102.62026001435733,101.93137480090682,False
663804,929.0,0.7438572785581892,112.26698034967936,115.51641997115769,True
663855,4152.0,0.7275562245128594,112.56442833330493,115.13395122587296,True
663878,1604.0,0.946193700458717,115.3795856612261,120.26380361852782,True
663893,454.0,0.731696239405648,112.19378003476675,115.23108766239429,True
663897,17.0,0.5924499193075405,110.23168433492309,111.9639759047533,False
663903,7060.0,-0.5534700210421859,90.05136371340174,85.07745920690387,True
663941,1298.0,-0.03612321070794296,99.36737829106596,97.21587583170371,True
663947,2288.0,0.07260014140544101,100.90267426101636,99.76683259500999,True
663969,378.0,0.015547820262605183,100.14712496563625,98.42822408402643,True
663971,11.0,0.5173201045517464,108.49334666937885,110.20121836139342,False
663975,16.0,0.48028663328651694,107.82227451873914,109.33230858114469,False
663977,10.0,0.5369120675549313,109.06602086864578,110.66090112096562,False
663978,1954.0,-0.4395553129468528,92.80122386685126,87.75021983658719,True
663986,2250.0,0.21352174190717418,103.51672922864438,103.07325116018582,True
663989,831.0,-0.064048139538895,98.96777690201455,96.56067817010222,True
663992,592.0,-0.3145184289591509,94.61297602005222,90.68393811027079,True
664028,310.0,-0.541464469114124,90.82370957533196,85.35914334644525,True
664042,208.0,0.1409188697896092,102.40138666454787,101.36978282460123,True
664054,231.0,-0.4844947057864209,92.09797811241637,86.6958148180276,True
664062,3721.0,-0.3706434084754987,94.04845534599411,89.36708765170192,True
664076,1464.0,1.0623235930183614,117.30076254776895,122.98853872914246,True
664079,173.0,-0.18566246472230058,96.95660089953238,93.70726278774715,True
664082,36.0,-0.7323340254405939,87.90987937111979,80.88080473605633,False
664092,449.0,-0.7363092533884257,87.12997098547066,80.78753466645225,True
664123,815.0,0.3326813313075127,106.20424055653828,105.86907151142546,True
664126,1781.0,1.9561298790940647,132.28249326641887,143.95975738852192,True
664129,213.0,0.1306146200022665,102.02414688856696,101.12801603600548,True
664139,1946.0,0.36962386188712115,106.06428140783589,106.73584756646673,True
664141,2512.0,-0.10963561395990903,98.01678996825987,95.49106732812726,True
664161,673.0,-0.6363066072569549,89.6403113059619,83.13387904913428,True
664192,764.0,-0.6396717696442061,89.04403695407854,83.05492283977799,True
664199,1927.0,0.2530610651773471,104.27678893249983,104.00095530241475,True
664202,260.0,0.3498324645117216,105.75301813965096,106.27148551352518,True
664208,2974.0,0.5284816265957961,108.38925848828642,110.4630991771851,True
664285,8482.0,0.3536918421711821,105.38787934849078,106.36203740832224,True
664294,1646.0,0.24255802010233218,103.84438671666129,103.75452421517713,True
664299,6560.0,-0.2539179257810926,96.00422392373572,92.10579698821097,True
664337,471.0,-0.29972423862357395,95.06579409933751,91.03105157909415,True
664350,693.0,-0.09042235726738189,98.64335495634379,95.941864568575,True
664351,148.0,-0.7789774596732917,87.27405215888552,79.78641809595673,True
664353,3939.0,-0.13291867225478818,97.97155002017904,94.94478105316182,True
664584,90.0,-0.42037486968375987,93.32028957517655,88.20024718134908,True
664670,26.0,-0.3229823375521586,94.91351945701966,90.48535092132151,False
664687,21.0,-0.8489817981505252,86.23994848898296,78.143918695156,False
664744,25.0,-0.09157286409259158,97.12772379232995,95.9148704306097,False
664747,2925.0,0.7891741361065171,112.73178484812833,116.57968137735621,True
664776,759.0,0.3073884872005326,104.84048983529424,105.27562998774373,True
664849,600.0,0.009034980267502183,100.26112564049717,98.27541447219149,True
664854,2361.0,1.9411778969976816,131.97867932397284,143.6089416795487,True
664871,95.0,0.8758944926236094,114.18396352796944,118.6143857501841,True
664874,6.0,0.008935103271929812,100.1984068832781,98.27307107592563,False
664875,2747.0,-0.4558186009399677,92.08587327672996,87.36863718949985,True
664901,53.0,0.8093843659772758,117.36680973250724,117.05387042299031,True
664942,448.0,2.328588351986501,139.84381405297813,152.69868460155374,True
664944,208.0,-0.680394117727712,89.02171948811142,82.09946159578509,True
664948,790.0,0.07967142835207233,101.20230829832474,99.93274494880659,True
665001,776.0,0.47604433906419946,108.26895923045235,109.23277238282115,True
665019,129.0,1.168568766278215,120.28955583779745,125.48135042072116,True
665048,392.0,0.32669700801061474,105.86505082917503,105.72866239331702,True
665152,6320.0,-0.183956176505955,96.99730119881852,93.74729712610251,True
665155,25.0,1.380037904476253,130.64419191358996,130.44301337381208,False
665167,16.0,4.183778687487675,169.8602920272411,196.22668701847505,False
665178,28.0,-0.27877320224483093,94.90287075949671,91.52262203667988,False
665620,642.0,0.09613989032722617,101.63804312111424,100.3191415567125,True
665621,884.0,-0.3607533185348624,94.20531848131795,89.59913708113326,True
665622,2665.0,0.4329625937393865,107.38454289496158,108.22195301904033,True
665625,1955.0,1.5885637134806572,126.12738582026695,135.33561751509126,True
665645,269.0,0.9547336100034514,115.65872590704619,120.46417400435298,True
665660,32.0,0.6152510723323809,110.48792148742336,112.49895532167966,False
665665,1341.0,0.025283524086499073,100.4223657635625,98.65665117933166,True
665734,271.0,0.148016444351294,102.35223748907735,101.53631196005612,True
665795,3972.0,0.38835120674468954,106.32508631795271,107.17524394355196,True
665828,12.0,-0.865767022167438,80.52336883404085,77.75008995554079,False
665854,21.0,-0.7578270576293333,87.39766391587061,80.28266623485163,False
665871,4045.0,-0.49343126027901385,91.99727563918331,86.48613802200902,True
665896,678.0,0.04272989874522194,100.59700225026617,99.06599237941195,True
665996,17.0,-0.48247178100556937,91.69567213938444,86.7432783440417,False
666120,2005.0,-0.5944715639843368,90.16190247154233,84.11544726336854,True
666121,15.0,-0.2753842609638459,95.49667179577497,91.60213616601027,False
666122,14.0,0.6439844318315825,110.48915050178528,113.17312104893354,False
666123,5.0,-1.392264791150685,76.85759451783281,65.39696600795651,False
666129,4669.0,0.39331890570113,106.12900470560572,107.29180018473357,True
666142,4521.0,1.0491635485230906,117.28990621262398,122.67976693487684,True
666149,36.0,0.2060707364734845,104.17093824276245,102.89842953874906,False
666151,19.0,0.6678837303605436,110.69648947246031,113.73386605941803,False
666154,641.0,-0.5065243586848754,91.72539768347356,86.17893697198771,True
666157,3863.0,-0.054475249248938755,98.80815118879808,96.78528520028362,True
666159,2889.0,-0.6212033443859419,89.72488206812484,83.48824423214137,True
666163,36.0,-0.8560162273835308,83.60275061357306,77.97887112736926,False
666168,1296.0,0.18976229711635828,103.24124630381901,102.51578751320108,True
666197,11.0,-0.6609596774974819,85.32317471956372,82.55544842642176,False
666200,5886.0,0.4608411043449626,107.53351502128601,108.87606157803725,True
666201,5262.0,-0.5432467873483592,90.94196452506577,85.31732512923976,True
666202,4.0,-1.0414730126003153,83.23093592595566,73.62753140730227,False
666204,1370.0,-0.5183484344875462,91.74724272960663,85.9015107746496,True
666205,2371.0,0.5028560547164829,108.22850958915647,109.86185092068402,True
666207,80.0,0.612676205359632,109.55714389100906,112.43854167372758,True
666208,104.0,1.4877963118448911,123.8895437303899,132.97132980939685,True
666214,3584.0,0.062475611902736095,100.88473187624534,99.52928255163674,True
666215,18.0,0.7255084769285585,112.26285212758113,115.08590528681592,False
666277,1123.0,0.08907099711644344,101.25128230136653,100.15328536671635,True
666301,30.0,-0.7445253998281804,87.54985762531935,80.59476067704333,False
666364,402.0,-0.35445500544735237,94.23064732342682,89.74691328611311,True
666374,2285.0,1.3499271734350191,121.71985156416635,129.73653062190402,True
666619,1201.0,0.787129548619521,112.62343260308049,116.53170958310281,True
666659,2.0,-1.1915208038023228,80.40656872224523,70.10698664533838,False
666661,36.0,1.0637068455838727,117.55362036852836,123.02099373920942,False
666711,2.0,2.1905235527575844,136.46751116943145,149.45929465890154,False
666720,706.0,-0.2665819113448979,95.66261820241188,91.80866413683685,True
666721,1087.0,-0.38015668780109074,93.81273826962719,89.14387926302446,True
666745,2115.0,0.009631473508595579,100.31426596487036,98.28940988750986,True
666785,12.0,0.2407331287927049,103.46903384384814,103.71170711344044,False
666803,3.0,0.8734104567228909,115.2133092148647,118.55610325559522,False
666808,3059.0,0.3720552399720399,105.80770005934328,106.79289456004553,True
666818,1153.0,0.8502354989306772,114.06942723566921,118.01235332358675,True
666974,2176.0,0.9557489743499521,116.20032723142543,120.48799731826465,True
667176,10.0,-0.37017662806265916,93.38728002910435,89.37803963789409,False
667297,751.0,0.9197623048266084,114.73905405180076,119.64364846197014,True
667373,86.0,-1.1791674322772943,80.6560992580052,70.39683161450878,True
667376,211.0,0.2582110521968032,104.27048174116935,104.12178853614839,True
667414,20.0,-0.16366541429497777,97.28365021455554,94.2233756877785,False
667421,18.0,-0.891841503981027,85.34468623964557,77.13830900472246,False
667427,1309.0,0.7916695834452755,113.01871888826747,116.63823161649566,True
667445,2.0,0.07731567949230517,101.28713996337014,99.87747243034886,False
667463,1902.0,0.39070856269404164,106.32081747704588,107.23055416886812,True
667465,173.0,-0.030336210393069007,99.93110946688155,97.35165519561707,True
667498,284.0,-0.776549379386611,87.18465830144851,79.84338771387928,True
667725,463.0,-0.3242948664453564,94.79558407512677,90.45455528825782,True
667755,2150.0,0.693511759081977,111.50091190753984,114.33517196037084,True
668338,1048.0,0.2925908440519853,104.9026292180081,104.9284355061809,True
668390,286.0,0.3176620493738452,105.3160816902293,105.51667675828415,True
668470,24.0,0.17286221028951995,102.81146369464925,102.11926376781078,False
668472,15.0,1.3579589999513613,130.1539226352549,129.9249799455801,False
668665,912.0,0.026041168265572734,100.63098448258735,98.67442765057928,True
668674,1658.0,0.5481934267575798,109.32047404865769,110.9255936547947,True
668676,2739.0,-0.9646860015064129,84.19333914601697,75.4291714549692,True
668678,8570.0,0.20578101719420555,103.31740066906053,102.89163190658843,True
668683,61.0,-0.05159898381091018,99.45088708862473,96.85277050706989,True
668684,116.0,-0.6200547250606229,89.87334871528782,83.51519408403088,True
668754,132.0,-0.2937744757761188,95.39980031800681,91.17064981149555,True
668800,47.0,-0.33785142659737766,93.76762023360938,90.13648011733316,False
668820,76.0,-0.35348644863811896,94.49307498815213,89.76963836306423,True
668834,110.0,-0.45636554928444467,92.8686094345033,87.35580423731983,True
668868,2176.0,0.030332787076710367,100.28897316864723,98.77512114299833,True
668869,21.0,-1.420712792758663,76.2258689491977,64.72949558238741,False
668873,365.0,-0.19101712509141938,96.5931564879298,93.58162733944377,True
668874,39.0,0.749208104410552,112.41825509106265,115.64196545087324,False
668881,6485.0,0.630811259673733,110.6480865140367,112.86404124264483,True
668909,1922.0,-0.3726160268614576,93.82093888661208,89.32080445572544,True
668933,5422.0,0.054231688891091666,100.72196346107614,99.33585684543887,True
668941,1548.0,0.017639799940428833,100.00089501633136,98.47730783286336,True
668942,63.0,-0.9488859520632225,81.1410532118847,75.79988521796693,True
668948,573.0,-0.018489198475284394,99.77417862286401,97.62961953896371,True
668964,1233.0,-0.8435565036500241,86.31286850765485,78.27121141957961,True
668968,289.0,-1.0615260938037314,81.60555223506775,73.15702951302995,True
668970,765.0,-0.47608838206672793,91.98258548432064,86.89305090328855,True
668984,261.0,-0.09313155216471693,98.58151184505671,95.87829920830848,True
669001,3.0,-0.545850942621815,90.91275447741849,85.25622429507311,False
669022,5859.0,0.7162029549290048,111.71285913255235,114.86757147149996,True
669060,4461.0,-0.3216237810550384,94.77688054825394,90.51722649190775,True
669062,876.0,1.3855130947819099,122.77846152491979,130.571476794679,True
669084,1116.0,0.30980759231597965,104.98700274762011,105.3323890228125,True
669085,10.0,0.46294695715015954,108.64205380217217,108.92547082960579,False
669093,1015.0,1.294757460910156,121.37675162380707,128.44209342364513,True
669105,114.0,-0.4290221075139423,92.87774947491432,87.99735857096282,True
669111,55.0,0.9895386623146788,116.05359209993962,121.28079878518169,True
669145,1342.0,0.21561007836889431,103.29123560177918,103.12224942888828,True
669160,1209.0,0.7617025410856406,112.51613649330747,115.9351202066867,True
669165,137.0,0.18602393430499206,103.06737564491702,102.42807496836156,True
669169,2138.0,-0.46468363986699823,92.45063292358746,87.16063835053563,True
669180,11.0,-0.9356354334630255,85.02198813132782,76.11077979013977,False
669194,4626.0,0.14734159666895202,102.44191288927655,101.52047812835384,True
669203,8529.0,0.5722470668597294,109.06332050597656,111.48995995428778,True
669205,19.0,-0.0055866717359556286,100.02527630337741,97.93234923971012,False
669211,2597.0,0.11773175483718608,102.09574018773922,100.82574765129496,True
669212,2490.0,-0.6148416417190922,89.78090868169637,83.63750773559939,True
669214,24.0,-0.5622707266912299,90.94076617680462,84.8709698082521,False
669247,23.0,8.05471873038961,234.15831169735137,287.0498679713203,False
669270,1216.0,-0.024310828183366967,99.60643498132688,97.49302767172796,True
669276,1842.0,-0.4833466513326888,92.11728216297874,86.72275141643506,True
669302,8020.0,0.0844752191590847,101.39630315789337,100.04545544209489,True
669308,33.0,0.7715226349001575,112.63432595738925,116.16552732940235,False
669330,3989.0,0.3495356244004308,105.8521584197277,106.26452080654367,True
669358,766.0,0.259117812284785,104.27321315450908,104.14306368756867,True
669373,5208.0,0.3989869510031056,106.82499102987846,107.42478852823794,True
669387,1250.0,0.17069382514972736,102.76386104232304,102.06838733114574,True
669391,100.0,0.023569676741040536,100.18280655090959,98.61643948246811,True
669395,1649.0,0.6547642773006156,110.83800312444235,113.42604665481394,True
669416,43.0,-0.4951012395133335,92.12348384512434,86.44695559487113,False
669422,327.0,-0.18485481483344818,96.9019580253538,93.72621253411077,True
669424,1495.0,0.08356779423131609,101.4333456668993,100.02416469165638,True
669432,4370.0,-0.35206035930411106,94.13017004593993,89.803098444647,True
669437,9.0,-0.4837445966631165,92.12098114420245,86.71341449559563,False
669438,1358.0,-0.16913621557279912,97.18474766420103,94.09501524589469,True
669443,28.0,-0.13702029778970518,96.89439305151278,94.84854533934815,False
669456,5276.0,-0.4552914137316711,92.23996170330582,87.38100648963999,True
669459,1778.0,0.273312051436396,104.30956389740348,104.4761006079722,True
669461,2748.0,0.363791274495968,105.57657070348934,106.59899860105293,True
669467,3989.0,0.6894858787082706,111.2849621322448,114.24071344186548,True
669618,701.0,-0.15656102060831942,97.74747129307457,94.39006481915546,True
669620,41.0,0.11124385869448465,101.75513049731941,100.6735232926531,False
669622,1031.0,0.677703599714273,111.48093996881951,113.96426791564996,True
669639,25.0,-0.43287273135403465,92.8300828513211,87.9070120654799,False
669648,24.0,-1.8347986615650604,69.85905924201154,55.01387214833766,False
669668,13.0,-0.2886353528656065,95.04804958403594,91.29122814256432,False
669674,1889.0,0.2671910330122839,104.35880654795886,104.33248423629311,True
669684,870.0,-0.13507424028213577,97.91529527082552,94.89420534213707,True
669697,57.0,0.7237578388461158,111.90547631210345,115.04483037540359,True
669704,14.0,1.2074591972729476,119.57281187058295,126.39382971836504,False
669711,1418.0,0.2419509397955752,104.41547239880268,103.74028039741131,True
669713,3004.0,0.4612996250794282,107.3809178241404,108.88681976885793,True
669721,551.0,-0.8973636576238279,85.17769162988884,77.00874369139007,True
669724,145.0,0.4168469817266839,107.33101402119249,107.84383526733826,True
669742,6.0,3.068232992005646,168.1311146147923,170.05283585079403,False
669796,1029.0,0.37455256732410686,105.98134587088859,106.85148890960441,True
669804,192.0,-1.0737471673575303,82.423293020372,72.87028862773775,True
669854,3040.0,-0.5168383714531433,91.6692186850008,85.93694111629884,True
669912,1169.0,0.022808773002365956,100.05803011088958,98.59858653275063,True
669920,1160.0,0.5421428074849067,109.6227009536776,110.78362904594306,True
669923,7097.0,0.4246452248842429,106.98512742745794,108.02680406601858,True
669935,152.0,-0.3150360545327184,94.83810685289592,90.6717931530736,True
669947,1447.0,-0.465757365846077,92.31576780992404,87.13544570797056,True
669952,2529.0,-0.004266566883786145,99.9161267659522,97.96332262615798,True
670032,58.0,-0.30669179507206557,94.52681769266871,90.86757303561195,True
670036,1157.0,0.6811201360728485,111.18362146620203,114.04442950340068,True
670042,41.0,-1.1328890179684414,79.67788478356718,71.48265385675481,False
670046,1041.0,-0.49061937506781894,91.83909846069581,86.55211278693034,True
670056,24.0,-0.6557219167975791,89.12185730984861,82.67834107848111,False
670059,2056.0,0.25617506502643383,104.30137407800355,104.07401852960147,True
670090,503.0,-0.1964080879898589,97.28097619445205,93.45514013132157,True
670097,100.0,0.0696745905916952,100.90281548580289,99.69819091417827,True
670102,1402.0,-0.47943241097911893,92.1877119411542,86.81459054491164,True
670103,25.0,-0.06547504613679472,99.10809464299815,96.52719891320145,False
670124,1773.0,-0.5640983375934402,90.78329617733856,84.82808889719608,True
670138,7.0,-1.3917666568500253,75.90032618759165,65.40865364486802,False
670154,23.0,0.5245933611260507,109.93485080404052,110.37186949280935,False
670156,17.0,-1.5656155328815515,65.23499630198364,61.32966824306285,False
670161,6.0,-1.45265758039434,75.30255112570897,63.97998068528757,False
670167,2485.0,-0.02168611049886315,99.64667339934392,97.55461095810485,True
670174,3469.0,0.6478007516545411,110.54586843785306,113.26266268533529,True
670183,124.0,0.7543065907731774,112.75197919825925,115.76159033381285,True
670219,39.0,0.2159217324584622,103.58809739392238,103.1295617136196,False
670223,37.0,-0.2059900801899085,96.0130733852983,93.23031954463498,False
670241,565.0,-1.1514712460544576,81.00791204734264,71.04666232879043,True
670242,21.0,0.48424753836711965,108.03349585989952,109.42524259585056,False
670280,2628.0,0.1775442696276165,103.01473852007234,102.22911809719406,True
670288,171.0,1.8607350960843996,132.4246339232696,141.72152648253532,True
670329,418.0,0.2558536744220968,104.31387182114439,104.0664777987478,True
670389,10.0,-0.4641453136810251,92.64477790683546,87.17326900253705,False
670393,22.0,-0.5978204879939203,90.5162694555491,84.03687205219276,False
670426,120.0,-0.09304880191060842,98.2239577423592,95.88024076287132,True
670712,74.0,-0.27351895274180205,93.8550771059829,91.64590156260796,True
670766,411.0,0.13246379279832654,102.49319149407826,101.17140284995978,True
670768,86.0,0.9321478093950774,116.73259995440935,119.93424736305026,True
670810,573.0,0.3011216320025342,104.91918020204137,105.12859187365649,True
670871,193.0,0.5372998084330393,109.01910253955829,110.66999861654676,True
670873,30.0,0.19424985076381393,103.71751319508003,102.62107818999826,False
670912,4146.0,-0.1389704264525424,97.71003725108388,94.8027898157639,True
670950,3639.0,0.39792635235619733,106.54111691594919,107.39990388994366,True
670955,721.0,-0.06302119386637205,98.93494389533166,96.5847732146161,True
670970,1457.0,1.4826570576502314,124.45841188806057,132.85074839803139,True
670990,2212.0,0.26139777091574196,104.37317969362623,104.196557953305,True
671093,34.0,-0.6531947615510029,89.4082826021925,82.73763527464843,False
671096,3860.0,-0.29828621575378467,94.92766704441081,91.06479165511436,True
671106,3639.0,-0.2917887580609009,95.06196841624455,91.21724035471547,True
671111,541.0,0.20203005240658342,103.36654492962163,102.80362368381095,True
671131,449.0,-0.03545902740880948,99.4914427882024,97.2314594468707,True
671162,38.0,1.2111071563723248,120.46753377657112,126.47942113691435,False
671212,795.0,1.6979720485303749,127.78386933650117,137.90264591176998,True
671305,201.0,0.7456484439059596,112.62546640463982,115.55844576662184,True
671345,2691.0,0.25182625347093524,104.2438852846413,103.97198313394632,True
671737,3208.0,0.5663762909639722,109.20517838963816,111.35221497875098,True
671790,332.0,-0.5814993260349711,90.13191816238542,84.41981258589503,True
671922,804.0,-0.17508733435942606,97.4295932493422,93.95538519933254,True
672078,21.0,-0.33666402275567425,94.7619741835467,90.16433996346457,False
672277,10.0,-0.4967977050944935,91.3987264820872,86.40715172326622,False
672282,6127.0,-0.21349981130464327,96.5745670962792,93.05412005294008,True
672335,2339.0,1.3054992507357701,121.85193476968557,128.69412613670102,True
672374,8.0,-1.2108185397771651,79.32076300877756,69.65420728244507,False
672391,996.0,0.7074308719002608,111.82636082487383,114.66175364032122,True
672405,11.0,0.6764343841953571,110.08971009568023,113.93448853661927,False
672456,646.0,0.1811687606083603,102.91020913044277,102.31415888743045,True
672552,232.0,-0.35469316556079744,93.97255378162347,89.74132537753292,True
672578,2521.0,0.44182597926090483,107.24152495279638,108.42991306444371,True
672582,1540.0,-0.36760963274396635,93.86421461731838,89.43826859462057,True
672710,3593.0,0.20148164824757953,103.27158756270207,102.79075657411241,True
672712,39.0,0.7445118105296111,112.77715164290225,115.53177713893115,False
672715,902.0,-0.22474529852332525,96.27835743630702,92.79026917712036,True
672730,167.0,-0.4420747874614106,92.76306883456293,87.69110585207551,True
672755,9.0,1.5806162669432258,127.48133204437669,135.14914798392255,False
672782,244.0,-0.03807789992753792,99.25022607031234,97.17001330458362,True
672810,24.0,0.3757172439794772,106.28796603357232,106.87881551178629,False
672836,29.0,-0.1300475501807145,97.78075206457771,95.01214568211014,False
672839,85.0,1.5463365155223971,124.52980234895014,134.34484824489107,True
672841,143.0,2.0614465136307873,133.33629105524244,146.4307829404193,True
672851,2233.0,-0.3314544024996949,94.59347947966853,90.28657236126986,True
672860,49.0,0.5980451802917516,109.87176664639665,112.09525652269498,False
672911,172.0,0.3025701202236393,105.04414329313896,105.16257749636195,True
673111,51.0,0.6954130482623547,111.57470876221527,114.37978157182421,True
673258,25.0,0.5709935269718313,109.58458660867,111.4605483698126,False
673316,54.0,-1.2471777121379488,78.92551397937524,68.80111845802,True
673380,493.0,1.6322170748556293,126.47904555827786,136.3598486050636,True
673513,778.0,0.09532003577677196,101.45007420385082,100.29990545453431,True
673540,2926.0,-0.2891777704736768,93.87319063762722,91.27850149425053,True
673766,22.0,-0.5578765334577571,90.50557633020138,84.97406998618362,False
673858,57.0,0.36012712407486286,106.15256718906139,106.51302728838827,True
673904,65.0,0.17310627350984914,102.87136345557354,102.12499017994277,True
673929,587.0,0.5737193689525283,109.4343776707197,111.524504317649,True
674003,1393.0,-0.6492688135642531,89.18322755911454,82.8297490972497,True
674072,3052.0,-0.4969399362072472,91.67746928355685,86.4038145798469,True
674086,5.0,-1.9993196183890845,66.71562356721392,51.15374606357358,False
674285,390.0,0.5160650133611637,108.35146605694942,110.17177037897797,True
674342,25.0,-0.7395428246790361,87.66053576419873,80.71166595570081,False
674370,1436.0,-0.47578875395916176,92.20447448947141,86.90008102453312,True
674381,9.0,-0.03170919255789187,99.51414250041041,97.3194411581433,False
674444,282.0,0.5861744397373357,109.97607136267185,111.81673543854775,True
674681,289.0,-0.5623911868953447,90.71175932206869,84.86814347180805,True
674944,14.0,0.1442485019977465,102.25231028076993,101.4479053956549,False
675540,2025.0,-0.6910712294642616,88.83931254564769,81.84894641328296,True
675627,2369.0,0.06700978069265469,100.95244438490253,99.63566695126924,True
675640,33.0,-0.597640920612363,90.15415195905209,84.04108520987738,False
675650,227.0,0.1829569345252376,102.986835160555,102.35611449548114,True
675911,5797.0,0.7492222606126077,112.46548727133573,115.642297595336,True
675912,100.0,-0.8614265090075703,85.62836644885985,77.85193064740832,True
675916,1544.0,1.657925294308784,127.42631654937144,136.9630360069586,True
675921,1334.0,-0.8923051882934165,85.48770799349118,77.12742966178705,True
675976,14.0,-0.06920975278625116,98.66183630419758,96.43957215224157,False
675977,24.0,0.0028963165736928718,99.90331069403472,98.13138409267324,False
675989,794.0,0.056687411714394245,100.84061537097863,99.39347503530462,True
676050,679.0,-0.4069967899815648,93.17233734100061,88.51413469707593,True
676083,411.0,-0.20098641759680758,96.63521129985435,93.3477195942569,True
676089,18.0,1.4369997656715843,123.30843150277198,131.77949943906148,False
676092,1313.0,-0.050674038147384665,98.71373043758005,96.87447234342976,True
676103,105.0,0.7501151079652889,112.29279643303646,115.6632463147109,True
676106,1000.0,-0.5691456942114748,90.42544624441025,84.7096636624023,True
676130,1710.0,0.016087076418181637,100.2829156489917,98.44087655574002,True
676194,365.0,-0.6860614594275626,88.64009178526022,81.96648976077282,True
676206,297.0,0.543028719863922,109.25950069482568,110.80441505125853,True
676254,1958.0,-0.013390734396319515,99.78095962098867,97.74924389906573,True
676265,1548.0,-0.4693396018989299,92.16563993702795,87.05139633762687,True
676272,2599.0,0.6223165306049167,110.12608100424609,112.66473091832782,True
676282,75.0,-0.47768065877058896,91.9825432051902,86.85569159686712,True
676362,24.0,-1.5903691154108486,72.65055951262768,60.74887931831264,False
676391,78.0,0.44822120261893683,110.64745573170948,108.57996305794477,True
676393,10.0,0.4777988257872117,108.43723898938629,109.27393759420585,False
676395,1230.0,0.07762496950464066,101.2576449955513,99.88472924715457,True
676428,67.0,-0.6261320979115992,89.45126534460053,83.3726017607077,True
676440,4440.0,0.5127032096591624,108.12793784389964,110.09289297385911,True
676454,76.0,1.046289125028137,117.05690623173734,122.61232484527486,True
676475,45.0,2.3711555847618078,150.50079177734492,153.6974320484698,False
676477,2749.0,-0.5803044976264075,89.7208165726357,84.4478466333243,True
676498,50.0,1.1360626228804895,118.79775794350435,124.71866453275337,True
676534,1718.0,1.240952080212365,120.02080532642132,127.17966730151673,True
676546,4.0,-0.36875062976646367,94.13168692840071,89.4114975834728,False
676568,28.0,0.561990957273823,109.02464688591301,111.24932267071604,False
676570,9.0,-0.21515965290408307,96.55219114326269,93.01517548333472,False
676571,3.0,-0.301640278517048,94.9783373878253,90.98609587427073,False
676596,2148.0,1.3113111824207422,122.41637352565641,128.83049046093737,True
676600,55.0,0.6574905976239964,111.25465352047259,113.49001382592007,True
676604,75.0,0.8034244354646783,113.13998559835447,116.91403362846167,True
676614,96.0,-0.5979136648582983,90.1418082965401,84.034685859919,True
676617,81.0,0.09764081395665618,101.88251272689915,100.35435746212082,True
676632,11.0,-0.8455952785826649,83.92027907131563,78.22337600426005,False
676637,215.0,-2.2231513314010907,64.08919298757473,45.90202220617313,True
676641,360.0,-0.16795093656551632,97.31092906232386,94.12282523741224,True
676660,157.0,-0.45731095144122835,92.67751886799628,87.33362243388007,True
676661,52.0,0.5399752645298651,108.92933534161658,110.73277236930974,True
676664,5938.0,-0.1643422836474697,97.31395319371325,94.20749442198738,True
676680,1160.0,-0.5857029976051435,90.46908399091049,84.32118258402141,True
676684,2712.0,0.38237851876081286,106.12114766658604,107.03510782273314,True
676689,27.0,0.7757052792467369,112.81449101123123,116.26366397325125,False
676699,33.0,-1.0302436617398323,83.48443341076349,73.89100367860618,False
676701,25.0,-2.2331763982276596,61.69132150158566,45.66680583796215,False
676702,689.0,1.2603818861096778,120.52405206640782,127.63554539762059,True
676709,27.0,0.7686651115423274,112.78105441934999,116.09848176472585,False
676710,5251.0,-0.1304189964123708,97.89027899206818,95.00343050493404,True
676714,1503.0,-0.5612628516445806,90.59438024666727,84.89461740204719,True
676720,191.0,-1.2759833882556704,78.55852309467494,68.12525597874803,True
676726,15.0,0.08479345927221935,101.30216273928404,100.05292225353122,False
676742,20.0,8.745243236853943,246.6229035219895,303.25152222271714,False
676755,34.0,-0.6642363079701099,89.32500593344176,82.47856942570544,False
676760,2099.0,0.14822198223728664,102.4836648085379,101.54113445908874,True
676766,33.0,0.896483160504805,114.96407323402985,119.09745401986208,False
676775,1483.0,1.023669598908802,117.93253546563545,122.0816069082789,True
676831,286.0,-0.9169119548166591,84.98614104786118,76.55008545499601,True
676840,174.0,0.45707867014215214,107.23609013952635,108.78778425040164,True
676879,2133.0,-0.06296504292908821,98.53971385998564,96.58609067411719,True
676886,271.0,0.1974297087016578,103.29698807342223,102.6956866338626,True
676917,99.0,-0.03039359931316581,99.55451337240709,97.35030868954442,True
676946,26.0,0.05376464177168576,101.1314588839525,99.32489860155776,False
676961,118.0,-0.892370380580226,85.4437125146194,77.12590006670266,True
676962,849.0,0.44747125927783643,107.37486617603899,108.56236727009524,True
676969,64.0,0.33724780486659056,105.54798035520471,105.97621387213782,True
676974,427.0,1.3371577431078967,121.43583560191662,129.4369237387151,True
676979,2149.0,1.0497891879582604,117.0125787284709,122.69444620218708,True
676987,18.0,0.5742596942258236,108.86813548436177,111.53718187388237,False
677013,14.0,0.052782504242205874,100.71623174327961,99.30185488257169,False
677020,434.0,0.3871934580450079,106.24426218506352,107.14807989076796,True
677053,2214.0,0.646746154363816,110.54185453153632,113.23791885579871,True
677066,28.0,-0.46103579626555974,92.02354123476006,87.24622705917726,False
677076,148.0,0.330242598176753,105.30541358101694,105.81185194770816,True
677161,1115.0,0.21969105465874342,103.60777465420895,103.21800065312047,True
677651,3013.0,-0.10900715634973802,98.34921540246921,95.50581271777865,True
677865,878.0,0.11588258903380708,102.12578474715184,100.78236100140869,True
677915,27.0,-0.08715554472492126,98.51209993428652,96.01851321293388,False
677944,1530.0,-0.524910915827815,91.24832043052457,85.74753643672105,True
677946,4.0,-0.1857516118885617,96.5636745686013,93.70517114356691,False
677960,2401.0,0.017858228863350173,100.32786867040289,98.48243279201333,True
677976,28.0,0.3544403826092741,106.17810847598278,106.37960028010683,False
678013,12.0,0.7959152408678446,113.30195561710327,116.7378467249913,False
678020,21.0,0.2513632214766962,104.09737328874805,103.9611190962362,False
678061,898.0,0.5516614923006359,108.88101492066076,111.00696426267866,True
678215,4.0,-1.470289762712145,76.60824056811201,63.56627991299583,False
678226,295.0,1.0369013105475837,116.74221451060247,122.39206021604546,True
678279,9.0,-0.6119981529272466,90.00245142822743,83.70422400973872,False
678368,170.0,-0.5611855303926097,90.66779407594129,84.89643157689397,True
678371,20.0,0.11535905438667741,102.02789443763746,100.7700774006646,False
678394,5509.0,0.35012469122117107,105.79078410719185,106.27834197707601,True
678495,757.0,1.0486082215422057,117.1365254768603,122.66673739623405,True
678576,39.0,-0.5207647571708471,90.71525770506814,85.84481702329369,False
678606,640.0,0.11719652696196067,101.93709626738186,100.81318969441011,True
678692,240.0,-0.2725219609391963,95.6476219357651,91.66929380477472,True
678707,19.0,-1.2565022293016275,79.08061208483473,68.5823389625309,False
678713,17.0,-0.9017395454314264,85.08691925520205,76.9060730104252,False
678738,17.0,0.22356123184097687,103.51133967539892,103.3088059352085,False
678906,204.0,0.4662746627924507,107.53612605453043,109.00354819798605,True
679025,48.0,-0.3876551275939876,93.70212282791643,88.96794469761494,False
679066,15.0,-0.559069973838245,90.92439510908781,84.94606850581138,False
679156,8.0,-0.45383666725229954,91.83238449968964,87.41513894875125,False
679346,150.0,-0.18717638808645398,97.25611759267973,93.67174187186436,True
679358,42.0,0.15481994132752644,103.12758924288762,101.69594120518421,False
679525,3013.0,0.11874402078362467,101.83092959667837,100.84949826799448,True
679630,2.0,-1.2481486617175557,79.22100622702914,68.77833723992121,False
679702,7.0,0.5308081292972237,109.18857837649293,110.51768549820717,False
679777,13.0,0.6495665175183228,110.62522330022422,113.3040925372031,False
679780,14.0,-0.3177911436004074,94.53900458945736,90.60715098601271,False
679845,8.0,-0.7458918598565378,85.95157692759093,80.56269966730284,False
679885,995.0,0.8481187653644879,114.95187524630555,117.96268877864928,True
679892,17.0,9.592596217280194,258.20270200099304,323.1328151952872,False
680089,10.0,0.12964011487635396,102.28414911147838,101.10515139475314,False
680212,14.0,-0.14764564253626133,97.2297751152272,94.59924475656791,False
680232,82.0,-0.5303529923777157,90.93386181916644,85.61984995804329,True
680423,16.0,0.4358686008164332,106.68858097690087,108.2901361486377,False
680454,15.0,-0.7817179826665488,86.96548372831738,79.7221176901216,False
680570,4094.0,0.39068766413821665,106.39695164250101,107.23006382975248,True
680572,15.0,0.5390775412761458,108.98217670606992,110.71170924753196,False
680573,1717.0,-0.3765609269625599,93.87223857166754,89.22824596302021,True
680604,8.0,0.22449587565151985,103.85159321246111,103.33073531747497,False
680606,21.0,-0.08469389610285577,98.90180642428511,96.07627043876695,False
680622,26.0,-0.5547865113940346,90.84481429451374,85.04657062683715,False
680686,5727.0,-0.3682834846096397,93.98879290846897,89.4224581275885,True
680689,357.0,0.2805073250411398,104.67202486883465,104.64492203877869,True
680694,5454.0,1.1482851740993476,118.55127269537648,125.00544008823925,True
680701,17.0,0.671466139336657,110.41644502526816,113.81791948702957,False
680704,2447.0,-0.3305379653425888,94.60424813595644,90.30807456404987,True
680723,739.0,-0.40117232267245584,93.73188521243084,88.65079314244224,True
680730,1569.0,-0.09230381223331768,98.29045870360456,95.89772032378383,True
680735,578.0,-0.21581177150265313,96.35255431959462,92.99987494010122,True
680736,325.0,0.4029206913476447,106.80757547819488,107.51708518155054,True
680739,1716.0,-0.21437447522686415,96.49723011544828,93.03359796817504,True
680742,124.0,0.1817247799732874,102.94514235645863,102.32720467135745,True
680767,1255.0,0.74764520057499,112.25847580537476,115.60529531486083,True
680802,21.0,0.054439673537183854,101.17080356136124,99.34073675237055,False
680885,884.0,0.362513859590261,106.00359087897804,106.56902684126149,True
680891,25.0,-0.7242059968715813,88.19513116435219,81.07151123146356,False
680897,493.0,-0.3923834856760092,93.68719799942913,88.85700406899922,True
680911,37.0,-0.17507400960089936,96.1124244979867,93.95569783578296,False
680983,36.0,-0.34511827014117846,94.09858338914971,89.96597945371661,False
681006,14.0,0.6834351623772532,110.99616891794936,114.09874655575108,False
681035,846.0,-0.2747617403015232,95.55144506118688,91.6167422581053,True
681085,11.0,-0.39197498381848744,93.54788300547214,88.86658867576503,False
681094,7.0,-1.437979602093638,75.89214470448765,64.32436749170972,False
681117,11.0,-0.20952305302557017,96.370164018263,93.14742602843516,False
681154,19.0,-0.7845569658101252,86.56986694050185,79.65550713120997,False
681168,30.0,-0.20136225985545483,96.82062490259713,93.33890127387774,False
681190,2001.0,-0.05640682985770272,99.13181511067523,96.73996486640853,True
681217,1649.0,0.04877990546980187,100.78094952848343,99.20794261615613,True
681252,23.0,-0.6811576052316919,88.92296986867711,82.08154802363964,False
681293,1699.0,-0.05736579033538396,98.75029504259935,96.71746494648578,True
681322,14.0,-0.8771760974352362,85.85509026697882,77.4824008422847,False
681343,26.0,8.106021800473782,233.40089328331786,288.25358282250625,False
681402,527.0,0.7612823384520997,112.23504391566702,115.92526106668454,True
681432,599.0,0.5658803057606374,109.31608351105753,111.34057776572956,True
681464,84.0,0.744225384737398,112.26311114188304,115.5250567812745,True
681473,9.0,0.6754187033617307,112.09151027082031,113.91065779702619,False
681517,638.0,0.4257633267143053,106.81002336200481,108.0530378913194,True
681544,9.0,1.6100983013344432,125.14128060663587,135.84087973762962,False
681555,63.0,0.2215448810385627,103.53092544434948,103.26149665328668,True
681571,32.0,-0.17420426960988383,96.93418933760103,93.97610439122181,False
681584,8.0,-2.1284999230463564,52.73596477435277,48.122811444230955,False
681603,33.0,-0.3123909575453262,94.91212827442654,90.73385459542641,False
681676,830.0,-0.05802504167275387,99.11534222956116,96.70199704906454,True
681738,41.0,0.42926009295086615,106.65193175963893,108.13508189849418,False
681739,10.0,0.12850639368987427,102.01877475744375,101.0785510952578,False
681744,29.0,-0.2487403017773568,96.26231129130102,92.22727866361419,False
681753,43.0,-0.7320156402720585,88.23651332294008,80.88827495090186,False
681799,316.0,0.7506940352123548,112.11454366751066,115.67682958222115,True
681803,35.0,0.0422713805081345,100.84986919755173,99.0552342471868,False
681806,1540.0,0.22875734647464338,103.74724445702299,103.43072145298837,True
681807,72.0,1.8600643725396202,139.56476460594212,141.70578941474258,True
681808,11.0,0.9551047042767198,115.50760119820647,120.47288092359173,False
681810,289.0,-0.0925003359077993,98.15914346491516,95.89310932360011,True
681841,5.0,-2.074588476388265,65.64566870602064,49.387726173208975,False
681857,3481.0,-0.09689864590336487,98.3700482154075,95.7899125548084,True
681867,1910.0,0.9476094781556268,116.1826795244479,120.29702175999483,True
681869,836.0,0.6472708258684828,110.44271609456575,113.25022913042994,True
681871,92.0,-0.7606050764085461,87.45373562792888,80.21748607202854,True
681882,486.0,0.6232504594498254,110.1219766835888,112.68664352548218,True
681885,165.0,0.08942998061628253,101.45011429748595,100.1617081330221,True
681886,25.0,-0.12632903653542432,97.88804377865698,95.09939250947993,False
681890,10.0,1.0458825682946673,116.94067389507768,122.60278587661034,False
681892,858.0,0.27533504629614713,104.38429697621247,104.52356577823511,True
681895,44.0,-0.8301160009920124,86.1240708236511,78.58656355406804,False
681897,31.0,-0.7069948379248153,87.7928258566555,81.47533360693451,False
681911,2736.0,0.8908797296412467,114.82452633772144,118.9659817134876,True
681924,15.0,1.5584039698018228,125.86882112839436,134.6279847883439,False
681938,14.0,0.4545261130588462,107.16798212333026,108.72789405543604,False
681948,19.0,0.12397558991145424,101.93074080892731,100.97224564829438,False
681958,31.0,0.31293474155438283,105.71411482268347,105.40576077179293,False
681982,936.0,-0.5099512160632328,91.86384250310422,86.09853322397697,True
681987,22.0,-0.4770250870467791,91.73324196193668,86.8710731601668,False
681989,47.0,-0.39394165196092185,93.4978977464856,88.82044508929899,False
682010,340.0,-0.6016129361382468,90.25450961672554,83.94789051276075,True
682016,31.0,0.2653256120294163,104.36554970990716,104.28871619400817,False
682023,18.0,-0.25977082851107114,95.79712442427397,91.96847136759874,False
682027,33.0,-0.3687804775284332,94.02711163463347,89.41079727071765,False
682051,1455.0,-0.7204389123015126,87.94176886819808,81.15989766984289,True
682052,312.0,-0.5264155953133937,91.21567353861678,85.71223240832481,True
682120,1218.0,0.7043300137632785,111.34474334242917,114.58899875479912,True
682171,1265.0,0.7208672110309424,111.94758414219933,114.97700808670496,True
682175,505.0,0.11002783433233473,102.42628852342132,100.64499192831715,True
682227,1939.0,-0.13884140986205845,97.69399211899047,94.80581690918659,True
682240,33.0,-0.24421842211870573,95.91517461166619,92.3333747255353,False
682243,4004.0,0.688597188038585,111.45006319457043,114.21986225000784,True
682448,13.0,0.8305485618782179,113.67426993544464,117.5504422047097,False
682489,1.0,0.4264917485597569,107.42875334098099,108.07012872412648,False
682607,32.0,-0.6446948310140481,88.93309179045488,82.93706764009156,False
682610,1104.0,-0.23855389580559275,95.97867118117158,92.46628050362695,True
682615,18.0,0.39828206553982853,107.0745573584273,107.40824992539918,False
682842,810.0,1.1416506800098951,118.8756423369016,124.84977612792505,True
682847,3044.0,0.1239824156408264,101.65879162127331,100.97240579917427,True
682967,166.0,-0.5499150010967104,90.90880968205796,85.16087001053822,True
682989,66.0,0.6134296201944899,110.33865500365958,112.45621891262059,True
682990,1702.0,0.07835346342469297,101.15905174602571,99.90182177103524,True
683003,1461.0,0.7359331955086753,111.9238872601994,115.33049861336991,True
683004,209.0,0.17853270060128285,102.94089429749123,102.25230947814694,True
683101,12.0,0.48643221629440014,108.53425960857713,109.4765013073041,False
683155,1274.0,-0.9425683947604377,84.58494570243582,75.94811294656296,True
683165,9.0,-0.31474545841142,94.7039445573451,90.6786113584233,False
683175,381.0,0.8725561684445269,114.45325776300473,118.53605924095488,True
683232,1392.0,1.3273403412001905,121.72094313997171,129.20657977573242,True
683409,87.0,-0.507535363162177,91.54303849521504,86.15521595291523,True
683522,18.0,8.06578313560759,238.2024233228836,287.3094701522146,False
683618,10.0,1.5933146915419045,126.19399247250469,135.44708887227512,False
683627,704.0,-0.6774675116450087,89.0526931142023,82.16812803620553,True
683769,1599.0,-0.6806696151663987,88.9327918522386,82.09299764815258,True
683822,62.0,-0.8725209103473727,85.52571916186102,77.59162467281797,True
684007,1730.0,-0.047740950146810554,99.26705335696757,96.94329086794171,True
684320,768.0,0.5223428157777247,108.50561229714066,110.31906534571635,True
684483,11.0,-0.8739508572910214,85.29755149873516,77.55807408082312,False
684604,26.0,-0.5149204237427929,91.30235382133903,85.9819415838919,False
684665,14.0,-0.9739588541405922,83.41743673544765,75.21160415518953,False
684937,16.0,-0.1973249839583427,96.89954530042057,93.43362716353143,False
684946,2.0,-0.06845317298301651,98.80766336226765,96.4573236502273,False
684949,14.0,8.379587741779613,238.5890149655006,294.6722120738982,False
685001,13.0,-0.965090160688435,83.93470056265568,75.41968873962983,False
685095,16.0,-0.11267425987951293,98.43687247563025,95.41977211684807,False
685107,100.0,0.35428331300252325,105.83342675790207,106.37591498372971,True
685116,82.0,0.3313697285113423,105.96961232541452,105.83829760721238,True
685126,158.0,-0.9139119222804446,84.98860542579581,76.62047468729648,True
685299,238.0,-1.0675063107162304,82.51669711281785,73.01671674229172,True
685314,291.0,0.3708084450330018,105.51104329937812,106.7636412311114,True
685401,41.0,-0.5768665395399042,90.49304148793027,84.5285108352851,False
685410,551.0,-0.3876309150707934,93.64713001444412,88.96851279176029,True
685461,8.0,0.05102311583216287,100.79417068444691,99.26057466377195,False
685464,32.0,0.21730677994405706,103.61190207809985,103.1620588375787,False
685503,390.0,-0.5940058839812118,90.54425175910076,84.12637343084236,True
685801,97.0,1.2438295773098957,120.40722587299042,127.24718150651186,True
686218,1102.0,-0.2225791694445067,96.27354368797046,92.84109268022615,True
686294,481.0,0.3687407797273147,106.07545407462132,106.71512796608351,True
686433,6.0,1.1705767655147832,119.48814900642718,125.52846375133201,False
686463,19.0,-0.19682259373539773,96.47383820969453,93.44541465639408,False
686539,1061.0,0.3788977997044823,105.82574871351304,106.95344032770727,True
686563,1118.0,-0.012589557507792873,100.09670957475629,97.76804177056863,True
686580,646.0,1.1386969567683027,118.46005097186857,124.78047344240615,True
686608,22.0,0.7423899038153163,111.9942842294629,115.48199121733548,False
686610,3219.0,-0.33009483938971984,94.45186893386239,90.31847154983531,True
686613,5278.0,0.4544563141836296,107.47366376339538,108.72625637678334,True
686642,24.0,0.3538044947723927,105.6779832494741,106.3646805563615,False
686651,224.0,-0.45755507630540115,92.48979078073452,87.32789457540947,True
686654,293.0,-0.07563491775107514,98.98293439154246,96.28881964412092,True
686730,1115.0,-0.43651706797554574,92.48529721285131,87.82150564048749,True
686747,560.0,1.1372575010442638,119.64415510301563,124.74669974758034,True
686752,3125.0,0.0331346508149456,100.55983774372608,98.84086077587371,True
686753,1119.0,0.23555015013011074,103.97693327734417,103.59009980262438,True
686762,3.0,-1.6010209649014797,74.46529989259258,60.49895685941431,False
686796,232.0,-0.8367935818874174,86.38733364230494,78.42988865565344,True
686799,134.0,0.7354269983389963,112.12576413045646,115.31862179878999,True
686826,1426.0,-0.06724306776690223,98.74300001958896,96.48571613468766,True
686839,690.0,0.9411472598901668,115.30852364415377,120.14539987684093,True
686842,132.0,1.1324210327367221,118.54141239454643,124.63322254788203,True
686933,14.0,-0.7026839061762757,88.64936459358192,81.57648023538486,False
686972,169.0,0.7407609763047146,112.14483564326092,115.4437719795238,True
686973,2147.0,-0.1372583475074799,97.73607960292192,94.84296002096202,True
686993,64.0,-0.2797922538726189,95.30530359941267,91.49871220874013,True
687014,235.0,0.016281634153213334,100.30325766764489,98.44544142943445,True
687095,11.0,0.06376000458654775,100.91779242267204,99.55941802980057,False
687134,23.0,0.07951126310451537,100.79342837514096,99.92898701995728,False
687145,195.0,0.8865708478163123,114.67497781723479,118.86488318203189,True
687287,60.0,-0.6770764779633797,88.78943984530983,82.17730279025278,True
687312,36.0,0.2526121937500887,103.89510731099726,103.99042351158084,False
687330,1871.0,-0.01729331102170658,99.53214125303596,97.65767843457867,True
687396,494.0,-0.9141903810571348,85.08092754014248,76.61394125831465,True
687397,16.0,0.9477022766296785,117.24976546679423,120.29919907416337,False
687424,253.0,-0.8805676649828944,85.91629178304375,77.4028250933243,True
687481,36.0,8.08553609517471,233.2828414696529,287.77293034566515,False
687589,55.0,-0.19531886785923772,96.85384447757818,93.48069631042135,True
687765,1556.0,0.824565868134472,113.52761790737988,117.4100713205184,True
687792,740.0,-0.212625162172294,96.39606754974604,93.07464179069297,True
687798,629.0,-0.09601174866261342,98.36821223240808,95.81072166776045,True
687817,19.0,-0.35616023160296506,94.11995446647164,89.70690386670071,False
687830,336.0,0.6156005774511064,110.07456538471827,112.50715569840732,True
687856,5.0,-0.5909916788284372,90.15952934179575,84.19709519273621,False
687863,359.0,0.31831107789211727,105.22729980103722,105.53190479951063,True
687866,8.0,0.4614841084219871,107.57904999602187,108.89114826886525,False
687871,19.0,-1.6881154936770262,72.3741003820407,58.45547334912615,False
687879,7.0,-0.7149628305249769,88.41952485616527,81.28838200713322,False
687888,365.0,0.5698367581486973,109.10861587244463,111.43340730769856,True
687911,206.0,0.2156509630049973,103.51015191235625,103.12320869786734,True
687922,311.0,0.2816255137518519,104.64408148387228,104.67115790254482,True
687956,11.0,0.39184897383239414,106.60526863259135,107.25731143351994,False
688010,50.0,-0.9161681386713733,84.99702516729751,76.56753748153484,True
688107,399.0,-0.14761409726249344,97.27449915030496,94.59998489774185,True
688230,3.0,-0.7697043013390151,87.42630689457614,80.00399256832365,False
688297,518.0,0.3162234840815665,105.4303167332524,105.48292395550108,True
688427,100.0,1.595100907503966,125.89834148262679,135.4889985411786,True
688642,14.0,9.914223064292349,264.1878541116371,330.67908896902907,False
688896,18.0,-1.1748579052532855,80.57746005255012,70.49794528415615,False
688984,10.0,-0.18833906885644475,96.88749218665477,93.64446209878781,False
689017,705.0,-0.21599679109245515,96.52716758622445,92.99553385821979,True
689042,34.0,-0.4148614411347843,93.22230954422366,88.32960777934967,False
689147,870.0,1.1374605968408793,118.5241973711524,124.75146494830221,True
689167,97.0,-1.3308235276657814,77.64131016403822,66.83855149613615,True
689172,11.0,-0.5142661588208497,93.79496564594386,85.99729248593071,False
689225,2671.0,0.12473537143640263,102.27667756222445,100.99007226770988,True
689254,28.0,0.33789425695141134,105.37160447351873,105.99138146296235,False
689266,568.0,-0.9083472587962687,85.1079231601977,76.75103740151154,True
689337,5.0,-0.31979351093835895,94.68093016367295,90.5601697956421,False
689434,13.0,-0.937250600303867,84.83074523043709,76.07288341648662,False
689672,721.0,-1.1034221564658633,81.76137627053308,72.17402961166181,True
689690,98.0,0.44694551655672266,108.01921721743042,108.55003186170215,True
689981,164.0,0.8429635682181374,113.56883328550035,117.84173330063066,True
690345,15.0,0.28964442140600305,105.0360769908345,104.85930411324436,False
690544,194.0,1.1079088081294124,118.01965232992019,124.05809656132774,True
690736,15.0,-0.026597476513379383,99.573968908012,97.43937644676696,False
690829,563.0,1.1378017549067632,118.86512371059554,124.75946947960672,True
690916,54.0,-0.5623950475321005,90.8213069226416,84.8680528903713,True
690925,74.0,1.212042331621176,119.78363037121186,126.50136298822378,True
690986,2180.0,-0.4508484164330576,92.48518204611509,87.48525174871212,True
691004,4.0,1.2498775087292153,120.80777536156808,127.3890830507361,False
691032,54.0,-0.10516297150673558,97.91515041994995,95.59600814621274,True
691094,44.0,-0.8368453198736546,86.16980616932007,78.42867473644155,False
691109,17.0,0.2917876920205443,104.95217233399174,104.90959129224946,False
691172,106.0,0.838015380370184,113.65343562974226,117.72563484513341,True
691441,70.0,0.5585740412148178,108.87390459450516,111.16915217412136,True
691587,1594.0,-0.08636440862358286,98.9310855681154,96.0370754992245,True
691828,56.0,-0.6379357621877227,89.2727637814608,83.09565447540349,True
692230,233.0,-0.5615793421515909,90.8241975583506,84.88719164130961,True
692285,32.0,0.6297019036650107,110.7781827020004,112.83801261900183,False
692983,11.0,0.05721057428036034,100.52209218052832,99.40574990597425,False
693312,729.0,0.8984281302740892,114.61107024078265,119.14308850124017,True
693433,2220.0,0.1440672776880915,102.39221083616928,101.44365336175966,True
693759,3.0,-0.5671655688840461,90.35981324698912,84.75612299241754,False
693821,4557.0,0.1987817789673381,103.32638457182539,102.72741001914883,True
694037,694.0,0.4442888843346478,107.41556868541973,108.48769977018007,True
694297,3858.0,-0.005013237829601273,99.7814607724779,97.94580361793972,True
694298,17.0,-1.0577863084176191,82.35257476352096,73.24477543548889,False
694312,46.0,0.1639942967862772,102.95495331842433,101.91119748317378,False
694331,13.0,0.6961968852608172,111.53559974318702,114.39817260055622,False
694335,15.0,-0.5040782033631831,91.27175052000798,86.2363306812569,False
694357,88.0,0.07486519930149772,100.93139083639193,99.81997724744124,True
694361,126.0,2.916850914858425,147.8994379921726,166.50098497390667,True
694363,1676.0,-0.7144302402295691,88.20002629453118,81.30087807894975,True
694381,61.0,-0.2598449400761481,95.38202642986317,91.96673250106733,True
694436,16.0,-0.5880900133570541,90.17694268716807,84.2651764560085,False
694462,133.0,0.5876819985830098,110.16561886471357,111.85210702486017,True
694496,1.0,-0.03813132053927626,99.39084275737935,97.16875990622746,False
694646,82.0,0.022745604017280246,100.26637103872659,98.59710441003638,True
694738,331.0,0.879336707950209,114.20238715522832,118.69514983901561,True
694813,2263.0,0.04674569269024298,100.69938154041375,99.16021424182668,True
694887,6.0,-0.9477300056061336,84.90479550898044,75.82700698505204,False
694973,1276.0,-0.3323045475934504,94.08733606655179,90.26662555743653,True
695026,28.0,1.0415506514667492,117.20991148875626,122.50114687895753,False
695243,1242.0,1.6489030355758034,127.18731888565782,136.75134834752004,True
696098,29.0,10.217644035378664,269.0670488357237,337.798201498915,False
696131,263.0,-0.5929003901290819,90.069295963643,84.15231143738896,True
696136,1102.0,0.06787084919399276,100.88587054036033,99.6558700490809,True
696147,316.0,0.6699254357243417,110.38318387497006,113.78177023092508,True
696275,29.0,-0.04857210779501391,98.99867080017245,96.92378956318203,False
696522,50.0,-0.9747733826993135,84.31028412285403,75.19249301581252,True
697813,11.0,1.3790146047005398,122.46415167059894,130.4190038723296,False
699499,21.0,-0.38003987789178323,93.31215700456055,89.14661995324765,False
699911,11.0,-0.9188849849513597,84.16565301859247,76.5037925982317,False
700187,6.0,-0.0457727820393982,99.33611215857184,96.9894696478205,False
700241,99.0,0.2282429220244841,103.64344733713745,103.41865160318301,True
700249,698.0,-0.34706186479603063,94.13247045959444,89.920377236405,True
700270,320.0,0.14270171934139375,102.31380002747336,101.41161350801632,True
700287,5.0,-0.5118913741520121,91.48395922567515,86.05301163820675,False
700363,665.0,-0.35526895816191695,94.37570121318164,89.7278156576656,True
700669,105.0,-0.38645617647797453,93.51126390196221,88.99607547539925,True
700794,9.0,9.169759871231626,252.96338018993941,313.2118808628042,False
701121,17.0,-1.3997833649418259,76.85899021684278,65.22055904211052,False
701151,67.0,-0.201607673675519,96.60522881639562,93.33314317286326,True
701288,25.0,-0.1440568018018307,97.5310907921111,94.68344909138622,False
701533,18.0,-0.3315111056116013,94.58060135091252,90.28524194619337,False
701542,168.0,0.0051696347840394915,100.10952933489835,98.18472255539635,True
701552,21.0,-0.36779950293765085,94.13318429607777,89.43381370387894,False
701566,49.0,0.3176218837697684,104.97445123044963,105.51573435982621,False
701568,24.0,0.26105267937388416,104.39061077697049,104.18846113155007,False
701581,300.0,0.46396707572302165,107.4454216943463,108.94940569108893,True
701603,61.0,-0.12598746601826746,98.11127632801272,95.10740671805563,True
701643,767.0,-0.5181230132709174,91.38486731650364,85.90679979274896,True
701719,44.0,0.003668798864316904,99.76183502111076,98.14950870790537,False
701803,3.0,-2.210599901581339,64.24142010341363,46.1965141820503,False
702129,40.0,-0.008964958812292142,99.79324730863938,97.85308508809729,False
702303,34.0,8.396385687578666,237.8346154140245,295.06633930243567,False
702352,339.0,0.7338385881013016,112.9184682646751,115.28135321057974,True
702355,41.0,1.3033932918495315,121.43251162734174,128.64471439617176,False
702795,46.0,-0.02812584929186241,99.56854446955442,97.40351650683374,False
702911,43.0,-0.5316441240527032,91.31192681075083,85.58955636412252,False
703231,16.0,-0.6985291970990727,88.49820285867447,81.6739614389538,False
703710,21.0,0.10521709972003795,101.54399516916594,100.53211851375474,False
800049,584.0,0.1634426637173017,102.66663631920643,101.89825461413218,True
800723,19.0,-0.9915530462531899,83.59589770230336,74.79879474035715,False
801216,16.0,-0.32267030792544626,94.56751913327668,90.49267201721436,False
801389,5.0,-1.0323981416212304,82.82542713382328,73.84045349855721,False
801412,5.0,-1.1034148390909624,81.6353311680605,72.17420129793372,False
801434,15.0,0.2649508339338814,104.26197170808103,104.27992284189972,False
801505,4.0,-0.8190130371513178,85.67304606482487,78.84707042910098,False
801682,2.0,-1.9206684161122196,67.27656716853357,52.99912529894799,False
802180,20.0,-1.1942693986953556,80.69815520828021,70.0424968499478,False
802363,42.0,-0.11363153631417011,98.13380278803827,95.39731170932865,False
802408,13.0,0.041939042536876414,100.0898892560204,99.04743666020107,False
805437,14.0,0.06289610318337455,101.20418074573828,99.53914846411466,False
805728,6.0,0.7369355310810227,112.1103679949177,115.35401623546011,False
806185,553.0,0.9447777904974972,115.38905621997532,120.23058237376671,True
808967,1188.0,0.2547494587875037,104.15016073468621,104.04056978279299,True
808970,34.0,0.5666690347793457,109.01220284490182,111.35908357506656,False
814005,238.0,-0.5566468395127196,90.87142471742969,85.00292207752292,True
814088,11.0,0.04005412389727292,100.54194479038514,99.00321114784781,False
814217,21.0,-0.1485459331344891,97.94612200120169,94.57812139764043,False
814280,3.0,0.45293445795786136,107.74276034643475,108.69054933357285,False
815084,34.0,-0.46018875472391835,91.98502885514897,87.26610104491675,False
